      0.0000    0.000000E+000   0.000000E+000  -0.368080E-005  -0.444255E-005  -0.812335E-005   0.145760E+000   0.145760E+000   0.291520E+000
      0.0200    0.000000E+000   0.500000E-001   0.897401E+003   0.957172E+003   0.185457E+004   0.145818E+000   0.145818E+000   0.291635E+000
      0.0400    0.000000E+000   0.500000E-001   0.178469E+004   0.191563E+004   0.370032E+004   0.145991E+000   0.145991E+000   0.291982E+000
      0.0600    0.000000E+000   0.500000E-001   0.265447E+004   0.285546E+004   0.550993E+004   0.146279E+000   0.146279E+000   0.292557E+000
      0.0800    0.000000E+000   0.500000E-001   0.350163E+004   0.377121E+004   0.727284E+004   0.146678E+000   0.146678E+000   0.293356E+000
      0.1000    0.000000E+000   0.500000E-001   0.432283E+004   0.465931E+004   0.898214E+004   0.147185E+000   0.147185E+000   0.294371E+000
      0.1200    0.000000E+000   0.500000E-001   0.511604E+004   0.551758E+004   0.106336E+005   0.147798E+000   0.147798E+000   0.295596E+000
      0.1400    0.000000E+000   0.500000E-001   0.588020E+004   0.634490E+004   0.122251E+005   0.148512E+000   0.148512E+000   0.297023E+000
      0.1600    0.000000E+000   0.500000E-001   0.661495E+004   0.714089E+004   0.137558E+005   0.149323E+000   0.149323E+000   0.298646E+000
      0.1800    0.000000E+000   0.500000E-001   0.732045E+004   0.790573E+004   0.152262E+005   0.150228E+000   0.150228E+000   0.300455E+000
      0.2000    0.000000E+000   0.500000E-001   0.799719E+004   0.863995E+004   0.166371E+005   0.151222E+000   0.151222E+000   0.302444E+000
      0.2200    0.000000E+000   0.500000E-001   0.864594E+004   0.934436E+004   0.179903E+005   0.152303E+000   0.152303E+000   0.304606E+000
      0.2400    0.000000E+000   0.500000E-001   0.926757E+004   0.100199E+005   0.192875E+005   0.153467E+000   0.153467E+000   0.306934E+000
      0.2600    0.000000E+000   0.500000E-001   0.986309E+004   0.106677E+005   0.205308E+005   0.154710E+000   0.154710E+000   0.309419E+000
      0.2800    0.000000E+000   0.500000E-001   0.104335E+005   0.112887E+005   0.217223E+005   0.156029E+000   0.156029E+000   0.312057E+000
      0.3000    0.000000E+000   0.500000E-001   0.109799E+005   0.118842E+005   0.228641E+005   0.157420E+000   0.157420E+000   0.314840E+000
      0.3200    0.000000E+000   0.500000E-001   0.115032E+005   0.124552E+005   0.239584E+005   0.158882E+000   0.158882E+000   0.317763E+000
      0.3400    0.000000E+000   0.500000E-001   0.120046E+005   0.130027E+005   0.250073E+005   0.160410E+000   0.160410E+000   0.320820E+000
      0.3600    0.000000E+000   0.500000E-001   0.124848E+005   0.135279E+005   0.260127E+005   0.162002E+000   0.162002E+000   0.324005E+000
      0.3800    0.000000E+000   0.500000E-001   0.129449E+005   0.140316E+005   0.269765E+005   0.163656E+000   0.163656E+000   0.327313E+000
      0.4000    0.000000E+000   0.500000E-001   0.133857E+005   0.145147E+005   0.279005E+005   0.165369E+000   0.165369E+000   0.330738E+000
      0.4200    0.000000E+000   0.500000E-001   0.138081E+005   0.149782E+005   0.287863E+005   0.167138E+000   0.167138E+000   0.334277E+000
      0.4400    0.000000E+000   0.500000E-001   0.142127E+005   0.154228E+005   0.296355E+005   0.168962E+000   0.168962E+000   0.337923E+000
      0.4600    0.000000E+000   0.500000E-001   0.146003E+005   0.158493E+005   0.304496E+005   0.170837E+000   0.170837E+000   0.341674E+000
      0.4800    0.000000E+000   0.500000E-001   0.149716E+005   0.162584E+005   0.312300E+005   0.172762E+000   0.172762E+000   0.345524E+000
      0.5000    0.000000E+000   0.500000E-001   0.153272E+005   0.166507E+005   0.319779E+005   0.174735E+000   0.174735E+000   0.349470E+000
      0.5200    0.000000E+000   0.500000E-001   0.156677E+005   0.170269E+005   0.326946E+005   0.176753E+000   0.176753E+000   0.353506E+000
      0.5400    0.000000E+000   0.500000E-001   0.159936E+005   0.173876E+005   0.333812E+005   0.178815E+000   0.178815E+000   0.357631E+000
      0.5600    0.000000E+000   0.500000E-001   0.163054E+005   0.177332E+005   0.340386E+005   0.180920E+000   0.180920E+000   0.361839E+000
      0.5800    0.000000E+000   0.500000E-001   0.166037E+005   0.180643E+005   0.346680E+005   0.183064E+000   0.183064E+000   0.366128E+000
      0.6000    0.000000E+000   0.500000E-001   0.168888E+005   0.183814E+005   0.352702E+005   0.185247E+000   0.185247E+000   0.370493E+000
      0.6200    0.000000E+000   0.500000E-001   0.171613E+005   0.186848E+005   0.358461E+005   0.187466E+000   0.187466E+000   0.374932E+000
      0.6400    0.000000E+000   0.500000E-001   0.174214E+005   0.189751E+005   0.363965E+005   0.189721E+000   0.189721E+000   0.379442E+000
      0.6600    0.000000E+000   0.500000E-001   0.176695E+005   0.192526E+005   0.369221E+005   0.192009E+000   0.192009E+000   0.384018E+000
      0.6800    0.000000E+000   0.500000E-001   0.179061E+005   0.195176E+005   0.374237E+005   0.194329E+000   0.194329E+000   0.388659E+000
      0.7000    0.000000E+000   0.500000E-001   0.181315E+005   0.197706E+005   0.379020E+005   0.196680E+000   0.196680E+000   0.393360E+000
      0.7200    0.000000E+000   0.500000E-001   0.183458E+005   0.200117E+005   0.383576E+005   0.199060E+000   0.199060E+000   0.398120E+000
      0.7400    0.000000E+000   0.500000E-001   0.185496E+005   0.202415E+005   0.387910E+005   0.201468E+000   0.201468E+000   0.402936E+000
      0.7600    0.000000E+000   0.500000E-001   0.187429E+005   0.204600E+005   0.392030E+005   0.203902E+000   0.203902E+000   0.407804E+000
      0.7800    0.000000E+000   0.500000E-001   0.189262E+005   0.206678E+005   0.395940E+005   0.206361E+000   0.206361E+000   0.412722E+000
      0.8000    0.000000E+000   0.500000E-001   0.190997E+005   0.208649E+005   0.399645E+005   0.208844E+000   0.208844E+000   0.417688E+000
      0.8200    0.000000E+000   0.500000E-001   0.192635E+005   0.210516E+005   0.403151E+005   0.211350E+000   0.211350E+000   0.422699E+000
      0.8400    0.000000E+000   0.500000E-001   0.194180E+005   0.212283E+005   0.406463E+005   0.213876E+000   0.213876E+000   0.427752E+000
      0.8600    0.000000E+000   0.500000E-001   0.195634E+005   0.213950E+005   0.409585E+005   0.216423E+000   0.216423E+000   0.432846E+000
      0.8800    0.000000E+000   0.500000E-001   0.196999E+005   0.215522E+005   0.412521E+005   0.218989E+000   0.218989E+000   0.437977E+000
      0.9000    0.000000E+000   0.500000E-001   0.198276E+005   0.216999E+005   0.415275E+005   0.221572E+000   0.221572E+000   0.443144E+000
      0.9200    0.000000E+000   0.500000E-001   0.199469E+005   0.218384E+005   0.417853E+005   0.224172E+000   0.224172E+000   0.448344E+000
      0.9400    0.000000E+000   0.500000E-001   0.200578E+005   0.219679E+005   0.420257E+005   0.226788E+000   0.226788E+000   0.453576E+000
      0.9600    0.000000E+000   0.500000E-001   0.201606E+005   0.220885E+005   0.422492E+005   0.229418E+000   0.229418E+000   0.458836E+000
      0.9800    0.000000E+000   0.500000E-001   0.202555E+005   0.222006E+005   0.424561E+005   0.232061E+000   0.232061E+000   0.464123E+000
      1.0000    0.000000E+000   0.500000E-001   0.203426E+005   0.223042E+005   0.426468E+005   0.234717E+000   0.234717E+000   0.469435E+000
      1.0200    0.000000E+000   0.500000E-001   0.204221E+005   0.223995E+005   0.428216E+005   0.237385E+000   0.237385E+000   0.474769E+000
      1.0400    0.000000E+000   0.500000E-001   0.204942E+005   0.224867E+005   0.429809E+005   0.240062E+000   0.240062E+000   0.480125E+000
      1.0600    0.000000E+000   0.500000E-001   0.205590E+005   0.225660E+005   0.431250E+005   0.242750E+000   0.242750E+000   0.485499E+000
      1.0800    0.000000E+000   0.500000E-001   0.206166E+005   0.226376E+005   0.432542E+005   0.245445E+000   0.245445E+000   0.490891E+000
      1.1000    0.000000E+000   0.500000E-001   0.206674E+005   0.227015E+005   0.433689E+005   0.248149E+000   0.248149E+000   0.496298E+000
      1.1200    0.000000E+000   0.500000E-001   0.207113E+005   0.227580E+005   0.434693E+005   0.250859E+000   0.250859E+000   0.501718E+000
      1.1400    0.000000E+000   0.500000E-001   0.207485E+005   0.228073E+005   0.435557E+005   0.253575E+000   0.253575E+000   0.507150E+000
      1.1600    0.000000E+000   0.500000E-001   0.207792E+005   0.228493E+005   0.436285E+005   0.256296E+000   0.256296E+000   0.512591E+000
      1.1800    0.000000E+000   0.500000E-001   0.208035E+005   0.228844E+005   0.436879E+005   0.259021E+000   0.259021E+000   0.518041E+000
      1.2000    0.000000E+000   0.500000E-001   0.208216E+005   0.229127E+005   0.437343E+005   0.261749E+000   0.261749E+000   0.523498E+000
      1.2200    0.000000E+000   0.500000E-001   0.208335E+005   0.229342E+005   0.437677E+005   0.264480E+000   0.264480E+000   0.528960E+000
      1.2400    0.000000E+000   0.500000E-001   0.208395E+005   0.229492E+005   0.437887E+005   0.267212E+000   0.267212E+000   0.534425E+000
      1.2600    0.000000E+000   0.500000E-001   0.208395E+005   0.229578E+005   0.437973E+005   0.269946E+000   0.269946E+000   0.539891E+000
      1.2800    0.000000E+000   0.500000E-001   0.208339E+005   0.229601E+005   0.437940E+005   0.272679E+000   0.272679E+000   0.545359E+000
      1.3000    0.000000E+000   0.500000E-001   0.208227E+005   0.229562E+005   0.437788E+005   0.275412E+000   0.275412E+000   0.550825E+000
      1.3200    0.000000E+000   0.500000E-001   0.208059E+005   0.229463E+005   0.437522E+005   0.278144E+000   0.278144E+000   0.556288E+000
      1.3400    0.000000E+000   0.500000E-001   0.207839E+005   0.229304E+005   0.437143E+005   0.280874E+000   0.280874E+000   0.561747E+000
      1.3600    0.000000E+000   0.500000E-001   0.207565E+005   0.229089E+005   0.436654E+005   0.283601E+000   0.283601E+000   0.567201E+000
      1.3800    0.000000E+000   0.500000E-001   0.207241E+005   0.228816E+005   0.436057E+005   0.286324E+000   0.286324E+000   0.572648E+000
      1.4000    0.000000E+000   0.500000E-001   0.206866E+005   0.228489E+005   0.435354E+005   0.289044E+000   0.289044E+000   0.578087E+000
      1.4200    0.000000E+000   0.500000E-001   0.206442E+005   0.228107E+005   0.434549E+005   0.291758E+000   0.291758E+000   0.583517E+000
      1.4400    0.000000E+000   0.500000E-001   0.205970E+005   0.227673E+005   0.433643E+005   0.294468E+000   0.294468E+000   0.588936E+000
      1.4600    0.000000E+000   0.500000E-001   0.205452E+005   0.227187E+005   0.432638E+005   0.297171E+000   0.297171E+000   0.594343E+000
      1.4800    0.000000E+000   0.500000E-001   0.204888E+005   0.226650E+005   0.431538E+005   0.299868E+000   0.299868E+000   0.599737E+000
      1.5000    0.000000E+000   0.500000E-001   0.204279E+005   0.226064E+005   0.430343E+005   0.302558E+000   0.302558E+000   0.605116E+000
      1.5200    0.000000E+000   0.500000E-001   0.203627E+005   0.225431E+005   0.429057E+005   0.305240E+000   0.305240E+000   0.610480E+000
      1.5400    0.000000E+000   0.500000E-001   0.202932E+005   0.224750E+005   0.427681E+005   0.307914E+000   0.307914E+000   0.615828E+000
      1.5600    0.000000E+000   0.500000E-001   0.202195E+005   0.224023E+005   0.426218E+005   0.310579E+000   0.310579E+000   0.621157E+000
      1.5800    0.000000E+000   0.500000E-001   0.201419E+005   0.223252E+005   0.424670E+005   0.313234E+000   0.313234E+000   0.626468E+000
      1.6000    0.000000E+000   0.500000E-001   0.200602E+005   0.222436E+005   0.423039E+005   0.315880E+000   0.315880E+000   0.631759E+000
      1.6200    0.000000E+000   0.500000E-001   0.199748E+005   0.221579E+005   0.421327E+005   0.318515E+000   0.318515E+000   0.637030E+000
      1.6400    0.000000E+000   0.500000E-001   0.198856E+005   0.220679E+005   0.419535E+005   0.321139E+000   0.321139E+000   0.642278E+000
      1.6600    0.000000E+000   0.500000E-001   0.197927E+005   0.219740E+005   0.417667E+005   0.323752E+000   0.323752E+000   0.647503E+000
      1.6800    0.000000E+000   0.500000E-001   0.196963E+005   0.218761E+005   0.415724E+005   0.326353E+000   0.326353E+000   0.652705E+000
      1.7000    0.000000E+000   0.500000E-001   0.195964E+005   0.217743E+005   0.413708E+005   0.328941E+000   0.328941E+000   0.657882E+000
      1.7200    0.000000E+000   0.500000E-001   0.194932E+005   0.216689E+005   0.411621E+005   0.331517E+000   0.331517E+000   0.663033E+000
      1.7400    0.000000E+000   0.500000E-001   0.193867E+005   0.215598E+005   0.409465E+005   0.334079E+000   0.334079E+000   0.668158E+000
      1.7600    0.000000E+000   0.500000E-001   0.192771E+005   0.214472E+005   0.407242E+005   0.336628E+000   0.336628E+000   0.673256E+000
      1.7800    0.000000E+000   0.500000E-001   0.191643E+005   0.213311E+005   0.404954E+005   0.339163E+000   0.339163E+000   0.678325E+000
      1.8000    0.000000E+000   0.500000E-001   0.190486E+005   0.212117E+005   0.402603E+005   0.341683E+000   0.341683E+000   0.683366E+000
      1.8200    0.000000E+000   0.500000E-001   0.189299E+005   0.210891E+005   0.400190E+005   0.344188E+000   0.344188E+000   0.688376E+000
      1.8400    0.000000E+000   0.500000E-001   0.188084E+005   0.209634E+005   0.397718E+005   0.346678E+000   0.346678E+000   0.693357E+000
      1.8600    0.000000E+000   0.500000E-001   0.186842E+005   0.208346E+005   0.395188E+005   0.349153E+000   0.349153E+000   0.698306E+000
      1.8800    0.000000E+000   0.500000E-001   0.185574E+005   0.207028E+005   0.392602E+005   0.351611E+000   0.351611E+000   0.703223E+000
      1.9000    0.000000E+000   0.500000E-001   0.184280E+005   0.205683E+005   0.389962E+005   0.354054E+000   0.354054E+000   0.708107E+000
      1.9200    0.000000E+000   0.500000E-001   0.182961E+005   0.204309E+005   0.387270E+005   0.356479E+000   0.356479E+000   0.712958E+000
      1.9400    0.000000E+000   0.500000E-001   0.181618E+005   0.202909E+005   0.384527E+005   0.358888E+000   0.358888E+000   0.717776E+000
      1.9600    0.000000E+000   0.500000E-001   0.180252E+005   0.201484E+005   0.381736E+005   0.361279E+000   0.361279E+000   0.722558E+000
      1.9800    0.000000E+000   0.500000E-001   0.178864E+005   0.200033E+005   0.378897E+005   0.363653E+000   0.363653E+000   0.727306E+000
      2.0000    0.000000E+000   0.500000E-001   0.177454E+005   0.198559E+005   0.376013E+005   0.366009E+000   0.366009E+000   0.732018E+000
      2.0200    0.000000E+000   0.500000E-001   0.176024E+005   0.197061E+005   0.373085E+005   0.368347E+000   0.368347E+000   0.736693E+000
      2.0400    0.000000E+000   0.500000E-001   0.174574E+005   0.195541E+005   0.370115E+005   0.370666E+000   0.370666E+000   0.741332E+000
      2.0600    0.000000E+000   0.500000E-001   0.173105E+005   0.194000E+005   0.367105E+005   0.372967E+000   0.372967E+000   0.745933E+000
      2.0800    0.000000E+000   0.500000E-001   0.171617E+005   0.192439E+005   0.364056E+005   0.375248E+000   0.375248E+000   0.750497E+000
      2.1000    0.000000E+000   0.500000E-001   0.170112E+005   0.190858E+005   0.360969E+005   0.377511E+000   0.377511E+000   0.755022E+000
      2.1200    0.000000E+000   0.500000E-001   0.168590E+005   0.189258E+005   0.357847E+005   0.379754E+000   0.379754E+000   0.759509E+000
      2.1400    0.000000E+000   0.500000E-001   0.167051E+005   0.187640E+005   0.354691E+005   0.381978E+000   0.381978E+000   0.763956E+000
      2.1600    0.000000E+000   0.500000E-001   0.165498E+005   0.186004E+005   0.351502E+005   0.384182E+000   0.384182E+000   0.768364E+000
      2.1800    0.000000E+000   0.500000E-001   0.163930E+005   0.184353E+005   0.348282E+005   0.386366E+000   0.386366E+000   0.772732E+000
      2.2000    0.000000E+000   0.500000E-001   0.162347E+005   0.182686E+005   0.345033E+005   0.388529E+000   0.388529E+000   0.777059E+000
      2.2200    0.000000E+000   0.500000E-001   0.160752E+005   0.181004E+005   0.341756E+005   0.390673E+000   0.390673E+000   0.781346E+000
      2.2400    0.000000E+000   0.500000E-001   0.159144E+005   0.179308E+005   0.338452E+005   0.392796E+000   0.392796E+000   0.785591E+000
      2.2600    0.000000E+000   0.500000E-001   0.157524E+005   0.177598E+005   0.335122E+005   0.394898E+000   0.394898E+000   0.789795E+000
      2.2800    0.000000E+000   0.500000E-001   0.155893E+005   0.175877E+005   0.331769E+005   0.396979E+000   0.396979E+000   0.793958E+000
      2.3000    0.000000E+000   0.500000E-001   0.154251E+005   0.174143E+005   0.328394E+005   0.399039E+000   0.399039E+000   0.798078E+000
      2.3200    0.000000E+000   0.500000E-001   0.152600E+005   0.172398E+005   0.324998E+005   0.401078E+000   0.401078E+000   0.802156E+000
      2.3400    0.000000E+000   0.500000E-001   0.150939E+005   0.170643E+005   0.321582E+005   0.403096E+000   0.403096E+000   0.806192E+000
      2.3600    0.000000E+000   0.500000E-001   0.149269E+005   0.168879E+005   0.318148E+005   0.405092E+000   0.405092E+000   0.810185E+000
      2.3800    0.000000E+000   0.500000E-001   0.147592E+005   0.167105E+005   0.314697E+005   0.407067E+000   0.407067E+000   0.814135E+000
      2.4000    0.000000E+000   0.500000E-001   0.145907E+005   0.165324E+005   0.311231E+005   0.409021E+000   0.409021E+000   0.818041E+000
      2.4200    0.000000E+000   0.500000E-001   0.144216E+005   0.163534E+005   0.307750E+005   0.410952E+000   0.410952E+000   0.821905E+000
      2.4400    0.000000E+000   0.500000E-001   0.142518E+005   0.161738E+005   0.304256E+005   0.412862E+000   0.412862E+000   0.825725E+000
      2.4600    0.000000E+000   0.500000E-001   0.140815E+005   0.159936E+005   0.300751E+005   0.414750E+000   0.414750E+000   0.829501E+000
      2.4800    0.000000E+000   0.500000E-001   0.139107E+005   0.158128E+005   0.297235E+005   0.416617E+000   0.416617E+000   0.833233E+000
      2.5000    0.000000E+000   0.500000E-001   0.137395E+005   0.156315E+005   0.293709E+005   0.418461E+000   0.418461E+000   0.836922E+000
      2.5200    0.000000E+000   0.500000E-001   0.135678E+005   0.154498E+005   0.290176E+005   0.420283E+000   0.420283E+000   0.840566E+000
      2.5400    0.000000E+000   0.500000E-001   0.133959E+005   0.152677E+005   0.286635E+005   0.422083E+000   0.422083E+000   0.844166E+000
      2.5600    0.000000E+000   0.500000E-001   0.132236E+005   0.150853E+005   0.283089E+005   0.423861E+000   0.423861E+000   0.847722E+000
      2.5800    0.000000E+000   0.500000E-001   0.130512E+005   0.149026E+005   0.279538E+005   0.425617E+000   0.425617E+000   0.851234E+000
      2.6000    0.000000E+000   0.500000E-001   0.128785E+005   0.147198E+005   0.275984E+005   0.427351E+000   0.427351E+000   0.854701E+000
      2.6200    0.000000E+000   0.500000E-001   0.127058E+005   0.145369E+005   0.272427E+005   0.429062E+000   0.429062E+000   0.858124E+000
      2.6400    0.000000E+000   0.500000E-001   0.125330E+005   0.143538E+005   0.268868E+005   0.430751E+000   0.430751E+000   0.861502E+000
      2.6600    0.000000E+000   0.500000E-001   0.123602E+005   0.141708E+005   0.265310E+005   0.432418E+000   0.432418E+000   0.864837E+000
      2.6800    0.000000E+000   0.500000E-001   0.121874E+005   0.139878E+005   0.261752E+005   0.434063E+000   0.434063E+000   0.868126E+000
      2.7000    0.000000E+000   0.500000E-001   0.120147E+005   0.138048E+005   0.258195E+005   0.435686E+000   0.435686E+000   0.871371E+000
      2.7200    0.000000E+000   0.500000E-001   0.118421E+005   0.136221E+005   0.254642E+005   0.437286E+000   0.437286E+000   0.874572E+000
      2.7400    0.000000E+000   0.500000E-001   0.116697E+005   0.134395E+005   0.251092E+005   0.438864E+000   0.438864E+000   0.877729E+000
      2.7600    0.000000E+000   0.500000E-001   0.114976E+005   0.132572E+005   0.247547E+005   0.440421E+000   0.440421E+000   0.880841E+000
      2.7800    0.000000E+000   0.500000E-001   0.113257E+005   0.130751E+005   0.244008E+005   0.441955E+000   0.441955E+000   0.883909E+000
      2.8000    0.000000E+000   0.500000E-001   0.111541E+005   0.128934E+005   0.240475E+005   0.443467E+000   0.443467E+000   0.886933E+000
      2.8200    0.000000E+000   0.500000E-001   0.109828E+005   0.127122E+005   0.236950E+005   0.444956E+000   0.444956E+000   0.889913E+000
      2.8400    0.000000E+000   0.500000E-001   0.108120E+005   0.125313E+005   0.233433E+005   0.446424E+000   0.446424E+000   0.892849E+000
      2.8600    0.000000E+000   0.500000E-001   0.106416E+005   0.123509E+005   0.229925E+005   0.447870E+000   0.447870E+000   0.895741E+000
      2.8800    0.000000E+000   0.500000E-001   0.104717E+005   0.121711E+005   0.226428E+005   0.449295E+000   0.449295E+000   0.898589E+000
      2.9000    0.000000E+000   0.500000E-001   0.103022E+005   0.119919E+005   0.222941E+005   0.450697E+000   0.450697E+000   0.901394E+000
      2.9200    0.000000E+000   0.500000E-001   0.101334E+005   0.118132E+005   0.219466E+005   0.452078E+000   0.452078E+000   0.904155E+000
      2.9400    0.000000E+000   0.500000E-001   0.996512E+004   0.116352E+005   0.216004E+005   0.453437E+000   0.453437E+000   0.906873E+000
      2.9600    0.000000E+000   0.500000E-001   0.979748E+004   0.114580E+005   0.212555E+005   0.454774E+000   0.454774E+000   0.909548E+000
      2.9800    0.000000E+000   0.500000E-001   0.963051E+004   0.112814E+005   0.209120E+005   0.456090E+000   0.456090E+000   0.912180E+000
      3.0000    0.000000E+000   0.500000E-001   0.946423E+004   0.111057E+005   0.205699E+005   0.457384E+000   0.457384E+000   0.914769E+000
      3.0200    0.000000E+000   0.500000E-001   0.929870E+004   0.109308E+005   0.202295E+005   0.458658E+000   0.458658E+000   0.917315E+000
      3.0400    0.000000E+000   0.500000E-001   0.913393E+004   0.107567E+005   0.198906E+005   0.459910E+000   0.459910E+000   0.919819E+000
      3.0600    0.000000E+000   0.500000E-001   0.896996E+004   0.105835E+005   0.195535E+005   0.461141E+000   0.461141E+000   0.922281E+000
      3.0800    0.000000E+000   0.500000E-001   0.880682E+004   0.104113E+005   0.192181E+005   0.462351E+000   0.462351E+000   0.924701E+000
      3.1000    0.000000E+000   0.500000E-001   0.864455E+004   0.102400E+005   0.188845E+005   0.463540E+000   0.463540E+000   0.927079E+000
      3.1200    0.000000E+000   0.500000E-001   0.848317E+004   0.100697E+005   0.185529E+005   0.464708E+000   0.464708E+000   0.929416E+000
      3.1400    0.000000E+000   0.500000E-001   0.832271E+004   0.990043E+004   0.182231E+005   0.465856E+000   0.465856E+000   0.931711E+000
      3.1600    0.000000E+000   0.500000E-001   0.816321E+004   0.973223E+004   0.178954E+005   0.466983E+000   0.466983E+000   0.933966E+000
      3.1800    0.000000E+000   0.500000E-001   0.800468E+004   0.956512E+004   0.175698E+005   0.468090E+000   0.468090E+000   0.936179E+000
      3.2000    0.000000E+000   0.500000E-001   0.784716E+004   0.939913E+004   0.172463E+005   0.469176E+000   0.469176E+000   0.938352E+000
      3.2200    0.000000E+000   0.500000E-001   0.769067E+004   0.923429E+004   0.169250E+005   0.470243E+000   0.470243E+000   0.940485E+000
      3.2400    0.000000E+000   0.500000E-001   0.753524E+004   0.907063E+004   0.166059E+005   0.471289E+000   0.471289E+000   0.942578E+000
      3.2600    0.000000E+000   0.500000E-001   0.738089E+004   0.890817E+004   0.162891E+005   0.472315E+000   0.472315E+000   0.944631E+000
      3.2800    0.000000E+000   0.500000E-001   0.722765E+004   0.874695E+004   0.159746E+005   0.473322E+000   0.473322E+000   0.946645E+000
      3.3000    0.000000E+000   0.500000E-001   0.707553E+004   0.858698E+004   0.156625E+005   0.474310E+000   0.474310E+000   0.948619E+000
      3.3200    0.000000E+000   0.500000E-001   0.692457E+004   0.842829E+004   0.153529E+005   0.475278E+000   0.475278E+000   0.950555E+000
      3.3400    0.000000E+000   0.500000E-001   0.677478E+004   0.827090E+004   0.150457E+005   0.476226E+000   0.476226E+000   0.952452E+000
      3.3600    0.000000E+000   0.500000E-001   0.662618E+004   0.811485E+004   0.147410E+005   0.477156E+000   0.477156E+000   0.954312E+000
      3.3800    0.000000E+000   0.500000E-001   0.647880E+004   0.796014E+004   0.144389E+005   0.478066E+000   0.478066E+000   0.956133E+000
      3.4000    0.000000E+000   0.500000E-001   0.633264E+004   0.780680E+004   0.141394E+005   0.478958E+000   0.478958E+000   0.957916E+000
      3.4200    0.000000E+000   0.500000E-001   0.618774E+004   0.765485E+004   0.138426E+005   0.479831E+000   0.479831E+000   0.959663E+000
      3.4400    0.000000E+000   0.500000E-001   0.604411E+004   0.750431E+004   0.135484E+005   0.480686E+000   0.480686E+000   0.961373E+000
      3.4600    0.000000E+000   0.500000E-001   0.590176E+004   0.735520E+004   0.132570E+005   0.481523E+000   0.481523E+000   0.963046E+000
      3.4800    0.000000E+000   0.500000E-001   0.576071E+004   0.720754E+004   0.129683E+005   0.482341E+000   0.482341E+000   0.964682E+000
      3.5000    0.000000E+000   0.500000E-001   0.562099E+004   0.706134E+004   0.126823E+005   0.483142E+000   0.483142E+000   0.966283E+000
      3.5200    0.000000E+000   0.500000E-001   0.548259E+004   0.691662E+004   0.123992E+005   0.483924E+000   0.483924E+000   0.967849E+000
      3.5400    0.000000E+000   0.500000E-001   0.534555E+004   0.677339E+004   0.121189E+005   0.484690E+000   0.484690E+000   0.969379E+000
      3.5600    0.000000E+000   0.500000E-001   0.520986E+004   0.663168E+004   0.118415E+005   0.485437E+000   0.485437E+000   0.970875E+000
      3.5800    0.000000E+000   0.500000E-001   0.507555E+004   0.649148E+004   0.115670E+005   0.486168E+000   0.486168E+000   0.972336E+000
      3.6000    0.000000E+000   0.500000E-001   0.494263E+004   0.635283E+004   0.112955E+005   0.486881E+000   0.486881E+000   0.973762E+000
      3.6200    0.000000E+000   0.500000E-001   0.481110E+004   0.621572E+004   0.110268E+005   0.487578E+000   0.487578E+000   0.975156E+000
      3.6400    0.000000E+000   0.500000E-001   0.468098E+004   0.608017E+004   0.107612E+005   0.488258E+000   0.488258E+000   0.976516E+000
      3.6600    0.000000E+000   0.500000E-001   0.455229E+004   0.594619E+004   0.104985E+005   0.488921E+000   0.488921E+000   0.977842E+000
      3.6800    0.000000E+000   0.500000E-001   0.442502E+004   0.581380E+004   0.102388E+005   0.489568E+000   0.489568E+000   0.979137E+000
      3.7000    0.000000E+000   0.500000E-001   0.429919E+004   0.568300E+004   0.998219E+004   0.490199E+000   0.490199E+000   0.980399E+000
      3.7200    0.000000E+000   0.500000E-001   0.417481E+004   0.555379E+004   0.972860E+004   0.490814E+000   0.490814E+000   0.981629E+000
      3.7400    0.000000E+000   0.500000E-001   0.405188E+004   0.542620E+004   0.947808E+004   0.491414E+000   0.491414E+000   0.982828E+000
      3.7600    0.000000E+000   0.500000E-001   0.393041E+004   0.530022E+004   0.923064E+004   0.491998E+000   0.491998E+000   0.983995E+000
      3.7800    0.000000E+000   0.500000E-001   0.381042E+004   0.517587E+004   0.898628E+004   0.492566E+000   0.492566E+000   0.985132E+000
      3.8000    0.000000E+000   0.500000E-001   0.369190E+004   0.505314E+004   0.874504E+004   0.493120E+000   0.493120E+000   0.986239E+000
      3.8200    0.000000E+000   0.500000E-001   0.357486E+004   0.493205E+004   0.850690E+004   0.493658E+000   0.493658E+000   0.987316E+000
      3.8400    0.000000E+000   0.500000E-001   0.345931E+004   0.481259E+004   0.827190E+004   0.494182E+000   0.494182E+000   0.988363E+000
      3.8600    0.000000E+000   0.500000E-001   0.334524E+004   0.469478E+004   0.804002E+004   0.494691E+000   0.494691E+000   0.989381E+000
      3.8800    0.000000E+000   0.500000E-001   0.323268E+004   0.457862E+004   0.781129E+004   0.495185E+000   0.495185E+000   0.990370E+000
      3.9000    0.000000E+000   0.500000E-001   0.312161E+004   0.446410E+004   0.758571E+004   0.495666E+000   0.495666E+000   0.991331E+000
      3.9200    0.000000E+000   0.500000E-001   0.301204E+004   0.435124E+004   0.736328E+004   0.496132E+000   0.496132E+000   0.992264E+000
      3.9400    0.000000E+000   0.500000E-001   0.290397E+004   0.424003E+004   0.714400E+004   0.496585E+000   0.496585E+000   0.993170E+000
      3.9600    0.000000E+000   0.500000E-001   0.279741E+004   0.413048E+004   0.692789E+004   0.497024E+000   0.497024E+000   0.994048E+000
      3.9800    0.000000E+000   0.500000E-001   0.269236E+004   0.402258E+004   0.671494E+004   0.497450E+000   0.497450E+000   0.994900E+000
      4.0000    0.000000E+000   0.500000E-001   0.258881E+004   0.391634E+004   0.650515E+004   0.497862E+000   0.497862E+000   0.995725E+000
      4.0200    0.000000E+000   0.500000E-001   0.248677E+004   0.381175E+004   0.629853E+004   0.498262E+000   0.498262E+000   0.996524E+000
      4.0400    0.000000E+000   0.500000E-001   0.238624E+004   0.370882E+004   0.609506E+004   0.498649E+000   0.498649E+000   0.997297E+000
      4.0600    0.000000E+000   0.500000E-001   0.228722E+004   0.360754E+004   0.589476E+004   0.499023E+000   0.499023E+000   0.998046E+000
      4.0800    0.000000E+000   0.500000E-001   0.218970E+004   0.350791E+004   0.569762E+004   0.499385E+000   0.499385E+000   0.998769E+000
      4.1000    0.000000E+000   0.500000E-001   0.209369E+004   0.340993E+004   0.550363E+004   0.499734E+000   0.499734E+000   0.999468E+000
      4.1200    0.000000E+000   0.500000E-001   0.199918E+004   0.331360E+004   0.531278E+004   0.500072E+000   0.500072E+000   0.100014E+001
      4.1400    0.000000E+000   0.500000E-001   0.190617E+004   0.321891E+004   0.512508E+004   0.500397E+000   0.500397E+000   0.100079E+001
      4.1600    0.000000E+000   0.500000E-001   0.181466E+004   0.312585E+004   0.494051E+004   0.500711E+000   0.500711E+000   0.100142E+001
      4.1800    0.000000E+000   0.500000E-001   0.172464E+004   0.303443E+004   0.475908E+004   0.501014E+000   0.501014E+000   0.100203E+001
      4.2000    0.000000E+000   0.500000E-001   0.163612E+004   0.294464E+004   0.458076E+004   0.501306E+000   0.501306E+000   0.100261E+001
      4.2200    0.000000E+000   0.500000E-001   0.154908E+004   0.285647E+004   0.440555E+004   0.501586E+000   0.501586E+000   0.100317E+001
      4.2400    0.000000E+000   0.500000E-001   0.146352E+004   0.276992E+004   0.423344E+004   0.501856E+000   0.501856E+000   0.100371E+001
      4.2600    0.000000E+000   0.500000E-001   0.137944E+004   0.268498E+004   0.406442E+004   0.502115E+000   0.502115E+000   0.100423E+001
      4.2800    0.000000E+000   0.500000E-001   0.129684E+004   0.260164E+004   0.389848E+004   0.502363E+000   0.502363E+000   0.100473E+001
      4.3000    0.000000E+000   0.500000E-001   0.121570E+004   0.251990E+004   0.373560E+004   0.502601E+000   0.502601E+000   0.100520E+001
      4.3200    0.000000E+000   0.500000E-001   0.113602E+004   0.243975E+004   0.357577E+004   0.502829E+000   0.502829E+000   0.100566E+001
      4.3400    0.000000E+000   0.500000E-001   0.105780E+004   0.236118E+004   0.341898E+004   0.503048E+000   0.503048E+000   0.100610E+001
      4.3600    0.000000E+000   0.500000E-001   0.981024E+003   0.228418E+004   0.326521E+004   0.503256E+000   0.503256E+000   0.100651E+001
      4.3800    0.000000E+000   0.500000E-001   0.905691E+003   0.220875E+004   0.311444E+004   0.503455E+000   0.503455E+000   0.100691E+001
      4.4000    0.000000E+000   0.500000E-001   0.831794E+003   0.213488E+004   0.296667E+004   0.503645E+000   0.503645E+000   0.100729E+001
      4.4200    0.000000E+000   0.500000E-001   0.759323E+003   0.206255E+004   0.282187E+004   0.503826E+000   0.503826E+000   0.100765E+001
      4.4400    0.000000E+000   0.500000E-001   0.688271E+003   0.199176E+004   0.268003E+004   0.503997E+000   0.503997E+000   0.100799E+001
      4.4600    0.000000E+000   0.500000E-001   0.618630E+003   0.192249E+004   0.254112E+004   0.504160E+000   0.504160E+000   0.100832E+001
      4.4800    0.000000E+000   0.500000E-001   0.550392E+003   0.185475E+004   0.240514E+004   0.504315E+000   0.504315E+000   0.100863E+001
      4.5000    0.000000E+000   0.500000E-001   0.483548E+003   0.178851E+004   0.227205E+004   0.504461E+000   0.504461E+000   0.100892E+001
      4.5200    0.000000E+000   0.500000E-001   0.418088E+003   0.172376E+004   0.214185E+004   0.504598E+000   0.504598E+000   0.100920E+001
      4.5400    0.000000E+000   0.500000E-001   0.354005E+003   0.166050E+004   0.201450E+004   0.504728E+000   0.504728E+000   0.100946E+001
      4.5600    0.000000E+000   0.500000E-001   0.291287E+003   0.159871E+004   0.189000E+004   0.504850E+000   0.504850E+000   0.100970E+001
      4.5800    0.000000E+000   0.500000E-001   0.229926E+003   0.153838E+004   0.176831E+004   0.504964E+000   0.504964E+000   0.100993E+001
      4.6000    0.000000E+000   0.500000E-001   0.169912E+003   0.147950E+004   0.164941E+004   0.505071E+000   0.505071E+000   0.101014E+001
      4.6200    0.000000E+000   0.500000E-001   0.111233E+003   0.142206E+004   0.153329E+004   0.505170E+000   0.505170E+000   0.101034E+001
      4.6400    0.000000E+000   0.500000E-001   0.538804E+002   0.136604E+004   0.141992E+004   0.505262E+000   0.505262E+000   0.101052E+001
      4.6600    0.000000E+000   0.500000E-001  -0.215726E+001   0.131143E+004   0.130927E+004   0.505347E+000   0.505347E+000   0.101069E+001
      4.6800    0.000000E+000   0.500000E-001  -0.568907E+002   0.125822E+004   0.120133E+004   0.505426E+000   0.505426E+000   0.101085E+001
      4.7000    0.000000E+000   0.500000E-001  -0.110331E+003   0.120639E+004   0.109606E+004   0.505497E+000   0.505497E+000   0.101099E+001
      4.7200    0.000000E+000   0.500000E-001  -0.162490E+003   0.115594E+004   0.993449E+003   0.505563E+000   0.505563E+000   0.101113E+001
      4.7400    0.000000E+000   0.500000E-001  -0.213378E+003   0.110684E+004   0.893464E+003   0.505621E+000   0.505621E+000   0.101124E+001
      4.7600    0.000000E+000   0.500000E-001  -0.263008E+003   0.105909E+004   0.796083E+003   0.505674E+000   0.505674E+000   0.101135E+001
      4.7800    0.000000E+000   0.500000E-001  -0.311391E+003   0.101267E+004   0.701278E+003   0.505721E+000   0.505721E+000   0.101144E+001
      4.8000    0.000000E+000   0.500000E-001  -0.358539E+003   0.967563E+003   0.609024E+003   0.505762E+000   0.505762E+000   0.101152E+001
      4.8200    0.000000E+000   0.500000E-001  -0.404464E+003   0.923758E+003   0.519294E+003   0.505797E+000   0.505797E+000   0.101159E+001
      4.8400    0.000000E+000   0.500000E-001  -0.449180E+003   0.881241E+003   0.432061E+003   0.505827E+000   0.505827E+000   0.101165E+001
      4.8600    0.000000E+000   0.500000E-001  -0.492697E+003   0.839996E+003   0.347299E+003   0.505851E+000   0.505851E+000   0.101170E+001
      4.8800    0.000000E+000   0.500000E-001  -0.535029E+003   0.800009E+003   0.264980E+003   0.505870E+000   0.505870E+000   0.101174E+001
      4.9000    0.000000E+000   0.500000E-001  -0.576189E+003   0.761265E+003   0.185075E+003   0.505884E+000   0.505884E+000   0.101177E+001
      4.9200    0.000000E+000   0.500000E-001  -0.616190E+003   0.723748E+003   0.107558E+003   0.505893E+000   0.505893E+000   0.101179E+001
      4.9400    0.000000E+000   0.500000E-001  -0.655043E+003   0.687443E+003   0.324000E+002   0.505898E+000   0.505898E+000   0.101180E+001
      4.9600    0.000000E+000   0.500000E-001  -0.692764E+003   0.652336E+003  -0.404275E+002   0.505897E+000   0.505897E+000   0.101179E+001
      4.9800    0.000000E+000   0.500000E-001  -0.729364E+003   0.618411E+003  -0.110953E+003   0.505893E+000   0.505893E+000   0.101179E+001
      5.0000    0.000000E+000   0.500000E-001  -0.764857E+003   0.585652E+003  -0.179205E+003   0.505883E+000   0.505883E+000   0.101177E+001
      5.0200    0.000000E+000   0.500000E-001  -0.799257E+003   0.554043E+003  -0.245214E+003   0.505870E+000   0.505870E+000   0.101174E+001
      5.0400    0.000000E+000   0.500000E-001  -0.832577E+003   0.523570E+003  -0.309007E+003   0.505853E+000   0.505853E+000   0.101171E+001
      5.0600    0.000000E+000   0.500000E-001  -0.864830E+003   0.494216E+003  -0.370614E+003   0.505832E+000   0.505832E+000   0.101166E+001
      5.0800    0.000000E+000   0.500000E-001  -0.896031E+003   0.465965E+003  -0.430066E+003   0.505807E+000   0.505807E+000   0.101161E+001
      5.1000    0.000000E+000   0.500000E-001  -0.926193E+003   0.438803E+003  -0.487391E+003   0.505778E+000   0.505778E+000   0.101156E+001
      5.1200    0.000000E+000   0.500000E-001  -0.955330E+003   0.412711E+003  -0.542618E+003   0.505746E+000   0.505746E+000   0.101149E+001
      5.1400    0.000000E+000   0.500000E-001  -0.983455E+003   0.387676E+003  -0.595779E+003   0.505710E+000   0.505710E+000   0.101142E+001
      5.1600    0.000000E+000   0.500000E-001  -0.101058E+004   0.363680E+003  -0.646903E+003   0.505672E+000   0.505672E+000   0.101134E+001
      5.1800    0.000000E+000   0.500000E-001  -0.103673E+004   0.340708E+003  -0.696020E+003   0.505630E+000   0.505630E+000   0.101126E+001
      5.2000    0.000000E+000   0.500000E-001  -0.106190E+004   0.318743E+003  -0.743160E+003   0.505585E+000   0.505585E+000   0.101117E+001
      5.2200    0.000000E+000   0.500000E-001  -0.108612E+004   0.297770E+003  -0.788352E+003   0.505537E+000   0.505537E+000   0.101107E+001
      5.2400    0.000000E+000   0.500000E-001  -0.110940E+004   0.277772E+003  -0.831629E+003   0.505486E+000   0.505486E+000   0.101097E+001
      5.2600    0.000000E+000   0.500000E-001  -0.113175E+004   0.258734E+003  -0.873018E+003   0.505433E+000   0.505433E+000   0.101087E+001
      5.2800    0.000000E+000   0.500000E-001  -0.115319E+004   0.240638E+003  -0.912552E+003   0.505377E+000   0.505377E+000   0.101075E+001
      5.3000    0.000000E+000   0.500000E-001  -0.117373E+004   0.223470E+003  -0.950259E+003   0.505319E+000   0.505319E+000   0.101064E+001
      5.3200    0.000000E+000   0.500000E-001  -0.119338E+004   0.207212E+003  -0.986171E+003   0.505259E+000   0.505259E+000   0.101052E+001
      5.3400    0.000000E+000   0.500000E-001  -0.121217E+004   0.191849E+003  -0.102032E+004   0.505196E+000   0.505196E+000   0.101039E+001
      5.3600    0.000000E+000   0.500000E-001  -0.123009E+004   0.177365E+003  -0.105273E+004   0.505131E+000   0.505131E+000   0.101026E+001
      5.3800    0.000000E+000   0.500000E-001  -0.124718E+004   0.163743E+003  -0.108344E+004   0.505065E+000   0.505065E+000   0.101013E+001
      5.4000    0.000000E+000   0.500000E-001  -0.126344E+004   0.150968E+003  -0.111247E+004   0.504996E+000   0.504996E+000   0.100999E+001
      5.4200    0.000000E+000   0.500000E-001  -0.127888E+004   0.139023E+003  -0.113985E+004   0.504926E+000   0.504926E+000   0.100985E+001
      5.4400    0.000000E+000   0.500000E-001  -0.129352E+004   0.127893E+003  -0.116563E+004   0.504854E+000   0.504854E+000   0.100971E+001
      5.4600    0.000000E+000   0.500000E-001  -0.130738E+004   0.117561E+003  -0.118981E+004   0.504781E+000   0.504781E+000   0.100956E+001
      5.4800    0.000000E+000   0.500000E-001  -0.132046E+004   0.108012E+003  -0.121245E+004   0.504706E+000   0.504706E+000   0.100941E+001
      5.5000    0.000000E+000   0.500000E-001  -0.133279E+004   0.992305E+002  -0.123356E+004   0.504629E+000   0.504629E+000   0.100926E+001
      5.5200    0.000000E+000   0.500000E-001  -0.134437E+004   0.911997E+002  -0.125317E+004   0.504552E+000   0.504552E+000   0.100910E+001
      5.5400    0.000000E+000   0.500000E-001  -0.135522E+004   0.839044E+002  -0.127132E+004   0.504473E+000   0.504473E+000   0.100895E+001
      5.5600    0.000000E+000   0.500000E-001  -0.136536E+004   0.773289E+002  -0.128803E+004   0.504393E+000   0.504393E+000   0.100879E+001
      5.5800    0.000000E+000   0.500000E-001  -0.137479E+004   0.714578E+002  -0.130334E+004   0.504312E+000   0.504312E+000   0.100862E+001
      5.6000    0.000000E+000   0.500000E-001  -0.138354E+004   0.662754E+002  -0.131726E+004   0.504230E+000   0.504230E+000   0.100846E+001
      5.6200    0.000000E+000   0.500000E-001  -0.139161E+004   0.617664E+002  -0.132984E+004   0.504148E+000   0.504148E+000   0.100830E+001
      5.6400    0.000000E+000   0.500000E-001  -0.139902E+004   0.579155E+002  -0.134111E+004   0.504064E+000   0.504064E+000   0.100813E+001
      5.6600    0.000000E+000   0.500000E-001  -0.140578E+004   0.547074E+002  -0.135108E+004   0.503980E+000   0.503980E+000   0.100796E+001
      5.6800    0.000000E+000   0.500000E-001  -0.141191E+004   0.521271E+002  -0.135979E+004   0.503896E+000   0.503896E+000   0.100779E+001
      5.7000    0.000000E+000   0.500000E-001  -0.141742E+004   0.501594E+002  -0.136726E+004   0.503811E+000   0.503811E+000   0.100762E+001
      5.7200    0.000000E+000   0.500000E-001  -0.142233E+004   0.487895E+002  -0.137354E+004   0.503725E+000   0.503725E+000   0.100745E+001
      5.7400    0.000000E+000   0.500000E-001  -0.142664E+004   0.480024E+002  -0.137863E+004   0.503639E+000   0.503639E+000   0.100728E+001
      5.7600    0.000000E+000   0.500000E-001  -0.143036E+004   0.477835E+002  -0.138258E+004   0.503553E+000   0.503553E+000   0.100711E+001
      5.7800    0.000000E+000   0.500000E-001  -0.143353E+004   0.481181E+002  -0.138541E+004   0.503467E+000   0.503467E+000   0.100693E+001
      5.8000    0.000000E+000   0.500000E-001  -0.143613E+004   0.489918E+002  -0.138714E+004   0.503380E+000   0.503380E+000   0.100676E+001
      5.8200    0.000000E+000   0.500000E-001  -0.143820E+004   0.503900E+002  -0.138781E+004   0.503293E+000   0.503293E+000   0.100659E+001
      5.8400    0.000000E+000   0.500000E-001  -0.143974E+004   0.522986E+002  -0.138744E+004   0.503207E+000   0.503207E+000   0.100641E+001
      5.8600    0.000000E+000   0.500000E-001  -0.144077E+004   0.547034E+002  -0.138606E+004   0.503120E+000   0.503120E+000   0.100624E+001
      5.8800    0.000000E+000   0.500000E-001  -0.144129E+004   0.575903E+002  -0.138370E+004   0.503034E+000   0.503034E+000   0.100607E+001
      5.9000    0.000000E+000   0.500000E-001  -0.144132E+004   0.609455E+002  -0.138037E+004   0.502948E+000   0.502948E+000   0.100590E+001
      5.9200    0.000000E+000   0.500000E-001  -0.144088E+004   0.647551E+002  -0.137612E+004   0.502861E+000   0.502861E+000   0.100572E+001
      5.9400    0.000000E+000   0.500000E-001  -0.143997E+004   0.690055E+002  -0.137096E+004   0.502776E+000   0.502776E+000   0.100555E+001
      5.9600    0.000000E+000   0.500000E-001  -0.143860E+004   0.736833E+002  -0.136492E+004   0.502690E+000   0.502690E+000   0.100538E+001
      5.9800    0.000000E+000   0.500000E-001  -0.143680E+004   0.787750E+002  -0.135803E+004   0.502605E+000   0.502605E+000   0.100521E+001
      6.0000    0.000000E+000   0.500000E-001  -0.143457E+004   0.842673E+002  -0.135030E+004   0.502521E+000   0.502521E+000   0.100504E+001
      6.0200    0.000000E+000   0.500000E-001  -0.143193E+004   0.901473E+002  -0.134178E+004   0.502437E+000   0.502437E+000   0.100487E+001
      6.0400    0.000000E+000   0.500000E-001  -0.142888E+004   0.964019E+002  -0.133247E+004   0.502353E+000   0.502353E+000   0.100471E+001
      6.0600    0.000000E+000   0.500000E-001  -0.142543E+004   0.103018E+003  -0.132242E+004   0.502271E+000   0.502271E+000   0.100454E+001
      6.0800    0.000000E+000   0.500000E-001  -0.142161E+004   0.109984E+003  -0.131163E+004   0.502188E+000   0.502188E+000   0.100438E+001
      6.1000    0.000000E+000   0.500000E-001  -0.141742E+004   0.117286E+003  -0.130013E+004   0.502107E+000   0.502107E+000   0.100421E+001
      6.1200    0.000000E+000   0.500000E-001  -0.141287E+004   0.124913E+003  -0.128796E+004   0.502026E+000   0.502026E+000   0.100405E+001
      6.1400    0.000000E+000   0.500000E-001  -0.140798E+004   0.132851E+003  -0.127512E+004   0.501946E+000   0.501946E+000   0.100389E+001
      6.1600    0.000000E+000   0.500000E-001  -0.140274E+004   0.141090E+003  -0.126165E+004   0.501867E+000   0.501867E+000   0.100373E+001
      6.1800    0.000000E+000   0.500000E-001  -0.139719E+004   0.149617E+003  -0.124757E+004   0.501789E+000   0.501789E+000   0.100358E+001
      6.2000    0.000000E+000   0.500000E-001  -0.139132E+004   0.158420E+003  -0.123290E+004   0.501711E+000   0.501711E+000   0.100342E+001
      6.2200    0.000000E+000   0.500000E-001  -0.138515E+004   0.167488E+003  -0.121766E+004   0.501635E+000   0.501635E+000   0.100327E+001
      6.2400    0.000000E+000   0.500000E-001  -0.137869E+004   0.176809E+003  -0.120188E+004   0.501559E+000   0.501559E+000   0.100312E+001
      6.2600    0.000000E+000   0.500000E-001  -0.137195E+004   0.186372E+003  -0.118558E+004   0.501485E+000   0.501485E+000   0.100297E+001
      6.2800    0.000000E+000   0.500000E-001  -0.136493E+004   0.196166E+003  -0.116877E+004   0.501411E+000   0.501411E+000   0.100282E+001
      6.3000    0.000000E+000   0.500000E-001  -0.135766E+004   0.206180E+003  -0.115148E+004   0.501339E+000   0.501339E+000   0.100268E+001
      6.3200    0.000000E+000   0.500000E-001  -0.135014E+004   0.216404E+003  -0.113373E+004   0.501267E+000   0.501267E+000   0.100253E+001
      6.3400    0.000000E+000   0.500000E-001  -0.134237E+004   0.226826E+003  -0.111555E+004   0.501197E+000   0.501197E+000   0.100239E+001
      6.3600    0.000000E+000   0.500000E-001  -0.133438E+004   0.237435E+003  -0.109694E+004   0.501128E+000   0.501128E+000   0.100226E+001
      6.3800    0.000000E+000   0.500000E-001  -0.132616E+004   0.248223E+003  -0.107794E+004   0.501060E+000   0.501060E+000   0.100212E+001
      6.4000    0.000000E+000   0.500000E-001  -0.131774E+004   0.259178E+003  -0.105856E+004   0.500994E+000   0.500994E+000   0.100199E+001
      6.4200    0.000000E+000   0.500000E-001  -0.130911E+004   0.270291E+003  -0.103882E+004   0.500928E+000   0.500928E+000   0.100186E+001
      6.4400    0.000000E+000   0.500000E-001  -0.130029E+004   0.281552E+003  -0.101874E+004   0.500864E+000   0.500864E+000   0.100173E+001
      6.4600    0.000000E+000   0.500000E-001  -0.129129E+004   0.292950E+003  -0.998341E+003   0.500801E+000   0.500801E+000   0.100160E+001
      6.4800    0.000000E+000   0.500000E-001  -0.128212E+004   0.304478E+003  -0.977638E+003   0.500739E+000   0.500739E+000   0.100148E+001
      6.5000    0.000000E+000   0.500000E-001  -0.127278E+004   0.316125E+003  -0.956651E+003   0.500679E+000   0.500679E+000   0.100136E+001
      6.5200    0.000000E+000   0.500000E-001  -0.126328E+004   0.327882E+003  -0.935397E+003   0.500620E+000   0.500620E+000   0.100124E+001
      6.5400    0.000000E+000   0.500000E-001  -0.125364E+004   0.339740E+003  -0.913895E+003   0.500562E+000   0.500562E+000   0.100112E+001
      6.5600    0.000000E+000   0.500000E-001  -0.124385E+004   0.351690E+003  -0.892162E+003   0.500506E+000   0.500506E+000   0.100101E+001
      6.5800    0.000000E+000   0.500000E-001  -0.123394E+004   0.363725E+003  -0.870215E+003   0.500451E+000   0.500451E+000   0.100090E+001
      6.6000    0.000000E+000   0.500000E-001  -0.122390E+004   0.375834E+003  -0.848070E+003   0.500397E+000   0.500397E+000   0.100079E+001
      6.6200    0.000000E+000   0.500000E-001  -0.121375E+004   0.388011E+003  -0.825744E+003   0.500345E+000   0.500345E+000   0.100069E+001
      6.6400    0.000000E+000   0.500000E-001  -0.120350E+004   0.400246E+003  -0.803253E+003   0.500294E+000   0.500294E+000   0.100059E+001
      6.6600    0.000000E+000   0.500000E-001  -0.119314E+004   0.412531E+003  -0.780613E+003   0.500245E+000   0.500245E+000   0.100049E+001
      6.6800    0.000000E+000   0.500000E-001  -0.118270E+004   0.424860E+003  -0.757839E+003   0.500197E+000   0.500197E+000   0.100039E+001
      6.7000    0.000000E+000   0.500000E-001  -0.117217E+004   0.437224E+003  -0.734947E+003   0.500150E+000   0.500150E+000   0.100030E+001
      6.7200    0.000000E+000   0.500000E-001  -0.116157E+004   0.449616E+003  -0.711951E+003   0.500105E+000   0.500105E+000   0.100021E+001
      6.7400    0.000000E+000   0.500000E-001  -0.115089E+004   0.462028E+003  -0.688866E+003   0.500061E+000   0.500061E+000   0.100012E+001
      6.7600    0.000000E+000   0.500000E-001  -0.114016E+004   0.474453E+003  -0.665707E+003   0.500019E+000   0.500019E+000   0.100004E+001
      6.7800    0.000000E+000   0.500000E-001  -0.112937E+004   0.486885E+003  -0.642487E+003   0.499978E+000   0.499978E+000   0.999956E+000
      6.8000    0.000000E+000   0.500000E-001  -0.111854E+004   0.499315E+003  -0.619220E+003   0.499939E+000   0.499939E+000   0.999878E+000
      6.8200    0.000000E+000   0.500000E-001  -0.110766E+004   0.511739E+003  -0.595920E+003   0.499901E+000   0.499901E+000   0.999802E+000
      6.8400    0.000000E+000   0.500000E-001  -0.109675E+004   0.524148E+003  -0.572600E+003   0.499864E+000   0.499864E+000   0.999729E+000
      6.8600    0.000000E+000   0.500000E-001  -0.108581E+004   0.536537E+003  -0.549271E+003   0.499829E+000   0.499829E+000   0.999659E+000
      6.8800    0.000000E+000   0.500000E-001  -0.107485E+004   0.548900E+003  -0.525948E+003   0.499796E+000   0.499796E+000   0.999592E+000
      6.9000    0.000000E+000   0.500000E-001  -0.106387E+004   0.561229E+003  -0.502642E+003   0.499764E+000   0.499764E+000   0.999527E+000
      6.9200    0.000000E+000   0.500000E-001  -0.105289E+004   0.573521E+003  -0.479365E+003   0.499733E+000   0.499733E+000   0.999466E+000
      6.9400    0.000000E+000   0.500000E-001  -0.104190E+004   0.585768E+003  -0.456128E+003   0.499704E+000   0.499704E+000   0.999408E+000
      6.9600    0.000000E+000   0.500000E-001  -0.103091E+004   0.597965E+003  -0.432944E+003   0.499676E+000   0.499676E+000   0.999352E+000
      6.9800    0.000000E+000   0.500000E-001  -0.101993E+004   0.610107E+003  -0.409823E+003   0.499650E+000   0.499650E+000   0.999300E+000
      7.0000    0.000000E+000   0.500000E-001  -0.100896E+004   0.622188E+003  -0.386776E+003   0.499625E+000   0.499625E+000   0.999250E+000
      7.0200    0.000000E+000   0.500000E-001  -0.998016E+003   0.634203E+003  -0.363813E+003   0.499602E+000   0.499602E+000   0.999203E+000
      7.0400    0.000000E+000   0.500000E-001  -0.987093E+003   0.646148E+003  -0.340945E+003   0.499580E+000   0.499580E+000   0.999159E+000
      7.0600    0.000000E+000   0.500000E-001  -0.976198E+003   0.658016E+003  -0.318182E+003   0.499559E+000   0.499559E+000   0.999118E+000
      7.0800    0.000000E+000   0.500000E-001  -0.965337E+003   0.669805E+003  -0.295533E+003   0.499540E+000   0.499540E+000   0.999080E+000
      7.1000    0.000000E+000   0.500000E-001  -0.954515E+003   0.681508E+003  -0.273007E+003   0.499522E+000   0.499522E+000   0.999044E+000
      7.1200    0.000000E+000   0.500000E-001  -0.943737E+003   0.693123E+003  -0.250614E+003   0.499506E+000   0.499506E+000   0.999012E+000
      7.1400    0.000000E+000   0.500000E-001  -0.933006E+003   0.704643E+003  -0.228363E+003   0.499491E+000   0.499491E+000   0.998982E+000
      7.1600    0.000000E+000   0.500000E-001  -0.922328E+003   0.716066E+003  -0.206262E+003   0.499477E+000   0.499477E+000   0.998955E+000
      7.1800    0.000000E+000   0.500000E-001  -0.911707E+003   0.727387E+003  -0.184320E+003   0.499465E+000   0.499465E+000   0.998930E+000
      7.2000    0.000000E+000   0.500000E-001  -0.901146E+003   0.738602E+003  -0.162544E+003   0.499454E+000   0.499454E+000   0.998909E+000
      7.2200    0.000000E+000   0.500000E-001  -0.890651E+003   0.749708E+003  -0.140943E+003   0.499445E+000   0.499445E+000   0.998890E+000
      7.2400    0.000000E+000   0.500000E-001  -0.880225E+003   0.760701E+003  -0.119524E+003   0.499437E+000   0.499437E+000   0.998873E+000
      7.2600    0.000000E+000   0.500000E-001  -0.869871E+003   0.771578E+003  -0.982937E+002   0.499430E+000   0.499430E+000   0.998860E+000
      7.2800    0.000000E+000   0.500000E-001  -0.859594E+003   0.782335E+003  -0.772599E+002   0.499424E+000   0.499424E+000   0.998849E+000
      7.3000    0.000000E+000   0.500000E-001  -0.849398E+003   0.792969E+003  -0.564291E+002   0.499420E+000   0.499420E+000   0.998840E+000
      7.3200    0.000000E+000   0.500000E-001  -0.839285E+003   0.803477E+003  -0.358078E+002   0.499417E+000   0.499417E+000   0.998835E+000
      7.3400    0.000000E+000   0.500000E-001  -0.829258E+003   0.813856E+003  -0.154025E+002   0.499416E+000   0.499416E+000   0.998831E+000
      7.3600    0.000000E+000   0.500000E-001  -0.819323E+003   0.824103E+003   0.478090E+001   0.499415E+000   0.499415E+000   0.998831E+000
      7.3800    0.000000E+000   0.500000E-001  -0.809480E+003   0.834217E+003   0.247366E+002   0.499416E+000   0.499416E+000   0.998833E+000
      7.4000    0.000000E+000   0.500000E-001  -0.799734E+003   0.844193E+003   0.444589E+002   0.499418E+000   0.499418E+000   0.998837E+000
      7.4200    0.000000E+000   0.500000E-001  -0.790087E+003   0.854030E+003   0.639426E+002   0.499422E+000   0.499422E+000   0.998844E+000
      7.4400    0.000000E+000   0.500000E-001  -0.780543E+003   0.863725E+003   0.831825E+002   0.499426E+000   0.499426E+000   0.998853E+000
      7.4600    0.000000E+000   0.500000E-001  -0.771103E+003   0.873277E+003   0.102174E+003   0.499432E+000   0.499432E+000   0.998865E+000
      7.4800    0.000000E+000   0.500000E-001  -0.761771E+003   0.882682E+003   0.120912E+003   0.499439E+000   0.499439E+000   0.998878E+000
      7.5000    0.000000E+000   0.500000E-001  -0.752548E+003   0.891940E+003   0.139392E+003   0.499447E+000   0.499447E+000   0.998895E+000
      7.5200    0.000000E+000   0.500000E-001  -0.743438E+003   0.901048E+003   0.157610E+003   0.499457E+000   0.499457E+000   0.998913E+000
      7.5400    0.000000E+000   0.500000E-001  -0.734442E+003   0.910004E+003   0.175562E+003   0.499467E+000   0.499467E+000   0.998934E+000
      7.5600    0.000000E+000   0.500000E-001  -0.725563E+003   0.918807E+003   0.193244E+003   0.499479E+000   0.499479E+000   0.998957E+000
      7.5800    0.000000E+000   0.500000E-001  -0.716803E+003   0.927456E+003   0.210653E+003   0.499491E+000   0.499491E+000   0.998982E+000
      7.6000    0.000000E+000   0.500000E-001  -0.708163E+003   0.935949E+003   0.227785E+003   0.499505E+000   0.499505E+000   0.999010E+000
      7.6200    0.000000E+000   0.500000E-001  -0.699646E+003   0.944284E+003   0.244637E+003   0.499520E+000   0.499520E+000   0.999039E+000
      7.6400    0.000000E+000   0.500000E-001  -0.691254E+003   0.952460E+003   0.261207E+003   0.499535E+000   0.499535E+000   0.999071E+000
      7.6600    0.000000E+000   0.500000E-001  -0.682987E+003   0.960477E+003   0.277490E+003   0.499552E+000   0.499552E+000   0.999104E+000
      7.6800    0.000000E+000   0.500000E-001  -0.674848E+003   0.968334E+003   0.293485E+003   0.499570E+000   0.499570E+000   0.999140E+000
      7.7000    0.000000E+000   0.500000E-001  -0.666839E+003   0.976028E+003   0.309190E+003   0.499589E+000   0.499589E+000   0.999178E+000
      7.7200    0.000000E+000   0.500000E-001  -0.658959E+003   0.983561E+003   0.324601E+003   0.499609E+000   0.499609E+000   0.999217E+000
      7.7400    0.000000E+000   0.500000E-001  -0.651212E+003   0.990930E+003   0.339718E+003   0.499629E+000   0.499629E+000   0.999259E+000
      7.7600    0.000000E+000   0.500000E-001  -0.643598E+003   0.998135E+003   0.354537E+003   0.499651E+000   0.499651E+000   0.999302E+000
      7.7800    0.000000E+000   0.500000E-001  -0.636118E+003   0.100518E+004   0.369058E+003   0.499674E+000   0.499674E+000   0.999347E+000
      7.8000    0.000000E+000   0.500000E-001  -0.628773E+003   0.101205E+004   0.383280E+003   0.499697E+000   0.499697E+000   0.999394E+000
      7.8200    0.000000E+000   0.500000E-001  -0.621564E+003   0.101876E+004   0.397199E+003   0.499721E+000   0.499721E+000   0.999443E+000
      7.8400    0.000000E+000   0.500000E-001  -0.614493E+003   0.102531E+004   0.410817E+003   0.499747E+000   0.499747E+000   0.999493E+000
      7.8600    0.000000E+000   0.500000E-001  -0.607559E+003   0.103169E+004   0.424131E+003   0.499773E+000   0.499773E+000   0.999545E+000
      7.8800    0.000000E+000   0.500000E-001  -0.600764E+003   0.103790E+004   0.437140E+003   0.499800E+000   0.499800E+000   0.999599E+000
      7.9000    0.000000E+000   0.500000E-001  -0.594108E+003   0.104395E+004   0.449845E+003   0.499827E+000   0.499827E+000   0.999654E+000
      7.9200    0.000000E+000   0.500000E-001  -0.587593E+003   0.104984E+004   0.462243E+003   0.499856E+000   0.499856E+000   0.999711E+000
      7.9400    0.000000E+000   0.500000E-001  -0.581217E+003   0.105555E+004   0.474337E+003   0.499885E+000   0.499885E+000   0.999770E+000
      7.9600    0.000000E+000   0.500000E-001  -0.574982E+003   0.106111E+004   0.486123E+003   0.499915E+000   0.499915E+000   0.999830E+000
      7.9800    0.000000E+000   0.500000E-001  -0.568889E+003   0.106649E+004   0.497604E+003   0.499946E+000   0.499946E+000   0.999891E+000
      8.0000    0.000000E+000   0.500000E-001  -0.562937E+003   0.107172E+004   0.508779E+003   0.499977E+000   0.499977E+000   0.999954E+000
      8.0200    0.000000E+000   0.500000E-001  -0.557126E+003   0.107677E+004   0.519648E+003   0.500009E+000   0.500009E+000   0.100002E+001
      8.0400    0.000000E+000   0.500000E-001  -0.551457E+003   0.108167E+004   0.530211E+003   0.500042E+000   0.500042E+000   0.100008E+001
      8.0600    0.000000E+000   0.500000E-001  -0.545930E+003   0.108640E+004   0.540469E+003   0.500075E+000   0.500075E+000   0.100015E+001
      8.0800    0.000000E+000   0.500000E-001  -0.540545E+003   0.109097E+004   0.550422E+003   0.500109E+000   0.500109E+000   0.100022E+001
      8.1000    0.000000E+000   0.500000E-001  -0.535301E+003   0.109537E+004   0.560072E+003   0.500144E+000   0.500144E+000   0.100029E+001
      8.1200    0.000000E+000   0.500000E-001  -0.530199E+003   0.109962E+004   0.569419E+003   0.500179E+000   0.500179E+000   0.100036E+001
      8.1400    0.000000E+000   0.500000E-001  -0.525239E+003   0.110370E+004   0.578464E+003   0.500215E+000   0.500215E+000   0.100043E+001
      8.1600    0.000000E+000   0.500000E-001  -0.520419E+003   0.110763E+004   0.587208E+003   0.500251E+000   0.500251E+000   0.100050E+001
      8.1800    0.000000E+000   0.500000E-001  -0.515741E+003   0.111139E+004   0.595652E+003   0.500288E+000   0.500288E+000   0.100058E+001
      8.2000    0.000000E+000   0.500000E-001  -0.511203E+003   0.111500E+004   0.603798E+003   0.500326E+000   0.500326E+000   0.100065E+001
      8.2200    0.000000E+000   0.500000E-001  -0.506806E+003   0.111845E+004   0.611647E+003   0.500364E+000   0.500364E+000   0.100073E+001
      8.2400    0.000000E+000   0.500000E-001  -0.502548E+003   0.112175E+004   0.619201E+003   0.500402E+000   0.500402E+000   0.100080E+001
      8.2600    0.000000E+000   0.500000E-001  -0.498429E+003   0.112489E+004   0.626461E+003   0.500441E+000   0.500441E+000   0.100088E+001
      8.2800    0.000000E+000   0.500000E-001  -0.494449E+003   0.112788E+004   0.633429E+003   0.500480E+000   0.500480E+000   0.100096E+001
      8.3000    0.000000E+000   0.500000E-001  -0.490606E+003   0.113071E+004   0.640107E+003   0.500520E+000   0.500520E+000   0.100104E+001
      8.3200    0.000000E+000   0.500000E-001  -0.486901E+003   0.113340E+004   0.646497E+003   0.500560E+000   0.500560E+000   0.100112E+001
      8.3400    0.000000E+000   0.500000E-001  -0.483333E+003   0.113593E+004   0.652601E+003   0.500601E+000   0.500601E+000   0.100120E+001
      8.3600    0.000000E+000   0.500000E-001  -0.479900E+003   0.113832E+004   0.658420E+003   0.500642E+000   0.500642E+000   0.100128E+001
      8.3800    0.000000E+000   0.500000E-001  -0.476603E+003   0.114056E+004   0.663958E+003   0.500683E+000   0.500683E+000   0.100137E+001
      8.4000    0.000000E+000   0.500000E-001  -0.473439E+003   0.114266E+004   0.669216E+003   0.500725E+000   0.500725E+000   0.100145E+001
      8.4200    0.000000E+000   0.500000E-001  -0.470409E+003   0.114461E+004   0.674197E+003   0.500766E+000   0.500766E+000   0.100153E+001
      8.4400    0.000000E+000   0.500000E-001  -0.467511E+003   0.114641E+004   0.678903E+003   0.500809E+000   0.500809E+000   0.100162E+001
      8.4600    0.000000E+000   0.500000E-001  -0.464745E+003   0.114808E+004   0.683336E+003   0.500851E+000   0.500851E+000   0.100170E+001
      8.4800    0.000000E+000   0.500000E-001  -0.462109E+003   0.114961E+004   0.687500E+003   0.500894E+000   0.500894E+000   0.100179E+001
      8.5000    0.000000E+000   0.500000E-001  -0.459602E+003   0.115100E+004   0.691397E+003   0.500937E+000   0.500937E+000   0.100187E+001
      8.5200    0.000000E+000   0.500000E-001  -0.457223E+003   0.115225E+004   0.695029E+003   0.500980E+000   0.500980E+000   0.100196E+001
      8.5400    0.000000E+000   0.500000E-001  -0.454971E+003   0.115337E+004   0.698400E+003   0.501024E+000   0.501024E+000   0.100205E+001
      8.5600    0.000000E+000   0.500000E-001  -0.452846E+003   0.115436E+004   0.701513E+003   0.501067E+000   0.501067E+000   0.100213E+001
      8.5800    0.000000E+000   0.500000E-001  -0.450845E+003   0.115521E+004   0.704369E+003   0.501111E+000   0.501111E+000   0.100222E+001
      8.6000    0.000000E+000   0.500000E-001  -0.448967E+003   0.115594E+004   0.706972E+003   0.501155E+000   0.501155E+000   0.100231E+001
      8.6200    0.000000E+000   0.500000E-001  -0.447212E+003   0.115654E+004   0.709326E+003   0.501200E+000   0.501200E+000   0.100240E+001
      8.6400    0.000000E+000   0.500000E-001  -0.445578E+003   0.115701E+004   0.711433E+003   0.501244E+000   0.501244E+000   0.100249E+001
      8.6600    0.000000E+000   0.500000E-001  -0.444063E+003   0.115736E+004   0.713296E+003   0.501288E+000   0.501288E+000   0.100258E+001
      8.6800    0.000000E+000   0.500000E-001  -0.442667E+003   0.115758E+004   0.714918E+003   0.501333E+000   0.501333E+000   0.100267E+001
      8.7000    0.000000E+000   0.500000E-001  -0.441388E+003   0.115769E+004   0.716303E+003   0.501378E+000   0.501378E+000   0.100276E+001
      8.7200    0.000000E+000   0.500000E-001  -0.440224E+003   0.115768E+004   0.717454E+003   0.501422E+000   0.501422E+000   0.100284E+001
      8.7400    0.000000E+000   0.500000E-001  -0.439174E+003   0.115755E+004   0.718375E+003   0.501467E+000   0.501467E+000   0.100293E+001
      8.7600    0.000000E+000   0.500000E-001  -0.438238E+003   0.115731E+004   0.719068E+003   0.501512E+000   0.501512E+000   0.100302E+001
      8.7800    0.000000E+000   0.500000E-001  -0.437412E+003   0.115695E+004   0.719536E+003   0.501557E+000   0.501557E+000   0.100311E+001
      8.8000    0.000000E+000   0.500000E-001  -0.436697E+003   0.115648E+004   0.719784E+003   0.501602E+000   0.501602E+000   0.100320E+001
      8.8200    0.000000E+000   0.500000E-001  -0.436090E+003   0.115590E+004   0.719815E+003   0.501647E+000   0.501647E+000   0.100329E+001
      8.8400    0.000000E+000   0.500000E-001  -0.435590E+003   0.115522E+004   0.719632E+003   0.501692E+000   0.501692E+000   0.100338E+001
      8.8600    0.000000E+000   0.500000E-001  -0.435195E+003   0.115443E+004   0.719238E+003   0.501737E+000   0.501737E+000   0.100347E+001
      8.8800    0.000000E+000   0.500000E-001  -0.434903E+003   0.115354E+004   0.718638E+003   0.501782E+000   0.501782E+000   0.100356E+001
      8.9000    0.000000E+000   0.500000E-001  -0.434715E+003   0.115255E+004   0.717834E+003   0.501826E+000   0.501826E+000   0.100365E+001
      8.9200    0.000000E+000   0.500000E-001  -0.434626E+003   0.115146E+004   0.716830E+003   0.501871E+000   0.501871E+000   0.100374E+001
      8.9400    0.000000E+000   0.500000E-001  -0.434637E+003   0.115027E+004   0.715631E+003   0.501916E+000   0.501916E+000   0.100383E+001
      8.9600    0.000000E+000   0.500000E-001  -0.434746E+003   0.114898E+004   0.714238E+003   0.501960E+000   0.501960E+000   0.100392E+001
      8.9800    0.000000E+000   0.500000E-001  -0.434950E+003   0.114761E+004   0.712657E+003   0.502005E+000   0.502005E+000   0.100401E+001
      9.0000    0.000000E+000   0.500000E-001  -0.435248E+003   0.114614E+004   0.710890E+003   0.502049E+000   0.502049E+000   0.100410E+001
      9.0200    0.000000E+000   0.500000E-001  -0.435640E+003   0.114458E+004   0.708941E+003   0.502094E+000   0.502094E+000   0.100419E+001
      9.0400    0.000000E+000   0.500000E-001  -0.436122E+003   0.114294E+004   0.706814E+003   0.502138E+000   0.502138E+000   0.100428E+001
      9.0600    0.000000E+000   0.500000E-001  -0.436694E+003   0.114121E+004   0.704512E+003   0.502182E+000   0.502182E+000   0.100436E+001
      9.0800    0.000000E+000   0.500000E-001  -0.437353E+003   0.113939E+004   0.702040E+003   0.502226E+000   0.502226E+000   0.100445E+001
      9.1000    0.000000E+000   0.500000E-001  -0.438099E+003   0.113750E+004   0.699400E+003   0.502270E+000   0.502270E+000   0.100454E+001
      9.1200    0.000000E+000   0.500000E-001  -0.438928E+003   0.113552E+004   0.696596E+003   0.502313E+000   0.502313E+000   0.100463E+001
      9.1400    0.000000E+000   0.500000E-001  -0.439841E+003   0.113347E+004   0.693633E+003   0.502357E+000   0.502357E+000   0.100471E+001
      9.1600    0.000000E+000   0.500000E-001  -0.440835E+003   0.113135E+004   0.690513E+003   0.502400E+000   0.502400E+000   0.100480E+001
      9.1800    0.000000E+000   0.500000E-001  -0.441908E+003   0.112915E+004   0.687241E+003   0.502443E+000   0.502443E+000   0.100489E+001
      9.2000    0.000000E+000   0.500000E-001  -0.443059E+003   0.112688E+004   0.683819E+003   0.502486E+000   0.502486E+000   0.100497E+001
      9.2200    0.000000E+000   0.500000E-001  -0.444286E+003   0.112454E+004   0.680253E+003   0.502528E+000   0.502528E+000   0.100506E+001
      9.2400    0.000000E+000   0.500000E-001  -0.445588E+003   0.112213E+004   0.676544E+003   0.502570E+000   0.502570E+000   0.100514E+001
      9.2600    0.000000E+000   0.500000E-001  -0.446962E+003   0.111966E+004   0.672697E+003   0.502613E+000   0.502613E+000   0.100523E+001
      9.2800    0.000000E+000   0.500000E-001  -0.448408E+003   0.111712E+004   0.668716E+003   0.502654E+000   0.502654E+000   0.100531E+001
      9.3000    0.000000E+000   0.500000E-001  -0.449922E+003   0.111453E+004   0.664604E+003   0.502696E+000   0.502696E+000   0.100539E+001
      9.3200    0.000000E+000   0.500000E-001  -0.451505E+003   0.111187E+004   0.660364E+003   0.502737E+000   0.502737E+000   0.100547E+001
      9.3400    0.000000E+000   0.500000E-001  -0.453153E+003   0.110915E+004   0.656001E+003   0.502778E+000   0.502778E+000   0.100556E+001
      9.3600    0.000000E+000   0.500000E-001  -0.454866E+003   0.110638E+004   0.651518E+003   0.502819E+000   0.502819E+000   0.100564E+001
      9.3800    0.000000E+000   0.500000E-001  -0.456642E+003   0.110356E+004   0.646917E+003   0.502860E+000   0.502860E+000   0.100572E+001
      9.4000    0.000000E+000   0.500000E-001  -0.458479E+003   0.110068E+004   0.642204E+003   0.502900E+000   0.502900E+000   0.100580E+001
      9.4200    0.000000E+000   0.500000E-001  -0.460375E+003   0.109776E+004   0.637381E+003   0.502940E+000   0.502940E+000   0.100588E+001
      9.4400    0.000000E+000   0.500000E-001  -0.462330E+003   0.109478E+004   0.632452E+003   0.502980E+000   0.502980E+000   0.100596E+001
      9.4600    0.000000E+000   0.500000E-001  -0.464340E+003   0.109176E+004   0.627421E+003   0.503019E+000   0.503019E+000   0.100604E+001
      9.4800    0.000000E+000   0.500000E-001  -0.466405E+003   0.108869E+004   0.622290E+003   0.503058E+000   0.503058E+000   0.100612E+001
      9.5000    0.000000E+000   0.500000E-001  -0.468523E+003   0.108559E+004   0.617063E+003   0.503097E+000   0.503097E+000   0.100619E+001
      9.5200    0.000000E+000   0.500000E-001  -0.470692E+003   0.108244E+004   0.611745E+003   0.503135E+000   0.503135E+000   0.100627E+001
      9.5400    0.000000E+000   0.500000E-001  -0.472911E+003   0.107925E+004   0.606337E+003   0.503173E+000   0.503173E+000   0.100635E+001
      9.5600    0.000000E+000   0.500000E-001  -0.475178E+003   0.107602E+004   0.600843E+003   0.503211E+000   0.503211E+000   0.100642E+001
      9.5800    0.000000E+000   0.500000E-001  -0.477491E+003   0.107276E+004   0.595267E+003   0.503248E+000   0.503248E+000   0.100650E+001
      9.6000    0.000000E+000   0.500000E-001  -0.479850E+003   0.106946E+004   0.589613E+003   0.503285E+000   0.503285E+000   0.100657E+001
      9.6200    0.000000E+000   0.500000E-001  -0.482252E+003   0.106613E+004   0.583882E+003   0.503322E+000   0.503322E+000   0.100664E+001
      9.6400    0.000000E+000   0.500000E-001  -0.484695E+003   0.106277E+004   0.578079E+003   0.503358E+000   0.503358E+000   0.100672E+001
      9.6600    0.000000E+000   0.500000E-001  -0.487179E+003   0.105939E+004   0.572207E+003   0.503394E+000   0.503394E+000   0.100679E+001
      9.6800    0.000000E+000   0.500000E-001  -0.489702E+003   0.105597E+004   0.566269E+003   0.503429E+000   0.503429E+000   0.100686E+001
      9.7000    0.000000E+000   0.500000E-001  -0.492262E+003   0.105253E+004   0.560267E+003   0.503464E+000   0.503464E+000   0.100693E+001
      9.7200    0.000000E+000   0.500000E-001  -0.494858E+003   0.104906E+004   0.554206E+003   0.503499E+000   0.503499E+000   0.100700E+001
      9.7400    0.000000E+000   0.500000E-001  -0.497488E+003   0.104558E+004   0.548089E+003   0.503534E+000   0.503534E+000   0.100707E+001
      9.7600    0.000000E+000   0.500000E-001  -0.500151E+003   0.104207E+004   0.541917E+003   0.503568E+000   0.503568E+000   0.100714E+001
      9.7800    0.000000E+000   0.500000E-001  -0.502845E+003   0.103854E+004   0.535695E+003   0.503601E+000   0.503601E+000   0.100720E+001
      9.8000    0.000000E+000   0.500000E-001  -0.505569E+003   0.103499E+004   0.529425E+003   0.503634E+000   0.503634E+000   0.100727E+001
      9.8200    0.000000E+000   0.500000E-001  -0.508322E+003   0.103143E+004   0.523111E+003   0.503667E+000   0.503667E+000   0.100733E+001
      9.8400    0.000000E+000   0.500000E-001  -0.511101E+003   0.102786E+004   0.516755E+003   0.503700E+000   0.503700E+000   0.100740E+001
      9.8600    0.000000E+000   0.500000E-001  -0.513907E+003   0.102427E+004   0.510360E+003   0.503732E+000   0.503732E+000   0.100746E+001
      9.8800    0.000000E+000   0.500000E-001  -0.516736E+003   0.102066E+004   0.503928E+003   0.503763E+000   0.503763E+000   0.100753E+001
      9.9000    0.000000E+000   0.500000E-001  -0.519588E+003   0.101705E+004   0.497464E+003   0.503795E+000   0.503795E+000   0.100759E+001
      9.9200    0.000000E+000   0.500000E-001  -0.522462E+003   0.101343E+004   0.490969E+003   0.503826E+000   0.503826E+000   0.100765E+001
      9.9400    0.000000E+000   0.500000E-001  -0.525355E+003   0.100980E+004   0.484446E+003   0.503856E+000   0.503856E+000   0.100771E+001
      9.9600    0.000000E+000   0.500000E-001  -0.528268E+003   0.100617E+004   0.477898E+003   0.503886E+000   0.503886E+000   0.100777E+001
      9.9800    0.000000E+000   0.500000E-001  -0.531198E+003   0.100253E+004   0.471328E+003   0.503916E+000   0.503916E+000   0.100783E+001
     10.0000    0.000000E+000   0.500000E-001  -0.534144E+003   0.998882E+003   0.464738E+003   0.503945E+000   0.503945E+000   0.100789E+001
     10.0200    0.000000E+000   0.500000E-001  -0.537105E+003   0.995235E+003   0.458130E+003   0.503974E+000   0.503974E+000   0.100795E+001
     10.0400    0.000000E+000   0.500000E-001  -0.540080E+003   0.991588E+003   0.451508E+003   0.504002E+000   0.504002E+000   0.100800E+001
     10.0600    0.000000E+000   0.500000E-001  -0.543067E+003   0.987941E+003   0.444874E+003   0.504030E+000   0.504030E+000   0.100806E+001
     10.0800    0.000000E+000   0.500000E-001  -0.546065E+003   0.984295E+003   0.438230E+003   0.504058E+000   0.504058E+000   0.100812E+001
     10.1000    0.000000E+000   0.500000E-001  -0.549074E+003   0.980652E+003   0.431578E+003   0.504085E+000   0.504085E+000   0.100817E+001
     10.1200    0.000000E+000   0.500000E-001  -0.552091E+003   0.977013E+003   0.424922E+003   0.504111E+000   0.504111E+000   0.100822E+001
     10.1400    0.000000E+000   0.500000E-001  -0.555116E+003   0.973379E+003   0.418263E+003   0.504138E+000   0.504138E+000   0.100828E+001
     10.1600    0.000000E+000   0.500000E-001  -0.558147E+003   0.969750E+003   0.411604E+003   0.504164E+000   0.504164E+000   0.100833E+001
     10.1800    0.000000E+000   0.500000E-001  -0.561183E+003   0.966129E+003   0.404946E+003   0.504189E+000   0.504189E+000   0.100838E+001
     10.2000    0.000000E+000   0.500000E-001  -0.564224E+003   0.962516E+003   0.398293E+003   0.504214E+000   0.504214E+000   0.100843E+001
     10.2200    0.000000E+000   0.500000E-001  -0.567267E+003   0.958913E+003   0.391646E+003   0.504239E+000   0.504239E+000   0.100848E+001
     10.2400    0.000000E+000   0.500000E-001  -0.570313E+003   0.955320E+003   0.385007E+003   0.504263E+000   0.504263E+000   0.100853E+001
     10.2600    0.000000E+000   0.500000E-001  -0.573360E+003   0.951739E+003   0.378379E+003   0.504287E+000   0.504287E+000   0.100857E+001
     10.2800    0.000000E+000   0.500000E-001  -0.576406E+003   0.948169E+003   0.371763E+003   0.504310E+000   0.504310E+000   0.100862E+001
     10.3000    0.000000E+000   0.500000E-001  -0.579452E+003   0.944614E+003   0.365162E+003   0.504333E+000   0.504333E+000   0.100867E+001
     10.3200    0.000000E+000   0.500000E-001  -0.582495E+003   0.941072E+003   0.358577E+003   0.504356E+000   0.504356E+000   0.100871E+001
     10.3400    0.000000E+000   0.500000E-001  -0.585535E+003   0.937546E+003   0.352011E+003   0.504378E+000   0.504378E+000   0.100876E+001
     10.3600    0.000000E+000   0.500000E-001  -0.588571E+003   0.934036E+003   0.345465E+003   0.504400E+000   0.504400E+000   0.100880E+001
     10.3800    0.000000E+000   0.500000E-001  -0.591602E+003   0.930544E+003   0.338941E+003   0.504421E+000   0.504421E+000   0.100884E+001
     10.4000    0.000000E+000   0.500000E-001  -0.594627E+003   0.927069E+003   0.332441E+003   0.504442E+000   0.504442E+000   0.100888E+001
     10.4200    0.000000E+000   0.500000E-001  -0.597646E+003   0.923613E+003   0.325967E+003   0.504463E+000   0.504463E+000   0.100893E+001
     10.4400    0.000000E+000   0.500000E-001  -0.600656E+003   0.920176E+003   0.319520E+003   0.504483E+000   0.504483E+000   0.100897E+001
     10.4600    0.000000E+000   0.500000E-001  -0.603658E+003   0.916760E+003   0.313102E+003   0.504503E+000   0.504503E+000   0.100901E+001
     10.4800    0.000000E+000   0.500000E-001  -0.606650E+003   0.913365E+003   0.306715E+003   0.504522E+000   0.504522E+000   0.100904E+001
     10.5000    0.000000E+000   0.500000E-001  -0.609631E+003   0.909992E+003   0.300360E+003   0.504541E+000   0.504541E+000   0.100908E+001
     10.5200    0.000000E+000   0.500000E-001  -0.612602E+003   0.906641E+003   0.294039E+003   0.504559E+000   0.504559E+000   0.100912E+001
     10.5400    0.000000E+000   0.500000E-001  -0.615561E+003   0.903314E+003   0.287753E+003   0.504578E+000   0.504578E+000   0.100916E+001
     10.5600    0.000000E+000   0.500000E-001  -0.618507E+003   0.900011E+003   0.281504E+003   0.504595E+000   0.504595E+000   0.100919E+001
     10.5800    0.000000E+000   0.500000E-001  -0.621439E+003   0.896732E+003   0.275294E+003   0.504613E+000   0.504613E+000   0.100923E+001
     10.6000    0.000000E+000   0.500000E-001  -0.624357E+003   0.893479E+003   0.269122E+003   0.504630E+000   0.504630E+000   0.100926E+001
     10.6200    0.000000E+000   0.500000E-001  -0.627260E+003   0.890252E+003   0.262992E+003   0.504646E+000   0.504646E+000   0.100929E+001
     10.6400    0.000000E+000   0.500000E-001  -0.630147E+003   0.887051E+003   0.256904E+003   0.504663E+000   0.504663E+000   0.100933E+001
     10.6600    0.000000E+000   0.500000E-001  -0.633018E+003   0.883878E+003   0.250860E+003   0.504678E+000   0.504678E+000   0.100936E+001
     10.6800    0.000000E+000   0.500000E-001  -0.635872E+003   0.880732E+003   0.244860E+003   0.504694E+000   0.504694E+000   0.100939E+001
     10.7000    0.000000E+000   0.500000E-001  -0.638708E+003   0.877614E+003   0.238906E+003   0.504709E+000   0.504709E+000   0.100942E+001
     10.7200    0.000000E+000   0.500000E-001  -0.641526E+003   0.874525E+003   0.232999E+003   0.504724E+000   0.504724E+000   0.100945E+001
     10.7400    0.000000E+000   0.500000E-001  -0.644325E+003   0.871466E+003   0.227141E+003   0.504738E+000   0.504738E+000   0.100948E+001
     10.7600    0.000000E+000   0.500000E-001  -0.647104E+003   0.868436E+003   0.221331E+003   0.504752E+000   0.504752E+000   0.100950E+001
     10.7800    0.000000E+000   0.500000E-001  -0.649864E+003   0.865436E+003   0.215572E+003   0.504766E+000   0.504766E+000   0.100953E+001
     10.8000    0.000000E+000   0.500000E-001  -0.652602E+003   0.862466E+003   0.209864E+003   0.504779E+000   0.504779E+000   0.100956E+001
     10.8200    0.000000E+000   0.500000E-001  -0.655319E+003   0.859528E+003   0.204209E+003   0.504792E+000   0.504792E+000   0.100958E+001
     10.8400    0.000000E+000   0.500000E-001  -0.658015E+003   0.856621E+003   0.198606E+003   0.504804E+000   0.504804E+000   0.100961E+001
     10.8600    0.000000E+000   0.500000E-001  -0.660688E+003   0.853746E+003   0.193058E+003   0.504817E+000   0.504817E+000   0.100963E+001
     10.8800    0.000000E+000   0.500000E-001  -0.663338E+003   0.850903E+003   0.187565E+003   0.504829E+000   0.504829E+000   0.100966E+001
     10.9000    0.000000E+000   0.500000E-001  -0.665965E+003   0.848092E+003   0.182127E+003   0.504840E+000   0.504840E+000   0.100968E+001
     10.9200    0.000000E+000   0.500000E-001  -0.668568E+003   0.845314E+003   0.176746E+003   0.504851E+000   0.504851E+000   0.100970E+001
     10.9400    0.000000E+000   0.500000E-001  -0.671148E+003   0.842570E+003   0.171422E+003   0.504862E+000   0.504862E+000   0.100972E+001
     10.9600    0.000000E+000   0.500000E-001  -0.673702E+003   0.839858E+003   0.166156E+003   0.504873E+000   0.504873E+000   0.100975E+001
     10.9800    0.000000E+000   0.500000E-001  -0.676232E+003   0.837181E+003   0.160949E+003   0.504883E+000   0.504883E+000   0.100977E+001
     11.0000    0.000000E+000   0.500000E-001  -0.678736E+003   0.834537E+003   0.155801E+003   0.504893E+000   0.504893E+000   0.100979E+001
     11.0200    0.000000E+000   0.500000E-001  -0.681214E+003   0.831927E+003   0.150713E+003   0.504902E+000   0.504902E+000   0.100980E+001
     11.0400    0.000000E+000   0.500000E-001  -0.683667E+003   0.829352E+003   0.145685E+003   0.504912E+000   0.504912E+000   0.100982E+001
     11.0600    0.000000E+000   0.500000E-001  -0.686093E+003   0.826811E+003   0.140718E+003   0.504921E+000   0.504921E+000   0.100984E+001
     11.0800    0.000000E+000   0.500000E-001  -0.688492E+003   0.824305E+003   0.135813E+003   0.504929E+000   0.504929E+000   0.100986E+001
     11.1000    0.000000E+000   0.500000E-001  -0.690864E+003   0.821834E+003   0.130970E+003   0.504937E+000   0.504937E+000   0.100987E+001
     11.1200    0.000000E+000   0.500000E-001  -0.693209E+003   0.819398E+003   0.126189E+003   0.504946E+000   0.504946E+000   0.100989E+001
     11.1400    0.000000E+000   0.500000E-001  -0.695525E+003   0.816997E+003   0.121471E+003   0.504953E+000   0.504953E+000   0.100991E+001
     11.1600    0.000000E+000   0.500000E-001  -0.697814E+003   0.814631E+003   0.116816E+003   0.504961E+000   0.504961E+000   0.100992E+001
     11.1800    0.000000E+000   0.500000E-001  -0.700075E+003   0.812301E+003   0.112225E+003   0.504968E+000   0.504968E+000   0.100994E+001
     11.2000    0.000000E+000   0.500000E-001  -0.702308E+003   0.810006E+003   0.107698E+003   0.504975E+000   0.504975E+000   0.100995E+001
     11.2200    0.000000E+000   0.500000E-001  -0.704511E+003   0.807747E+003   0.103235E+003   0.504981E+000   0.504981E+000   0.100996E+001
     11.2400    0.000000E+000   0.500000E-001  -0.706686E+003   0.805523E+003   0.988368E+002   0.504988E+000   0.504988E+000   0.100998E+001
     11.2600    0.000000E+000   0.500000E-001  -0.708832E+003   0.803335E+003   0.945031E+002   0.504994E+000   0.504994E+000   0.100999E+001
     11.2800    0.000000E+000   0.500000E-001  -0.710949E+003   0.801183E+003   0.902342E+002   0.504999E+000   0.504999E+000   0.101000E+001
     11.3000    0.000000E+000   0.500000E-001  -0.713036E+003   0.799066E+003   0.860305E+002   0.505005E+000   0.505005E+000   0.101001E+001
     11.3200    0.000000E+000   0.500000E-001  -0.715094E+003   0.796986E+003   0.818921E+002   0.505010E+000   0.505010E+000   0.101002E+001
     11.3400    0.000000E+000   0.500000E-001  -0.717122E+003   0.794941E+003   0.778190E+002   0.505015E+000   0.505015E+000   0.101003E+001
     11.3600    0.000000E+000   0.500000E-001  -0.719120E+003   0.792931E+003   0.738115E+002   0.505020E+000   0.505020E+000   0.101004E+001
     11.3800    0.000000E+000   0.500000E-001  -0.721088E+003   0.790957E+003   0.698695E+002   0.505024E+000   0.505024E+000   0.101005E+001
     11.4000    0.000000E+000   0.500000E-001  -0.723026E+003   0.789019E+003   0.659931E+002   0.505029E+000   0.505029E+000   0.101006E+001
     11.4200    0.000000E+000   0.500000E-001  -0.724934E+003   0.787117E+003   0.621824E+002   0.505033E+000   0.505033E+000   0.101007E+001
     11.4400    0.000000E+000   0.500000E-001  -0.726812E+003   0.785250E+003   0.584374E+002   0.505036E+000   0.505036E+000   0.101007E+001
     11.4600    0.000000E+000   0.500000E-001  -0.728660E+003   0.783418E+003   0.547580E+002   0.505040E+000   0.505040E+000   0.101008E+001
     11.4800    0.000000E+000   0.500000E-001  -0.730477E+003   0.781621E+003   0.511442E+002   0.505043E+000   0.505043E+000   0.101009E+001
     11.5000    0.000000E+000   0.500000E-001  -0.732264E+003   0.779860E+003   0.475959E+002   0.505046E+000   0.505046E+000   0.101009E+001
     11.5200    0.000000E+000   0.500000E-001  -0.734021E+003   0.778134E+003   0.441131E+002   0.505049E+000   0.505049E+000   0.101010E+001
     11.5400    0.000000E+000   0.500000E-001  -0.735747E+003   0.776443E+003   0.406956E+002   0.505052E+000   0.505052E+000   0.101010E+001
     11.5600    0.000000E+000   0.500000E-001  -0.737443E+003   0.774786E+003   0.373432E+002   0.505054E+000   0.505054E+000   0.101011E+001
     11.5800    0.000000E+000   0.500000E-001  -0.739109E+003   0.773165E+003   0.340560E+002   0.505056E+000   0.505056E+000   0.101011E+001
     11.6000    0.000000E+000   0.500000E-001  -0.740744E+003   0.771578E+003   0.308335E+002   0.505058E+000   0.505058E+000   0.101012E+001
     11.6200    0.000000E+000   0.500000E-001  -0.742349E+003   0.770025E+003   0.276758E+002   0.505060E+000   0.505060E+000   0.101012E+001
     11.6400    0.000000E+000   0.500000E-001  -0.743923E+003   0.768506E+003   0.245825E+002   0.505062E+000   0.505062E+000   0.101012E+001
     11.6600    0.000000E+000   0.500000E-001  -0.745468E+003   0.767021E+003   0.215534E+002   0.505063E+000   0.505063E+000   0.101013E+001
     11.6800    0.000000E+000   0.500000E-001  -0.746982E+003   0.765570E+003   0.185883E+002   0.505065E+000   0.505065E+000   0.101013E+001
     11.7000    0.000000E+000   0.500000E-001  -0.748466E+003   0.764153E+003   0.156869E+002   0.505066E+000   0.505066E+000   0.101013E+001
     11.7200    0.000000E+000   0.500000E-001  -0.749920E+003   0.762769E+003   0.128489E+002   0.505067E+000   0.505067E+000   0.101013E+001
     11.7400    0.000000E+000   0.500000E-001  -0.751344E+003   0.761418E+003   0.100740E+002   0.505067E+000   0.505067E+000   0.101013E+001
     11.7600    0.000000E+000   0.500000E-001  -0.752738E+003   0.760100E+003   0.736187E+001   0.505068E+000   0.505068E+000   0.101014E+001
     11.7800    0.000000E+000   0.500000E-001  -0.754103E+003   0.758815E+003   0.471219E+001   0.505068E+000   0.505068E+000   0.101014E+001
     11.8000    0.000000E+000   0.500000E-001  -0.755437E+003   0.757562E+003   0.212460E+001   0.505068E+000   0.505068E+000   0.101014E+001
     11.8200    0.000000E+000   0.500000E-001  -0.756743E+003   0.756341E+003  -0.401285E+000   0.505068E+000   0.505068E+000   0.101014E+001
     11.8400    0.000000E+000   0.500000E-001  -0.758018E+003   0.755153E+003  -0.286584E+001   0.505068E+000   0.505068E+000   0.101014E+001
     11.8600    0.000000E+000   0.500000E-001  -0.759265E+003   0.753996E+003  -0.526947E+001   0.505068E+000   0.505068E+000   0.101014E+001
     11.8800    0.000000E+000   0.500000E-001  -0.760483E+003   0.752870E+003  -0.761259E+001   0.505068E+000   0.505068E+000   0.101014E+001
     11.9000    0.000000E+000   0.500000E-001  -0.761671E+003   0.751775E+003  -0.989563E+001   0.505067E+000   0.505067E+000   0.101013E+001
     11.9200    0.000000E+000   0.500000E-001  -0.762831E+003   0.750712E+003  -0.121190E+002   0.505066E+000   0.505066E+000   0.101013E+001
     11.9400    0.000000E+000   0.500000E-001  -0.763962E+003   0.749679E+003  -0.142833E+002   0.505066E+000   0.505066E+000   0.101013E+001
     11.9600    0.000000E+000   0.500000E-001  -0.765065E+003   0.748676E+003  -0.163888E+002   0.505065E+000   0.505065E+000   0.101013E+001
     11.9800    0.000000E+000   0.500000E-001  -0.766139E+003   0.747703E+003  -0.184360E+002   0.505064E+000   0.505064E+000   0.101013E+001
     12.0000    0.000000E+000   0.500000E-001  -0.767185E+003   0.746760E+003  -0.204256E+002   0.505062E+000   0.505062E+000   0.101012E+001
     12.0200    0.000000E+000   0.500000E-001  -0.768204E+003   0.745846E+003  -0.223579E+002   0.505061E+000   0.505061E+000   0.101012E+001
     12.0400    0.000000E+000   0.500000E-001  -0.769195E+003   0.744961E+003  -0.242334E+002   0.505060E+000   0.505060E+000   0.101012E+001
     12.0600    0.000000E+000   0.500000E-001  -0.770158E+003   0.744105E+003  -0.260528E+002   0.505058E+000   0.505058E+000   0.101012E+001
     12.0800    0.000000E+000   0.500000E-001  -0.771094E+003   0.743278E+003  -0.278165E+002   0.505056E+000   0.505056E+000   0.101011E+001
     12.1000    0.000000E+000   0.500000E-001  -0.772003E+003   0.742478E+003  -0.295251E+002   0.505055E+000   0.505055E+000   0.101011E+001
     12.1200    0.000000E+000   0.500000E-001  -0.772885E+003   0.741706E+003  -0.311791E+002   0.505053E+000   0.505053E+000   0.101011E+001
     12.1400    0.000000E+000   0.500000E-001  -0.773741E+003   0.740962E+003  -0.327791E+002   0.505051E+000   0.505051E+000   0.101010E+001
     12.1600    0.000000E+000   0.500000E-001  -0.774570E+003   0.740244E+003  -0.343257E+002   0.505049E+000   0.505049E+000   0.101010E+001
     12.1800    0.000000E+000   0.500000E-001  -0.775373E+003   0.739554E+003  -0.358195E+002   0.505046E+000   0.505046E+000   0.101009E+001
     12.2000    0.000000E+000   0.500000E-001  -0.776151E+003   0.738890E+003  -0.372609E+002   0.505044E+000   0.505044E+000   0.101009E+001
     12.2200    0.000000E+000   0.500000E-001  -0.776902E+003   0.738252E+003  -0.386508E+002   0.505042E+000   0.505042E+000   0.101008E+001
     12.2400    0.000000E+000   0.500000E-001  -0.777629E+003   0.737639E+003  -0.399895E+002   0.505039E+000   0.505039E+000   0.101008E+001
     12.2600    0.000000E+000   0.500000E-001  -0.778330E+003   0.737052E+003  -0.412778E+002   0.505037E+000   0.505037E+000   0.101007E+001
     12.2800    0.000000E+000   0.500000E-001  -0.779006E+003   0.736490E+003  -0.425162E+002   0.505034E+000   0.505034E+000   0.101007E+001
     12.3000    0.000000E+000   0.500000E-001  -0.779658E+003   0.735952E+003  -0.437054E+002   0.505031E+000   0.505031E+000   0.101006E+001
     12.3200    0.000000E+000   0.500000E-001  -0.780285E+003   0.735439E+003  -0.448461E+002   0.505029E+000   0.505029E+000   0.101006E+001
     12.3400    0.000000E+000   0.500000E-001  -0.780889E+003   0.734950E+003  -0.459387E+002   0.505026E+000   0.505026E+000   0.101005E+001
     12.3600    0.000000E+000   0.500000E-001  -0.781468E+003   0.734484E+003  -0.469841E+002   0.505023E+000   0.505023E+000   0.101005E+001
     12.3800    0.000000E+000   0.500000E-001  -0.782024E+003   0.734042E+003  -0.479827E+002   0.505020E+000   0.505020E+000   0.101004E+001
     12.4000    0.000000E+000   0.500000E-001  -0.782557E+003   0.733622E+003  -0.489353E+002   0.505017E+000   0.505017E+000   0.101003E+001
     12.4200    0.000000E+000   0.500000E-001  -0.783067E+003   0.733225E+003  -0.498425E+002   0.505014E+000   0.505014E+000   0.101003E+001
     12.4400    0.000000E+000   0.500000E-001  -0.783555E+003   0.732850E+003  -0.507050E+002   0.505011E+000   0.505011E+000   0.101002E+001
     12.4600    0.000000E+000   0.500000E-001  -0.784020E+003   0.732496E+003  -0.515234E+002   0.505008E+000   0.505008E+000   0.101002E+001
     12.4800    0.000000E+000   0.500000E-001  -0.784463E+003   0.732165E+003  -0.522984E+002   0.505004E+000   0.505004E+000   0.101001E+001
     12.5000    0.000000E+000   0.500000E-001  -0.784884E+003   0.731854E+003  -0.530306E+002   0.505001E+000   0.505001E+000   0.101000E+001
     12.5200    0.000000E+000   0.500000E-001  -0.785284E+003   0.731563E+003  -0.537207E+002   0.504998E+000   0.504998E+000   0.101000E+001
     12.5400    0.000000E+000   0.500000E-001  -0.785663E+003   0.731293E+003  -0.543694E+002   0.504994E+000   0.504994E+000   0.100999E+001
     12.5600    0.000000E+000   0.500000E-001  -0.786020E+003   0.731043E+003  -0.549773E+002   0.504991E+000   0.504991E+000   0.100998E+001
     12.5800    0.000000E+000   0.500000E-001  -0.786358E+003   0.730813E+003  -0.555451E+002   0.504987E+000   0.504987E+000   0.100997E+001
     12.6000    0.000000E+000   0.500000E-001  -0.786675E+003   0.730601E+003  -0.560735E+002   0.504984E+000   0.504984E+000   0.100997E+001
     12.6200    0.000000E+000   0.500000E-001  -0.786972E+003   0.730409E+003  -0.565632E+002   0.504980E+000   0.504980E+000   0.100996E+001
     12.6400    0.000000E+000   0.500000E-001  -0.787249E+003   0.730234E+003  -0.570148E+002   0.504977E+000   0.504977E+000   0.100995E+001
     12.6600    0.000000E+000   0.500000E-001  -0.787507E+003   0.730078E+003  -0.574289E+002   0.504973E+000   0.504973E+000   0.100995E+001
     12.6800    0.000000E+000   0.500000E-001  -0.787746E+003   0.729940E+003  -0.578064E+002   0.504970E+000   0.504970E+000   0.100994E+001
     12.7000    0.000000E+000   0.500000E-001  -0.787967E+003   0.729819E+003  -0.581478E+002   0.504966E+000   0.504966E+000   0.100993E+001
     12.7200    0.000000E+000   0.500000E-001  -0.788169E+003   0.729715E+003  -0.584537E+002   0.504962E+000   0.504962E+000   0.100992E+001
     12.7400    0.000000E+000   0.500000E-001  -0.788353E+003   0.729628E+003  -0.587250E+002   0.504959E+000   0.504959E+000   0.100992E+001
     12.7600    0.000000E+000   0.500000E-001  -0.788519E+003   0.729556E+003  -0.589622E+002   0.504955E+000   0.504955E+000   0.100991E+001
     12.7800    0.000000E+000   0.500000E-001  -0.788667E+003   0.729501E+003  -0.591661E+002   0.504951E+000   0.504951E+000   0.100990E+001
     12.8000    0.000000E+000   0.500000E-001  -0.788799E+003   0.729462E+003  -0.593372E+002   0.504948E+000   0.504948E+000   0.100990E+001
     12.8200    0.000000E+000   0.500000E-001  -0.788913E+003   0.729437E+003  -0.594763E+002   0.504944E+000   0.504944E+000   0.100989E+001
     12.8400    0.000000E+000   0.500000E-001  -0.789011E+003   0.729427E+003  -0.595841E+002   0.504940E+000   0.504940E+000   0.100988E+001
     12.8600    0.000000E+000   0.500000E-001  -0.789093E+003   0.729432E+003  -0.596611E+002   0.504937E+000   0.504937E+000   0.100987E+001
     12.8800    0.000000E+000   0.500000E-001  -0.789159E+003   0.729451E+003  -0.597080E+002   0.504933E+000   0.504933E+000   0.100987E+001
     12.9000    0.000000E+000   0.500000E-001  -0.789210E+003   0.729484E+003  -0.597256E+002   0.504929E+000   0.504929E+000   0.100986E+001
     12.9200    0.000000E+000   0.500000E-001  -0.789245E+003   0.729530E+003  -0.597144E+002   0.504925E+000   0.504925E+000   0.100985E+001
     12.9400    0.000000E+000   0.500000E-001  -0.789265E+003   0.729590E+003  -0.596752E+002   0.504922E+000   0.504922E+000   0.100984E+001
     12.9600    0.000000E+000   0.500000E-001  -0.789270E+003   0.729662E+003  -0.596085E+002   0.504918E+000   0.504918E+000   0.100984E+001
     12.9800    0.000000E+000   0.500000E-001  -0.789261E+003   0.729746E+003  -0.595150E+002   0.504914E+000   0.504914E+000   0.100983E+001
     13.0000    0.000000E+000   0.500000E-001  -0.789238E+003   0.729843E+003  -0.593954E+002   0.504911E+000   0.504911E+000   0.100982E+001
     13.0200    0.000000E+000   0.500000E-001  -0.789201E+003   0.729951E+003  -0.592503E+002   0.504907E+000   0.504907E+000   0.100981E+001
     13.0400    0.000000E+000   0.500000E-001  -0.789151E+003   0.730071E+003  -0.590803E+002   0.504903E+000   0.504903E+000   0.100981E+001
     13.0600    0.000000E+000   0.500000E-001  -0.789088E+003   0.730202E+003  -0.588860E+002   0.504899E+000   0.504899E+000   0.100980E+001
     13.0800    0.000000E+000   0.500000E-001  -0.789012E+003   0.730343E+003  -0.586682E+002   0.504896E+000   0.504896E+000   0.100979E+001
     13.1000    0.000000E+000   0.500000E-001  -0.788923E+003   0.730495E+003  -0.584273E+002   0.504892E+000   0.504892E+000   0.100978E+001
     13.1200    0.000000E+000   0.500000E-001  -0.788822E+003   0.730658E+003  -0.581641E+002   0.504888E+000   0.504888E+000   0.100978E+001
     13.1400    0.000000E+000   0.500000E-001  -0.788709E+003   0.730830E+003  -0.578792E+002   0.504885E+000   0.504885E+000   0.100977E+001
     13.1600    0.000000E+000   0.500000E-001  -0.788584E+003   0.731011E+003  -0.575731E+002   0.504881E+000   0.504881E+000   0.100976E+001
     13.1800    0.000000E+000   0.500000E-001  -0.788448E+003   0.731202E+003  -0.572465E+002   0.504878E+000   0.504878E+000   0.100976E+001
     13.2000    0.000000E+000   0.500000E-001  -0.788301E+003   0.731401E+003  -0.568999E+002   0.504874E+000   0.504874E+000   0.100975E+001
     13.2200    0.000000E+000   0.500000E-001  -0.788144E+003   0.731609E+003  -0.565340E+002   0.504871E+000   0.504871E+000   0.100974E+001
     13.2400    0.000000E+000   0.500000E-001  -0.787975E+003   0.731826E+003  -0.561494E+002   0.504867E+000   0.504867E+000   0.100973E+001
     13.2600    0.000000E+000   0.500000E-001  -0.787797E+003   0.732050E+003  -0.557466E+002   0.504864E+000   0.504864E+000   0.100973E+001
     13.2800    0.000000E+000   0.500000E-001  -0.787608E+003   0.732282E+003  -0.553262E+002   0.504860E+000   0.504860E+000   0.100972E+001
     13.3000    0.000000E+000   0.500000E-001  -0.787410E+003   0.732522E+003  -0.548888E+002   0.504857E+000   0.504857E+000   0.100971E+001
     13.3200    0.000000E+000   0.500000E-001  -0.787203E+003   0.732768E+003  -0.544350E+002   0.504853E+000   0.504853E+000   0.100971E+001
     13.3400    0.000000E+000   0.500000E-001  -0.786987E+003   0.733021E+003  -0.539653E+002   0.504850E+000   0.504850E+000   0.100970E+001
     13.3600    0.000000E+000   0.500000E-001  -0.786762E+003   0.733281E+003  -0.534802E+002   0.504847E+000   0.504847E+000   0.100969E+001
     13.3800    0.000000E+000   0.500000E-001  -0.786528E+003   0.733547E+003  -0.529804E+002   0.504843E+000   0.504843E+000   0.100969E+001
     13.4000    0.000000E+000   0.500000E-001  -0.786286E+003   0.733820E+003  -0.524664E+002   0.504840E+000   0.504840E+000   0.100968E+001
     13.4200    0.000000E+000   0.500000E-001  -0.786036E+003   0.734097E+003  -0.519387E+002   0.504837E+000   0.504837E+000   0.100967E+001
     13.4400    0.000000E+000   0.500000E-001  -0.785778E+003   0.734381E+003  -0.513978E+002   0.504833E+000   0.504833E+000   0.100967E+001
     13.4600    0.000000E+000   0.500000E-001  -0.785513E+003   0.734669E+003  -0.508443E+002   0.504830E+000   0.504830E+000   0.100966E+001
     13.4800    0.000000E+000   0.500000E-001  -0.785241E+003   0.734962E+003  -0.502788E+002   0.504827E+000   0.504827E+000   0.100965E+001
     13.5000    0.000000E+000   0.500000E-001  -0.784962E+003   0.735260E+003  -0.497016E+002   0.504824E+000   0.504824E+000   0.100965E+001
     13.5200    0.000000E+000   0.500000E-001  -0.784676E+003   0.735563E+003  -0.491133E+002   0.504821E+000   0.504821E+000   0.100964E+001
     13.5400    0.000000E+000   0.500000E-001  -0.784384E+003   0.735869E+003  -0.485145E+002   0.504818E+000   0.504818E+000   0.100964E+001
     13.5600    0.000000E+000   0.500000E-001  -0.784085E+003   0.736180E+003  -0.479055E+002   0.504815E+000   0.504815E+000   0.100963E+001
     13.5800    0.000000E+000   0.500000E-001  -0.783781E+003   0.736494E+003  -0.472870E+002   0.504812E+000   0.504812E+000   0.100962E+001
     13.6000    0.000000E+000   0.500000E-001  -0.783471E+003   0.736812E+003  -0.466593E+002   0.504809E+000   0.504809E+000   0.100962E+001
     13.6200    0.000000E+000   0.500000E-001  -0.783156E+003   0.737133E+003  -0.460230E+002   0.504806E+000   0.504806E+000   0.100961E+001
     13.6400    0.000000E+000   0.500000E-001  -0.782835E+003   0.737457E+003  -0.453785E+002   0.504803E+000   0.504803E+000   0.100961E+001
     13.6600    0.000000E+000   0.500000E-001  -0.782510E+003   0.737783E+003  -0.447263E+002   0.504800E+000   0.504800E+000   0.100960E+001
     13.6800    0.000000E+000   0.500000E-001  -0.782179E+003   0.738112E+003  -0.440669E+002   0.504798E+000   0.504798E+000   0.100960E+001
     13.7000    0.000000E+000   0.500000E-001  -0.781844E+003   0.738444E+003  -0.434006E+002   0.504795E+000   0.504795E+000   0.100959E+001
     13.7200    0.000000E+000   0.500000E-001  -0.781505E+003   0.738777E+003  -0.427280E+002   0.504792E+000   0.504792E+000   0.100958E+001
     13.7400    0.000000E+000   0.500000E-001  -0.781162E+003   0.739113E+003  -0.420494E+002   0.504790E+000   0.504790E+000   0.100958E+001
     13.7600    0.000000E+000   0.500000E-001  -0.780815E+003   0.739450E+003  -0.413652E+002   0.504787E+000   0.504787E+000   0.100957E+001
     13.7800    0.000000E+000   0.500000E-001  -0.780465E+003   0.739789E+003  -0.406760E+002   0.504784E+000   0.504784E+000   0.100957E+001
     13.8000    0.000000E+000   0.500000E-001  -0.780111E+003   0.740129E+003  -0.399821E+002   0.504782E+000   0.504782E+000   0.100956E+001
     13.8200    0.000000E+000   0.500000E-001  -0.779754E+003   0.740470E+003  -0.392839E+002   0.504779E+000   0.504779E+000   0.100956E+001
     13.8400    0.000000E+000   0.500000E-001  -0.779394E+003   0.740812E+003  -0.385819E+002   0.504777E+000   0.504777E+000   0.100955E+001
     13.8600    0.000000E+000   0.500000E-001  -0.779031E+003   0.741155E+003  -0.378763E+002   0.504775E+000   0.504775E+000   0.100955E+001
     13.8800    0.000000E+000   0.500000E-001  -0.778666E+003   0.741498E+003  -0.371676E+002   0.504772E+000   0.504772E+000   0.100954E+001
     13.9000    0.000000E+000   0.500000E-001  -0.778298E+003   0.741842E+003  -0.364563E+002   0.504770E+000   0.504770E+000   0.100954E+001
     13.9200    0.000000E+000   0.500000E-001  -0.777928E+003   0.742186E+003  -0.357425E+002   0.504768E+000   0.504768E+000   0.100954E+001
     13.9400    0.000000E+000   0.500000E-001  -0.777556E+003   0.742529E+003  -0.350267E+002   0.504765E+000   0.504765E+000   0.100953E+001
     13.9600    0.000000E+000   0.500000E-001  -0.777183E+003   0.742873E+003  -0.343093E+002   0.504763E+000   0.504763E+000   0.100953E+001
     13.9800    0.000000E+000   0.500000E-001  -0.776807E+003   0.743217E+003  -0.335906E+002   0.504761E+000   0.504761E+000   0.100952E+001
     14.0000    0.000000E+000   0.500000E-001  -0.776431E+003   0.743560E+003  -0.328710E+002   0.504759E+000   0.504759E+000   0.100952E+001
     14.0200    0.000000E+000   0.500000E-001  -0.776053E+003   0.743902E+003  -0.321507E+002   0.504757E+000   0.504757E+000   0.100951E+001
     14.0400    0.000000E+000   0.500000E-001  -0.775674E+003   0.744244E+003  -0.314301E+002   0.504755E+000   0.504755E+000   0.100951E+001
     14.0600    0.000000E+000   0.500000E-001  -0.775294E+003   0.744584E+003  -0.307096E+002   0.504753E+000   0.504753E+000   0.100951E+001
     14.0800    0.000000E+000   0.500000E-001  -0.774913E+003   0.744924E+003  -0.299894E+002   0.504751E+000   0.504751E+000   0.100950E+001
     14.1000    0.000000E+000   0.500000E-001  -0.774532E+003   0.745262E+003  -0.292699E+002   0.504749E+000   0.504749E+000   0.100950E+001
     14.1200    0.000000E+000   0.500000E-001  -0.774151E+003   0.745599E+003  -0.285513E+002   0.504748E+000   0.504748E+000   0.100950E+001
     14.1400    0.000000E+000   0.500000E-001  -0.773769E+003   0.745935E+003  -0.278340E+002   0.504746E+000   0.504746E+000   0.100949E+001
     14.1600    0.000000E+000   0.500000E-001  -0.773387E+003   0.746269E+003  -0.271181E+002   0.504744E+000   0.504744E+000   0.100949E+001
     14.1800    0.000000E+000   0.500000E-001  -0.773005E+003   0.746601E+003  -0.264041E+002   0.504742E+000   0.504742E+000   0.100948E+001
     14.2000    0.000000E+000   0.500000E-001  -0.772624E+003   0.746931E+003  -0.256922E+002   0.504741E+000   0.504741E+000   0.100948E+001
     14.2200    0.000000E+000   0.500000E-001  -0.772243E+003   0.747260E+003  -0.249826E+002   0.504739E+000   0.504739E+000   0.100948E+001
     14.2400    0.000000E+000   0.500000E-001  -0.771862E+003   0.747586E+003  -0.242757E+002   0.504738E+000   0.504738E+000   0.100948E+001
     14.2600    0.000000E+000   0.500000E-001  -0.771482E+003   0.747910E+003  -0.235716E+002   0.504736E+000   0.504736E+000   0.100947E+001
     14.2800    0.000000E+000   0.500000E-001  -0.771103E+003   0.748232E+003  -0.228706E+002   0.504735E+000   0.504735E+000   0.100947E+001
     14.3000    0.000000E+000   0.500000E-001  -0.770725E+003   0.748552E+003  -0.221729E+002   0.504733E+000   0.504733E+000   0.100947E+001
     14.3200    0.000000E+000   0.500000E-001  -0.770347E+003   0.748869E+003  -0.214788E+002   0.504732E+000   0.504732E+000   0.100946E+001
     14.3400    0.000000E+000   0.500000E-001  -0.769971E+003   0.749183E+003  -0.207885E+002   0.504731E+000   0.504731E+000   0.100946E+001
     14.3600    0.000000E+000   0.500000E-001  -0.769597E+003   0.749494E+003  -0.201023E+002   0.504729E+000   0.504729E+000   0.100946E+001
     14.3800    0.000000E+000   0.500000E-001  -0.769223E+003   0.749803E+003  -0.194202E+002   0.504728E+000   0.504728E+000   0.100946E+001
     14.4000    0.000000E+000   0.500000E-001  -0.768852E+003   0.750109E+003  -0.187426E+002   0.504727E+000   0.504727E+000   0.100945E+001
     14.4200    0.000000E+000   0.500000E-001  -0.768482E+003   0.750412E+003  -0.180697E+002   0.504726E+000   0.504726E+000   0.100945E+001
     14.4400    0.000000E+000   0.500000E-001  -0.768114E+003   0.750712E+003  -0.174016E+002   0.504725E+000   0.504725E+000   0.100945E+001
     14.4600    0.000000E+000   0.500000E-001  -0.767747E+003   0.751009E+003  -0.167385E+002   0.504724E+000   0.504724E+000   0.100945E+001
     14.4800    0.000000E+000   0.500000E-001  -0.767383E+003   0.751302E+003  -0.160806E+002   0.504723E+000   0.504723E+000   0.100945E+001
     14.5000    0.000000E+000   0.500000E-001  -0.767021E+003   0.751592E+003  -0.154282E+002   0.504722E+000   0.504722E+000   0.100944E+001
     14.5200    0.000000E+000   0.500000E-001  -0.766661E+003   0.751879E+003  -0.147812E+002   0.504721E+000   0.504721E+000   0.100944E+001
     14.5400    0.000000E+000   0.500000E-001  -0.766303E+003   0.752163E+003  -0.141400E+002   0.504720E+000   0.504720E+000   0.100944E+001
     14.5600    0.000000E+000   0.500000E-001  -0.765947E+003   0.752443E+003  -0.135047E+002   0.504719E+000   0.504719E+000   0.100944E+001
     14.5800    0.000000E+000   0.500000E-001  -0.765595E+003   0.752719E+003  -0.128754E+002   0.504718E+000   0.504718E+000   0.100944E+001
     14.6000    0.000000E+000   0.500000E-001  -0.765244E+003   0.752992E+003  -0.122522E+002   0.504717E+000   0.504717E+000   0.100943E+001
     14.6200    0.000000E+000   0.500000E-001  -0.764897E+003   0.753261E+003  -0.116354E+002   0.504717E+000   0.504717E+000   0.100943E+001
     14.6400    0.000000E+000   0.500000E-001  -0.764552E+003   0.753527E+003  -0.110250E+002   0.504716E+000   0.504716E+000   0.100943E+001
     14.6600    0.000000E+000   0.500000E-001  -0.764210E+003   0.753789E+003  -0.104212E+002   0.504715E+000   0.504715E+000   0.100943E+001
     14.6800    0.000000E+000   0.500000E-001  -0.763871E+003   0.754047E+003  -0.982413E+001   0.504715E+000   0.504715E+000   0.100943E+001
     14.7000    0.000000E+000   0.500000E-001  -0.763534E+003   0.754301E+003  -0.923387E+001   0.504714E+000   0.504714E+000   0.100943E+001
     14.7200    0.000000E+000   0.500000E-001  -0.763201E+003   0.754551E+003  -0.865054E+001   0.504713E+000   0.504713E+000   0.100943E+001
     14.7400    0.000000E+000   0.500000E-001  -0.762871E+003   0.754797E+003  -0.807425E+001   0.504713E+000   0.504713E+000   0.100943E+001
     14.7600    0.000000E+000   0.500000E-001  -0.762544E+003   0.755039E+003  -0.750511E+001   0.504712E+000   0.504712E+000   0.100942E+001
     14.7800    0.000000E+000   0.500000E-001  -0.762221E+003   0.755278E+003  -0.694321E+001   0.504712E+000   0.504712E+000   0.100942E+001
     14.8000    0.000000E+000   0.500000E-001  -0.761901E+003   0.755512E+003  -0.638865E+001   0.504712E+000   0.504712E+000   0.100942E+001
     14.8200    0.000000E+000   0.500000E-001  -0.761584E+003   0.755742E+003  -0.584151E+001   0.504711E+000   0.504711E+000   0.100942E+001
     14.8400    0.000000E+000   0.500000E-001  -0.761270E+003   0.755968E+003  -0.530188E+001   0.504711E+000   0.504711E+000   0.100942E+001
     14.8600    0.000000E+000   0.500000E-001  -0.760960E+003   0.756190E+003  -0.476983E+001   0.504710E+000   0.504710E+000   0.100942E+001
     14.8800    0.000000E+000   0.500000E-001  -0.760654E+003   0.756408E+003  -0.424544E+001   0.504710E+000   0.504710E+000   0.100942E+001
     14.9000    0.000000E+000   0.500000E-001  -0.760351E+003   0.756622E+003  -0.372877E+001   0.504710E+000   0.504710E+000   0.100942E+001
     14.9200    0.000000E+000   0.500000E-001  -0.760052E+003   0.756832E+003  -0.321989E+001   0.504710E+000   0.504710E+000   0.100942E+001
     14.9400    0.000000E+000   0.500000E-001  -0.759756E+003   0.757037E+003  -0.271885E+001   0.504710E+000   0.504710E+000   0.100942E+001
     14.9600    0.000000E+000   0.500000E-001  -0.759464E+003   0.757238E+003  -0.222571E+001   0.504709E+000   0.504709E+000   0.100942E+001
     14.9800    0.000000E+000   0.500000E-001  -0.759176E+003   0.757435E+003  -0.174053E+001   0.504709E+000   0.504709E+000   0.100942E+001
     15.0000    0.000000E+000   0.500000E-001  -0.758891E+003   0.757628E+003  -0.126333E+001   0.504709E+000   0.504709E+000   0.100942E+001
     15.0200    0.000000E+000   0.500000E-001  -0.758611E+003   0.757817E+003  -0.794179E+000   0.504709E+000   0.504709E+000   0.100942E+001
     15.0400    0.000000E+000   0.500000E-001  -0.758334E+003   0.758001E+003  -0.333095E+000   0.504709E+000   0.504709E+000   0.100942E+001
     15.0600    0.000000E+000   0.500000E-001  -0.758061E+003   0.758181E+003   0.119883E+000   0.504709E+000   0.504709E+000   0.100942E+001
     15.0800    0.000000E+000   0.500000E-001  -0.757792E+003   0.758357E+003   0.564727E+000   0.504709E+000   0.504709E+000   0.100942E+001
     15.1000    0.000000E+000   0.500000E-001  -0.757527E+003   0.758529E+003   0.100141E+001   0.504709E+000   0.504709E+000   0.100942E+001
     15.1200    0.000000E+000   0.500000E-001  -0.757266E+003   0.758696E+003   0.142992E+001   0.504709E+000   0.504709E+000   0.100942E+001
     15.1400    0.000000E+000   0.500000E-001  -0.757009E+003   0.758860E+003   0.185023E+001   0.504709E+000   0.504709E+000   0.100942E+001
     15.1600    0.000000E+000   0.500000E-001  -0.756756E+003   0.759019E+003   0.226233E+001   0.504709E+000   0.504709E+000   0.100942E+001
     15.1800    0.000000E+000   0.500000E-001  -0.756507E+003   0.759174E+003   0.266622E+001   0.504710E+000   0.504710E+000   0.100942E+001
     15.2000    0.000000E+000   0.500000E-001  -0.756262E+003   0.759324E+003   0.306188E+001   0.504710E+000   0.504710E+000   0.100942E+001
     15.2200    0.000000E+000   0.500000E-001  -0.756021E+003   0.759471E+003   0.344931E+001   0.504710E+000   0.504710E+000   0.100942E+001
     15.2400    0.000000E+000   0.500000E-001  -0.755784E+003   0.759613E+003   0.382852E+001   0.504710E+000   0.504710E+000   0.100942E+001
     15.2600    0.000000E+000   0.500000E-001  -0.755552E+003   0.759751E+003   0.419951E+001   0.504710E+000   0.504710E+000   0.100942E+001
     15.2800    0.000000E+000   0.500000E-001  -0.755323E+003   0.759885E+003   0.456229E+001   0.504711E+000   0.504711E+000   0.100942E+001
     15.3000    0.000000E+000   0.500000E-001  -0.755098E+003   0.760015E+003   0.491687E+001   0.504711E+000   0.504711E+000   0.100942E+001
     15.3200    0.000000E+000   0.500000E-001  -0.754878E+003   0.760141E+003   0.526326E+001   0.504711E+000   0.504711E+000   0.100942E+001
     15.3400    0.000000E+000   0.500000E-001  -0.754661E+003   0.760263E+003   0.560148E+001   0.504712E+000   0.504712E+000   0.100942E+001
     15.3600    0.000000E+000   0.500000E-001  -0.754449E+003   0.760380E+003   0.593156E+001   0.504712E+000   0.504712E+000   0.100942E+001
     15.3800    0.000000E+000   0.500000E-001  -0.754241E+003   0.760494E+003   0.625351E+001   0.504712E+000   0.504712E+000   0.100942E+001
     15.4000    0.000000E+000   0.500000E-001  -0.754036E+003   0.760604E+003   0.656737E+001   0.504713E+000   0.504713E+000   0.100943E+001
     15.4200    0.000000E+000   0.500000E-001  -0.753836E+003   0.760709E+003   0.687315E+001   0.504713E+000   0.504713E+000   0.100943E+001
     15.4400    0.000000E+000   0.500000E-001  -0.753640E+003   0.760811E+003   0.717090E+001   0.504714E+000   0.504714E+000   0.100943E+001
     15.4600    0.000000E+000   0.500000E-001  -0.753448E+003   0.760909E+003   0.746065E+001   0.504714E+000   0.504714E+000   0.100943E+001
     15.4800    0.000000E+000   0.500000E-001  -0.753260E+003   0.761003E+003   0.774244E+001   0.504715E+000   0.504715E+000   0.100943E+001
     15.5000    0.000000E+000   0.500000E-001  -0.753077E+003   0.761093E+003   0.801630E+001   0.504715E+000   0.504715E+000   0.100943E+001
     15.5200    0.000000E+000   0.500000E-001  -0.752897E+003   0.761179E+003   0.828229E+001   0.504716E+000   0.504716E+000   0.100943E+001
     15.5400    0.000000E+000   0.500000E-001  -0.752721E+003   0.761261E+003   0.854043E+001   0.504716E+000   0.504716E+000   0.100943E+001
     15.5600    0.000000E+000   0.500000E-001  -0.752549E+003   0.761340E+003   0.879078E+001   0.504717E+000   0.504717E+000   0.100943E+001
     15.5800    0.000000E+000   0.500000E-001  -0.752382E+003   0.761415E+003   0.903340E+001   0.504717E+000   0.504717E+000   0.100943E+001
     15.6000    0.000000E+000   0.500000E-001  -0.752218E+003   0.761486E+003   0.926833E+001   0.504718E+000   0.504718E+000   0.100944E+001
     15.6200    0.000000E+000   0.500000E-001  -0.752058E+003   0.761554E+003   0.949562E+001   0.504718E+000   0.504718E+000   0.100944E+001
     15.6400    0.000000E+000   0.500000E-001  -0.751902E+003   0.761618E+003   0.971533E+001   0.504719E+000   0.504719E+000   0.100944E+001
     15.6600    0.000000E+000   0.500000E-001  -0.751750E+003   0.761678E+003   0.992752E+001   0.504720E+000   0.504720E+000   0.100944E+001
     15.6800    0.000000E+000   0.500000E-001  -0.751602E+003   0.761735E+003   0.101323E+002   0.504720E+000   0.504720E+000   0.100944E+001
     15.7000    0.000000E+000   0.500000E-001  -0.751458E+003   0.761788E+003   0.103296E+002   0.504721E+000   0.504721E+000   0.100944E+001
     15.7200    0.000000E+000   0.500000E-001  -0.751318E+003   0.761838E+003   0.105196E+002   0.504722E+000   0.504722E+000   0.100944E+001
     15.7400    0.000000E+000   0.500000E-001  -0.751182E+003   0.761884E+003   0.107023E+002   0.504722E+000   0.504722E+000   0.100944E+001
     15.7600    0.000000E+000   0.500000E-001  -0.751049E+003   0.761927E+003   0.108778E+002   0.504723E+000   0.504723E+000   0.100945E+001
     15.7800    0.000000E+000   0.500000E-001  -0.750921E+003   0.761967E+003   0.110462E+002   0.504724E+000   0.504724E+000   0.100945E+001
     15.8000    0.000000E+000   0.500000E-001  -0.750796E+003   0.762003E+003   0.112075E+002   0.504724E+000   0.504724E+000   0.100945E+001
     15.8200    0.000000E+000   0.500000E-001  -0.750674E+003   0.762036E+003   0.113618E+002   0.504725E+000   0.504725E+000   0.100945E+001
     15.8400    0.000000E+000   0.500000E-001  -0.750557E+003   0.762066E+003   0.115092E+002   0.504726E+000   0.504726E+000   0.100945E+001
     15.8600    0.000000E+000   0.500000E-001  -0.750443E+003   0.762093E+003   0.116498E+002   0.504726E+000   0.504726E+000   0.100945E+001
     15.8800    0.000000E+000   0.500000E-001  -0.750333E+003   0.762116E+003   0.117835E+002   0.504727E+000   0.504727E+000   0.100945E+001
     15.9000    0.000000E+000   0.500000E-001  -0.750226E+003   0.762137E+003   0.119106E+002   0.504728E+000   0.504728E+000   0.100946E+001
     15.9200    0.000000E+000   0.500000E-001  -0.750123E+003   0.762154E+003   0.120311E+002   0.504729E+000   0.504729E+000   0.100946E+001
     15.9400    0.000000E+000   0.500000E-001  -0.750024E+003   0.762169E+003   0.121450E+002   0.504729E+000   0.504729E+000   0.100946E+001
     15.9600    0.000000E+000   0.500000E-001  -0.749928E+003   0.762180E+003   0.122525E+002   0.504730E+000   0.504730E+000   0.100946E+001
     15.9800    0.000000E+000   0.500000E-001  -0.749835E+003   0.762189E+003   0.123535E+002   0.504731E+000   0.504731E+000   0.100946E+001
     16.0000    0.000000E+000   0.500000E-001  -0.749746E+003   0.762194E+003   0.124483E+002   0.504732E+000   0.504732E+000   0.100946E+001
     16.0200    0.000000E+000   0.500000E-001  -0.749660E+003   0.762197E+003   0.125369E+002   0.504732E+000   0.504732E+000   0.100946E+001
     16.0400    0.000000E+000   0.500000E-001  -0.749578E+003   0.762197E+003   0.126193E+002   0.504733E+000   0.504733E+000   0.100947E+001
     16.0600    0.000000E+000   0.500000E-001  -0.749499E+003   0.762195E+003   0.126957E+002   0.504734E+000   0.504734E+000   0.100947E+001
     16.0800    0.000000E+000   0.500000E-001  -0.749424E+003   0.762190E+003   0.127662E+002   0.504735E+000   0.504735E+000   0.100947E+001
     16.1000    0.000000E+000   0.500000E-001  -0.749351E+003   0.762182E+003   0.128308E+002   0.504736E+000   0.504736E+000   0.100947E+001
     16.1200    0.000000E+000   0.500000E-001  -0.749282E+003   0.762171E+003   0.128895E+002   0.504736E+000   0.504736E+000   0.100947E+001
     16.1400    0.000000E+000   0.500000E-001  -0.749216E+003   0.762159E+003   0.129426E+002   0.504737E+000   0.504737E+000   0.100947E+001
     16.1600    0.000000E+000   0.500000E-001  -0.749153E+003   0.762143E+003   0.129901E+002   0.504738E+000   0.504738E+000   0.100948E+001
     16.1800    0.000000E+000   0.500000E-001  -0.749093E+003   0.762125E+003   0.130320E+002   0.504739E+000   0.504739E+000   0.100948E+001
     16.2000    0.000000E+000   0.500000E-001  -0.749037E+003   0.762105E+003   0.130686E+002   0.504740E+000   0.504740E+000   0.100948E+001
     16.2200    0.000000E+000   0.500000E-001  -0.748983E+003   0.762083E+003   0.130997E+002   0.504740E+000   0.504740E+000   0.100948E+001
     16.2400    0.000000E+000   0.500000E-001  -0.748932E+003   0.762058E+003   0.131257E+002   0.504741E+000   0.504741E+000   0.100948E+001
     16.2600    0.000000E+000   0.500000E-001  -0.748884E+003   0.762031E+003   0.131464E+002   0.504742E+000   0.504742E+000   0.100948E+001
     16.2800    0.000000E+000   0.500000E-001  -0.748840E+003   0.762002E+003   0.131621E+002   0.504743E+000   0.504743E+000   0.100949E+001
     16.3000    0.000000E+000   0.500000E-001  -0.748798E+003   0.761970E+003   0.131728E+002   0.504744E+000   0.504744E+000   0.100949E+001
     16.3200    0.000000E+000   0.500000E-001  -0.748758E+003   0.761937E+003   0.131786E+002   0.504745E+000   0.504745E+000   0.100949E+001
     16.3400    0.000000E+000   0.500000E-001  -0.748722E+003   0.761902E+003   0.131796E+002   0.504745E+000   0.504745E+000   0.100949E+001
     16.3600    0.000000E+000   0.500000E-001  -0.748688E+003   0.761864E+003   0.131759E+002   0.504746E+000   0.504746E+000   0.100949E+001
     16.3800    0.000000E+000   0.500000E-001  -0.748657E+003   0.761825E+003   0.131676E+002   0.504747E+000   0.504747E+000   0.100949E+001
     16.4000    0.000000E+000   0.500000E-001  -0.748629E+003   0.761783E+003   0.131548E+002   0.504748E+000   0.504748E+000   0.100950E+001
     16.4200    0.000000E+000   0.500000E-001  -0.748603E+003   0.761740E+003   0.131375E+002   0.504749E+000   0.504749E+000   0.100950E+001
     16.4400    0.000000E+000   0.500000E-001  -0.748580E+003   0.761695E+003   0.131159E+002   0.504750E+000   0.504750E+000   0.100950E+001
     16.4600    0.000000E+000   0.500000E-001  -0.748559E+003   0.761649E+003   0.130900E+002   0.504750E+000   0.504750E+000   0.100950E+001
     16.4800    0.000000E+000   0.500000E-001  -0.748540E+003   0.761600E+003   0.130599E+002   0.504751E+000   0.504751E+000   0.100950E+001
     16.5000    0.000000E+000   0.500000E-001  -0.748525E+003   0.761550E+003   0.130258E+002   0.504752E+000   0.504752E+000   0.100950E+001
     16.5200    0.000000E+000   0.500000E-001  -0.748511E+003   0.761499E+003   0.129877E+002   0.504753E+000   0.504753E+000   0.100951E+001
     16.5400    0.000000E+000   0.500000E-001  -0.748500E+003   0.761446E+003   0.129457E+002   0.504754E+000   0.504754E+000   0.100951E+001
     16.5600    0.000000E+000   0.500000E-001  -0.748491E+003   0.761391E+003   0.129000E+002   0.504754E+000   0.504754E+000   0.100951E+001
     16.5800    0.000000E+000   0.500000E-001  -0.748484E+003   0.761335E+003   0.128505E+002   0.504755E+000   0.504755E+000   0.100951E+001
     16.6000    0.000000E+000   0.500000E-001  -0.748480E+003   0.761277E+003   0.127973E+002   0.504756E+000   0.504756E+000   0.100951E+001
     16.6200    0.000000E+000   0.500000E-001  -0.748477E+003   0.761218E+003   0.127407E+002   0.504757E+000   0.504757E+000   0.100951E+001
     16.6400    0.000000E+000   0.500000E-001  -0.748477E+003   0.761158E+003   0.126806E+002   0.504758E+000   0.504758E+000   0.100952E+001
     16.6600    0.000000E+000   0.500000E-001  -0.748479E+003   0.761096E+003   0.126171E+002   0.504758E+000   0.504758E+000   0.100952E+001
     16.6800    0.000000E+000   0.500000E-001  -0.748483E+003   0.761033E+003   0.125504E+002   0.504759E+000   0.504759E+000   0.100952E+001
     16.7000    0.000000E+000   0.500000E-001  -0.748489E+003   0.760969E+003   0.124805E+002   0.504760E+000   0.504760E+000   0.100952E+001
     16.7200    0.000000E+000   0.500000E-001  -0.748496E+003   0.760904E+003   0.124075E+002   0.504761E+000   0.504761E+000   0.100952E+001
     16.7400    0.000000E+000   0.500000E-001  -0.748506E+003   0.760838E+003   0.123315E+002   0.504761E+000   0.504761E+000   0.100952E+001
     16.7600    0.000000E+000   0.500000E-001  -0.748518E+003   0.760770E+003   0.122526E+002   0.504762E+000   0.504762E+000   0.100952E+001
     16.7800    0.000000E+000   0.500000E-001  -0.748531E+003   0.760702E+003   0.121709E+002   0.504763E+000   0.504763E+000   0.100953E+001
     16.8000    0.000000E+000   0.500000E-001  -0.748546E+003   0.760632E+003   0.120864E+002   0.504764E+000   0.504764E+000   0.100953E+001
     16.8200    0.000000E+000   0.500000E-001  -0.748563E+003   0.760562E+003   0.119993E+002   0.504765E+000   0.504765E+000   0.100953E+001
     16.8400    0.000000E+000   0.500000E-001  -0.748581E+003   0.760491E+003   0.119095E+002   0.504765E+000   0.504765E+000   0.100953E+001
     16.8600    0.000000E+000   0.500000E-001  -0.748601E+003   0.760418E+003   0.118173E+002   0.504766E+000   0.504766E+000   0.100953E+001
     16.8800    0.000000E+000   0.500000E-001  -0.748623E+003   0.760345E+003   0.117227E+002   0.504767E+000   0.504767E+000   0.100953E+001
     16.9000    0.000000E+000   0.500000E-001  -0.748646E+003   0.760272E+003   0.116257E+002   0.504767E+000   0.504767E+000   0.100953E+001
     16.9200    0.000000E+000   0.500000E-001  -0.748671E+003   0.760197E+003   0.115265E+002   0.504768E+000   0.504768E+000   0.100954E+001
     16.9400    0.000000E+000   0.500000E-001  -0.748697E+003   0.760122E+003   0.114251E+002   0.504769E+000   0.504769E+000   0.100954E+001
     16.9600    0.000000E+000   0.500000E-001  -0.748724E+003   0.760046E+003   0.113216E+002   0.504770E+000   0.504770E+000   0.100954E+001
     16.9800    0.000000E+000   0.500000E-001  -0.748753E+003   0.759969E+003   0.112161E+002   0.504770E+000   0.504770E+000   0.100954E+001
     17.0000    0.000000E+000   0.500000E-001  -0.748784E+003   0.759892E+003   0.111087E+002   0.504771E+000   0.504771E+000   0.100954E+001
     17.0200    0.000000E+000   0.500000E-001  -0.748815E+003   0.759815E+003   0.109994E+002   0.504772E+000   0.504772E+000   0.100954E+001
     17.0400    0.000000E+000   0.500000E-001  -0.748848E+003   0.759736E+003   0.108883E+002   0.504772E+000   0.504772E+000   0.100954E+001
     17.0600    0.000000E+000   0.500000E-001  -0.748882E+003   0.759658E+003   0.107756E+002   0.504773E+000   0.504773E+000   0.100955E+001
     17.0800    0.000000E+000   0.500000E-001  -0.748917E+003   0.759579E+003   0.106612E+002   0.504774E+000   0.504774E+000   0.100955E+001
     17.1000    0.000000E+000   0.500000E-001  -0.748954E+003   0.759499E+003   0.105452E+002   0.504774E+000   0.504774E+000   0.100955E+001
     17.1200    0.000000E+000   0.500000E-001  -0.748991E+003   0.759419E+003   0.104278E+002   0.504775E+000   0.504775E+000   0.100955E+001
     17.1400    0.000000E+000   0.500000E-001  -0.749030E+003   0.759339E+003   0.103089E+002   0.504776E+000   0.504776E+000   0.100955E+001
     17.1600    0.000000E+000   0.500000E-001  -0.749069E+003   0.759258E+003   0.101888E+002   0.504776E+000   0.504776E+000   0.100955E+001
     17.1800    0.000000E+000   0.500000E-001  -0.749110E+003   0.759177E+003   0.100673E+002   0.504777E+000   0.504777E+000   0.100955E+001
     17.2000    0.000000E+000   0.500000E-001  -0.749151E+003   0.759096E+003   0.994469E+001   0.504778E+000   0.504778E+000   0.100956E+001
     17.2200    0.000000E+000   0.500000E-001  -0.749194E+003   0.759015E+003   0.982093E+001   0.504778E+000   0.504778E+000   0.100956E+001
     17.2400    0.000000E+000   0.500000E-001  -0.749237E+003   0.758933E+003   0.969610E+001   0.504779E+000   0.504779E+000   0.100956E+001
     17.2600    0.000000E+000   0.500000E-001  -0.749281E+003   0.758852E+003   0.957029E+001   0.504779E+000   0.504779E+000   0.100956E+001
     17.2800    0.000000E+000   0.500000E-001  -0.749326E+003   0.758770E+003   0.944354E+001   0.504780E+000   0.504780E+000   0.100956E+001
     17.3000    0.000000E+000   0.500000E-001  -0.749372E+003   0.758688E+003   0.931594E+001   0.504781E+000   0.504781E+000   0.100956E+001
     17.3200    0.000000E+000   0.500000E-001  -0.749418E+003   0.758606E+003   0.918754E+001   0.504781E+000   0.504781E+000   0.100956E+001
     17.3400    0.000000E+000   0.500000E-001  -0.749466E+003   0.758524E+003   0.905840E+001   0.504782E+000   0.504782E+000   0.100956E+001
     17.3600    0.000000E+000   0.500000E-001  -0.749513E+003   0.758442E+003   0.892859E+001   0.504782E+000   0.504782E+000   0.100956E+001
     17.3800    0.000000E+000   0.500000E-001  -0.749562E+003   0.758360E+003   0.879817E+001   0.504783E+000   0.504783E+000   0.100957E+001
     17.4000    0.000000E+000   0.500000E-001  -0.749611E+003   0.758278E+003   0.866720E+001   0.504783E+000   0.504783E+000   0.100957E+001
     17.4200    0.000000E+000   0.500000E-001  -0.749660E+003   0.758196E+003   0.853575E+001   0.504784E+000   0.504784E+000   0.100957E+001
     17.4400    0.000000E+000   0.500000E-001  -0.749710E+003   0.758114E+003   0.840385E+001   0.504784E+000   0.504784E+000   0.100957E+001
     17.4600    0.000000E+000   0.500000E-001  -0.749761E+003   0.758033E+003   0.827159E+001   0.504785E+000   0.504785E+000   0.100957E+001
     17.4800    0.000000E+000   0.500000E-001  -0.749812E+003   0.757951E+003   0.813900E+001   0.504786E+000   0.504786E+000   0.100957E+001
     17.5000    0.000000E+000   0.500000E-001  -0.749864E+003   0.757870E+003   0.800615E+001   0.504786E+000   0.504786E+000   0.100957E+001
     17.5200    0.000000E+000   0.500000E-001  -0.749916E+003   0.757789E+003   0.787309E+001   0.504787E+000   0.504787E+000   0.100957E+001
     17.5400    0.000000E+000   0.500000E-001  -0.749968E+003   0.757708E+003   0.773988E+001   0.504787E+000   0.504787E+000   0.100957E+001
     17.5600    0.000000E+000   0.500000E-001  -0.750020E+003   0.757627E+003   0.760656E+001   0.504787E+000   0.504787E+000   0.100957E+001
     17.5800    0.000000E+000   0.500000E-001  -0.750073E+003   0.757547E+003   0.747319E+001   0.504788E+000   0.504788E+000   0.100958E+001
     17.6000    0.000000E+000   0.500000E-001  -0.750127E+003   0.757466E+003   0.733982E+001   0.504788E+000   0.504788E+000   0.100958E+001
     17.6200    0.000000E+000   0.500000E-001  -0.750180E+003   0.757387E+003   0.720650E+001   0.504789E+000   0.504789E+000   0.100958E+001
     17.6400    0.000000E+000   0.500000E-001  -0.750234E+003   0.757307E+003   0.707327E+001   0.504789E+000   0.504789E+000   0.100958E+001
     17.6600    0.000000E+000   0.500000E-001  -0.750288E+003   0.757228E+003   0.694019E+001   0.504790E+000   0.504790E+000   0.100958E+001
     17.6800    0.000000E+000   0.500000E-001  -0.750342E+003   0.757149E+003   0.680730E+001   0.504790E+000   0.504790E+000   0.100958E+001
     17.7000    0.000000E+000   0.500000E-001  -0.750396E+003   0.757071E+003   0.667464E+001   0.504791E+000   0.504791E+000   0.100958E+001
     17.7200    0.000000E+000   0.500000E-001  -0.750451E+003   0.756993E+003   0.654227E+001   0.504791E+000   0.504791E+000   0.100958E+001
     17.7400    0.000000E+000   0.500000E-001  -0.750505E+003   0.756915E+003   0.641022E+001   0.504791E+000   0.504791E+000   0.100958E+001
     17.7600    0.000000E+000   0.500000E-001  -0.750560E+003   0.756838E+003   0.627853E+001   0.504792E+000   0.504792E+000   0.100958E+001
     17.7800    0.000000E+000   0.500000E-001  -0.750614E+003   0.756762E+003   0.614726E+001   0.504792E+000   0.504792E+000   0.100958E+001
     17.8000    0.000000E+000   0.500000E-001  -0.750669E+003   0.756685E+003   0.601643E+001   0.504793E+000   0.504793E+000   0.100959E+001
     17.8200    0.000000E+000   0.500000E-001  -0.750724E+003   0.756610E+003   0.588609E+001   0.504793E+000   0.504793E+000   0.100959E+001
     17.8400    0.000000E+000   0.500000E-001  -0.750778E+003   0.756535E+003   0.575627E+001   0.504793E+000   0.504793E+000   0.100959E+001
     17.8600    0.000000E+000   0.500000E-001  -0.750833E+003   0.756460E+003   0.562702E+001   0.504794E+000   0.504794E+000   0.100959E+001
     17.8800    0.000000E+000   0.500000E-001  -0.750887E+003   0.756386E+003   0.549837E+001   0.504794E+000   0.504794E+000   0.100959E+001
     17.9000    0.000000E+000   0.500000E-001  -0.750942E+003   0.756312E+003   0.537036E+001   0.504794E+000   0.504794E+000   0.100959E+001
     17.9200    0.000000E+000   0.500000E-001  -0.750996E+003   0.756239E+003   0.524302E+001   0.504795E+000   0.504795E+000   0.100959E+001
     17.9400    0.000000E+000   0.500000E-001  -0.751050E+003   0.756167E+003   0.511639E+001   0.504795E+000   0.504795E+000   0.100959E+001
     17.9600    0.000000E+000   0.500000E-001  -0.751104E+003   0.756095E+003   0.499049E+001   0.504795E+000   0.504795E+000   0.100959E+001
     17.9800    0.000000E+000   0.500000E-001  -0.751158E+003   0.756024E+003   0.486536E+001   0.504796E+000   0.504796E+000   0.100959E+001
     18.0000    0.000000E+000   0.500000E-001  -0.751212E+003   0.755953E+003   0.474104E+001   0.504796E+000   0.504796E+000   0.100959E+001
     18.0200    0.000000E+000   0.500000E-001  -0.751265E+003   0.755883E+003   0.461754E+001   0.504796E+000   0.504796E+000   0.100959E+001
     18.0400    0.000000E+000   0.500000E-001  -0.751319E+003   0.755814E+003   0.449491E+001   0.504797E+000   0.504797E+000   0.100959E+001
     18.0600    0.000000E+000   0.500000E-001  -0.751372E+003   0.755745E+003   0.437316E+001   0.504797E+000   0.504797E+000   0.100959E+001
     18.0800    0.000000E+000   0.500000E-001  -0.751425E+003   0.755677E+003   0.425233E+001   0.504797E+000   0.504797E+000   0.100959E+001
     18.1000    0.000000E+000   0.500000E-001  -0.751477E+003   0.755609E+003   0.413244E+001   0.504797E+000   0.504797E+000   0.100959E+001
     18.1200    0.000000E+000   0.500000E-001  -0.751529E+003   0.755543E+003   0.401352E+001   0.504798E+000   0.504798E+000   0.100960E+001
     18.1400    0.000000E+000   0.500000E-001  -0.751581E+003   0.755477E+003   0.389559E+001   0.504798E+000   0.504798E+000   0.100960E+001
     18.1600    0.000000E+000   0.500000E-001  -0.751633E+003   0.755411E+003   0.377868E+001   0.504798E+000   0.504798E+000   0.100960E+001
     18.1800    0.000000E+000   0.500000E-001  -0.751684E+003   0.755347E+003   0.366281E+001   0.504798E+000   0.504798E+000   0.100960E+001
     18.2000    0.000000E+000   0.500000E-001  -0.751735E+003   0.755283E+003   0.354800E+001   0.504799E+000   0.504799E+000   0.100960E+001
     18.2200    0.000000E+000   0.500000E-001  -0.751785E+003   0.755219E+003   0.343427E+001   0.504799E+000   0.504799E+000   0.100960E+001
     18.2400    0.000000E+000   0.500000E-001  -0.751835E+003   0.755157E+003   0.332165E+001   0.504799E+000   0.504799E+000   0.100960E+001
     18.2600    0.000000E+000   0.500000E-001  -0.751885E+003   0.755095E+003   0.321015E+001   0.504799E+000   0.504799E+000   0.100960E+001
     18.2800    0.000000E+000   0.500000E-001  -0.751934E+003   0.755034E+003   0.309979E+001   0.504799E+000   0.504799E+000   0.100960E+001
     18.3000    0.000000E+000   0.500000E-001  -0.751983E+003   0.754974E+003   0.299059E+001   0.504800E+000   0.504800E+000   0.100960E+001
     18.3200    0.000000E+000   0.500000E-001  -0.752032E+003   0.754914E+003   0.288257E+001   0.504800E+000   0.504800E+000   0.100960E+001
     18.3400    0.000000E+000   0.500000E-001  -0.752080E+003   0.754855E+003   0.277574E+001   0.504800E+000   0.504800E+000   0.100960E+001
     18.3600    0.000000E+000   0.500000E-001  -0.752127E+003   0.754797E+003   0.267012E+001   0.504800E+000   0.504800E+000   0.100960E+001
     18.3800    0.000000E+000   0.500000E-001  -0.752174E+003   0.754740E+003   0.256572E+001   0.504800E+000   0.504800E+000   0.100960E+001
     18.4000    0.000000E+000   0.500000E-001  -0.752221E+003   0.754683E+003   0.246257E+001   0.504800E+000   0.504800E+000   0.100960E+001
     18.4200    0.000000E+000   0.500000E-001  -0.752267E+003   0.754628E+003   0.236066E+001   0.504801E+000   0.504801E+000   0.100960E+001
     18.4400    0.000000E+000   0.500000E-001  -0.752313E+003   0.754573E+003   0.226001E+001   0.504801E+000   0.504801E+000   0.100960E+001
     18.4600    0.000000E+000   0.500000E-001  -0.752358E+003   0.754518E+003   0.216065E+001   0.504801E+000   0.504801E+000   0.100960E+001
     18.4800    0.000000E+000   0.500000E-001  -0.752402E+003   0.754465E+003   0.206256E+001   0.504801E+000   0.504801E+000   0.100960E+001
     18.5000    0.000000E+000   0.500000E-001  -0.752446E+003   0.754412E+003   0.196578E+001   0.504801E+000   0.504801E+000   0.100960E+001
     18.5200    0.000000E+000   0.500000E-001  -0.752490E+003   0.754360E+003   0.187030E+001   0.504801E+000   0.504801E+000   0.100960E+001
     18.5400    0.000000E+000   0.500000E-001  -0.752533E+003   0.754309E+003   0.177614E+001   0.504801E+000   0.504801E+000   0.100960E+001
     18.5600    0.000000E+000   0.500000E-001  -0.752575E+003   0.754258E+003   0.168330E+001   0.504801E+000   0.504801E+000   0.100960E+001
     18.5800    0.000000E+000   0.500000E-001  -0.752617E+003   0.754209E+003   0.159180E+001   0.504802E+000   0.504802E+000   0.100960E+001
     18.6000    0.000000E+000   0.500000E-001  -0.752658E+003   0.754160E+003   0.150163E+001   0.504802E+000   0.504802E+000   0.100960E+001
     18.6200    0.000000E+000   0.500000E-001  -0.752699E+003   0.754112E+003   0.141281E+001   0.504802E+000   0.504802E+000   0.100960E+001
     18.6400    0.000000E+000   0.500000E-001  -0.752739E+003   0.754064E+003   0.132534E+001   0.504802E+000   0.504802E+000   0.100960E+001
     18.6600    0.000000E+000   0.500000E-001  -0.752779E+003   0.754018E+003   0.123923E+001   0.504802E+000   0.504802E+000   0.100960E+001
     18.6800    0.000000E+000   0.500000E-001  -0.752818E+003   0.753972E+003   0.115447E+001   0.504802E+000   0.504802E+000   0.100960E+001
     18.7000    0.000000E+000   0.500000E-001  -0.752856E+003   0.753927E+003   0.107108E+001   0.504802E+000   0.504802E+000   0.100960E+001
     18.7200    0.000000E+000   0.500000E-001  -0.752894E+003   0.753883E+003   0.989060E+000   0.504802E+000   0.504802E+000   0.100960E+001
     18.7400    0.000000E+000   0.500000E-001  -0.752931E+003   0.753839E+003   0.908409E+000   0.504802E+000   0.504802E+000   0.100960E+001
     18.7600    0.000000E+000   0.500000E-001  -0.752968E+003   0.753797E+003   0.829130E+000   0.504802E+000   0.504802E+000   0.100960E+001
     18.7800    0.000000E+000   0.500000E-001  -0.753004E+003   0.753755E+003   0.751225E+000   0.504802E+000   0.504802E+000   0.100960E+001
     18.8000    0.000000E+000   0.500000E-001  -0.753039E+003   0.753714E+003   0.674695E+000   0.504802E+000   0.504802E+000   0.100960E+001
     18.8200    0.000000E+000   0.500000E-001  -0.753074E+003   0.753673E+003   0.599541E+000   0.504802E+000   0.504802E+000   0.100960E+001
     18.8400    0.000000E+000   0.500000E-001  -0.753108E+003   0.753634E+003   0.525762E+000   0.504802E+000   0.504802E+000   0.100960E+001
     18.8600    0.000000E+000   0.500000E-001  -0.753141E+003   0.753595E+003   0.453357E+000   0.504802E+000   0.504802E+000   0.100960E+001
     18.8800    0.000000E+000   0.500000E-001  -0.753174E+003   0.753557E+003   0.382327E+000   0.504802E+000   0.504802E+000   0.100960E+001
     18.9000    0.000000E+000   0.500000E-001  -0.753207E+003   0.753519E+003   0.312669E+000   0.504802E+000   0.504802E+000   0.100960E+001
     18.9200    0.000000E+000   0.500000E-001  -0.753238E+003   0.753483E+003   0.244380E+000   0.504802E+000   0.504802E+000   0.100960E+001
     18.9400    0.000000E+000   0.500000E-001  -0.753269E+003   0.753447E+003   0.177459E+000   0.504802E+000   0.504802E+000   0.100960E+001
     18.9600    0.000000E+000   0.500000E-001  -0.753300E+003   0.753412E+003   0.111903E+000   0.504802E+000   0.504802E+000   0.100960E+001
     18.9800    0.000000E+000   0.500000E-001  -0.753329E+003   0.753377E+003   0.477071E-001   0.504802E+000   0.504802E+000   0.100960E+001
     19.0000    0.000000E+000   0.500000E-001  -0.753359E+003   0.753343E+003  -0.151317E-001   0.504802E+000   0.504802E+000   0.100960E+001
     19.0200    0.000000E+000   0.500000E-001  -0.753387E+003   0.753310E+003  -0.766178E-001   0.504802E+000   0.504802E+000   0.100960E+001
     19.0400    0.000000E+000   0.500000E-001  -0.753415E+003   0.753278E+003  -0.136756E+000   0.504802E+000   0.504802E+000   0.100960E+001
     19.0600    0.000000E+000   0.500000E-001  -0.753442E+003   0.753247E+003  -0.195552E+000   0.504802E+000   0.504802E+000   0.100960E+001
     19.0800    0.000000E+000   0.500000E-001  -0.753469E+003   0.753216E+003  -0.253011E+000   0.504802E+000   0.504802E+000   0.100960E+001
     19.1000    0.000000E+000   0.500000E-001  -0.753495E+003   0.753186E+003  -0.309139E+000   0.504802E+000   0.504802E+000   0.100960E+001
     19.1200    0.000000E+000   0.500000E-001  -0.753520E+003   0.753156E+003  -0.363943E+000   0.504802E+000   0.504802E+000   0.100960E+001
     19.1400    0.000000E+000   0.500000E-001  -0.753545E+003   0.753128E+003  -0.417428E+000   0.504802E+000   0.504802E+000   0.100960E+001
     19.1600    0.000000E+000   0.500000E-001  -0.753569E+003   0.753099E+003  -0.469604E+000   0.504802E+000   0.504802E+000   0.100960E+001
     19.1800    0.000000E+000   0.500000E-001  -0.753593E+003   0.753072E+003  -0.520476E+000   0.504802E+000   0.504802E+000   0.100960E+001
     19.2000    0.000000E+000   0.500000E-001  -0.753615E+003   0.753045E+003  -0.570053E+000   0.504802E+000   0.504802E+000   0.100960E+001
     19.2200    0.000000E+000   0.500000E-001  -0.753638E+003   0.753019E+003  -0.618343E+000   0.504802E+000   0.504802E+000   0.100960E+001
     19.2400    0.000000E+000   0.500000E-001  -0.753659E+003   0.752994E+003  -0.665354E+000   0.504802E+000   0.504802E+000   0.100960E+001
     19.2600    0.000000E+000   0.500000E-001  -0.753680E+003   0.752969E+003  -0.711095E+000   0.504802E+000   0.504802E+000   0.100960E+001
     19.2800    0.000000E+000   0.500000E-001  -0.753701E+003   0.752945E+003  -0.755576E+000   0.504802E+000   0.504802E+000   0.100960E+001
     19.3000    0.000000E+000   0.500000E-001  -0.753721E+003   0.752922E+003  -0.798805E+000   0.504802E+000   0.504802E+000   0.100960E+001
     19.3200    0.000000E+000   0.500000E-001  -0.753740E+003   0.752899E+003  -0.840793E+000   0.504802E+000   0.504802E+000   0.100960E+001
     19.3400    0.000000E+000   0.500000E-001  -0.753758E+003   0.752877E+003  -0.881549E+000   0.504802E+000   0.504802E+000   0.100960E+001
     19.3600    0.000000E+000   0.500000E-001  -0.753776E+003   0.752855E+003  -0.921084E+000   0.504802E+000   0.504802E+000   0.100960E+001
     19.3800    0.000000E+000   0.500000E-001  -0.753794E+003   0.752834E+003  -0.959407E+000   0.504802E+000   0.504802E+000   0.100960E+001
     19.4000    0.000000E+000   0.500000E-001  -0.753811E+003   0.752814E+003  -0.996531E+000   0.504802E+000   0.504802E+000   0.100960E+001
     19.4200    0.000000E+000   0.500000E-001  -0.753827E+003   0.752794E+003  -0.103247E+001   0.504802E+000   0.504802E+000   0.100960E+001
     19.4400    0.000000E+000   0.500000E-001  -0.753843E+003   0.752775E+003  -0.106722E+001   0.504802E+000   0.504802E+000   0.100960E+001
     19.4600    0.000000E+000   0.500000E-001  -0.753858E+003   0.752757E+003  -0.110081E+001   0.504802E+000   0.504802E+000   0.100960E+001
     19.4800    0.000000E+000   0.500000E-001  -0.753872E+003   0.752739E+003  -0.113325E+001   0.504802E+000   0.504802E+000   0.100960E+001
     19.5000    0.000000E+000   0.500000E-001  -0.753886E+003   0.752722E+003  -0.116454E+001   0.504801E+000   0.504801E+000   0.100960E+001
     19.5200    0.000000E+000   0.500000E-001  -0.753899E+003   0.752705E+003  -0.119470E+001   0.504801E+000   0.504801E+000   0.100960E+001
     19.5400    0.000000E+000   0.500000E-001  -0.753912E+003   0.752688E+003  -0.122374E+001   0.504801E+000   0.504801E+000   0.100960E+001
     19.5600    0.000000E+000   0.500000E-001  -0.753924E+003   0.752673E+003  -0.125167E+001   0.504801E+000   0.504801E+000   0.100960E+001
     19.5800    0.000000E+000   0.500000E-001  -0.753936E+003   0.752658E+003  -0.127851E+001   0.504801E+000   0.504801E+000   0.100960E+001
     19.6000    0.000000E+000   0.500000E-001  -0.753947E+003   0.752643E+003  -0.130427E+001   0.504801E+000   0.504801E+000   0.100960E+001
     19.6200    0.000000E+000   0.500000E-001  -0.753958E+003   0.752629E+003  -0.132896E+001   0.504801E+000   0.504801E+000   0.100960E+001
     19.6400    0.000000E+000   0.500000E-001  -0.753968E+003   0.752615E+003  -0.135260E+001   0.504801E+000   0.504801E+000   0.100960E+001
     19.6600    0.000000E+000   0.500000E-001  -0.753978E+003   0.752602E+003  -0.137519E+001   0.504801E+000   0.504801E+000   0.100960E+001
     19.6800    0.000000E+000   0.500000E-001  -0.753987E+003   0.752590E+003  -0.139676E+001   0.504801E+000   0.504801E+000   0.100960E+001
     19.7000    0.000000E+000   0.500000E-001  -0.753995E+003   0.752578E+003  -0.141730E+001   0.504801E+000   0.504801E+000   0.100960E+001
     19.7200    0.000000E+000   0.500000E-001  -0.754003E+003   0.752566E+003  -0.143685E+001   0.504801E+000   0.504801E+000   0.100960E+001
     19.7400    0.000000E+000   0.500000E-001  -0.754011E+003   0.752555E+003  -0.145541E+001   0.504800E+000   0.504800E+000   0.100960E+001
     19.7600    0.000000E+000   0.500000E-001  -0.754018E+003   0.752545E+003  -0.147299E+001   0.504800E+000   0.504800E+000   0.100960E+001
     19.7800    0.000000E+000   0.500000E-001  -0.754024E+003   0.752534E+003  -0.148961E+001   0.504800E+000   0.504800E+000   0.100960E+001
     19.8000    0.000000E+000   0.500000E-001  -0.754030E+003   0.752525E+003  -0.150529E+001   0.504800E+000   0.504800E+000   0.100960E+001
     19.8200    0.000000E+000   0.500000E-001  -0.754036E+003   0.752516E+003  -0.152003E+001   0.504800E+000   0.504800E+000   0.100960E+001
     19.8400    0.000000E+000   0.500000E-001  -0.754041E+003   0.752507E+003  -0.153385E+001   0.504800E+000   0.504800E+000   0.100960E+001
     19.8600    0.000000E+000   0.500000E-001  -0.754045E+003   0.752498E+003  -0.154677E+001   0.504800E+000   0.504800E+000   0.100960E+001
     19.8800    0.000000E+000   0.500000E-001  -0.754049E+003   0.752491E+003  -0.155879E+001   0.504800E+000   0.504800E+000   0.100960E+001
     19.9000    0.000000E+000   0.500000E-001  -0.754053E+003   0.752483E+003  -0.156994E+001   0.504800E+000   0.504800E+000   0.100960E+001
     19.9200    0.000000E+000   0.500000E-001  -0.754056E+003   0.752476E+003  -0.158023E+001   0.504800E+000   0.504800E+000   0.100960E+001
     19.9400    0.000000E+000   0.500000E-001  -0.754059E+003   0.752469E+003  -0.158967E+001   0.504800E+000   0.504800E+000   0.100960E+001
     19.9600    0.000000E+000   0.500000E-001  -0.754061E+003   0.752463E+003  -0.159827E+001   0.504799E+000   0.504799E+000   0.100960E+001
     19.9800    0.000000E+000   0.500000E-001  -0.754063E+003   0.752457E+003  -0.160605E+001   0.504799E+000   0.504799E+000   0.100960E+001
     20.0000    0.000000E+000   0.500000E-001  -0.754065E+003   0.752452E+003  -0.161303E+001   0.504799E+000   0.504799E+000   0.100960E+001
     20.0200    0.000000E+000   0.500000E-001  -0.754066E+003   0.752446E+003  -0.161922E+001   0.504799E+000   0.504799E+000   0.100960E+001
     20.0400    0.000000E+000   0.500000E-001  -0.754066E+003   0.752442E+003  -0.162463E+001   0.504799E+000   0.504799E+000   0.100960E+001
     20.0600    0.000000E+000   0.500000E-001  -0.754067E+003   0.752437E+003  -0.162928E+001   0.504799E+000   0.504799E+000   0.100960E+001
     20.0800    0.000000E+000   0.500000E-001  -0.754066E+003   0.752433E+003  -0.163318E+001   0.504799E+000   0.504799E+000   0.100960E+001
     20.1000    0.000000E+000   0.500000E-001  -0.754066E+003   0.752429E+003  -0.163635E+001   0.504799E+000   0.504799E+000   0.100960E+001
     20.1200    0.000000E+000   0.500000E-001  -0.754065E+003   0.752426E+003  -0.163880E+001   0.504799E+000   0.504799E+000   0.100960E+001
     20.1400    0.000000E+000   0.500000E-001  -0.754064E+003   0.752423E+003  -0.164054E+001   0.504799E+000   0.504799E+000   0.100960E+001
     20.1600    0.000000E+000   0.500000E-001  -0.754062E+003   0.752420E+003  -0.164159E+001   0.504798E+000   0.504798E+000   0.100960E+001
     20.1800    0.000000E+000   0.500000E-001  -0.754060E+003   0.752418E+003  -0.164197E+001   0.504798E+000   0.504798E+000   0.100960E+001
     20.2000    0.000000E+000   0.500000E-001  -0.754057E+003   0.752416E+003  -0.164168E+001   0.504798E+000   0.504798E+000   0.100960E+001
     20.2200    0.000000E+000   0.500000E-001  -0.754055E+003   0.752414E+003  -0.164075E+001   0.504798E+000   0.504798E+000   0.100960E+001
     20.2400    0.000000E+000   0.500000E-001  -0.754052E+003   0.752412E+003  -0.163918E+001   0.504798E+000   0.504798E+000   0.100960E+001
     20.2600    0.000000E+000   0.500000E-001  -0.754048E+003   0.752411E+003  -0.163699E+001   0.504798E+000   0.504798E+000   0.100960E+001
     20.2800    0.000000E+000   0.500000E-001  -0.754044E+003   0.752410E+003  -0.163420E+001   0.504798E+000   0.504798E+000   0.100960E+001
     20.3000    0.000000E+000   0.500000E-001  -0.754040E+003   0.752410E+003  -0.163081E+001   0.504798E+000   0.504798E+000   0.100960E+001
     20.3200    0.000000E+000   0.500000E-001  -0.754036E+003   0.752409E+003  -0.162685E+001   0.504798E+000   0.504798E+000   0.100960E+001
     20.3400    0.000000E+000   0.500000E-001  -0.754031E+003   0.752409E+003  -0.162232E+001   0.504797E+000   0.504797E+000   0.100959E+001
     20.3600    0.000000E+000   0.500000E-001  -0.754026E+003   0.752409E+003  -0.161724E+001   0.504797E+000   0.504797E+000   0.100959E+001
     20.3800    0.000000E+000   0.500000E-001  -0.754021E+003   0.752409E+003  -0.161162E+001   0.504797E+000   0.504797E+000   0.100959E+001
     20.4000    0.000000E+000   0.500000E-001  -0.754015E+003   0.752410E+003  -0.160549E+001   0.504797E+000   0.504797E+000   0.100959E+001
     20.4200    0.000000E+000   0.500000E-001  -0.754009E+003   0.752411E+003  -0.159884E+001   0.504797E+000   0.504797E+000   0.100959E+001
     20.4400    0.000000E+000   0.500000E-001  -0.754003E+003   0.752412E+003  -0.159169E+001   0.504797E+000   0.504797E+000   0.100959E+001
     20.4600    0.000000E+000   0.500000E-001  -0.753997E+003   0.752413E+003  -0.158407E+001   0.504797E+000   0.504797E+000   0.100959E+001
     20.4800    0.000000E+000   0.500000E-001  -0.753990E+003   0.752414E+003  -0.157597E+001   0.504797E+000   0.504797E+000   0.100959E+001
     20.5000    0.000000E+000   0.500000E-001  -0.753983E+003   0.752416E+003  -0.156742E+001   0.504797E+000   0.504797E+000   0.100959E+001
     20.5200    0.000000E+000   0.500000E-001  -0.753976E+003   0.752418E+003  -0.155842E+001   0.504797E+000   0.504797E+000   0.100959E+001
     20.5400    0.000000E+000   0.500000E-001  -0.753969E+003   0.752420E+003  -0.154899E+001   0.504796E+000   0.504796E+000   0.100959E+001
     20.5600    0.000000E+000   0.500000E-001  -0.753961E+003   0.752422E+003  -0.153915E+001   0.504796E+000   0.504796E+000   0.100959E+001
     20.5800    0.000000E+000   0.500000E-001  -0.753953E+003   0.752424E+003  -0.152890E+001   0.504796E+000   0.504796E+000   0.100959E+001
     20.6000    0.000000E+000   0.500000E-001  -0.753945E+003   0.752427E+003  -0.151826E+001   0.504796E+000   0.504796E+000   0.100959E+001
     20.6200    0.000000E+000   0.500000E-001  -0.753937E+003   0.752429E+003  -0.150724E+001   0.504796E+000   0.504796E+000   0.100959E+001
     20.6400    0.000000E+000   0.500000E-001  -0.753928E+003   0.752432E+003  -0.149585E+001   0.504796E+000   0.504796E+000   0.100959E+001
     20.6600    0.000000E+000   0.500000E-001  -0.753919E+003   0.752435E+003  -0.148411E+001   0.504796E+000   0.504796E+000   0.100959E+001
     20.6800    0.000000E+000   0.500000E-001  -0.753910E+003   0.752438E+003  -0.147203E+001   0.504796E+000   0.504796E+000   0.100959E+001
     20.7000    0.000000E+000   0.500000E-001  -0.753901E+003   0.752442E+003  -0.145961E+001   0.504796E+000   0.504796E+000   0.100959E+001
     20.7200    0.000000E+000   0.500000E-001  -0.753892E+003   0.752445E+003  -0.144688E+001   0.504796E+000   0.504796E+000   0.100959E+001
     20.7400    0.000000E+000   0.500000E-001  -0.753883E+003   0.752449E+003  -0.143383E+001   0.504796E+000   0.504796E+000   0.100959E+001
     20.7600    0.000000E+000   0.500000E-001  -0.753873E+003   0.752452E+003  -0.142050E+001   0.504795E+000   0.504795E+000   0.100959E+001
     20.7800    0.000000E+000   0.500000E-001  -0.753863E+003   0.752456E+003  -0.140688E+001   0.504795E+000   0.504795E+000   0.100959E+001
     20.8000    0.000000E+000   0.500000E-001  -0.753853E+003   0.752460E+003  -0.139298E+001   0.504795E+000   0.504795E+000   0.100959E+001
     20.8200    0.000000E+000   0.500000E-001  -0.753843E+003   0.752464E+003  -0.137883E+001   0.504795E+000   0.504795E+000   0.100959E+001
     20.8400    0.000000E+000   0.500000E-001  -0.753833E+003   0.752468E+003  -0.136443E+001   0.504795E+000   0.504795E+000   0.100959E+001
     20.8600    0.000000E+000   0.500000E-001  -0.753822E+003   0.752472E+003  -0.134979E+001   0.504795E+000   0.504795E+000   0.100959E+001
     20.8800    0.000000E+000   0.500000E-001  -0.753812E+003   0.752477E+003  -0.133492E+001   0.504795E+000   0.504795E+000   0.100959E+001
     20.9000    0.000000E+000   0.500000E-001  -0.753801E+003   0.752481E+003  -0.131983E+001   0.504795E+000   0.504795E+000   0.100959E+001
     20.9200    0.000000E+000   0.500000E-001  -0.753790E+003   0.752486E+003  -0.130454E+001   0.504795E+000   0.504795E+000   0.100959E+001
     20.9400    0.000000E+000   0.500000E-001  -0.753779E+003   0.752490E+003  -0.128905E+001   0.504795E+000   0.504795E+000   0.100959E+001
     20.9600    0.000000E+000   0.500000E-001  -0.753768E+003   0.752495E+003  -0.127337E+001   0.504795E+000   0.504795E+000   0.100959E+001
     20.9800    0.000000E+000   0.500000E-001  -0.753757E+003   0.752500E+003  -0.125752E+001   0.504795E+000   0.504795E+000   0.100959E+001
     21.0000    0.000000E+000   0.500000E-001  -0.753746E+003   0.752504E+003  -0.124150E+001   0.504794E+000   0.504794E+000   0.100959E+001
     21.0200    0.000000E+000   0.500000E-001  -0.753734E+003   0.752509E+003  -0.122533E+001   0.504794E+000   0.504794E+000   0.100959E+001
     21.0400    0.000000E+000   0.500000E-001  -0.753723E+003   0.752514E+003  -0.120901E+001   0.504794E+000   0.504794E+000   0.100959E+001
     21.0600    0.000000E+000   0.500000E-001  -0.753712E+003   0.752519E+003  -0.119255E+001   0.504794E+000   0.504794E+000   0.100959E+001
     21.0800    0.000000E+000   0.500000E-001  -0.753700E+003   0.752524E+003  -0.117597E+001   0.504794E+000   0.504794E+000   0.100959E+001
     21.1000    0.000000E+000   0.500000E-001  -0.753688E+003   0.752529E+003  -0.115927E+001   0.504794E+000   0.504794E+000   0.100959E+001
     21.1200    0.000000E+000   0.500000E-001  -0.753676E+003   0.752534E+003  -0.114246E+001   0.504794E+000   0.504794E+000   0.100959E+001
     21.1400    0.000000E+000   0.500000E-001  -0.753665E+003   0.752539E+003  -0.112555E+001   0.504794E+000   0.504794E+000   0.100959E+001
     21.1600    0.000000E+000   0.500000E-001  -0.753653E+003   0.752544E+003  -0.110855E+001   0.504794E+000   0.504794E+000   0.100959E+001
     21.1800    0.000000E+000   0.500000E-001  -0.753641E+003   0.752549E+003  -0.109147E+001   0.504794E+000   0.504794E+000   0.100959E+001
     21.2000    0.000000E+000   0.500000E-001  -0.753629E+003   0.752555E+003  -0.107431E+001   0.504794E+000   0.504794E+000   0.100959E+001
     21.2200    0.000000E+000   0.500000E-001  -0.753617E+003   0.752560E+003  -0.105709E+001   0.504794E+000   0.504794E+000   0.100959E+001
     21.2400    0.000000E+000   0.500000E-001  -0.753605E+003   0.752565E+003  -0.103981E+001   0.504794E+000   0.504794E+000   0.100959E+001
     21.2600    0.000000E+000   0.500000E-001  -0.753593E+003   0.752570E+003  -0.102249E+001   0.504794E+000   0.504794E+000   0.100959E+001
     21.2800    0.000000E+000   0.500000E-001  -0.753580E+003   0.752575E+003  -0.100512E+001   0.504793E+000   0.504793E+000   0.100959E+001
     21.3000    0.000000E+000   0.500000E-001  -0.753568E+003   0.752581E+003  -0.987716E+000   0.504793E+000   0.504793E+000   0.100959E+001
     21.3200    0.000000E+000   0.500000E-001  -0.753556E+003   0.752586E+003  -0.970289E+000   0.504793E+000   0.504793E+000   0.100959E+001
     21.3400    0.000000E+000   0.500000E-001  -0.753544E+003   0.752591E+003  -0.952843E+000   0.504793E+000   0.504793E+000   0.100959E+001
     21.3600    0.000000E+000   0.500000E-001  -0.753532E+003   0.752596E+003  -0.935387E+000   0.504793E+000   0.504793E+000   0.100959E+001
     21.3800    0.000000E+000   0.500000E-001  -0.753519E+003   0.752601E+003  -0.917926E+000   0.504793E+000   0.504793E+000   0.100959E+001
     21.4000    0.000000E+000   0.500000E-001  -0.753507E+003   0.752607E+003  -0.900470E+000   0.504793E+000   0.504793E+000   0.100959E+001
     21.4200    0.000000E+000   0.500000E-001  -0.753495E+003   0.752612E+003  -0.883023E+000   0.504793E+000   0.504793E+000   0.100959E+001
     21.4400    0.000000E+000   0.500000E-001  -0.753483E+003   0.752617E+003  -0.865593E+000   0.504793E+000   0.504793E+000   0.100959E+001
     21.4600    0.000000E+000   0.500000E-001  -0.753470E+003   0.752622E+003  -0.848187E+000   0.504793E+000   0.504793E+000   0.100959E+001
     21.4800    0.000000E+000   0.500000E-001  -0.753458E+003   0.752627E+003  -0.830811E+000   0.504793E+000   0.504793E+000   0.100959E+001
     21.5000    0.000000E+000   0.500000E-001  -0.753446E+003   0.752632E+003  -0.813471E+000   0.504793E+000   0.504793E+000   0.100959E+001
     21.5200    0.000000E+000   0.500000E-001  -0.753434E+003   0.752637E+003  -0.796173E+000   0.504793E+000   0.504793E+000   0.100959E+001
     21.5400    0.000000E+000   0.500000E-001  -0.753421E+003   0.752643E+003  -0.778923E+000   0.504793E+000   0.504793E+000   0.100959E+001
     21.5600    0.000000E+000   0.500000E-001  -0.753409E+003   0.752648E+003  -0.761728E+000   0.504793E+000   0.504793E+000   0.100959E+001
     21.5800    0.000000E+000   0.500000E-001  -0.753397E+003   0.752653E+003  -0.744593E+000   0.504793E+000   0.504793E+000   0.100959E+001
     21.6000    0.000000E+000   0.500000E-001  -0.753385E+003   0.752657E+003  -0.727523E+000   0.504793E+000   0.504793E+000   0.100959E+001
     21.6200    0.000000E+000   0.500000E-001  -0.753373E+003   0.752662E+003  -0.710524E+000   0.504793E+000   0.504793E+000   0.100959E+001
     21.6400    0.000000E+000   0.500000E-001  -0.753361E+003   0.752667E+003  -0.693601E+000   0.504793E+000   0.504793E+000   0.100959E+001
     21.6600    0.000000E+000   0.500000E-001  -0.753349E+003   0.752672E+003  -0.676759E+000   0.504792E+000   0.504792E+000   0.100958E+001
     21.6800    0.000000E+000   0.500000E-001  -0.753337E+003   0.752677E+003  -0.660003E+000   0.504792E+000   0.504792E+000   0.100958E+001
     21.7000    0.000000E+000   0.500000E-001  -0.753325E+003   0.752682E+003  -0.643339E+000   0.504792E+000   0.504792E+000   0.100958E+001
     21.7200    0.000000E+000   0.500000E-001  -0.753313E+003   0.752686E+003  -0.626770E+000   0.504792E+000   0.504792E+000   0.100958E+001
     21.7400    0.000000E+000   0.500000E-001  -0.753301E+003   0.752691E+003  -0.610302E+000   0.504792E+000   0.504792E+000   0.100958E+001
     21.7600    0.000000E+000   0.500000E-001  -0.753289E+003   0.752695E+003  -0.593938E+000   0.504792E+000   0.504792E+000   0.100958E+001
     21.7800    0.000000E+000   0.500000E-001  -0.753278E+003   0.752700E+003  -0.577684E+000   0.504792E+000   0.504792E+000   0.100958E+001
     21.8000    0.000000E+000   0.500000E-001  -0.753266E+003   0.752704E+003  -0.561543E+000   0.504792E+000   0.504792E+000   0.100958E+001
     21.8200    0.000000E+000   0.500000E-001  -0.753254E+003   0.752709E+003  -0.545519E+000   0.504792E+000   0.504792E+000   0.100958E+001
     21.8400    0.000000E+000   0.500000E-001  -0.753243E+003   0.752713E+003  -0.529616E+000   0.504792E+000   0.504792E+000   0.100958E+001
     21.8600    0.000000E+000   0.500000E-001  -0.753231E+003   0.752717E+003  -0.513838E+000   0.504792E+000   0.504792E+000   0.100958E+001
     21.8800    0.000000E+000   0.500000E-001  -0.753220E+003   0.752722E+003  -0.498190E+000   0.504792E+000   0.504792E+000   0.100958E+001
     21.9000    0.000000E+000   0.500000E-001  -0.753208E+003   0.752726E+003  -0.482673E+000   0.504792E+000   0.504792E+000   0.100958E+001
     21.9200    0.000000E+000   0.500000E-001  -0.753197E+003   0.752730E+003  -0.467291E+000   0.504792E+000   0.504792E+000   0.100958E+001
     21.9400    0.000000E+000   0.500000E-001  -0.753186E+003   0.752734E+003  -0.452049E+000   0.504792E+000   0.504792E+000   0.100958E+001
     21.9600    0.000000E+000   0.500000E-001  -0.753175E+003   0.752738E+003  -0.436949E+000   0.504792E+000   0.504792E+000   0.100958E+001
     21.9800    0.000000E+000   0.500000E-001  -0.753164E+003   0.752742E+003  -0.421993E+000   0.504792E+000   0.504792E+000   0.100958E+001
     22.0000    0.000000E+000   0.500000E-001  -0.753153E+003   0.752746E+003  -0.407186E+000   0.504792E+000   0.504792E+000   0.100958E+001
     22.0200    0.000000E+000   0.500000E-001  -0.753142E+003   0.752749E+003  -0.392529E+000   0.504792E+000   0.504792E+000   0.100958E+001
     22.0400    0.000000E+000   0.500000E-001  -0.753131E+003   0.752753E+003  -0.378025E+000   0.504792E+000   0.504792E+000   0.100958E+001
     22.0600    0.000000E+000   0.500000E-001  -0.753120E+003   0.752757E+003  -0.363678E+000   0.504792E+000   0.504792E+000   0.100958E+001
     22.0800    0.000000E+000   0.500000E-001  -0.753110E+003   0.752760E+003  -0.349488E+000   0.504792E+000   0.504792E+000   0.100958E+001
     22.1000    0.000000E+000   0.500000E-001  -0.753099E+003   0.752764E+003  -0.335460E+000   0.504792E+000   0.504792E+000   0.100958E+001
     22.1200    0.000000E+000   0.500000E-001  -0.753089E+003   0.752767E+003  -0.321594E+000   0.504792E+000   0.504792E+000   0.100958E+001
     22.1400    0.000000E+000   0.500000E-001  -0.753078E+003   0.752771E+003  -0.307893E+000   0.504792E+000   0.504792E+000   0.100958E+001
     22.1600    0.000000E+000   0.500000E-001  -0.753068E+003   0.752774E+003  -0.294359E+000   0.504792E+000   0.504792E+000   0.100958E+001
     22.1800    0.000000E+000   0.500000E-001  -0.753058E+003   0.752777E+003  -0.280994E+000   0.504792E+000   0.504792E+000   0.100958E+001
     22.2000    0.000000E+000   0.500000E-001  -0.753048E+003   0.752780E+003  -0.267800E+000   0.504792E+000   0.504792E+000   0.100958E+001
     22.2200    0.000000E+000   0.500000E-001  -0.753038E+003   0.752783E+003  -0.254777E+000   0.504792E+000   0.504792E+000   0.100958E+001
     22.2400    0.000000E+000   0.500000E-001  -0.753028E+003   0.752786E+003  -0.241929E+000   0.504792E+000   0.504792E+000   0.100958E+001
     22.2600    0.000000E+000   0.500000E-001  -0.753018E+003   0.752789E+003  -0.229256E+000   0.504792E+000   0.504792E+000   0.100958E+001
     22.2800    0.000000E+000   0.500000E-001  -0.753008E+003   0.752792E+003  -0.216759E+000   0.504792E+000   0.504792E+000   0.100958E+001
     22.3000    0.000000E+000   0.500000E-001  -0.752999E+003   0.752794E+003  -0.204440E+000   0.504792E+000   0.504792E+000   0.100958E+001
     22.3200    0.000000E+000   0.500000E-001  -0.752989E+003   0.752797E+003  -0.192301E+000   0.504792E+000   0.504792E+000   0.100958E+001
     22.3400    0.000000E+000   0.500000E-001  -0.752980E+003   0.752800E+003  -0.180341E+000   0.504792E+000   0.504792E+000   0.100958E+001
     22.3600    0.000000E+000   0.500000E-001  -0.752971E+003   0.752802E+003  -0.168563E+000   0.504792E+000   0.504792E+000   0.100958E+001
     22.3800    0.000000E+000   0.500000E-001  -0.752962E+003   0.752805E+003  -0.156967E+000   0.504792E+000   0.504792E+000   0.100958E+001
     22.4000    0.000000E+000   0.500000E-001  -0.752952E+003   0.752807E+003  -0.145553E+000   0.504792E+000   0.504792E+000   0.100958E+001
     22.4200    0.000000E+000   0.500000E-001  -0.752944E+003   0.752809E+003  -0.134323E+000   0.504792E+000   0.504792E+000   0.100958E+001
     22.4400    0.000000E+000   0.500000E-001  -0.752935E+003   0.752811E+003  -0.123277E+000   0.504792E+000   0.504792E+000   0.100958E+001
     22.4600    0.000000E+000   0.500000E-001  -0.752926E+003   0.752813E+003  -0.112416E+000   0.504792E+000   0.504792E+000   0.100958E+001
     22.4800    0.000000E+000   0.500000E-001  -0.752917E+003   0.752816E+003  -0.101740E+000   0.504792E+000   0.504792E+000   0.100958E+001
     22.5000    0.000000E+000   0.500000E-001  -0.752909E+003   0.752817E+003  -0.912491E-001   0.504792E+000   0.504792E+000   0.100958E+001
     22.5200    0.000000E+000   0.500000E-001  -0.752900E+003   0.752819E+003  -0.809441E-001   0.504792E+000   0.504792E+000   0.100958E+001
     22.5400    0.000000E+000   0.500000E-001  -0.752892E+003   0.752821E+003  -0.708252E-001   0.504792E+000   0.504792E+000   0.100958E+001
     22.5600    0.000000E+000   0.500000E-001  -0.752884E+003   0.752823E+003  -0.608922E-001   0.504792E+000   0.504792E+000   0.100958E+001
     22.5800    0.000000E+000   0.500000E-001  -0.752876E+003   0.752825E+003  -0.511455E-001   0.504792E+000   0.504792E+000   0.100958E+001
     22.6000    0.000000E+000   0.500000E-001  -0.752868E+003   0.752826E+003  -0.415848E-001   0.504792E+000   0.504792E+000   0.100958E+001
     22.6200    0.000000E+000   0.500000E-001  -0.752860E+003   0.752828E+003  -0.322101E-001   0.504792E+000   0.504792E+000   0.100958E+001
     22.6400    0.000000E+000   0.500000E-001  -0.752852E+003   0.752829E+003  -0.230213E-001   0.504792E+000   0.504792E+000   0.100958E+001
     22.6600    0.000000E+000   0.500000E-001  -0.752844E+003   0.752830E+003  -0.140181E-001   0.504792E+000   0.504792E+000   0.100958E+001
     22.6800    0.000000E+000   0.500000E-001  -0.752837E+003   0.752832E+003  -0.520019E-002   0.504792E+000   0.504792E+000   0.100958E+001
     22.7000    0.000000E+000   0.500000E-001  -0.752829E+003   0.752833E+003   0.343280E-002   0.504792E+000   0.504792E+000   0.100958E+001
     22.7200    0.000000E+000   0.500000E-001  -0.752822E+003   0.752834E+003   0.118813E-001   0.504792E+000   0.504792E+000   0.100958E+001
     22.7400    0.000000E+000   0.500000E-001  -0.752815E+003   0.752835E+003   0.201459E-001   0.504792E+000   0.504792E+000   0.100958E+001
     22.7600    0.000000E+000   0.500000E-001  -0.752808E+003   0.752836E+003   0.282270E-001   0.504792E+000   0.504792E+000   0.100958E+001
     22.7800    0.000000E+000   0.500000E-001  -0.752801E+003   0.752837E+003   0.361253E-001   0.504792E+000   0.504792E+000   0.100958E+001
     22.8000    0.000000E+000   0.500000E-001  -0.752794E+003   0.752838E+003   0.438415E-001   0.504792E+000   0.504792E+000   0.100958E+001
     22.8200    0.000000E+000   0.500000E-001  -0.752787E+003   0.752838E+003   0.513764E-001   0.504792E+000   0.504792E+000   0.100958E+001
     22.8400    0.000000E+000   0.500000E-001  -0.752780E+003   0.752839E+003   0.587307E-001   0.504792E+000   0.504792E+000   0.100958E+001
     22.8600    0.000000E+000   0.500000E-001  -0.752774E+003   0.752840E+003   0.659054E-001   0.504792E+000   0.504792E+000   0.100958E+001
     22.8800    0.000000E+000   0.500000E-001  -0.752767E+003   0.752840E+003   0.729012E-001   0.504792E+000   0.504792E+000   0.100958E+001
     22.9000    0.000000E+000   0.500000E-001  -0.752761E+003   0.752841E+003   0.797192E-001   0.504792E+000   0.504792E+000   0.100958E+001
     22.9200    0.000000E+000   0.500000E-001  -0.752755E+003   0.752841E+003   0.863603E-001   0.504792E+000   0.504792E+000   0.100958E+001
     22.9400    0.000000E+000   0.500000E-001  -0.752749E+003   0.752841E+003   0.928257E-001   0.504792E+000   0.504792E+000   0.100958E+001
     22.9600    0.000000E+000   0.500000E-001  -0.752743E+003   0.752842E+003   0.991164E-001   0.504792E+000   0.504792E+000   0.100958E+001
     22.9800    0.000000E+000   0.500000E-001  -0.752737E+003   0.752842E+003   0.105234E+000   0.504792E+000   0.504792E+000   0.100958E+001
     23.0000    0.000000E+000   0.500000E-001  -0.752731E+003   0.752842E+003   0.111179E+000   0.504792E+000   0.504792E+000   0.100958E+001
     23.0200    0.000000E+000   0.500000E-001  -0.752725E+003   0.752842E+003   0.116952E+000   0.504792E+000   0.504792E+000   0.100958E+001
     23.0400    0.000000E+000   0.500000E-001  -0.752720E+003   0.752842E+003   0.122556E+000   0.504792E+000   0.504792E+000   0.100958E+001
     23.0600    0.000000E+000   0.500000E-001  -0.752714E+003   0.752842E+003   0.127992E+000   0.504792E+000   0.504792E+000   0.100958E+001
     23.0800    0.000000E+000   0.500000E-001  -0.752709E+003   0.752842E+003   0.133260E+000   0.504792E+000   0.504792E+000   0.100958E+001
     23.1000    0.000000E+000   0.500000E-001  -0.752703E+003   0.752842E+003   0.138363E+000   0.504792E+000   0.504792E+000   0.100958E+001
     23.1200    0.000000E+000   0.500000E-001  -0.752698E+003   0.752842E+003   0.143302E+000   0.504792E+000   0.504792E+000   0.100958E+001
     23.1400    0.000000E+000   0.500000E-001  -0.752693E+003   0.752841E+003   0.148077E+000   0.504792E+000   0.504792E+000   0.100958E+001
     23.1600    0.000000E+000   0.500000E-001  -0.752688E+003   0.752841E+003   0.152692E+000   0.504792E+000   0.504792E+000   0.100958E+001
     23.1800    0.000000E+000   0.500000E-001  -0.752683E+003   0.752841E+003   0.157146E+000   0.504792E+000   0.504792E+000   0.100958E+001
     23.2000    0.000000E+000   0.500000E-001  -0.752679E+003   0.752840E+003   0.161442E+000   0.504792E+000   0.504792E+000   0.100958E+001
     23.2200    0.000000E+000   0.500000E-001  -0.752674E+003   0.752840E+003   0.165582E+000   0.504792E+000   0.504792E+000   0.100958E+001
     23.2400    0.000000E+000   0.500000E-001  -0.752669E+003   0.752839E+003   0.169567E+000   0.504792E+000   0.504792E+000   0.100958E+001
     23.2600    0.000000E+000   0.500000E-001  -0.752665E+003   0.752838E+003   0.173398E+000   0.504792E+000   0.504792E+000   0.100958E+001
     23.2800    0.000000E+000   0.500000E-001  -0.752661E+003   0.752838E+003   0.177078E+000   0.504792E+000   0.504792E+000   0.100958E+001
     23.3000    0.000000E+000   0.500000E-001  -0.752656E+003   0.752837E+003   0.180608E+000   0.504792E+000   0.504792E+000   0.100958E+001
     23.3200    0.000000E+000   0.500000E-001  -0.752652E+003   0.752836E+003   0.183989E+000   0.504792E+000   0.504792E+000   0.100958E+001
     23.3400    0.000000E+000   0.500000E-001  -0.752648E+003   0.752835E+003   0.187225E+000   0.504792E+000   0.504792E+000   0.100958E+001
     23.3600    0.000000E+000   0.500000E-001  -0.752644E+003   0.752834E+003   0.190315E+000   0.504792E+000   0.504792E+000   0.100958E+001
     23.3800    0.000000E+000   0.500000E-001  -0.752640E+003   0.752833E+003   0.193262E+000   0.504792E+000   0.504792E+000   0.100958E+001
     23.4000    0.000000E+000   0.500000E-001  -0.752636E+003   0.752832E+003   0.196069E+000   0.504792E+000   0.504792E+000   0.100958E+001
     23.4200    0.000000E+000   0.500000E-001  -0.752633E+003   0.752831E+003   0.198736E+000   0.504792E+000   0.504792E+000   0.100958E+001
     23.4400    0.000000E+000   0.500000E-001  -0.752629E+003   0.752830E+003   0.201266E+000   0.504792E+000   0.504792E+000   0.100958E+001
     23.4600    0.000000E+000   0.500000E-001  -0.752625E+003   0.752829E+003   0.203660E+000   0.504792E+000   0.504792E+000   0.100958E+001
     23.4800    0.000000E+000   0.500000E-001  -0.752622E+003   0.752828E+003   0.205920E+000   0.504792E+000   0.504792E+000   0.100958E+001
     23.5000    0.000000E+000   0.500000E-001  -0.752619E+003   0.752827E+003   0.208049E+000   0.504792E+000   0.504792E+000   0.100958E+001
     23.5200    0.000000E+000   0.500000E-001  -0.752615E+003   0.752825E+003   0.210047E+000   0.504792E+000   0.504792E+000   0.100958E+001
     23.5400    0.000000E+000   0.500000E-001  -0.752612E+003   0.752824E+003   0.211918E+000   0.504792E+000   0.504792E+000   0.100958E+001
     23.5600    0.000000E+000   0.500000E-001  -0.752609E+003   0.752823E+003   0.213663E+000   0.504792E+000   0.504792E+000   0.100958E+001
     23.5800    0.000000E+000   0.500000E-001  -0.752606E+003   0.752821E+003   0.215283E+000   0.504792E+000   0.504792E+000   0.100958E+001
     23.6000    0.000000E+000   0.500000E-001  -0.752603E+003   0.752820E+003   0.216782E+000   0.504792E+000   0.504792E+000   0.100958E+001
     23.6200    0.000000E+000   0.500000E-001  -0.752600E+003   0.752819E+003   0.218160E+000   0.504792E+000   0.504792E+000   0.100958E+001
     23.6400    0.000000E+000   0.500000E-001  -0.752598E+003   0.752817E+003   0.219420E+000   0.504792E+000   0.504792E+000   0.100958E+001
     23.6600    0.000000E+000   0.500000E-001  -0.752595E+003   0.752815E+003   0.220563E+000   0.504792E+000   0.504792E+000   0.100958E+001
     23.6800    0.000000E+000   0.500000E-001  -0.752592E+003   0.752814E+003   0.221592E+000   0.504792E+000   0.504792E+000   0.100958E+001
     23.7000    0.000000E+000   0.500000E-001  -0.752590E+003   0.752812E+003   0.222509E+000   0.504792E+000   0.504792E+000   0.100958E+001
     23.7200    0.000000E+000   0.500000E-001  -0.752587E+003   0.752811E+003   0.223315E+000   0.504792E+000   0.504792E+000   0.100958E+001
     23.7400    0.000000E+000   0.500000E-001  -0.752585E+003   0.752809E+003   0.224013E+000   0.504792E+000   0.504792E+000   0.100958E+001
     23.7600    0.000000E+000   0.500000E-001  -0.752583E+003   0.752807E+003   0.224605E+000   0.504792E+000   0.504792E+000   0.100958E+001
     23.7800    0.000000E+000   0.500000E-001  -0.752580E+003   0.752806E+003   0.225092E+000   0.504792E+000   0.504792E+000   0.100958E+001
     23.8000    0.000000E+000   0.500000E-001  -0.752578E+003   0.752804E+003   0.225476E+000   0.504792E+000   0.504792E+000   0.100958E+001
     23.8200    0.000000E+000   0.500000E-001  -0.752576E+003   0.752802E+003   0.225760E+000   0.504792E+000   0.504792E+000   0.100958E+001
     23.8400    0.000000E+000   0.500000E-001  -0.752574E+003   0.752800E+003   0.225946E+000   0.504792E+000   0.504792E+000   0.100958E+001
     23.8600    0.000000E+000   0.500000E-001  -0.752572E+003   0.752798E+003   0.226035E+000   0.504792E+000   0.504792E+000   0.100958E+001
     23.8800    0.000000E+000   0.500000E-001  -0.752570E+003   0.752796E+003   0.226029E+000   0.504792E+000   0.504792E+000   0.100958E+001
     23.9000    0.000000E+000   0.500000E-001  -0.752569E+003   0.752794E+003   0.225931E+000   0.504792E+000   0.504792E+000   0.100958E+001
     23.9200    0.000000E+000   0.500000E-001  -0.752567E+003   0.752793E+003   0.225742E+000   0.504792E+000   0.504792E+000   0.100958E+001
     23.9400    0.000000E+000   0.500000E-001  -0.752565E+003   0.752791E+003   0.225464E+000   0.504792E+000   0.504792E+000   0.100958E+001
     23.9600    0.000000E+000   0.500000E-001  -0.752564E+003   0.752789E+003   0.225100E+000   0.504792E+000   0.504792E+000   0.100958E+001
     23.9800    0.000000E+000   0.500000E-001  -0.752562E+003   0.752787E+003   0.224651E+000   0.504792E+000   0.504792E+000   0.100958E+001
     24.0000    0.000000E+000   0.500000E-001  -0.752560E+003   0.752785E+003   0.224118E+000   0.504792E+000   0.504792E+000   0.100958E+001
     24.0200    0.000000E+000   0.500000E-001  -0.752559E+003   0.752783E+003   0.223506E+000   0.504792E+000   0.504792E+000   0.100958E+001
     24.0400    0.000000E+000   0.500000E-001  -0.752558E+003   0.752780E+003   0.222814E+000   0.504792E+000   0.504792E+000   0.100958E+001
     24.0600    0.000000E+000   0.500000E-001  -0.752556E+003   0.752778E+003   0.222045E+000   0.504792E+000   0.504792E+000   0.100958E+001
     24.0800    0.000000E+000   0.500000E-001  -0.752555E+003   0.752776E+003   0.221200E+000   0.504792E+000   0.504792E+000   0.100958E+001
     24.1000    0.000000E+000   0.500000E-001  -0.752554E+003   0.752774E+003   0.220283E+000   0.504792E+000   0.504792E+000   0.100958E+001
     24.1200    0.000000E+000   0.500000E-001  -0.752553E+003   0.752772E+003   0.219294E+000   0.504792E+000   0.504792E+000   0.100958E+001
     24.1400    0.000000E+000   0.500000E-001  -0.752552E+003   0.752770E+003   0.218235E+000   0.504792E+000   0.504792E+000   0.100958E+001
     24.1600    0.000000E+000   0.500000E-001  -0.752551E+003   0.752768E+003   0.217109E+000   0.504792E+000   0.504792E+000   0.100958E+001
     24.1800    0.000000E+000   0.500000E-001  -0.752550E+003   0.752766E+003   0.215917E+000   0.504792E+000   0.504792E+000   0.100958E+001
     24.2000    0.000000E+000   0.500000E-001  -0.752549E+003   0.752763E+003   0.214662E+000   0.504792E+000   0.504792E+000   0.100958E+001
     24.2200    0.000000E+000   0.500000E-001  -0.752548E+003   0.752761E+003   0.213344E+000   0.504792E+000   0.504792E+000   0.100958E+001
     24.2400    0.000000E+000   0.500000E-001  -0.752547E+003   0.752759E+003   0.211965E+000   0.504792E+000   0.504792E+000   0.100958E+001
     24.2600    0.000000E+000   0.500000E-001  -0.752546E+003   0.752757E+003   0.210528E+000   0.504792E+000   0.504792E+000   0.100958E+001
     24.2800    0.000000E+000   0.500000E-001  -0.752545E+003   0.752755E+003   0.209035E+000   0.504792E+000   0.504792E+000   0.100958E+001
     24.3000    0.000000E+000   0.500000E-001  -0.752545E+003   0.752752E+003   0.207486E+000   0.504792E+000   0.504792E+000   0.100958E+001
     24.3200    0.000000E+000   0.500000E-001  -0.752544E+003   0.752750E+003   0.205884E+000   0.504792E+000   0.504792E+000   0.100958E+001
     24.3400    0.000000E+000   0.500000E-001  -0.752544E+003   0.752748E+003   0.204231E+000   0.504792E+000   0.504792E+000   0.100958E+001
     24.3600    0.000000E+000   0.500000E-001  -0.752543E+003   0.752745E+003   0.202527E+000   0.504792E+000   0.504792E+000   0.100958E+001
     24.3800    0.000000E+000   0.500000E-001  -0.752542E+003   0.752743E+003   0.200776E+000   0.504792E+000   0.504792E+000   0.100958E+001
     24.4000    0.000000E+000   0.500000E-001  -0.752542E+003   0.752741E+003   0.198978E+000   0.504792E+000   0.504792E+000   0.100958E+001
     24.4200    0.000000E+000   0.500000E-001  -0.752542E+003   0.752739E+003   0.197136E+000   0.504792E+000   0.504792E+000   0.100958E+001
     24.4400    0.000000E+000   0.500000E-001  -0.752541E+003   0.752736E+003   0.195250E+000   0.504792E+000   0.504792E+000   0.100958E+001
     24.4600    0.000000E+000   0.500000E-001  -0.752541E+003   0.752734E+003   0.193324E+000   0.504792E+000   0.504792E+000   0.100958E+001
     24.4800    0.000000E+000   0.500000E-001  -0.752540E+003   0.752732E+003   0.191357E+000   0.504792E+000   0.504792E+000   0.100958E+001
     24.5000    0.000000E+000   0.500000E-001  -0.752540E+003   0.752729E+003   0.189352E+000   0.504793E+000   0.504793E+000   0.100959E+001
     24.5200    0.000000E+000   0.500000E-001  -0.752540E+003   0.752727E+003   0.187311E+000   0.504793E+000   0.504793E+000   0.100959E+001
     24.5400    0.000000E+000   0.500000E-001  -0.752540E+003   0.752725E+003   0.185234E+000   0.504793E+000   0.504793E+000   0.100959E+001
     24.5600    0.000000E+000   0.500000E-001  -0.752539E+003   0.752723E+003   0.183124E+000   0.504793E+000   0.504793E+000   0.100959E+001
     24.5800    0.000000E+000   0.500000E-001  -0.752539E+003   0.752720E+003   0.180982E+000   0.504793E+000   0.504793E+000   0.100959E+001
     24.6000    0.000000E+000   0.500000E-001  -0.752539E+003   0.752718E+003   0.178809E+000   0.504793E+000   0.504793E+000   0.100959E+001
     24.6200    0.000000E+000   0.500000E-001  -0.752539E+003   0.752716E+003   0.176608E+000   0.504793E+000   0.504793E+000   0.100959E+001
     24.6400    0.000000E+000   0.500000E-001  -0.752539E+003   0.752713E+003   0.174379E+000   0.504793E+000   0.504793E+000   0.100959E+001
     24.6600    0.000000E+000   0.500000E-001  -0.752539E+003   0.752711E+003   0.172124E+000   0.504793E+000   0.504793E+000   0.100959E+001
     24.6800    0.000000E+000   0.500000E-001  -0.752539E+003   0.752709E+003   0.169844E+000   0.504793E+000   0.504793E+000   0.100959E+001
     24.7000    0.000000E+000   0.500000E-001  -0.752539E+003   0.752706E+003   0.167541E+000   0.504793E+000   0.504793E+000   0.100959E+001
     24.7200    0.000000E+000   0.500000E-001  -0.752539E+003   0.752704E+003   0.165216E+000   0.504793E+000   0.504793E+000   0.100959E+001
     24.7400    0.000000E+000   0.500000E-001  -0.752539E+003   0.752702E+003   0.162871E+000   0.504793E+000   0.504793E+000   0.100959E+001
     24.7600    0.000000E+000   0.500000E-001  -0.752539E+003   0.752700E+003   0.160507E+000   0.504793E+000   0.504793E+000   0.100959E+001
     24.7800    0.000000E+000   0.500000E-001  -0.752539E+003   0.752697E+003   0.158125E+000   0.504793E+000   0.504793E+000   0.100959E+001
     24.8000    0.000000E+000   0.500000E-001  -0.752539E+003   0.752695E+003   0.155726E+000   0.504793E+000   0.504793E+000   0.100959E+001
     24.8200    0.000000E+000   0.500000E-001  -0.752540E+003   0.752693E+003   0.153312E+000   0.504793E+000   0.504793E+000   0.100959E+001
     24.8400    0.000000E+000   0.500000E-001  -0.752540E+003   0.752691E+003   0.150885E+000   0.504793E+000   0.504793E+000   0.100959E+001
     24.8600    0.000000E+000   0.500000E-001  -0.752540E+003   0.752688E+003   0.148444E+000   0.504793E+000   0.504793E+000   0.100959E+001
     24.8800    0.000000E+000   0.500000E-001  -0.752540E+003   0.752686E+003   0.145993E+000   0.504793E+000   0.504793E+000   0.100959E+001
     24.9000    0.000000E+000   0.500000E-001  -0.752540E+003   0.752684E+003   0.143531E+000   0.504793E+000   0.504793E+000   0.100959E+001
     24.9200    0.000000E+000   0.500000E-001  -0.752541E+003   0.752682E+003   0.141059E+000   0.504793E+000   0.504793E+000   0.100959E+001
     24.9400    0.000000E+000   0.500000E-001  -0.752541E+003   0.752679E+003   0.138580E+000   0.504793E+000   0.504793E+000   0.100959E+001
     24.9600    0.000000E+000   0.500000E-001  -0.752541E+003   0.752677E+003   0.136095E+000   0.504793E+000   0.504793E+000   0.100959E+001
     24.9800    0.000000E+000   0.500000E-001  -0.752541E+003   0.752675E+003   0.133603E+000   0.504793E+000   0.504793E+000   0.100959E+001
     25.0000    0.000000E+000   0.500000E-001  -0.752542E+003   0.752673E+003   0.131107E+000   0.504793E+000   0.504793E+000   0.100959E+001
     25.0200    0.000000E+000   0.500000E-001  -0.752542E+003   0.752671E+003   0.128608E+000   0.504793E+000   0.504793E+000   0.100959E+001
     25.0400    0.000000E+000   0.500000E-001  -0.752542E+003   0.752669E+003   0.126106E+000   0.504793E+000   0.504793E+000   0.100959E+001
     25.0600    0.000000E+000   0.500000E-001  -0.752543E+003   0.752666E+003   0.123603E+000   0.504793E+000   0.504793E+000   0.100959E+001
     25.0800    0.000000E+000   0.500000E-001  -0.752543E+003   0.752664E+003   0.121099E+000   0.504793E+000   0.504793E+000   0.100959E+001
     25.1000    0.000000E+000   0.500000E-001  -0.752544E+003   0.752662E+003   0.118596E+000   0.504793E+000   0.504793E+000   0.100959E+001
     25.1200    0.000000E+000   0.500000E-001  -0.752544E+003   0.752660E+003   0.116095E+000   0.504793E+000   0.504793E+000   0.100959E+001
     25.1400    0.000000E+000   0.500000E-001  -0.752544E+003   0.752658E+003   0.113597E+000   0.504793E+000   0.504793E+000   0.100959E+001
     25.1600    0.000000E+000   0.500000E-001  -0.752545E+003   0.752656E+003   0.111101E+000   0.504793E+000   0.504793E+000   0.100959E+001
     25.1800    0.000000E+000   0.500000E-001  -0.752545E+003   0.752654E+003   0.108611E+000   0.504793E+000   0.504793E+000   0.100959E+001
     25.2000    0.000000E+000   0.500000E-001  -0.752546E+003   0.752652E+003   0.106125E+000   0.504793E+000   0.504793E+000   0.100959E+001
     25.2200    0.000000E+000   0.500000E-001  -0.752546E+003   0.752650E+003   0.103646E+000   0.504793E+000   0.504793E+000   0.100959E+001
     25.2400    0.000000E+000   0.500000E-001  -0.752546E+003   0.752648E+003   0.101174E+000   0.504793E+000   0.504793E+000   0.100959E+001
     25.2600    0.000000E+000   0.500000E-001  -0.752547E+003   0.752646E+003   0.987093E-001   0.504793E+000   0.504793E+000   0.100959E+001
     25.2800    0.000000E+000   0.500000E-001  -0.752547E+003   0.752644E+003   0.962536E-001   0.504793E+000   0.504793E+000   0.100959E+001
     25.3000    0.000000E+000   0.500000E-001  -0.752548E+003   0.752642E+003   0.938073E-001   0.504793E+000   0.504793E+000   0.100959E+001
     25.3200    0.000000E+000   0.500000E-001  -0.752548E+003   0.752640E+003   0.913713E-001   0.504793E+000   0.504793E+000   0.100959E+001
     25.3400    0.000000E+000   0.500000E-001  -0.752549E+003   0.752638E+003   0.889463E-001   0.504793E+000   0.504793E+000   0.100959E+001
     25.3600    0.000000E+000   0.500000E-001  -0.752549E+003   0.752636E+003   0.865329E-001   0.504793E+000   0.504793E+000   0.100959E+001
     25.3800    0.000000E+000   0.500000E-001  -0.752550E+003   0.752634E+003   0.841320E-001   0.504793E+000   0.504793E+000   0.100959E+001
     25.4000    0.000000E+000   0.500000E-001  -0.752550E+003   0.752632E+003   0.817442E-001   0.504793E+000   0.504793E+000   0.100959E+001
     25.4200    0.000000E+000   0.500000E-001  -0.752551E+003   0.752630E+003   0.793702E-001   0.504793E+000   0.504793E+000   0.100959E+001
     25.4400    0.000000E+000   0.500000E-001  -0.752551E+003   0.752628E+003   0.770106E-001   0.504793E+000   0.504793E+000   0.100959E+001
     25.4600    0.000000E+000   0.500000E-001  -0.752551E+003   0.752626E+003   0.746660E-001   0.504793E+000   0.504793E+000   0.100959E+001
     25.4800    0.000000E+000   0.500000E-001  -0.752552E+003   0.752624E+003   0.723372E-001   0.504793E+000   0.504793E+000   0.100959E+001
     25.5000    0.000000E+000   0.500000E-001  -0.752552E+003   0.752622E+003   0.700246E-001   0.504793E+000   0.504793E+000   0.100959E+001
     25.5200    0.000000E+000   0.500000E-001  -0.752553E+003   0.752621E+003   0.677289E-001   0.504793E+000   0.504793E+000   0.100959E+001
     25.5400    0.000000E+000   0.500000E-001  -0.752553E+003   0.752619E+003   0.654506E-001   0.504793E+000   0.504793E+000   0.100959E+001
     25.5600    0.000000E+000   0.500000E-001  -0.752554E+003   0.752617E+003   0.631902E-001   0.504793E+000   0.504793E+000   0.100959E+001
     25.5800    0.000000E+000   0.500000E-001  -0.752554E+003   0.752615E+003   0.609483E-001   0.504793E+000   0.504793E+000   0.100959E+001
     25.6000    0.000000E+000   0.500000E-001  -0.752555E+003   0.752613E+003   0.587253E-001   0.504793E+000   0.504793E+000   0.100959E+001
     25.6200    0.000000E+000   0.500000E-001  -0.752555E+003   0.752612E+003   0.565218E-001   0.504793E+000   0.504793E+000   0.100959E+001
     25.6400    0.000000E+000   0.500000E-001  -0.752556E+003   0.752610E+003   0.543383E-001   0.504793E+000   0.504793E+000   0.100959E+001
     25.6600    0.000000E+000   0.500000E-001  -0.752556E+003   0.752608E+003   0.521751E-001   0.504793E+000   0.504793E+000   0.100959E+001
     25.6800    0.000000E+000   0.500000E-001  -0.752557E+003   0.752607E+003   0.500327E-001   0.504793E+000   0.504793E+000   0.100959E+001
     25.7000    0.000000E+000   0.500000E-001  -0.752557E+003   0.752605E+003   0.479116E-001   0.504793E+000   0.504793E+000   0.100959E+001
     25.7200    0.000000E+000   0.500000E-001  -0.752558E+003   0.752603E+003   0.458120E-001   0.504793E+000   0.504793E+000   0.100959E+001
     25.7400    0.000000E+000   0.500000E-001  -0.752558E+003   0.752602E+003   0.437345E-001   0.504793E+000   0.504793E+000   0.100959E+001
     25.7600    0.000000E+000   0.500000E-001  -0.752558E+003   0.752600E+003   0.416793E-001   0.504793E+000   0.504793E+000   0.100959E+001
     25.7800    0.000000E+000   0.500000E-001  -0.752559E+003   0.752598E+003   0.396469E-001   0.504793E+000   0.504793E+000   0.100959E+001
     25.8000    0.000000E+000   0.500000E-001  -0.752559E+003   0.752597E+003   0.376375E-001   0.504793E+000   0.504793E+000   0.100959E+001
     25.8200    0.000000E+000   0.500000E-001  -0.752560E+003   0.752595E+003   0.356515E-001   0.504793E+000   0.504793E+000   0.100959E+001
     25.8400    0.000000E+000   0.500000E-001  -0.752560E+003   0.752594E+003   0.336892E-001   0.504793E+000   0.504793E+000   0.100959E+001
     25.8600    0.000000E+000   0.500000E-001  -0.752561E+003   0.752592E+003   0.317509E-001   0.504793E+000   0.504793E+000   0.100959E+001
     25.8800    0.000000E+000   0.500000E-001  -0.752561E+003   0.752591E+003   0.298367E-001   0.504793E+000   0.504793E+000   0.100959E+001
     25.9000    0.000000E+000   0.500000E-001  -0.752561E+003   0.752589E+003   0.279471E-001   0.504793E+000   0.504793E+000   0.100959E+001
     25.9200    0.000000E+000   0.500000E-001  -0.752562E+003   0.752588E+003   0.260822E-001   0.504793E+000   0.504793E+000   0.100959E+001
     25.9400    0.000000E+000   0.500000E-001  -0.752562E+003   0.752586E+003   0.242422E-001   0.504793E+000   0.504793E+000   0.100959E+001
     25.9600    0.000000E+000   0.500000E-001  -0.752562E+003   0.752585E+003   0.224275E-001   0.504793E+000   0.504793E+000   0.100959E+001
     25.9800    0.000000E+000   0.500000E-001  -0.752563E+003   0.752583E+003   0.206380E-001   0.504793E+000   0.504793E+000   0.100959E+001
     26.0000    0.000000E+000   0.500000E-001  -0.752563E+003   0.752582E+003   0.188742E-001   0.504793E+000   0.504793E+000   0.100959E+001
     26.0200    0.000000E+000   0.500000E-001  -0.752564E+003   0.752581E+003   0.171361E-001   0.504793E+000   0.504793E+000   0.100959E+001
     26.0400    0.000000E+000   0.500000E-001  -0.752564E+003   0.752579E+003   0.154238E-001   0.504793E+000   0.504793E+000   0.100959E+001
     26.0600    0.000000E+000   0.500000E-001  -0.752564E+003   0.752578E+003   0.137376E-001   0.504793E+000   0.504793E+000   0.100959E+001
     26.0800    0.000000E+000   0.500000E-001  -0.752565E+003   0.752577E+003   0.120775E-001   0.504793E+000   0.504793E+000   0.100959E+001
     26.1000    0.000000E+000   0.500000E-001  -0.752565E+003   0.752575E+003   0.104437E-001   0.504793E+000   0.504793E+000   0.100959E+001
     26.1200    0.000000E+000   0.500000E-001  -0.752565E+003   0.752574E+003   0.883628E-002   0.504793E+000   0.504793E+000   0.100959E+001
     26.1400    0.000000E+000   0.500000E-001  -0.752566E+003   0.752573E+003   0.725533E-002   0.504793E+000   0.504793E+000   0.100959E+001
     26.1600    0.000000E+000   0.500000E-001  -0.752566E+003   0.752572E+003   0.570093E-002   0.504793E+000   0.504793E+000   0.100959E+001
     26.1800    0.000000E+000   0.500000E-001  -0.752566E+003   0.752570E+003   0.417315E-002   0.504793E+000   0.504793E+000   0.100959E+001
     26.2000    0.000000E+000   0.500000E-001  -0.752566E+003   0.752569E+003   0.267205E-002   0.504793E+000   0.504793E+000   0.100959E+001
     26.2200    0.000000E+000   0.500000E-001  -0.752567E+003   0.752568E+003   0.119767E-002   0.504793E+000   0.504793E+000   0.100959E+001
     26.2400    0.000000E+000   0.500000E-001  -0.752567E+003   0.752567E+003  -0.249964E-003   0.504793E+000   0.504793E+000   0.100959E+001
     26.2600    0.000000E+000   0.500000E-001  -0.752567E+003   0.752566E+003  -0.167082E-002   0.504793E+000   0.504793E+000   0.100959E+001
     26.2800    0.000000E+000   0.500000E-001  -0.752567E+003   0.752564E+003  -0.306488E-002   0.504793E+000   0.504793E+000   0.100959E+001
     26.3000    0.000000E+000   0.500000E-001  -0.752568E+003   0.752563E+003  -0.443215E-002   0.504793E+000   0.504793E+000   0.100959E+001
     26.3200    0.000000E+000   0.500000E-001  -0.752568E+003   0.752562E+003  -0.577264E-002   0.504793E+000   0.504793E+000   0.100959E+001
     26.3400    0.000000E+000   0.500000E-001  -0.752568E+003   0.752561E+003  -0.708637E-002   0.504793E+000   0.504793E+000   0.100959E+001
     26.3600    0.000000E+000   0.500000E-001  -0.752568E+003   0.752560E+003  -0.837337E-002   0.504793E+000   0.504793E+000   0.100959E+001
     26.3800    0.000000E+000   0.500000E-001  -0.752568E+003   0.752559E+003  -0.963368E-002   0.504793E+000   0.504793E+000   0.100959E+001
     26.4000    0.000000E+000   0.500000E-001  -0.752569E+003   0.752558E+003  -0.108673E-001   0.504793E+000   0.504793E+000   0.100959E+001
     26.4200    0.000000E+000   0.500000E-001  -0.752569E+003   0.752557E+003  -0.120744E-001   0.504793E+000   0.504793E+000   0.100959E+001
     26.4400    0.000000E+000   0.500000E-001  -0.752569E+003   0.752556E+003  -0.132550E-001   0.504793E+000   0.504793E+000   0.100959E+001
     26.4600    0.000000E+000   0.500000E-001  -0.752569E+003   0.752555E+003  -0.144091E-001   0.504793E+000   0.504793E+000   0.100959E+001
     26.4800    0.000000E+000   0.500000E-001  -0.752569E+003   0.752554E+003  -0.155369E-001   0.504793E+000   0.504793E+000   0.100959E+001
     26.5000    0.000000E+000   0.500000E-001  -0.752569E+003   0.752553E+003  -0.166384E-001   0.504793E+000   0.504793E+000   0.100959E+001
     26.5200    0.000000E+000   0.500000E-001  -0.752570E+003   0.752552E+003  -0.177137E-001   0.504793E+000   0.504793E+000   0.100959E+001
     26.5400    0.000000E+000   0.500000E-001  -0.752570E+003   0.752551E+003  -0.187630E-001   0.504793E+000   0.504793E+000   0.100959E+001
     26.5600    0.000000E+000   0.500000E-001  -0.752570E+003   0.752550E+003  -0.197864E-001   0.504793E+000   0.504793E+000   0.100959E+001
     26.5800    0.000000E+000   0.500000E-001  -0.752570E+003   0.752549E+003  -0.207839E-001   0.504793E+000   0.504793E+000   0.100959E+001
     26.6000    0.000000E+000   0.500000E-001  -0.752570E+003   0.752548E+003  -0.217558E-001   0.504793E+000   0.504793E+000   0.100959E+001
     26.6200    0.000000E+000   0.500000E-001  -0.752570E+003   0.752547E+003  -0.227021E-001   0.504793E+000   0.504793E+000   0.100959E+001
     26.6400    0.000000E+000   0.500000E-001  -0.752570E+003   0.752546E+003  -0.236231E-001   0.504793E+000   0.504793E+000   0.100959E+001
     26.6600    0.000000E+000   0.500000E-001  -0.752570E+003   0.752546E+003  -0.245188E-001   0.504793E+000   0.504793E+000   0.100959E+001
     26.6800    0.000000E+000   0.500000E-001  -0.752570E+003   0.752545E+003  -0.253894E-001   0.504793E+000   0.504793E+000   0.100959E+001
     26.7000    0.000000E+000   0.500000E-001  -0.752570E+003   0.752544E+003  -0.262352E-001   0.504793E+000   0.504793E+000   0.100959E+001
     26.7200    0.000000E+000   0.500000E-001  -0.752570E+003   0.752543E+003  -0.270562E-001   0.504793E+000   0.504793E+000   0.100959E+001
     26.7400    0.000000E+000   0.500000E-001  -0.752570E+003   0.752542E+003  -0.278526E-001   0.504793E+000   0.504793E+000   0.100959E+001
     26.7600    0.000000E+000   0.500000E-001  -0.752570E+003   0.752542E+003  -0.286247E-001   0.504793E+000   0.504793E+000   0.100959E+001
     26.7800    0.000000E+000   0.500000E-001  -0.752570E+003   0.752541E+003  -0.293726E-001   0.504793E+000   0.504793E+000   0.100959E+001
     26.8000    0.000000E+000   0.500000E-001  -0.752570E+003   0.752540E+003  -0.300966E-001   0.504793E+000   0.504793E+000   0.100959E+001
     26.8200    0.000000E+000   0.500000E-001  -0.752570E+003   0.752539E+003  -0.307967E-001   0.504793E+000   0.504793E+000   0.100959E+001
     26.8400    0.000000E+000   0.500000E-001  -0.752570E+003   0.752539E+003  -0.314733E-001   0.504793E+000   0.504793E+000   0.100959E+001
     26.8600    0.000000E+000   0.500000E-001  -0.752570E+003   0.752538E+003  -0.321265E-001   0.504793E+000   0.504793E+000   0.100959E+001
     26.8800    0.000000E+000   0.500000E-001  -0.752570E+003   0.752537E+003  -0.327565E-001   0.504793E+000   0.504793E+000   0.100959E+001
     26.9000    0.000000E+000   0.500000E-001  -0.752570E+003   0.752536E+003  -0.333637E-001   0.504793E+000   0.504793E+000   0.100959E+001
     26.9200    0.000000E+000   0.500000E-001  -0.752570E+003   0.752536E+003  -0.339481E-001   0.504793E+000   0.504793E+000   0.100959E+001
     26.9400    0.000000E+000   0.500000E-001  -0.752570E+003   0.752535E+003  -0.345101E-001   0.504793E+000   0.504793E+000   0.100959E+001
     26.9600    0.000000E+000   0.500000E-001  -0.752570E+003   0.752534E+003  -0.350498E-001   0.504793E+000   0.504793E+000   0.100959E+001
     26.9800    0.000000E+000   0.500000E-001  -0.752569E+003   0.752534E+003  -0.355675E-001   0.504793E+000   0.504793E+000   0.100959E+001
     27.0000    0.000000E+000   0.500000E-001  -0.752569E+003   0.752533E+003  -0.360635E-001   0.504793E+000   0.504793E+000   0.100959E+001
     27.0200    0.000000E+000   0.500000E-001  -0.752569E+003   0.752533E+003  -0.365379E-001   0.504793E+000   0.504793E+000   0.100959E+001
     27.0400    0.000000E+000   0.500000E-001  -0.752569E+003   0.752532E+003  -0.369911E-001   0.504793E+000   0.504793E+000   0.100959E+001
     27.0600    0.000000E+000   0.500000E-001  -0.752569E+003   0.752531E+003  -0.374233E-001   0.504793E+000   0.504793E+000   0.100959E+001
     27.0800    0.000000E+000   0.500000E-001  -0.752569E+003   0.752531E+003  -0.378347E-001   0.504793E+000   0.504793E+000   0.100959E+001
     27.1000    0.000000E+000   0.500000E-001  -0.752569E+003   0.752530E+003  -0.382255E-001   0.504793E+000   0.504793E+000   0.100959E+001
     27.1200    0.000000E+000   0.500000E-001  -0.752568E+003   0.752530E+003  -0.385962E-001   0.504793E+000   0.504793E+000   0.100959E+001
     27.1400    0.000000E+000   0.500000E-001  -0.752568E+003   0.752529E+003  -0.389468E-001   0.504793E+000   0.504793E+000   0.100959E+001
     27.1600    0.000000E+000   0.500000E-001  -0.752568E+003   0.752529E+003  -0.392777E-001   0.504793E+000   0.504793E+000   0.100959E+001
     27.1800    0.000000E+000   0.500000E-001  -0.752568E+003   0.752528E+003  -0.395892E-001   0.504793E+000   0.504793E+000   0.100959E+001
     27.2000    0.000000E+000   0.500000E-001  -0.752568E+003   0.752528E+003  -0.398815E-001   0.504793E+000   0.504793E+000   0.100959E+001
     27.2200    0.000000E+000   0.500000E-001  -0.752567E+003   0.752527E+003  -0.401548E-001   0.504793E+000   0.504793E+000   0.100959E+001
     27.2400    0.000000E+000   0.500000E-001  -0.752567E+003   0.752527E+003  -0.404095E-001   0.504793E+000   0.504793E+000   0.100959E+001
     27.2600    0.000000E+000   0.500000E-001  -0.752567E+003   0.752526E+003  -0.406459E-001   0.504793E+000   0.504793E+000   0.100959E+001
     27.2800    0.000000E+000   0.500000E-001  -0.752567E+003   0.752526E+003  -0.408641E-001   0.504793E+000   0.504793E+000   0.100959E+001
     27.3000    0.000000E+000   0.500000E-001  -0.752566E+003   0.752525E+003  -0.410645E-001   0.504793E+000   0.504793E+000   0.100959E+001
     27.3200    0.000000E+000   0.500000E-001  -0.752566E+003   0.752525E+003  -0.412474E-001   0.504793E+000   0.504793E+000   0.100959E+001
     27.3400    0.000000E+000   0.500000E-001  -0.752566E+003   0.752524E+003  -0.414130E-001   0.504793E+000   0.504793E+000   0.100959E+001
     27.3600    0.000000E+000   0.500000E-001  -0.752566E+003   0.752524E+003  -0.415616E-001   0.504793E+000   0.504793E+000   0.100959E+001
     27.3800    0.000000E+000   0.500000E-001  -0.752565E+003   0.752524E+003  -0.416935E-001   0.504793E+000   0.504793E+000   0.100959E+001
     27.4000    0.000000E+000   0.500000E-001  -0.752565E+003   0.752523E+003  -0.418090E-001   0.504793E+000   0.504793E+000   0.100959E+001
     27.4200    0.000000E+000   0.500000E-001  -0.752565E+003   0.752523E+003  -0.419083E-001   0.504793E+000   0.504793E+000   0.100959E+001
     27.4400    0.000000E+000   0.500000E-001  -0.752564E+003   0.752522E+003  -0.419918E-001   0.504793E+000   0.504793E+000   0.100959E+001
     27.4600    0.000000E+000   0.500000E-001  -0.752564E+003   0.752522E+003  -0.420597E-001   0.504793E+000   0.504793E+000   0.100959E+001
     27.4800    0.000000E+000   0.500000E-001  -0.752564E+003   0.752522E+003  -0.421123E-001   0.504793E+000   0.504793E+000   0.100959E+001
     27.5000    0.000000E+000   0.500000E-001  -0.752564E+003   0.752521E+003  -0.421498E-001   0.504793E+000   0.504793E+000   0.100959E+001
     27.5200    0.000000E+000   0.500000E-001  -0.752563E+003   0.752521E+003  -0.421727E-001   0.504793E+000   0.504793E+000   0.100959E+001
     27.5400    0.000000E+000   0.500000E-001  -0.752563E+003   0.752521E+003  -0.421811E-001   0.504793E+000   0.504793E+000   0.100959E+001
     27.5600    0.000000E+000   0.500000E-001  -0.752563E+003   0.752520E+003  -0.421753E-001   0.504793E+000   0.504793E+000   0.100959E+001
     27.5800    0.000000E+000   0.500000E-001  -0.752562E+003   0.752520E+003  -0.421557E-001   0.504793E+000   0.504793E+000   0.100959E+001
     27.6000    0.000000E+000   0.500000E-001  -0.752562E+003   0.752520E+003  -0.421225E-001   0.504793E+000   0.504793E+000   0.100959E+001
     27.6200    0.000000E+000   0.500000E-001  -0.752561E+003   0.752519E+003  -0.420759E-001   0.504793E+000   0.504793E+000   0.100959E+001
     27.6400    0.000000E+000   0.500000E-001  -0.752561E+003   0.752519E+003  -0.420163E-001   0.504793E+000   0.504793E+000   0.100959E+001
     27.6600    0.000000E+000   0.500000E-001  -0.752561E+003   0.752519E+003  -0.419439E-001   0.504793E+000   0.504793E+000   0.100959E+001
     27.6800    0.000000E+000   0.500000E-001  -0.752560E+003   0.752519E+003  -0.418591E-001   0.504793E+000   0.504793E+000   0.100959E+001
     27.7000    0.000000E+000   0.500000E-001  -0.752560E+003   0.752518E+003  -0.417620E-001   0.504793E+000   0.504793E+000   0.100959E+001
     27.7200    0.000000E+000   0.500000E-001  -0.752560E+003   0.752518E+003  -0.416530E-001   0.504793E+000   0.504793E+000   0.100959E+001
     27.7400    0.000000E+000   0.500000E-001  -0.752559E+003   0.752518E+003  -0.415324E-001   0.504793E+000   0.504793E+000   0.100959E+001
     27.7600    0.000000E+000   0.500000E-001  -0.752559E+003   0.752517E+003  -0.414004E-001   0.504793E+000   0.504793E+000   0.100959E+001
     27.7800    0.000000E+000   0.500000E-001  -0.752558E+003   0.752517E+003  -0.412573E-001   0.504793E+000   0.504793E+000   0.100959E+001
     27.8000    0.000000E+000   0.500000E-001  -0.752558E+003   0.752517E+003  -0.411034E-001   0.504793E+000   0.504793E+000   0.100959E+001
     27.8200    0.000000E+000   0.500000E-001  -0.752558E+003   0.752517E+003  -0.409389E-001   0.504793E+000   0.504793E+000   0.100959E+001
     27.8400    0.000000E+000   0.500000E-001  -0.752557E+003   0.752516E+003  -0.407641E-001   0.504793E+000   0.504793E+000   0.100959E+001
     27.8600    0.000000E+000   0.500000E-001  -0.752557E+003   0.752516E+003  -0.405793E-001   0.504793E+000   0.504793E+000   0.100959E+001
     27.8800    0.000000E+000   0.500000E-001  -0.752556E+003   0.752516E+003  -0.403847E-001   0.504793E+000   0.504793E+000   0.100959E+001
     27.9000    0.000000E+000   0.500000E-001  -0.752556E+003   0.752516E+003  -0.401807E-001   0.504793E+000   0.504793E+000   0.100959E+001
     27.9200    0.000000E+000   0.500000E-001  -0.752556E+003   0.752516E+003  -0.399674E-001   0.504793E+000   0.504793E+000   0.100959E+001
     27.9400    0.000000E+000   0.500000E-001  -0.752555E+003   0.752515E+003  -0.397452E-001   0.504793E+000   0.504793E+000   0.100959E+001
     27.9600    0.000000E+000   0.500000E-001  -0.752555E+003   0.752515E+003  -0.395142E-001   0.504793E+000   0.504793E+000   0.100959E+001
     27.9800    0.000000E+000   0.500000E-001  -0.752554E+003   0.752515E+003  -0.392748E-001   0.504793E+000   0.504793E+000   0.100959E+001
     28.0000    0.000000E+000   0.500000E-001  -0.752554E+003   0.752515E+003  -0.390272E-001   0.504793E+000   0.504793E+000   0.100959E+001
     28.0200    0.000000E+000   0.500000E-001  -0.752553E+003   0.752515E+003  -0.387717E-001   0.504793E+000   0.504793E+000   0.100959E+001
     28.0400    0.000000E+000   0.500000E-001  -0.752553E+003   0.752514E+003  -0.385084E-001   0.504793E+000   0.504793E+000   0.100959E+001
     28.0600    0.000000E+000   0.500000E-001  -0.752552E+003   0.752514E+003  -0.382378E-001   0.504793E+000   0.504793E+000   0.100959E+001
     28.0800    0.000000E+000   0.500000E-001  -0.752552E+003   0.752514E+003  -0.379599E-001   0.504793E+000   0.504793E+000   0.100959E+001
     28.1000    0.000000E+000   0.500000E-001  -0.752552E+003   0.752514E+003  -0.376751E-001   0.504793E+000   0.504793E+000   0.100959E+001
     28.1200    0.000000E+000   0.500000E-001  -0.752551E+003   0.752514E+003  -0.373835E-001   0.504793E+000   0.504793E+000   0.100959E+001
     28.1400    0.000000E+000   0.500000E-001  -0.752551E+003   0.752514E+003  -0.370855E-001   0.504793E+000   0.504793E+000   0.100959E+001
     28.1600    0.000000E+000   0.500000E-001  -0.752550E+003   0.752513E+003  -0.367813E-001   0.504793E+000   0.504793E+000   0.100959E+001
     28.1800    0.000000E+000   0.500000E-001  -0.752550E+003   0.752513E+003  -0.364710E-001   0.504793E+000   0.504793E+000   0.100959E+001
     28.2000    0.000000E+000   0.500000E-001  -0.752549E+003   0.752513E+003  -0.361550E-001   0.504793E+000   0.504793E+000   0.100959E+001
     28.2200    0.000000E+000   0.500000E-001  -0.752549E+003   0.752513E+003  -0.358335E-001   0.504793E+000   0.504793E+000   0.100959E+001
     28.2400    0.000000E+000   0.500000E-001  -0.752548E+003   0.752513E+003  -0.355066E-001   0.504793E+000   0.504793E+000   0.100959E+001
     28.2600    0.000000E+000   0.500000E-001  -0.752548E+003   0.752513E+003  -0.351747E-001   0.504793E+000   0.504793E+000   0.100959E+001
     28.2800    0.000000E+000   0.500000E-001  -0.752547E+003   0.752512E+003  -0.348379E-001   0.504793E+000   0.504793E+000   0.100959E+001
     28.3000    0.000000E+000   0.500000E-001  -0.752547E+003   0.752512E+003  -0.344964E-001   0.504793E+000   0.504793E+000   0.100959E+001
     28.3200    0.000000E+000   0.500000E-001  -0.752546E+003   0.752512E+003  -0.341506E-001   0.504793E+000   0.504793E+000   0.100959E+001
     28.3400    0.000000E+000   0.500000E-001  -0.752546E+003   0.752512E+003  -0.338005E-001   0.504793E+000   0.504793E+000   0.100959E+001
     28.3600    0.000000E+000   0.500000E-001  -0.752545E+003   0.752512E+003  -0.334464E-001   0.504793E+000   0.504793E+000   0.100959E+001
     28.3800    0.000000E+000   0.500000E-001  -0.752545E+003   0.752512E+003  -0.330885E-001   0.504793E+000   0.504793E+000   0.100959E+001
     28.4000    0.000000E+000   0.500000E-001  -0.752544E+003   0.752512E+003  -0.327270E-001   0.504793E+000   0.504793E+000   0.100959E+001
     28.4200    0.000000E+000   0.500000E-001  -0.752544E+003   0.752512E+003  -0.323621E-001   0.504793E+000   0.504793E+000   0.100959E+001
     28.4400    0.000000E+000   0.500000E-001  -0.752544E+003   0.752512E+003  -0.319941E-001   0.504793E+000   0.504793E+000   0.100959E+001
     28.4600    0.000000E+000   0.500000E-001  -0.752543E+003   0.752511E+003  -0.316230E-001   0.504793E+000   0.504793E+000   0.100959E+001
     28.4800    0.000000E+000   0.500000E-001  -0.752543E+003   0.752511E+003  -0.312492E-001   0.504793E+000   0.504793E+000   0.100959E+001
     28.5000    0.000000E+000   0.500000E-001  -0.752542E+003   0.752511E+003  -0.308727E-001   0.504793E+000   0.504793E+000   0.100959E+001
     28.5200    0.000000E+000   0.500000E-001  -0.752542E+003   0.752511E+003  -0.304938E-001   0.504793E+000   0.504793E+000   0.100959E+001
     28.5400    0.000000E+000   0.500000E-001  -0.752541E+003   0.752511E+003  -0.301127E-001   0.504793E+000   0.504793E+000   0.100959E+001
     28.5600    0.000000E+000   0.500000E-001  -0.752541E+003   0.752511E+003  -0.297296E-001   0.504793E+000   0.504793E+000   0.100959E+001
     28.5800    0.000000E+000   0.500000E-001  -0.752540E+003   0.752511E+003  -0.293445E-001   0.504793E+000   0.504793E+000   0.100959E+001
     28.6000    0.000000E+000   0.500000E-001  -0.752540E+003   0.752511E+003  -0.289578E-001   0.504793E+000   0.504793E+000   0.100959E+001
     28.6200    0.000000E+000   0.500000E-001  -0.752539E+003   0.752511E+003  -0.285696E-001   0.504793E+000   0.504793E+000   0.100959E+001
     28.6400    0.000000E+000   0.500000E-001  -0.752539E+003   0.752510E+003  -0.281800E-001   0.504793E+000   0.504793E+000   0.100959E+001
     28.6600    0.000000E+000   0.500000E-001  -0.752538E+003   0.752510E+003  -0.277892E-001   0.504793E+000   0.504793E+000   0.100959E+001
     28.6800    0.000000E+000   0.500000E-001  -0.752538E+003   0.752510E+003  -0.273974E-001   0.504793E+000   0.504793E+000   0.100959E+001
     28.7000    0.000000E+000   0.500000E-001  -0.752537E+003   0.752510E+003  -0.270047E-001   0.504793E+000   0.504793E+000   0.100959E+001
     28.7200    0.000000E+000   0.500000E-001  -0.752537E+003   0.752510E+003  -0.266114E-001   0.504793E+000   0.504793E+000   0.100959E+001
     28.7400    0.000000E+000   0.500000E-001  -0.752536E+003   0.752510E+003  -0.262175E-001   0.504793E+000   0.504793E+000   0.100959E+001
     28.7600    0.000000E+000   0.500000E-001  -0.752536E+003   0.752510E+003  -0.258232E-001   0.504793E+000   0.504793E+000   0.100959E+001
     28.7800    0.000000E+000   0.500000E-001  -0.752535E+003   0.752510E+003  -0.254287E-001   0.504793E+000   0.504793E+000   0.100959E+001
     28.8000    0.000000E+000   0.500000E-001  -0.752535E+003   0.752510E+003  -0.250341E-001   0.504793E+000   0.504793E+000   0.100959E+001
     28.8200    0.000000E+000   0.500000E-001  -0.752534E+003   0.752510E+003  -0.246395E-001   0.504793E+000   0.504793E+000   0.100959E+001
     28.8400    0.000000E+000   0.500000E-001  -0.752534E+003   0.752510E+003  -0.242452E-001   0.504793E+000   0.504793E+000   0.100959E+001
     28.8600    0.000000E+000   0.500000E-001  -0.752533E+003   0.752510E+003  -0.238511E-001   0.504793E+000   0.504793E+000   0.100959E+001
     28.8800    0.000000E+000   0.500000E-001  -0.752533E+003   0.752510E+003  -0.234575E-001   0.504793E+000   0.504793E+000   0.100959E+001
     28.9000    0.000000E+000   0.500000E-001  -0.752532E+003   0.752509E+003  -0.230646E-001   0.504793E+000   0.504793E+000   0.100959E+001
     28.9200    0.000000E+000   0.500000E-001  -0.752532E+003   0.752509E+003  -0.226723E-001   0.504793E+000   0.504793E+000   0.100959E+001
     28.9400    0.000000E+000   0.500000E-001  -0.752532E+003   0.752509E+003  -0.222809E-001   0.504793E+000   0.504793E+000   0.100959E+001
     28.9600    0.000000E+000   0.500000E-001  -0.752531E+003   0.752509E+003  -0.218905E-001   0.504793E+000   0.504793E+000   0.100959E+001
     28.9800    0.000000E+000   0.500000E-001  -0.752531E+003   0.752509E+003  -0.215012E-001   0.504793E+000   0.504793E+000   0.100959E+001
     29.0000    0.000000E+000   0.500000E-001  -0.752530E+003   0.752509E+003  -0.211131E-001   0.504793E+000   0.504793E+000   0.100959E+001
     29.0200    0.000000E+000   0.500000E-001  -0.752530E+003   0.752509E+003  -0.207263E-001   0.504793E+000   0.504793E+000   0.100959E+001
     29.0400    0.000000E+000   0.500000E-001  -0.752529E+003   0.752509E+003  -0.203410E-001   0.504793E+000   0.504793E+000   0.100959E+001
     29.0600    0.000000E+000   0.500000E-001  -0.752529E+003   0.752509E+003  -0.199572E-001   0.504793E+000   0.504793E+000   0.100959E+001
     29.0800    0.000000E+000   0.500000E-001  -0.752528E+003   0.752509E+003  -0.195750E-001   0.504793E+000   0.504793E+000   0.100959E+001
     29.1000    0.000000E+000   0.500000E-001  -0.752528E+003   0.752509E+003  -0.191947E-001   0.504793E+000   0.504793E+000   0.100959E+001
     29.1200    0.000000E+000   0.500000E-001  -0.752527E+003   0.752509E+003  -0.188162E-001   0.504793E+000   0.504793E+000   0.100959E+001
     29.1400    0.000000E+000   0.500000E-001  -0.752527E+003   0.752509E+003  -0.184396E-001   0.504793E+000   0.504793E+000   0.100959E+001
     29.1600    0.000000E+000   0.500000E-001  -0.752527E+003   0.752508E+003  -0.180651E-001   0.504793E+000   0.504793E+000   0.100959E+001
     29.1800    0.000000E+000   0.500000E-001  -0.752526E+003   0.752508E+003  -0.176928E-001   0.504793E+000   0.504793E+000   0.100959E+001
     29.2000    0.000000E+000   0.500000E-001  -0.752526E+003   0.752508E+003  -0.173226E-001   0.504793E+000   0.504793E+000   0.100959E+001
     29.2200    0.000000E+000   0.500000E-001  -0.752525E+003   0.752508E+003  -0.169549E-001   0.504793E+000   0.504793E+000   0.100959E+001
     29.2400    0.000000E+000   0.500000E-001  -0.752525E+003   0.752508E+003  -0.165895E-001   0.504793E+000   0.504793E+000   0.100959E+001
     29.2600    0.000000E+000   0.500000E-001  -0.752524E+003   0.752508E+003  -0.162266E-001   0.504793E+000   0.504793E+000   0.100959E+001
     29.2800    0.000000E+000   0.500000E-001  -0.752524E+003   0.752508E+003  -0.158663E-001   0.504793E+000   0.504793E+000   0.100959E+001
     29.3000    0.000000E+000   0.500000E-001  -0.752524E+003   0.752508E+003  -0.155086E-001   0.504793E+000   0.504793E+000   0.100959E+001
     29.3200    0.000000E+000   0.500000E-001  -0.752523E+003   0.752508E+003  -0.151537E-001   0.504793E+000   0.504793E+000   0.100959E+001
     29.3400    0.000000E+000   0.500000E-001  -0.752523E+003   0.752508E+003  -0.148015E-001   0.504793E+000   0.504793E+000   0.100959E+001
     29.3600    0.000000E+000   0.500000E-001  -0.752522E+003   0.752508E+003  -0.144522E-001   0.504793E+000   0.504793E+000   0.100959E+001
     29.3800    0.000000E+000   0.500000E-001  -0.752522E+003   0.752508E+003  -0.141058E-001   0.504793E+000   0.504793E+000   0.100959E+001
     29.4000    0.000000E+000   0.500000E-001  -0.752521E+003   0.752508E+003  -0.137625E-001   0.504793E+000   0.504793E+000   0.100959E+001
     29.4200    0.000000E+000   0.500000E-001  -0.752521E+003   0.752508E+003  -0.134221E-001   0.504793E+000   0.504793E+000   0.100959E+001
     29.4400    0.000000E+000   0.500000E-001  -0.752521E+003   0.752508E+003  -0.130849E-001   0.504793E+000   0.504793E+000   0.100959E+001
     29.4600    0.000000E+000   0.500000E-001  -0.752520E+003   0.752507E+003  -0.127509E-001   0.504793E+000   0.504793E+000   0.100959E+001
     29.4800    0.000000E+000   0.500000E-001  -0.752520E+003   0.752507E+003  -0.124201E-001   0.504793E+000   0.504793E+000   0.100959E+001
     29.5000    0.000000E+000   0.500000E-001  -0.752519E+003   0.752507E+003  -0.120925E-001   0.504793E+000   0.504793E+000   0.100959E+001
     29.5200    0.000000E+000   0.500000E-001  -0.752519E+003   0.752507E+003  -0.117683E-001   0.504793E+000   0.504793E+000   0.100959E+001
     29.5400    0.000000E+000   0.500000E-001  -0.752519E+003   0.752507E+003  -0.114475E-001   0.504793E+000   0.504793E+000   0.100959E+001
     29.5600    0.000000E+000   0.500000E-001  -0.752518E+003   0.752507E+003  -0.111301E-001   0.504793E+000   0.504793E+000   0.100959E+001
     29.5800    0.000000E+000   0.500000E-001  -0.752518E+003   0.752507E+003  -0.108161E-001   0.504793E+000   0.504793E+000   0.100959E+001
     29.6000    0.000000E+000   0.500000E-001  -0.752517E+003   0.752507E+003  -0.105057E-001   0.504793E+000   0.504793E+000   0.100959E+001
     29.6200    0.000000E+000   0.500000E-001  -0.752517E+003   0.752507E+003  -0.101988E-001   0.504793E+000   0.504793E+000   0.100959E+001
     29.6400    0.000000E+000   0.500000E-001  -0.752517E+003   0.752507E+003  -0.989548E-002   0.504793E+000   0.504793E+000   0.100959E+001
     29.6600    0.000000E+000   0.500000E-001  -0.752516E+003   0.752507E+003  -0.959578E-002   0.504793E+000   0.504793E+000   0.100959E+001
     29.6800    0.000000E+000   0.500000E-001  -0.752516E+003   0.752507E+003  -0.929972E-002   0.504793E+000   0.504793E+000   0.100959E+001
     29.7000    0.000000E+000   0.500000E-001  -0.752516E+003   0.752507E+003  -0.900734E-002   0.504793E+000   0.504793E+000   0.100959E+001
     29.7200    0.000000E+000   0.500000E-001  -0.752515E+003   0.752507E+003  -0.871867E-002   0.504793E+000   0.504793E+000   0.100959E+001
     29.7400    0.000000E+000   0.500000E-001  -0.752515E+003   0.752506E+003  -0.843374E-002   0.504793E+000   0.504793E+000   0.100959E+001
     29.7600    0.000000E+000   0.500000E-001  -0.752515E+003   0.752506E+003  -0.815256E-002   0.504793E+000   0.504793E+000   0.100959E+001
     29.7800    0.000000E+000   0.500000E-001  -0.752514E+003   0.752506E+003  -0.787516E-002   0.504793E+000   0.504793E+000   0.100959E+001
     29.8000    0.000000E+000   0.500000E-001  -0.752514E+003   0.752506E+003  -0.760156E-002   0.504793E+000   0.504793E+000   0.100959E+001
     29.8200    0.000000E+000   0.500000E-001  -0.752513E+003   0.752506E+003  -0.733179E-002   0.504793E+000   0.504793E+000   0.100959E+001
     29.8400    0.000000E+000   0.500000E-001  -0.752513E+003   0.752506E+003  -0.706585E-002   0.504793E+000   0.504793E+000   0.100959E+001
     29.8600    0.000000E+000   0.500000E-001  -0.752513E+003   0.752506E+003  -0.680377E-002   0.504793E+000   0.504793E+000   0.100959E+001
     29.8800    0.000000E+000   0.500000E-001  -0.752512E+003   0.752506E+003  -0.654555E-002   0.504793E+000   0.504793E+000   0.100959E+001
     29.9000    0.000000E+000   0.500000E-001  -0.752512E+003   0.752506E+003  -0.629122E-002   0.504793E+000   0.504793E+000   0.100959E+001
     29.9200    0.000000E+000   0.500000E-001  -0.752512E+003   0.752506E+003  -0.604077E-002   0.504793E+000   0.504793E+000   0.100959E+001
     29.9400    0.000000E+000   0.500000E-001  -0.752511E+003   0.752506E+003  -0.579422E-002   0.504793E+000   0.504793E+000   0.100959E+001
     29.9600    0.000000E+000   0.500000E-001  -0.752511E+003   0.752506E+003  -0.555158E-002   0.504793E+000   0.504793E+000   0.100959E+001
     29.9800    0.000000E+000   0.500000E-001  -0.752511E+003   0.752506E+003  -0.531285E-002   0.504793E+000   0.504793E+000   0.100959E+001
     30.0000    0.000000E+000   0.500000E-001  -0.752511E+003   0.752505E+003  -0.507803E-002   0.504793E+000   0.504793E+000   0.100959E+001
     30.0200    0.000000E+000   0.500000E-001  -0.752510E+003   0.752505E+003  -0.484713E-002   0.504793E+000   0.504793E+000   0.100959E+001
     30.0400    0.000000E+000   0.500000E-001  -0.752510E+003   0.752505E+003  -0.462015E-002   0.504793E+000   0.504793E+000   0.100959E+001
     30.0600    0.000000E+000   0.500000E-001  -0.752510E+003   0.752505E+003  -0.439708E-002   0.504793E+000   0.504793E+000   0.100959E+001
     30.0800    0.000000E+000   0.500000E-001  -0.752509E+003   0.752505E+003  -0.417793E-002   0.504793E+000   0.504793E+000   0.100959E+001
     30.1000    0.000000E+000   0.500000E-001  -0.752509E+003   0.752505E+003  -0.396269E-002   0.504793E+000   0.504793E+000   0.100959E+001
     30.1200    0.000000E+000   0.500000E-001  -0.752509E+003   0.752505E+003  -0.375135E-002   0.504793E+000   0.504793E+000   0.100959E+001
     30.1400    0.000000E+000   0.500000E-001  -0.752508E+003   0.752505E+003  -0.354392E-002   0.504793E+000   0.504793E+000   0.100959E+001
     30.1600    0.000000E+000   0.500000E-001  -0.752508E+003   0.752505E+003  -0.334037E-002   0.504793E+000   0.504793E+000   0.100959E+001
     30.1800    0.000000E+000   0.500000E-001  -0.752508E+003   0.752505E+003  -0.314071E-002   0.504793E+000   0.504793E+000   0.100959E+001
     30.2000    0.000000E+000   0.500000E-001  -0.752508E+003   0.752505E+003  -0.294492E-002   0.504793E+000   0.504793E+000   0.100959E+001
     30.2200    0.000000E+000   0.500000E-001  -0.752507E+003   0.752504E+003  -0.275299E-002   0.504793E+000   0.504793E+000   0.100959E+001
     30.2400    0.000000E+000   0.500000E-001  -0.752507E+003   0.752504E+003  -0.256491E-002   0.504793E+000   0.504793E+000   0.100959E+001
     30.2600    0.000000E+000   0.500000E-001  -0.752507E+003   0.752504E+003  -0.238067E-002   0.504793E+000   0.504793E+000   0.100959E+001
     30.2800    0.000000E+000   0.500000E-001  -0.752506E+003   0.752504E+003  -0.220025E-002   0.504793E+000   0.504793E+000   0.100959E+001
     30.3000    0.000000E+000   0.500000E-001  -0.752506E+003   0.752504E+003  -0.202363E-002   0.504793E+000   0.504793E+000   0.100959E+001
     30.3200    0.000000E+000   0.500000E-001  -0.752506E+003   0.752504E+003  -0.185079E-002   0.504793E+000   0.504793E+000   0.100959E+001
     30.3400    0.000000E+000   0.500000E-001  -0.752506E+003   0.752504E+003  -0.168172E-002   0.504793E+000   0.504793E+000   0.100959E+001
     30.3600    0.000000E+000   0.500000E-001  -0.752505E+003   0.752504E+003  -0.151641E-002   0.504793E+000   0.504793E+000   0.100959E+001
     30.3800    0.000000E+000   0.500000E-001  -0.752505E+003   0.752504E+003  -0.135482E-002   0.504793E+000   0.504793E+000   0.100959E+001
     30.4000    0.000000E+000   0.500000E-001  -0.752505E+003   0.752504E+003  -0.119694E-002   0.504793E+000   0.504793E+000   0.100959E+001
     30.4200    0.000000E+000   0.500000E-001  -0.752505E+003   0.752504E+003  -0.104274E-002   0.504793E+000   0.504793E+000   0.100959E+001
     30.4400    0.000000E+000   0.500000E-001  -0.752504E+003   0.752503E+003  -0.892206E-003   0.504793E+000   0.504793E+000   0.100959E+001
     30.4600    0.000000E+000   0.500000E-001  -0.752504E+003   0.752503E+003  -0.745310E-003   0.504793E+000   0.504793E+000   0.100959E+001
     30.4800    0.000000E+000   0.500000E-001  -0.752504E+003   0.752503E+003  -0.602027E-003   0.504793E+000   0.504793E+000   0.100959E+001
     30.5000    0.000000E+000   0.500000E-001  -0.752504E+003   0.752503E+003  -0.462331E-003   0.504793E+000   0.504793E+000   0.100959E+001
     30.5200    0.000000E+000   0.500000E-001  -0.752503E+003   0.752503E+003  -0.326196E-003   0.504793E+000   0.504793E+000   0.100959E+001
     30.5400    0.000000E+000   0.500000E-001  -0.752503E+003   0.752503E+003  -0.193595E-003   0.504793E+000   0.504793E+000   0.100959E+001
     30.5600    0.000000E+000   0.500000E-001  -0.752503E+003   0.752503E+003  -0.645000E-004   0.504793E+000   0.504793E+000   0.100959E+001
     30.5800    0.000000E+000   0.500000E-001  -0.752503E+003   0.752503E+003   0.611185E-004   0.504793E+000   0.504793E+000   0.100959E+001
     30.6000    0.000000E+000   0.500000E-001  -0.752503E+003   0.752503E+003   0.183290E-003   0.504793E+000   0.504793E+000   0.100959E+001
     30.6200    0.000000E+000   0.500000E-001  -0.752502E+003   0.752503E+003   0.302043E-003   0.504793E+000   0.504793E+000   0.100959E+001
     30.6400    0.000000E+000   0.500000E-001  -0.752502E+003   0.752503E+003   0.417411E-003   0.504793E+000   0.504793E+000   0.100959E+001
     30.6600    0.000000E+000   0.500000E-001  -0.752502E+003   0.752502E+003   0.529423E-003   0.504793E+000   0.504793E+000   0.100959E+001
     30.6800    0.000000E+000   0.500000E-001  -0.752502E+003   0.752502E+003   0.638112E-003   0.504793E+000   0.504793E+000   0.100959E+001
     30.7000    0.000000E+000   0.500000E-001  -0.752501E+003   0.752502E+003   0.743511E-003   0.504793E+000   0.504793E+000   0.100959E+001
     30.7200    0.000000E+000   0.500000E-001  -0.752501E+003   0.752502E+003   0.845653E-003   0.504793E+000   0.504793E+000   0.100959E+001
     30.7400    0.000000E+000   0.500000E-001  -0.752501E+003   0.752502E+003   0.944571E-003   0.504793E+000   0.504793E+000   0.100959E+001
     30.7600    0.000000E+000   0.500000E-001  -0.752501E+003   0.752502E+003   0.104030E-002   0.504793E+000   0.504793E+000   0.100959E+001
     30.7800    0.000000E+000   0.500000E-001  -0.752501E+003   0.752502E+003   0.113287E-002   0.504793E+000   0.504793E+000   0.100959E+001
     30.8000    0.000000E+000   0.500000E-001  -0.752500E+003   0.752502E+003   0.122233E-002   0.504793E+000   0.504793E+000   0.100959E+001
     30.8200    0.000000E+000   0.500000E-001  -0.752500E+003   0.752502E+003   0.130870E-002   0.504793E+000   0.504793E+000   0.100959E+001
     30.8400    0.000000E+000   0.500000E-001  -0.752500E+003   0.752502E+003   0.139202E-002   0.504793E+000   0.504793E+000   0.100959E+001
     30.8600    0.000000E+000   0.500000E-001  -0.752500E+003   0.752501E+003   0.147233E-002   0.504793E+000   0.504793E+000   0.100959E+001
     30.8800    0.000000E+000   0.500000E-001  -0.752500E+003   0.752501E+003   0.154966E-002   0.504793E+000   0.504793E+000   0.100959E+001
     30.9000    0.000000E+000   0.500000E-001  -0.752500E+003   0.752501E+003   0.162406E-002   0.504793E+000   0.504793E+000   0.100959E+001
     30.9200    0.000000E+000   0.500000E-001  -0.752499E+003   0.752501E+003   0.169556E-002   0.504793E+000   0.504793E+000   0.100959E+001
     30.9400    0.000000E+000   0.500000E-001  -0.752499E+003   0.752501E+003   0.176419E-002   0.504793E+000   0.504793E+000   0.100959E+001
     30.9600    0.000000E+000   0.500000E-001  -0.752499E+003   0.752501E+003   0.183000E-002   0.504793E+000   0.504793E+000   0.100959E+001
     30.9800    0.000000E+000   0.500000E-001  -0.752499E+003   0.752501E+003   0.189302E-002   0.504793E+000   0.504793E+000   0.100959E+001
     31.0000    0.000000E+000   0.500000E-001  -0.752499E+003   0.752501E+003   0.195329E-002   0.504793E+000   0.504793E+000   0.100959E+001
     31.0200    0.000000E+000   0.500000E-001  -0.752499E+003   0.752501E+003   0.201086E-002   0.504793E+000   0.504793E+000   0.100959E+001
     31.0400    0.000000E+000   0.500000E-001  -0.752498E+003   0.752500E+003   0.206575E-002   0.504793E+000   0.504793E+000   0.100959E+001
     31.0600    0.000000E+000   0.500000E-001  -0.752498E+003   0.752500E+003   0.211801E-002   0.504793E+000   0.504793E+000   0.100959E+001
     31.0800    0.000000E+000   0.500000E-001  -0.752498E+003   0.752500E+003   0.216768E-002   0.504793E+000   0.504793E+000   0.100959E+001
     31.1000    0.000000E+000   0.500000E-001  -0.752498E+003   0.752500E+003   0.221480E-002   0.504793E+000   0.504793E+000   0.100959E+001
     31.1200    0.000000E+000   0.500000E-001  -0.752498E+003   0.752500E+003   0.225941E-002   0.504793E+000   0.504793E+000   0.100959E+001
     31.1400    0.000000E+000   0.500000E-001  -0.752498E+003   0.752500E+003   0.230154E-002   0.504793E+000   0.504793E+000   0.100959E+001
     31.1600    0.000000E+000   0.500000E-001  -0.752498E+003   0.752500E+003   0.234123E-002   0.504793E+000   0.504793E+000   0.100959E+001
     31.1800    0.000000E+000   0.500000E-001  -0.752497E+003   0.752500E+003   0.237853E-002   0.504793E+000   0.504793E+000   0.100959E+001
     31.2000    0.000000E+000   0.500000E-001  -0.752497E+003   0.752500E+003   0.241348E-002   0.504793E+000   0.504793E+000   0.100959E+001
     31.2200    0.000000E+000   0.500000E-001  -0.752497E+003   0.752500E+003   0.244612E-002   0.504793E+000   0.504793E+000   0.100959E+001
     31.2400    0.000000E+000   0.500000E-001  -0.752497E+003   0.752499E+003   0.247648E-002   0.504793E+000   0.504793E+000   0.100959E+001
     31.2600    0.000000E+000   0.500000E-001  -0.752497E+003   0.752499E+003   0.250460E-002   0.504793E+000   0.504793E+000   0.100959E+001
     31.2800    0.000000E+000   0.500000E-001  -0.752497E+003   0.752499E+003   0.253053E-002   0.504793E+000   0.504793E+000   0.100959E+001
     31.3000    0.000000E+000   0.500000E-001  -0.752497E+003   0.752499E+003   0.255431E-002   0.504793E+000   0.504793E+000   0.100959E+001
     31.3200    0.000000E+000   0.500000E-001  -0.752496E+003   0.752499E+003   0.257597E-002   0.504793E+000   0.504793E+000   0.100959E+001
     31.3400    0.000000E+000   0.500000E-001  -0.752496E+003   0.752499E+003   0.259556E-002   0.504793E+000   0.504793E+000   0.100959E+001
     31.3600    0.000000E+000   0.500000E-001  -0.752496E+003   0.752499E+003   0.261312E-002   0.504793E+000   0.504793E+000   0.100959E+001
     31.3800    0.000000E+000   0.500000E-001  -0.752496E+003   0.752499E+003   0.262868E-002   0.504793E+000   0.504793E+000   0.100959E+001
     31.4000    0.000000E+000   0.500000E-001  -0.752496E+003   0.752499E+003   0.264228E-002   0.504793E+000   0.504793E+000   0.100959E+001
     31.4200    0.000000E+000   0.500000E-001  -0.752496E+003   0.752498E+003   0.265397E-002   0.504793E+000   0.504793E+000   0.100959E+001
     31.4400    0.000000E+000   0.500000E-001  -0.752496E+003   0.752498E+003   0.266378E-002   0.504793E+000   0.504793E+000   0.100959E+001
     31.4600    0.000000E+000   0.500000E-001  -0.752496E+003   0.752498E+003   0.267175E-002   0.504793E+000   0.504793E+000   0.100959E+001
     31.4800    0.000000E+000   0.500000E-001  -0.752495E+003   0.752498E+003   0.267793E-002   0.504793E+000   0.504793E+000   0.100959E+001
     31.5000    0.000000E+000   0.500000E-001  -0.752495E+003   0.752498E+003   0.268235E-002   0.504793E+000   0.504793E+000   0.100959E+001
     31.5200    0.000000E+000   0.500000E-001  -0.752495E+003   0.752498E+003   0.268505E-002   0.504793E+000   0.504793E+000   0.100959E+001
     31.5400    0.000000E+000   0.500000E-001  -0.752495E+003   0.752498E+003   0.268606E-002   0.504793E+000   0.504793E+000   0.100959E+001
     31.5600    0.000000E+000   0.500000E-001  -0.752495E+003   0.752498E+003   0.268544E-002   0.504793E+000   0.504793E+000   0.100959E+001
     31.5800    0.000000E+000   0.500000E-001  -0.752495E+003   0.752498E+003   0.268321E-002   0.504793E+000   0.504793E+000   0.100959E+001
     31.6000    0.000000E+000   0.500000E-001  -0.752495E+003   0.752498E+003   0.267941E-002   0.504793E+000   0.504793E+000   0.100959E+001
     31.6200    0.000000E+000   0.500000E-001  -0.752495E+003   0.752497E+003   0.267409E-002   0.504793E+000   0.504793E+000   0.100959E+001
     31.6400    0.000000E+000   0.500000E-001  -0.752495E+003   0.752497E+003   0.266727E-002   0.504793E+000   0.504793E+000   0.100959E+001
     31.6600    0.000000E+000   0.500000E-001  -0.752495E+003   0.752497E+003   0.265901E-002   0.504793E+000   0.504793E+000   0.100959E+001
     31.6800    0.000000E+000   0.500000E-001  -0.752494E+003   0.752497E+003   0.264932E-002   0.504793E+000   0.504793E+000   0.100959E+001
     31.7000    0.000000E+000   0.500000E-001  -0.752494E+003   0.752497E+003   0.263826E-002   0.504793E+000   0.504793E+000   0.100959E+001
     31.7200    0.000000E+000   0.500000E-001  -0.752494E+003   0.752497E+003   0.262585E-002   0.504793E+000   0.504793E+000   0.100959E+001
     31.7400    0.000000E+000   0.500000E-001  -0.752494E+003   0.752497E+003   0.261214E-002   0.504793E+000   0.504793E+000   0.100959E+001
     31.7600    0.000000E+000   0.500000E-001  -0.752494E+003   0.752497E+003   0.259716E-002   0.504793E+000   0.504793E+000   0.100959E+001
     31.7800    0.000000E+000   0.500000E-001  -0.752494E+003   0.752497E+003   0.258094E-002   0.504793E+000   0.504793E+000   0.100959E+001
     31.8000    0.000000E+000   0.500000E-001  -0.752494E+003   0.752497E+003   0.256353E-002   0.504793E+000   0.504793E+000   0.100959E+001
     31.8200    0.000000E+000   0.500000E-001  -0.752494E+003   0.752496E+003   0.254495E-002   0.504793E+000   0.504793E+000   0.100959E+001
     31.8400    0.000000E+000   0.500000E-001  -0.752494E+003   0.752496E+003   0.252524E-002   0.504793E+000   0.504793E+000   0.100959E+001
     31.8600    0.000000E+000   0.500000E-001  -0.752494E+003   0.752496E+003   0.250444E-002   0.504793E+000   0.504793E+000   0.100959E+001
     31.8800    0.000000E+000   0.500000E-001  -0.752494E+003   0.752496E+003   0.248258E-002   0.504793E+000   0.504793E+000   0.100959E+001
     31.9000    0.000000E+000   0.500000E-001  -0.752494E+003   0.752496E+003   0.245969E-002   0.504793E+000   0.504793E+000   0.100959E+001
     31.9200    0.000000E+000   0.500000E-001  -0.752493E+003   0.752496E+003   0.243582E-002   0.504793E+000   0.504793E+000   0.100959E+001
     31.9400    0.000000E+000   0.500000E-001  -0.752493E+003   0.752496E+003   0.241098E-002   0.504793E+000   0.504793E+000   0.100959E+001
     31.9600    0.000000E+000   0.500000E-001  -0.752493E+003   0.752496E+003   0.238522E-002   0.504793E+000   0.504793E+000   0.100959E+001
     31.9800    0.000000E+000   0.500000E-001  -0.752493E+003   0.752496E+003   0.235856E-002   0.504793E+000   0.504793E+000   0.100959E+001
     32.0000    0.000000E+000   0.500000E-001  -0.752493E+003   0.752496E+003   0.233104E-002   0.504793E+000   0.504793E+000   0.100959E+001
     32.0200    0.000000E+000   0.500000E-001  -0.752493E+003   0.752495E+003   0.230270E-002   0.504793E+000   0.504793E+000   0.100959E+001
     32.0400    0.000000E+000   0.500000E-001  -0.752493E+003   0.752495E+003   0.227355E-002   0.504793E+000   0.504793E+000   0.100959E+001
     32.0600    0.000000E+000   0.500000E-001  -0.752493E+003   0.752495E+003   0.224364E-002   0.504793E+000   0.504793E+000   0.100959E+001
     32.0800    0.000000E+000   0.500000E-001  -0.752493E+003   0.752495E+003   0.221300E-002   0.504793E+000   0.504793E+000   0.100959E+001
     32.1000    0.000000E+000   0.500000E-001  -0.752493E+003   0.752495E+003   0.218164E-002   0.504793E+000   0.504793E+000   0.100959E+001
     32.1200    0.000000E+000   0.500000E-001  -0.752493E+003   0.752495E+003   0.214962E-002   0.504793E+000   0.504793E+000   0.100959E+001
     32.1400    0.000000E+000   0.500000E-001  -0.752493E+003   0.752495E+003   0.211694E-002   0.504793E+000   0.504793E+000   0.100959E+001
     32.1600    0.000000E+000   0.500000E-001  -0.752493E+003   0.752495E+003   0.208365E-002   0.504793E+000   0.504793E+000   0.100959E+001
     32.1800    0.000000E+000   0.500000E-001  -0.752493E+003   0.752495E+003   0.204977E-002   0.504793E+000   0.504793E+000   0.100959E+001
     32.2000    0.000000E+000   0.500000E-001  -0.752493E+003   0.752495E+003   0.201534E-002   0.504793E+000   0.504793E+000   0.100959E+001
     32.2200    0.000000E+000   0.500000E-001  -0.752492E+003   0.752494E+003   0.198037E-002   0.504793E+000   0.504793E+000   0.100959E+001
     32.2400    0.000000E+000   0.500000E-001  -0.752492E+003   0.752494E+003   0.194490E-002   0.504793E+000   0.504793E+000   0.100959E+001
     32.2600    0.000000E+000   0.500000E-001  -0.752492E+003   0.752494E+003   0.190895E-002   0.504793E+000   0.504793E+000   0.100959E+001
     32.2800    0.000000E+000   0.500000E-001  -0.752492E+003   0.752494E+003   0.187255E-002   0.504793E+000   0.504793E+000   0.100959E+001
     32.3000    0.000000E+000   0.500000E-001  -0.752492E+003   0.752494E+003   0.183573E-002   0.504793E+000   0.504793E+000   0.100959E+001
     32.3200    0.000000E+000   0.500000E-001  -0.752492E+003   0.752494E+003   0.179851E-002   0.504793E+000   0.504793E+000   0.100959E+001
     32.3400    0.000000E+000   0.500000E-001  -0.752492E+003   0.752494E+003   0.176091E-002   0.504793E+000   0.504793E+000   0.100959E+001
     32.3600    0.000000E+000   0.500000E-001  -0.752492E+003   0.752494E+003   0.172298E-002   0.504793E+000   0.504793E+000   0.100959E+001
     32.3800    0.000000E+000   0.500000E-001  -0.752492E+003   0.752494E+003   0.168472E-002   0.504793E+000   0.504793E+000   0.100959E+001
     32.4000    0.000000E+000   0.500000E-001  -0.752492E+003   0.752494E+003   0.164616E-002   0.504793E+000   0.504793E+000   0.100959E+001
     32.4200    0.000000E+000   0.500000E-001  -0.752492E+003   0.752494E+003   0.160733E-002   0.504793E+000   0.504793E+000   0.100959E+001
     32.4400    0.000000E+000   0.500000E-001  -0.752492E+003   0.752493E+003   0.156825E-002   0.504793E+000   0.504793E+000   0.100959E+001
     32.4600    0.000000E+000   0.500000E-001  -0.752492E+003   0.752493E+003   0.152894E-002   0.504793E+000   0.504793E+000   0.100959E+001
     32.4800    0.000000E+000   0.500000E-001  -0.752492E+003   0.752493E+003   0.148943E-002   0.504793E+000   0.504793E+000   0.100959E+001
     32.5000    0.000000E+000   0.500000E-001  -0.752492E+003   0.752493E+003   0.144974E-002   0.504793E+000   0.504793E+000   0.100959E+001
     32.5200    0.000000E+000   0.500000E-001  -0.752492E+003   0.752493E+003   0.140989E-002   0.504793E+000   0.504793E+000   0.100959E+001
     32.5400    0.000000E+000   0.500000E-001  -0.752492E+003   0.752493E+003   0.136990E-002   0.504793E+000   0.504793E+000   0.100959E+001
     32.5600    0.000000E+000   0.500000E-001  -0.752492E+003   0.752493E+003   0.132979E-002   0.504793E+000   0.504793E+000   0.100959E+001
     32.5800    0.000000E+000   0.500000E-001  -0.752492E+003   0.752493E+003   0.128959E-002   0.504793E+000   0.504793E+000   0.100959E+001
     32.6000    0.000000E+000   0.500000E-001  -0.752492E+003   0.752493E+003   0.124931E-002   0.504793E+000   0.504793E+000   0.100959E+001
     32.6200    0.000000E+000   0.500000E-001  -0.752491E+003   0.752493E+003   0.120897E-002   0.504793E+000   0.504793E+000   0.100959E+001
     32.6400    0.000000E+000   0.500000E-001  -0.752491E+003   0.752493E+003   0.116860E-002   0.504793E+000   0.504793E+000   0.100959E+001
     32.6600    0.000000E+000   0.500000E-001  -0.752491E+003   0.752493E+003   0.112821E-002   0.504793E+000   0.504793E+000   0.100959E+001
     32.6800    0.000000E+000   0.500000E-001  -0.752491E+003   0.752492E+003   0.108781E-002   0.504793E+000   0.504793E+000   0.100959E+001
     32.7000    0.000000E+000   0.500000E-001  -0.752491E+003   0.752492E+003   0.104744E-002   0.504793E+000   0.504793E+000   0.100959E+001
     32.7200    0.000000E+000   0.500000E-001  -0.752491E+003   0.752492E+003   0.100711E-002   0.504793E+000   0.504793E+000   0.100959E+001
     32.7400    0.000000E+000   0.500000E-001  -0.752491E+003   0.752492E+003   0.966826E-003   0.504793E+000   0.504793E+000   0.100959E+001
     32.7600    0.000000E+000   0.500000E-001  -0.752491E+003   0.752492E+003   0.926616E-003   0.504793E+000   0.504793E+000   0.100959E+001
     32.7800    0.000000E+000   0.500000E-001  -0.752491E+003   0.752492E+003   0.886494E-003   0.504793E+000   0.504793E+000   0.100959E+001
     32.8000    0.000000E+000   0.500000E-001  -0.752491E+003   0.752492E+003   0.846475E-003   0.504793E+000   0.504793E+000   0.100959E+001
     32.8200    0.000000E+000   0.500000E-001  -0.752491E+003   0.752492E+003   0.806576E-003   0.504793E+000   0.504793E+000   0.100959E+001
     32.8400    0.000000E+000   0.500000E-001  -0.752491E+003   0.752492E+003   0.766813E-003   0.504793E+000   0.504793E+000   0.100959E+001
     32.8600    0.000000E+000   0.500000E-001  -0.752491E+003   0.752492E+003   0.727200E-003   0.504793E+000   0.504793E+000   0.100959E+001
     32.8800    0.000000E+000   0.500000E-001  -0.752491E+003   0.752492E+003   0.687751E-003   0.504793E+000   0.504793E+000   0.100959E+001
     32.9000    0.000000E+000   0.500000E-001  -0.752491E+003   0.752492E+003   0.648482E-003   0.504793E+000   0.504793E+000   0.100959E+001
     32.9200    0.000000E+000   0.500000E-001  -0.752491E+003   0.752492E+003   0.609406E-003   0.504793E+000   0.504793E+000   0.100959E+001
     32.9400    0.000000E+000   0.500000E-001  -0.752491E+003   0.752491E+003   0.570537E-003   0.504793E+000   0.504793E+000   0.100959E+001
     32.9600    0.000000E+000   0.500000E-001  -0.752491E+003   0.752491E+003   0.531887E-003   0.504793E+000   0.504793E+000   0.100959E+001
     32.9800    0.000000E+000   0.500000E-001  -0.752491E+003   0.752491E+003   0.493470E-003   0.504793E+000   0.504793E+000   0.100959E+001
     33.0000    0.000000E+000   0.500000E-001  -0.752491E+003   0.752491E+003   0.455297E-003   0.504793E+000   0.504793E+000   0.100959E+001
     33.0200    0.000000E+000   0.500000E-001  -0.752491E+003   0.752491E+003   0.417382E-003   0.504793E+000   0.504793E+000   0.100959E+001
     33.0400    0.000000E+000   0.500000E-001  -0.752491E+003   0.752491E+003   0.379735E-003   0.504793E+000   0.504793E+000   0.100959E+001
     33.0600    0.000000E+000   0.500000E-001  -0.752491E+003   0.752491E+003   0.342368E-003   0.504793E+000   0.504793E+000   0.100959E+001
     33.0800    0.000000E+000   0.500000E-001  -0.752491E+003   0.752491E+003   0.305292E-003   0.504793E+000   0.504793E+000   0.100959E+001
     33.1000    0.000000E+000   0.500000E-001  -0.752491E+003   0.752491E+003   0.268518E-003   0.504793E+000   0.504793E+000   0.100959E+001
     33.1200    0.000000E+000   0.500000E-001  -0.752491E+003   0.752491E+003   0.232055E-003   0.504793E+000   0.504793E+000   0.100959E+001
     33.1400    0.000000E+000   0.500000E-001  -0.752491E+003   0.752491E+003   0.195913E-003   0.504793E+000   0.504793E+000   0.100959E+001
     33.1600    0.000000E+000   0.500000E-001  -0.752491E+003   0.752491E+003   0.160103E-003   0.504793E+000   0.504793E+000   0.100959E+001
     33.1800    0.000000E+000   0.500000E-001  -0.752490E+003   0.752491E+003   0.124633E-003   0.504793E+000   0.504793E+000   0.100959E+001
     33.2000    0.000000E+000   0.500000E-001  -0.752490E+003   0.752491E+003   0.895118E-004   0.504793E+000   0.504793E+000   0.100959E+001
     33.2200    0.000000E+000   0.500000E-001  -0.752490E+003   0.752490E+003   0.547487E-004   0.504793E+000   0.504793E+000   0.100959E+001
     33.2400    0.000000E+000   0.500000E-001  -0.752490E+003   0.752490E+003   0.203515E-004   0.504793E+000   0.504793E+000   0.100959E+001
     33.2600    0.000000E+000   0.500000E-001  -0.752490E+003   0.752490E+003  -0.136719E-004   0.504793E+000   0.504793E+000   0.100959E+001
     33.2800    0.000000E+000   0.500000E-001  -0.752490E+003   0.752490E+003  -0.473139E-004   0.504793E+000   0.504793E+000   0.100959E+001
     33.3000    0.000000E+000   0.500000E-001  -0.752490E+003   0.752490E+003  -0.805672E-004   0.504793E+000   0.504793E+000   0.100959E+001
     33.3200    0.000000E+000   0.500000E-001  -0.752490E+003   0.752490E+003  -0.113425E-003   0.504793E+000   0.504793E+000   0.100959E+001
     33.3400    0.000000E+000   0.500000E-001  -0.752490E+003   0.752490E+003  -0.145881E-003   0.504793E+000   0.504793E+000   0.100959E+001
     33.3600    0.000000E+000   0.500000E-001  -0.752490E+003   0.752490E+003  -0.177928E-003   0.504793E+000   0.504793E+000   0.100959E+001
     33.3800    0.000000E+000   0.500000E-001  -0.752490E+003   0.752490E+003  -0.209560E-003   0.504793E+000   0.504793E+000   0.100959E+001
     33.4000    0.000000E+000   0.500000E-001  -0.752490E+003   0.752490E+003  -0.240773E-003   0.504793E+000   0.504793E+000   0.100959E+001
     33.4200    0.000000E+000   0.500000E-001  -0.752490E+003   0.752490E+003  -0.271560E-003   0.504793E+000   0.504793E+000   0.100959E+001
     33.4400    0.000000E+000   0.500000E-001  -0.752490E+003   0.752490E+003  -0.301916E-003   0.504793E+000   0.504793E+000   0.100959E+001
     33.4600    0.000000E+000   0.500000E-001  -0.752490E+003   0.752490E+003  -0.331836E-003   0.504793E+000   0.504793E+000   0.100959E+001
     33.4800    0.000000E+000   0.500000E-001  -0.752490E+003   0.752490E+003  -0.361316E-003   0.504793E+000   0.504793E+000   0.100959E+001
     33.5000    0.000000E+000   0.500000E-001  -0.752490E+003   0.752490E+003  -0.390352E-003   0.504793E+000   0.504793E+000   0.100959E+001
     33.5200    0.000000E+000   0.500000E-001  -0.752490E+003   0.752490E+003  -0.418939E-003   0.504793E+000   0.504793E+000   0.100959E+001
     33.5400    0.000000E+000   0.500000E-001  -0.752490E+003   0.752489E+003  -0.447074E-003   0.504793E+000   0.504793E+000   0.100959E+001
     33.5600    0.000000E+000   0.500000E-001  -0.752490E+003   0.752489E+003  -0.474753E-003   0.504793E+000   0.504793E+000   0.100959E+001
     33.5800    0.000000E+000   0.500000E-001  -0.752490E+003   0.752489E+003  -0.501973E-003   0.504793E+000   0.504793E+000   0.100959E+001
     33.6000    0.000000E+000   0.500000E-001  -0.752490E+003   0.752489E+003  -0.528731E-003   0.504793E+000   0.504793E+000   0.100959E+001
     33.6200    0.000000E+000   0.500000E-001  -0.752490E+003   0.752489E+003  -0.555025E-003   0.504793E+000   0.504793E+000   0.100959E+001
     33.6400    0.000000E+000   0.500000E-001  -0.752490E+003   0.752489E+003  -0.580851E-003   0.504793E+000   0.504793E+000   0.100959E+001
     33.6600    0.000000E+000   0.500000E-001  -0.752490E+003   0.752489E+003  -0.606208E-003   0.504793E+000   0.504793E+000   0.100959E+001
     33.6800    0.000000E+000   0.500000E-001  -0.752490E+003   0.752489E+003  -0.631094E-003   0.504793E+000   0.504793E+000   0.100959E+001
     33.7000    0.000000E+000   0.500000E-001  -0.752490E+003   0.752489E+003  -0.655506E-003   0.504793E+000   0.504793E+000   0.100959E+001
     33.7200    0.000000E+000   0.500000E-001  -0.752490E+003   0.752489E+003  -0.679445E-003   0.504793E+000   0.504793E+000   0.100959E+001
     33.7400    0.000000E+000   0.500000E-001  -0.752490E+003   0.752489E+003  -0.702907E-003   0.504793E+000   0.504793E+000   0.100959E+001
     33.7600    0.000000E+000   0.500000E-001  -0.752490E+003   0.752489E+003  -0.725892E-003   0.504793E+000   0.504793E+000   0.100959E+001
     33.7800    0.000000E+000   0.500000E-001  -0.752490E+003   0.752489E+003  -0.748399E-003   0.504793E+000   0.504793E+000   0.100959E+001
     33.8000    0.000000E+000   0.500000E-001  -0.752490E+003   0.752489E+003  -0.770428E-003   0.504793E+000   0.504793E+000   0.100959E+001
     33.8200    0.000000E+000   0.500000E-001  -0.752490E+003   0.752489E+003  -0.791978E-003   0.504793E+000   0.504793E+000   0.100959E+001
     33.8400    0.000000E+000   0.500000E-001  -0.752489E+003   0.752489E+003  -0.813049E-003   0.504793E+000   0.504793E+000   0.100959E+001
     33.8600    0.000000E+000   0.500000E-001  -0.752489E+003   0.752489E+003  -0.833640E-003   0.504793E+000   0.504793E+000   0.100959E+001
     33.8800    0.000000E+000   0.500000E-001  -0.752489E+003   0.752489E+003  -0.853753E-003   0.504793E+000   0.504793E+000   0.100959E+001
     33.9000    0.000000E+000   0.500000E-001  -0.752489E+003   0.752489E+003  -0.873387E-003   0.504793E+000   0.504793E+000   0.100959E+001
     33.9200    0.000000E+000   0.500000E-001  -0.752489E+003   0.752488E+003  -0.892543E-003   0.504793E+000   0.504793E+000   0.100959E+001
     33.9400    0.000000E+000   0.500000E-001  -0.752489E+003   0.752488E+003  -0.911221E-003   0.504793E+000   0.504793E+000   0.100959E+001
     33.9600    0.000000E+000   0.500000E-001  -0.752489E+003   0.752488E+003  -0.929423E-003   0.504793E+000   0.504793E+000   0.100959E+001
     33.9800    0.000000E+000   0.500000E-001  -0.752489E+003   0.752488E+003  -0.947150E-003   0.504793E+000   0.504793E+000   0.100959E+001
     34.0000    0.000000E+000   0.500000E-001  -0.752489E+003   0.752488E+003  -0.964403E-003   0.504793E+000   0.504793E+000   0.100959E+001
     34.0200    0.000000E+000   0.500000E-001  -0.752489E+003   0.752488E+003  -0.981182E-003   0.504793E+000   0.504793E+000   0.100959E+001
     34.0400    0.000000E+000   0.500000E-001  -0.752489E+003   0.752488E+003  -0.997491E-003   0.504793E+000   0.504793E+000   0.100959E+001
     34.0600    0.000000E+000   0.500000E-001  -0.752489E+003   0.752488E+003  -0.101333E-002   0.504793E+000   0.504793E+000   0.100959E+001
     34.0800    0.000000E+000   0.500000E-001  -0.752489E+003   0.752488E+003  -0.102870E-002   0.504793E+000   0.504793E+000   0.100959E+001
     34.1000    0.000000E+000   0.500000E-001  -0.752489E+003   0.752488E+003  -0.104361E-002   0.504793E+000   0.504793E+000   0.100959E+001
     34.1200    0.000000E+000   0.500000E-001  -0.752489E+003   0.752488E+003  -0.105805E-002   0.504793E+000   0.504793E+000   0.100959E+001
     34.1400    0.000000E+000   0.500000E-001  -0.752489E+003   0.752488E+003  -0.107203E-002   0.504793E+000   0.504793E+000   0.100959E+001
     34.1600    0.000000E+000   0.500000E-001  -0.752489E+003   0.752488E+003  -0.108556E-002   0.504793E+000   0.504793E+000   0.100959E+001
     34.1800    0.000000E+000   0.500000E-001  -0.752489E+003   0.752488E+003  -0.109863E-002   0.504793E+000   0.504793E+000   0.100959E+001
     34.2000    0.000000E+000   0.500000E-001  -0.752489E+003   0.752488E+003  -0.111124E-002   0.504793E+000   0.504793E+000   0.100959E+001
     34.2200    0.000000E+000   0.500000E-001  -0.752489E+003   0.752488E+003  -0.112341E-002   0.504793E+000   0.504793E+000   0.100959E+001
     34.2400    0.000000E+000   0.500000E-001  -0.752489E+003   0.752488E+003  -0.113512E-002   0.504793E+000   0.504793E+000   0.100959E+001
     34.2600    0.000000E+000   0.500000E-001  -0.752489E+003   0.752488E+003  -0.114640E-002   0.504793E+000   0.504793E+000   0.100959E+001
     34.2800    0.000000E+000   0.500000E-001  -0.752489E+003   0.752488E+003  -0.115723E-002   0.504793E+000   0.504793E+000   0.100959E+001
     34.3000    0.000000E+000   0.500000E-001  -0.752489E+003   0.752488E+003  -0.116763E-002   0.504793E+000   0.504793E+000   0.100959E+001
     34.3200    0.000000E+000   0.500000E-001  -0.752489E+003   0.752488E+003  -0.117759E-002   0.504793E+000   0.504793E+000   0.100959E+001
     34.3400    0.000000E+000   0.500000E-001  -0.752489E+003   0.752488E+003  -0.118712E-002   0.504793E+000   0.504793E+000   0.100959E+001
     34.3600    0.000000E+000   0.500000E-001  -0.752489E+003   0.752488E+003  -0.119622E-002   0.504793E+000   0.504793E+000   0.100959E+001
     34.3800    0.000000E+000   0.500000E-001  -0.752489E+003   0.752488E+003  -0.120490E-002   0.504793E+000   0.504793E+000   0.100959E+001
     34.4000    0.000000E+000   0.500000E-001  -0.752489E+003   0.752487E+003  -0.121317E-002   0.504793E+000   0.504793E+000   0.100959E+001
     34.4200    0.000000E+000   0.500000E-001  -0.752489E+003   0.752487E+003  -0.122101E-002   0.504793E+000   0.504793E+000   0.100959E+001
     34.4400    0.000000E+000   0.500000E-001  -0.752489E+003   0.752487E+003  -0.122845E-002   0.504793E+000   0.504793E+000   0.100959E+001
     34.4600    0.000000E+000   0.500000E-001  -0.752489E+003   0.752487E+003  -0.123548E-002   0.504793E+000   0.504793E+000   0.100959E+001
     34.4800    0.000000E+000   0.500000E-001  -0.752489E+003   0.752487E+003  -0.124210E-002   0.504793E+000   0.504793E+000   0.100959E+001
     34.5000    0.000000E+000   0.500000E-001  -0.752489E+003   0.752487E+003  -0.124833E-002   0.504793E+000   0.504793E+000   0.100959E+001
     34.5200    0.000000E+000   0.500000E-001  -0.752489E+003   0.752487E+003  -0.125416E-002   0.504793E+000   0.504793E+000   0.100959E+001
     34.5400    0.000000E+000   0.500000E-001  -0.752488E+003   0.752487E+003  -0.125960E-002   0.504793E+000   0.504793E+000   0.100959E+001
     34.5600    0.000000E+000   0.500000E-001  -0.752488E+003   0.752487E+003  -0.126466E-002   0.504793E+000   0.504793E+000   0.100959E+001
     34.5800    0.000000E+000   0.500000E-001  -0.752488E+003   0.752487E+003  -0.126934E-002   0.504793E+000   0.504793E+000   0.100959E+001
     34.6000    0.000000E+000   0.500000E-001  -0.752488E+003   0.752487E+003  -0.127364E-002   0.504793E+000   0.504793E+000   0.100959E+001
     34.6200    0.000000E+000   0.500000E-001  -0.752488E+003   0.752487E+003  -0.127757E-002   0.504793E+000   0.504793E+000   0.100959E+001
     34.6400    0.000000E+000   0.500000E-001  -0.752488E+003   0.752487E+003  -0.128113E-002   0.504793E+000   0.504793E+000   0.100959E+001
     34.6600    0.000000E+000   0.500000E-001  -0.752488E+003   0.752487E+003  -0.128433E-002   0.504793E+000   0.504793E+000   0.100959E+001
     34.6800    0.000000E+000   0.500000E-001  -0.752488E+003   0.752487E+003  -0.128717E-002   0.504793E+000   0.504793E+000   0.100959E+001
     34.7000    0.000000E+000   0.500000E-001  -0.752488E+003   0.752487E+003  -0.128966E-002   0.504793E+000   0.504793E+000   0.100959E+001
     34.7200    0.000000E+000   0.500000E-001  -0.752488E+003   0.752487E+003  -0.129180E-002   0.504793E+000   0.504793E+000   0.100959E+001
     34.7400    0.000000E+000   0.500000E-001  -0.752488E+003   0.752487E+003  -0.129360E-002   0.504793E+000   0.504793E+000   0.100959E+001
     34.7600    0.000000E+000   0.500000E-001  -0.752488E+003   0.752487E+003  -0.129507E-002   0.504793E+000   0.504793E+000   0.100959E+001
     34.7800    0.000000E+000   0.500000E-001  -0.752488E+003   0.752487E+003  -0.129620E-002   0.504793E+000   0.504793E+000   0.100959E+001
     34.8000    0.000000E+000   0.500000E-001  -0.752488E+003   0.752487E+003  -0.129700E-002   0.504793E+000   0.504793E+000   0.100959E+001
     34.8200    0.000000E+000   0.500000E-001  -0.752488E+003   0.752487E+003  -0.129748E-002   0.504793E+000   0.504793E+000   0.100959E+001
     34.8400    0.000000E+000   0.500000E-001  -0.752488E+003   0.752487E+003  -0.129764E-002   0.504793E+000   0.504793E+000   0.100959E+001
     34.8600    0.000000E+000   0.500000E-001  -0.752488E+003   0.752487E+003  -0.129749E-002   0.504793E+000   0.504793E+000   0.100959E+001
     34.8800    0.000000E+000   0.500000E-001  -0.752488E+003   0.752487E+003  -0.129704E-002   0.504793E+000   0.504793E+000   0.100959E+001
     34.9000    0.000000E+000   0.500000E-001  -0.752488E+003   0.752487E+003  -0.129628E-002   0.504793E+000   0.504793E+000   0.100959E+001
     34.9200    0.000000E+000   0.500000E-001  -0.752488E+003   0.752487E+003  -0.129523E-002   0.504793E+000   0.504793E+000   0.100959E+001
     34.9400    0.000000E+000   0.500000E-001  -0.752488E+003   0.752487E+003  -0.129388E-002   0.504793E+000   0.504793E+000   0.100959E+001
     34.9600    0.000000E+000   0.500000E-001  -0.752488E+003   0.752487E+003  -0.129225E-002   0.504793E+000   0.504793E+000   0.100959E+001
     34.9800    0.000000E+000   0.500000E-001  -0.752488E+003   0.752487E+003  -0.129034E-002   0.504793E+000   0.504793E+000   0.100959E+001
     35.0000    0.000000E+000   0.500000E-001  -0.752488E+003   0.752487E+003  -0.128815E-002   0.504793E+000   0.504793E+000   0.100959E+001
     35.0200    0.000000E+000   0.500000E-001  -0.752488E+003   0.752487E+003  -0.128569E-002   0.504793E+000   0.504793E+000   0.100959E+001
     35.0400    0.000000E+000   0.500000E-001  -0.752488E+003   0.752486E+003  -0.128297E-002   0.504793E+000   0.504793E+000   0.100959E+001
     35.0600    0.000000E+000   0.500000E-001  -0.752488E+003   0.752486E+003  -0.127999E-002   0.504793E+000   0.504793E+000   0.100959E+001
     35.0800    0.000000E+000   0.500000E-001  -0.752488E+003   0.752486E+003  -0.127675E-002   0.504793E+000   0.504793E+000   0.100959E+001
     35.1000    0.000000E+000   0.500000E-001  -0.752488E+003   0.752486E+003  -0.127326E-002   0.504793E+000   0.504793E+000   0.100959E+001
     35.1200    0.000000E+000   0.500000E-001  -0.752488E+003   0.752486E+003  -0.126953E-002   0.504793E+000   0.504793E+000   0.100959E+001
     35.1400    0.000000E+000   0.500000E-001  -0.752488E+003   0.752486E+003  -0.126556E-002   0.504793E+000   0.504793E+000   0.100959E+001
     35.1600    0.000000E+000   0.500000E-001  -0.752488E+003   0.752486E+003  -0.126136E-002   0.504793E+000   0.504793E+000   0.100959E+001
     35.1800    0.000000E+000   0.500000E-001  -0.752488E+003   0.752486E+003  -0.125693E-002   0.504793E+000   0.504793E+000   0.100959E+001
     35.2000    0.000000E+000   0.500000E-001  -0.752488E+003   0.752486E+003  -0.125227E-002   0.504793E+000   0.504793E+000   0.100959E+001
     35.2200    0.000000E+000   0.500000E-001  -0.752488E+003   0.752486E+003  -0.124740E-002   0.504793E+000   0.504793E+000   0.100959E+001
     35.2400    0.000000E+000   0.500000E-001  -0.752487E+003   0.752486E+003  -0.124232E-002   0.504793E+000   0.504793E+000   0.100959E+001
     35.2600    0.000000E+000   0.500000E-001  -0.752487E+003   0.752486E+003  -0.123702E-002   0.504793E+000   0.504793E+000   0.100959E+001
     35.2800    0.000000E+000   0.500000E-001  -0.752487E+003   0.752486E+003  -0.123153E-002   0.504793E+000   0.504793E+000   0.100959E+001
     35.3000    0.000000E+000   0.500000E-001  -0.752487E+003   0.752486E+003  -0.122583E-002   0.504793E+000   0.504793E+000   0.100959E+001
     35.3200    0.000000E+000   0.500000E-001  -0.752487E+003   0.752486E+003  -0.121995E-002   0.504793E+000   0.504793E+000   0.100959E+001
     35.3400    0.000000E+000   0.500000E-001  -0.752487E+003   0.752486E+003  -0.121388E-002   0.504793E+000   0.504793E+000   0.100959E+001
     35.3600    0.000000E+000   0.500000E-001  -0.752487E+003   0.752486E+003  -0.120762E-002   0.504793E+000   0.504793E+000   0.100959E+001
     35.3800    0.000000E+000   0.500000E-001  -0.752487E+003   0.752486E+003  -0.120119E-002   0.504793E+000   0.504793E+000   0.100959E+001
     35.4000    0.000000E+000   0.500000E-001  -0.752487E+003   0.752486E+003  -0.119458E-002   0.504793E+000   0.504793E+000   0.100959E+001
     35.4200    0.000000E+000   0.500000E-001  -0.752487E+003   0.752486E+003  -0.118781E-002   0.504793E+000   0.504793E+000   0.100959E+001
     35.4400    0.000000E+000   0.500000E-001  -0.752487E+003   0.752486E+003  -0.118088E-002   0.504793E+000   0.504793E+000   0.100959E+001
     35.4600    0.000000E+000   0.500000E-001  -0.752487E+003   0.752486E+003  -0.117379E-002   0.504793E+000   0.504793E+000   0.100959E+001
     35.4800    0.000000E+000   0.500000E-001  -0.752487E+003   0.752486E+003  -0.116654E-002   0.504793E+000   0.504793E+000   0.100959E+001
     35.5000    0.000000E+000   0.500000E-001  -0.752487E+003   0.752486E+003  -0.115915E-002   0.504793E+000   0.504793E+000   0.100959E+001
     35.5200    0.000000E+000   0.500000E-001  -0.752487E+003   0.752486E+003  -0.115162E-002   0.504793E+000   0.504793E+000   0.100959E+001
     35.5400    0.000000E+000   0.500000E-001  -0.752487E+003   0.752486E+003  -0.114395E-002   0.504793E+000   0.504793E+000   0.100959E+001
     35.5600    0.000000E+000   0.500000E-001  -0.752487E+003   0.752486E+003  -0.113614E-002   0.504793E+000   0.504793E+000   0.100959E+001
     35.5800    0.000000E+000   0.500000E-001  -0.752487E+003   0.752486E+003  -0.112821E-002   0.504793E+000   0.504793E+000   0.100959E+001
     35.6000    0.000000E+000   0.500000E-001  -0.752487E+003   0.752486E+003  -0.112015E-002   0.504793E+000   0.504793E+000   0.100959E+001
     35.6200    0.000000E+000   0.500000E-001  -0.752487E+003   0.752486E+003  -0.111197E-002   0.504793E+000   0.504793E+000   0.100959E+001
     35.6400    0.000000E+000   0.500000E-001  -0.752487E+003   0.752486E+003  -0.110368E-002   0.504793E+000   0.504793E+000   0.100959E+001
     35.6600    0.000000E+000   0.500000E-001  -0.752487E+003   0.752486E+003  -0.109527E-002   0.504793E+000   0.504793E+000   0.100959E+001
     35.6800    0.000000E+000   0.500000E-001  -0.752487E+003   0.752486E+003  -0.108676E-002   0.504793E+000   0.504793E+000   0.100959E+001
     35.7000    0.000000E+000   0.500000E-001  -0.752487E+003   0.752486E+003  -0.107815E-002   0.504793E+000   0.504793E+000   0.100959E+001
     35.7200    0.000000E+000   0.500000E-001  -0.752487E+003   0.752486E+003  -0.106944E-002   0.504793E+000   0.504793E+000   0.100959E+001
     35.7400    0.000000E+000   0.500000E-001  -0.752487E+003   0.752486E+003  -0.106064E-002   0.504793E+000   0.504793E+000   0.100959E+001
     35.7600    0.000000E+000   0.500000E-001  -0.752487E+003   0.752486E+003  -0.105175E-002   0.504793E+000   0.504793E+000   0.100959E+001
     35.7800    0.000000E+000   0.500000E-001  -0.752487E+003   0.752486E+003  -0.104278E-002   0.504793E+000   0.504793E+000   0.100959E+001
     35.8000    0.000000E+000   0.500000E-001  -0.752487E+003   0.752486E+003  -0.103372E-002   0.504793E+000   0.504793E+000   0.100959E+001
     35.8200    0.000000E+000   0.500000E-001  -0.752487E+003   0.752486E+003  -0.102459E-002   0.504793E+000   0.504793E+000   0.100959E+001
     35.8400    0.000000E+000   0.500000E-001  -0.752487E+003   0.752486E+003  -0.101539E-002   0.504793E+000   0.504793E+000   0.100959E+001
     35.8600    0.000000E+000   0.500000E-001  -0.752487E+003   0.752486E+003  -0.100612E-002   0.504793E+000   0.504793E+000   0.100959E+001
     35.8800    0.000000E+000   0.500000E-001  -0.752487E+003   0.752486E+003  -0.996788E-003   0.504793E+000   0.504793E+000   0.100959E+001
     35.9000    0.000000E+000   0.500000E-001  -0.752487E+003   0.752486E+003  -0.987394E-003   0.504793E+000   0.504793E+000   0.100959E+001
     35.9200    0.000000E+000   0.500000E-001  -0.752487E+003   0.752486E+003  -0.977944E-003   0.504793E+000   0.504793E+000   0.100959E+001
     35.9400    0.000000E+000   0.500000E-001  -0.752487E+003   0.752486E+003  -0.968442E-003   0.504793E+000   0.504793E+000   0.100959E+001
     35.9600    0.000000E+000   0.500000E-001  -0.752487E+003   0.752486E+003  -0.958892E-003   0.504793E+000   0.504793E+000   0.100959E+001
     35.9800    0.000000E+000   0.500000E-001  -0.752486E+003   0.752486E+003  -0.949296E-003   0.504793E+000   0.504793E+000   0.100959E+001
     36.0000    0.000000E+000   0.500000E-001  -0.752486E+003   0.752486E+003  -0.939660E-003   0.504793E+000   0.504793E+000   0.100959E+001
     36.0200    0.000000E+000   0.500000E-001  -0.752486E+003   0.752486E+003  -0.929986E-003   0.504793E+000   0.504793E+000   0.100959E+001
     36.0400    0.000000E+000   0.500000E-001  -0.752486E+003   0.752486E+003  -0.920279E-003   0.504793E+000   0.504793E+000   0.100959E+001
     36.0600    0.000000E+000   0.500000E-001  -0.752486E+003   0.752485E+003  -0.910541E-003   0.504793E+000   0.504793E+000   0.100959E+001
     36.0800    0.000000E+000   0.500000E-001  -0.752486E+003   0.752485E+003  -0.900776E-003   0.504793E+000   0.504793E+000   0.100959E+001
     36.1000    0.000000E+000   0.500000E-001  -0.752486E+003   0.752485E+003  -0.890988E-003   0.504793E+000   0.504793E+000   0.100959E+001
     36.1200    0.000000E+000   0.500000E-001  -0.752486E+003   0.752485E+003  -0.881179E-003   0.504793E+000   0.504793E+000   0.100959E+001
     36.1400    0.000000E+000   0.500000E-001  -0.752486E+003   0.752485E+003  -0.871354E-003   0.504793E+000   0.504793E+000   0.100959E+001
     36.1600    0.000000E+000   0.500000E-001  -0.752486E+003   0.752485E+003  -0.861515E-003   0.504793E+000   0.504793E+000   0.100959E+001
     36.1800    0.000000E+000   0.500000E-001  -0.752486E+003   0.752485E+003  -0.851666E-003   0.504793E+000   0.504793E+000   0.100959E+001
     36.2000    0.000000E+000   0.500000E-001  -0.752486E+003   0.752485E+003  -0.841809E-003   0.504793E+000   0.504793E+000   0.100959E+001
     36.2200    0.000000E+000   0.500000E-001  -0.752486E+003   0.752485E+003  -0.831948E-003   0.504793E+000   0.504793E+000   0.100959E+001
     36.2400    0.000000E+000   0.500000E-001  -0.752486E+003   0.752485E+003  -0.822086E-003   0.504793E+000   0.504793E+000   0.100959E+001
     36.2600    0.000000E+000   0.500000E-001  -0.752486E+003   0.752485E+003  -0.812225E-003   0.504793E+000   0.504793E+000   0.100959E+001
     36.2800    0.000000E+000   0.500000E-001  -0.752486E+003   0.752485E+003  -0.802370E-003   0.504793E+000   0.504793E+000   0.100959E+001
     36.3000    0.000000E+000   0.500000E-001  -0.752486E+003   0.752485E+003  -0.792521E-003   0.504793E+000   0.504793E+000   0.100959E+001
     36.3200    0.000000E+000   0.500000E-001  -0.752486E+003   0.752485E+003  -0.782683E-003   0.504793E+000   0.504793E+000   0.100959E+001
     36.3400    0.000000E+000   0.500000E-001  -0.752486E+003   0.752485E+003  -0.772858E-003   0.504793E+000   0.504793E+000   0.100959E+001
     36.3600    0.000000E+000   0.500000E-001  -0.752486E+003   0.752485E+003  -0.763049E-003   0.504793E+000   0.504793E+000   0.100959E+001
     36.3800    0.000000E+000   0.500000E-001  -0.752486E+003   0.752485E+003  -0.753258E-003   0.504793E+000   0.504793E+000   0.100959E+001
     36.4000    0.000000E+000   0.500000E-001  -0.752486E+003   0.752485E+003  -0.743487E-003   0.504793E+000   0.504793E+000   0.100959E+001
     36.4200    0.000000E+000   0.500000E-001  -0.752486E+003   0.752485E+003  -0.733741E-003   0.504793E+000   0.504793E+000   0.100959E+001
     36.4400    0.000000E+000   0.500000E-001  -0.752486E+003   0.752485E+003  -0.724019E-003   0.504793E+000   0.504793E+000   0.100959E+001
     36.4600    0.000000E+000   0.500000E-001  -0.752486E+003   0.752485E+003  -0.714327E-003   0.504793E+000   0.504793E+000   0.100959E+001
     36.4800    0.000000E+000   0.500000E-001  -0.752486E+003   0.752485E+003  -0.704665E-003   0.504793E+000   0.504793E+000   0.100959E+001
     36.5000    0.000000E+000   0.500000E-001  -0.752486E+003   0.752485E+003  -0.695035E-003   0.504793E+000   0.504793E+000   0.100959E+001
     36.5200    0.000000E+000   0.500000E-001  -0.752486E+003   0.752485E+003  -0.685441E-003   0.504793E+000   0.504793E+000   0.100959E+001
     36.5400    0.000000E+000   0.500000E-001  -0.752486E+003   0.752485E+003  -0.675884E-003   0.504793E+000   0.504793E+000   0.100959E+001
     36.5600    0.000000E+000   0.500000E-001  -0.752486E+003   0.752485E+003  -0.666367E-003   0.504793E+000   0.504793E+000   0.100959E+001
     36.5800    0.000000E+000   0.500000E-001  -0.752486E+003   0.752485E+003  -0.656891E-003   0.504793E+000   0.504793E+000   0.100959E+001
     36.6000    0.000000E+000   0.500000E-001  -0.752486E+003   0.752485E+003  -0.647458E-003   0.504793E+000   0.504793E+000   0.100959E+001
     36.6200    0.000000E+000   0.500000E-001  -0.752486E+003   0.752485E+003  -0.638072E-003   0.504793E+000   0.504793E+000   0.100959E+001
     36.6400    0.000000E+000   0.500000E-001  -0.752486E+003   0.752485E+003  -0.628732E-003   0.504793E+000   0.504793E+000   0.100959E+001
     36.6600    0.000000E+000   0.500000E-001  -0.752486E+003   0.752485E+003  -0.619442E-003   0.504793E+000   0.504793E+000   0.100959E+001
     36.6800    0.000000E+000   0.500000E-001  -0.752486E+003   0.752485E+003  -0.610203E-003   0.504793E+000   0.504793E+000   0.100959E+001
     36.7000    0.000000E+000   0.500000E-001  -0.752486E+003   0.752485E+003  -0.601017E-003   0.504793E+000   0.504793E+000   0.100959E+001
     36.7200    0.000000E+000   0.500000E-001  -0.752486E+003   0.752485E+003  -0.591885E-003   0.504793E+000   0.504793E+000   0.100959E+001
     36.7400    0.000000E+000   0.500000E-001  -0.752486E+003   0.752485E+003  -0.582810E-003   0.504793E+000   0.504793E+000   0.100959E+001
     36.7600    0.000000E+000   0.500000E-001  -0.752486E+003   0.752485E+003  -0.573792E-003   0.504793E+000   0.504793E+000   0.100959E+001
     36.7800    0.000000E+000   0.500000E-001  -0.752486E+003   0.752485E+003  -0.564834E-003   0.504793E+000   0.504793E+000   0.100959E+001
     36.8000    0.000000E+000   0.500000E-001  -0.752486E+003   0.752485E+003  -0.555937E-003   0.504793E+000   0.504793E+000   0.100959E+001
     36.8200    0.000000E+000   0.500000E-001  -0.752486E+003   0.752485E+003  -0.547102E-003   0.504793E+000   0.504793E+000   0.100959E+001
     36.8400    0.000000E+000   0.500000E-001  -0.752486E+003   0.752485E+003  -0.538331E-003   0.504793E+000   0.504793E+000   0.100959E+001
     36.8600    0.000000E+000   0.500000E-001  -0.752486E+003   0.752485E+003  -0.529625E-003   0.504793E+000   0.504793E+000   0.100959E+001
     36.8800    0.000000E+000   0.500000E-001  -0.752485E+003   0.752485E+003  -0.520986E-003   0.504793E+000   0.504793E+000   0.100959E+001
     36.9000    0.000000E+000   0.500000E-001  -0.752485E+003   0.752485E+003  -0.512414E-003   0.504793E+000   0.504793E+000   0.100959E+001
     36.9200    0.000000E+000   0.500000E-001  -0.752485E+003   0.752485E+003  -0.503911E-003   0.504793E+000   0.504793E+000   0.100959E+001
     36.9400    0.000000E+000   0.500000E-001  -0.752485E+003   0.752485E+003  -0.495479E-003   0.504793E+000   0.504793E+000   0.100959E+001
     36.9600    0.000000E+000   0.500000E-001  -0.752485E+003   0.752485E+003  -0.487117E-003   0.504793E+000   0.504793E+000   0.100959E+001
     36.9800    0.000000E+000   0.500000E-001  -0.752485E+003   0.752485E+003  -0.478828E-003   0.504793E+000   0.504793E+000   0.100959E+001
     37.0000    0.000000E+000   0.500000E-001  -0.752485E+003   0.752485E+003  -0.470612E-003   0.504793E+000   0.504793E+000   0.100959E+001
     37.0200    0.000000E+000   0.500000E-001  -0.752485E+003   0.752485E+003  -0.462471E-003   0.504793E+000   0.504793E+000   0.100959E+001
     37.0400    0.000000E+000   0.500000E-001  -0.752485E+003   0.752485E+003  -0.454405E-003   0.504793E+000   0.504793E+000   0.100959E+001
     37.0600    0.000000E+000   0.500000E-001  -0.752485E+003   0.752485E+003  -0.446415E-003   0.504793E+000   0.504793E+000   0.100959E+001
     37.0800    0.000000E+000   0.500000E-001  -0.752485E+003   0.752485E+003  -0.438502E-003   0.504793E+000   0.504793E+000   0.100959E+001
     37.1000    0.000000E+000   0.500000E-001  -0.752485E+003   0.752485E+003  -0.430668E-003   0.504793E+000   0.504793E+000   0.100959E+001
     37.1200    0.000000E+000   0.500000E-001  -0.752485E+003   0.752485E+003  -0.422911E-003   0.504793E+000   0.504793E+000   0.100959E+001
     37.1400    0.000000E+000   0.500000E-001  -0.752485E+003   0.752485E+003  -0.415235E-003   0.504793E+000   0.504793E+000   0.100959E+001
     37.1600    0.000000E+000   0.500000E-001  -0.752485E+003   0.752485E+003  -0.407638E-003   0.504793E+000   0.504793E+000   0.100959E+001
     37.1800    0.000000E+000   0.500000E-001  -0.752485E+003   0.752485E+003  -0.400122E-003   0.504793E+000   0.504793E+000   0.100959E+001
     37.2000    0.000000E+000   0.500000E-001  -0.752485E+003   0.752485E+003  -0.392687E-003   0.504793E+000   0.504793E+000   0.100959E+001
     37.2200    0.000000E+000   0.500000E-001  -0.752485E+003   0.752485E+003  -0.385335E-003   0.504793E+000   0.504793E+000   0.100959E+001
     37.2400    0.000000E+000   0.500000E-001  -0.752485E+003   0.752485E+003  -0.378064E-003   0.504793E+000   0.504793E+000   0.100959E+001
     37.2600    0.000000E+000   0.500000E-001  -0.752485E+003   0.752485E+003  -0.370877E-003   0.504793E+000   0.504793E+000   0.100959E+001
     37.2800    0.000000E+000   0.500000E-001  -0.752485E+003   0.752485E+003  -0.363773E-003   0.504793E+000   0.504793E+000   0.100959E+001
     37.3000    0.000000E+000   0.500000E-001  -0.752485E+003   0.752485E+003  -0.356753E-003   0.504793E+000   0.504793E+000   0.100959E+001
     37.3200    0.000000E+000   0.500000E-001  -0.752485E+003   0.752485E+003  -0.349817E-003   0.504793E+000   0.504793E+000   0.100959E+001
     37.3400    0.000000E+000   0.500000E-001  -0.752485E+003   0.752485E+003  -0.342966E-003   0.504793E+000   0.504793E+000   0.100959E+001
     37.3600    0.000000E+000   0.500000E-001  -0.752485E+003   0.752485E+003  -0.336200E-003   0.504793E+000   0.504793E+000   0.100959E+001
     37.3800    0.000000E+000   0.500000E-001  -0.752485E+003   0.752485E+003  -0.329519E-003   0.504793E+000   0.504793E+000   0.100959E+001
     37.4000    0.000000E+000   0.500000E-001  -0.752485E+003   0.752485E+003  -0.322923E-003   0.504793E+000   0.504793E+000   0.100959E+001
     37.4200    0.000000E+000   0.500000E-001  -0.752485E+003   0.752485E+003  -0.316413E-003   0.504793E+000   0.504793E+000   0.100959E+001
     37.4400    0.000000E+000   0.500000E-001  -0.752485E+003   0.752485E+003  -0.309989E-003   0.504793E+000   0.504793E+000   0.100959E+001
     37.4600    0.000000E+000   0.500000E-001  -0.752485E+003   0.752485E+003  -0.303650E-003   0.504793E+000   0.504793E+000   0.100959E+001
     37.4800    0.000000E+000   0.500000E-001  -0.752485E+003   0.752485E+003  -0.297398E-003   0.504793E+000   0.504793E+000   0.100959E+001
     37.5000    0.000000E+000   0.500000E-001  -0.752485E+003   0.752485E+003  -0.291232E-003   0.504793E+000   0.504793E+000   0.100959E+001
     37.5200    0.000000E+000   0.500000E-001  -0.752485E+003   0.752485E+003  -0.285152E-003   0.504793E+000   0.504793E+000   0.100959E+001
     37.5400    0.000000E+000   0.500000E-001  -0.752485E+003   0.752485E+003  -0.279159E-003   0.504793E+000   0.504793E+000   0.100959E+001
     37.5600    0.000000E+000   0.500000E-001  -0.752485E+003   0.752485E+003  -0.273251E-003   0.504793E+000   0.504793E+000   0.100959E+001
     37.5800    0.000000E+000   0.500000E-001  -0.752485E+003   0.752485E+003  -0.267430E-003   0.504793E+000   0.504793E+000   0.100959E+001
     37.6000    0.000000E+000   0.500000E-001  -0.752485E+003   0.752485E+003  -0.261695E-003   0.504793E+000   0.504793E+000   0.100959E+001
     37.6200    0.000000E+000   0.500000E-001  -0.752485E+003   0.752485E+003  -0.256046E-003   0.504793E+000   0.504793E+000   0.100959E+001
     37.6400    0.000000E+000   0.500000E-001  -0.752485E+003   0.752485E+003  -0.250483E-003   0.504793E+000   0.504793E+000   0.100959E+001
     37.6600    0.000000E+000   0.500000E-001  -0.752485E+003   0.752485E+003  -0.245006E-003   0.504793E+000   0.504793E+000   0.100959E+001
     37.6800    0.000000E+000   0.500000E-001  -0.752485E+003   0.752485E+003  -0.239614E-003   0.504793E+000   0.504793E+000   0.100959E+001
     37.7000    0.000000E+000   0.500000E-001  -0.752485E+003   0.752485E+003  -0.234308E-003   0.504793E+000   0.504793E+000   0.100959E+001
     37.7200    0.000000E+000   0.500000E-001  -0.752485E+003   0.752485E+003  -0.229087E-003   0.504793E+000   0.504793E+000   0.100959E+001
     37.7400    0.000000E+000   0.500000E-001  -0.752485E+003   0.752485E+003  -0.223950E-003   0.504793E+000   0.504793E+000   0.100959E+001
     37.7600    0.000000E+000   0.500000E-001  -0.752485E+003   0.752485E+003  -0.218899E-003   0.504793E+000   0.504793E+000   0.100959E+001
     37.7800    0.000000E+000   0.500000E-001  -0.752485E+003   0.752485E+003  -0.213932E-003   0.504793E+000   0.504793E+000   0.100959E+001
     37.8000    0.000000E+000   0.500000E-001  -0.752485E+003   0.752485E+003  -0.209049E-003   0.504793E+000   0.504793E+000   0.100959E+001
     37.8200    0.000000E+000   0.500000E-001  -0.752485E+003   0.752485E+003  -0.204250E-003   0.504793E+000   0.504793E+000   0.100959E+001
     37.8400    0.000000E+000   0.500000E-001  -0.752485E+003   0.752485E+003  -0.199534E-003   0.504793E+000   0.504793E+000   0.100959E+001
     37.8600    0.000000E+000   0.500000E-001  -0.752485E+003   0.752484E+003  -0.194901E-003   0.504793E+000   0.504793E+000   0.100959E+001
     37.8800    0.000000E+000   0.500000E-001  -0.752485E+003   0.752484E+003  -0.190351E-003   0.504793E+000   0.504793E+000   0.100959E+001
     37.9000    0.000000E+000   0.500000E-001  -0.752485E+003   0.752484E+003  -0.185883E-003   0.504793E+000   0.504793E+000   0.100959E+001
     37.9200    0.000000E+000   0.500000E-001  -0.752485E+003   0.752484E+003  -0.181496E-003   0.504793E+000   0.504793E+000   0.100959E+001
     37.9400    0.000000E+000   0.500000E-001  -0.752485E+003   0.752484E+003  -0.177191E-003   0.504793E+000   0.504793E+000   0.100959E+001
     37.9600    0.000000E+000   0.500000E-001  -0.752485E+003   0.752484E+003  -0.172967E-003   0.504793E+000   0.504793E+000   0.100959E+001
     37.9800    0.000000E+000   0.500000E-001  -0.752485E+003   0.752484E+003  -0.168823E-003   0.504793E+000   0.504793E+000   0.100959E+001
     38.0000    0.000000E+000   0.500000E-001  -0.752485E+003   0.752484E+003  -0.164759E-003   0.504793E+000   0.504793E+000   0.100959E+001
     38.0200    0.000000E+000   0.500000E-001  -0.752485E+003   0.752484E+003  -0.160774E-003   0.504793E+000   0.504793E+000   0.100959E+001
     38.0400    0.000000E+000   0.500000E-001  -0.752485E+003   0.752484E+003  -0.156868E-003   0.504793E+000   0.504793E+000   0.100959E+001
     38.0600    0.000000E+000   0.500000E-001  -0.752485E+003   0.752484E+003  -0.153040E-003   0.504793E+000   0.504793E+000   0.100959E+001
     38.0800    0.000000E+000   0.500000E-001  -0.752485E+003   0.752484E+003  -0.149290E-003   0.504793E+000   0.504793E+000   0.100959E+001
     38.1000    0.000000E+000   0.500000E-001  -0.752485E+003   0.752484E+003  -0.145617E-003   0.504793E+000   0.504793E+000   0.100959E+001
     38.1200    0.000000E+000   0.500000E-001  -0.752485E+003   0.752484E+003  -0.142020E-003   0.504793E+000   0.504793E+000   0.100959E+001
     38.1400    0.000000E+000   0.500000E-001  -0.752485E+003   0.752484E+003  -0.138499E-003   0.504793E+000   0.504793E+000   0.100959E+001
     38.1600    0.000000E+000   0.500000E-001  -0.752485E+003   0.752484E+003  -0.135053E-003   0.504793E+000   0.504793E+000   0.100959E+001
     38.1800    0.000000E+000   0.500000E-001  -0.752484E+003   0.752484E+003  -0.131682E-003   0.504793E+000   0.504793E+000   0.100959E+001
     38.2000    0.000000E+000   0.500000E-001  -0.752484E+003   0.752484E+003  -0.128384E-003   0.504793E+000   0.504793E+000   0.100959E+001
     38.2200    0.000000E+000   0.500000E-001  -0.752484E+003   0.752484E+003  -0.125160E-003   0.504793E+000   0.504793E+000   0.100959E+001
     38.2400    0.000000E+000   0.500000E-001  -0.752484E+003   0.752484E+003  -0.122008E-003   0.504793E+000   0.504793E+000   0.100959E+001
     38.2600    0.000000E+000   0.500000E-001  -0.752484E+003   0.752484E+003  -0.118928E-003   0.504793E+000   0.504793E+000   0.100959E+001
     38.2800    0.000000E+000   0.500000E-001  -0.752484E+003   0.752484E+003  -0.115920E-003   0.504793E+000   0.504793E+000   0.100959E+001
     38.3000    0.000000E+000   0.500000E-001  -0.752484E+003   0.752484E+003  -0.112982E-003   0.504793E+000   0.504793E+000   0.100959E+001
     38.3200    0.000000E+000   0.500000E-001  -0.752484E+003   0.752484E+003  -0.110113E-003   0.504793E+000   0.504793E+000   0.100959E+001
     38.3400    0.000000E+000   0.500000E-001  -0.752484E+003   0.752484E+003  -0.107314E-003   0.504793E+000   0.504793E+000   0.100959E+001
     38.3600    0.000000E+000   0.500000E-001  -0.752484E+003   0.752484E+003  -0.104582E-003   0.504793E+000   0.504793E+000   0.100959E+001
     38.3800    0.000000E+000   0.500000E-001  -0.752484E+003   0.752484E+003  -0.101919E-003   0.504793E+000   0.504793E+000   0.100959E+001
     38.4000    0.000000E+000   0.500000E-001  -0.752484E+003   0.752484E+003  -0.993220E-004   0.504793E+000   0.504793E+000   0.100959E+001
     38.4200    0.000000E+000   0.500000E-001  -0.752484E+003   0.752484E+003  -0.967912E-004   0.504793E+000   0.504793E+000   0.100959E+001
     38.4400    0.000000E+000   0.500000E-001  -0.752484E+003   0.752484E+003  -0.943257E-004   0.504793E+000   0.504793E+000   0.100959E+001
     38.4600    0.000000E+000   0.500000E-001  -0.752484E+003   0.752484E+003  -0.919246E-004   0.504793E+000   0.504793E+000   0.100959E+001
     38.4800    0.000000E+000   0.500000E-001  -0.752484E+003   0.752484E+003  -0.895873E-004   0.504793E+000   0.504793E+000   0.100959E+001
     38.5000    0.000000E+000   0.500000E-001  -0.752484E+003   0.752484E+003  -0.873130E-004   0.504793E+000   0.504793E+000   0.100959E+001
     38.5200    0.000000E+000   0.500000E-001  -0.752484E+003   0.752484E+003  -0.851008E-004   0.504793E+000   0.504793E+000   0.100959E+001
     38.5400    0.000000E+000   0.500000E-001  -0.752484E+003   0.752484E+003  -0.829499E-004   0.504793E+000   0.504793E+000   0.100959E+001
     38.5600    0.000000E+000   0.500000E-001  -0.752484E+003   0.752484E+003  -0.808597E-004   0.504793E+000   0.504793E+000   0.100959E+001
     38.5800    0.000000E+000   0.500000E-001  -0.752484E+003   0.752484E+003  -0.788292E-004   0.504793E+000   0.504793E+000   0.100959E+001
     38.6000    0.000000E+000   0.500000E-001  -0.752484E+003   0.752484E+003  -0.768576E-004   0.504793E+000   0.504793E+000   0.100959E+001
     38.6200    0.000000E+000   0.500000E-001  -0.752484E+003   0.752484E+003  -0.749443E-004   0.504793E+000   0.504793E+000   0.100959E+001
     38.6400    0.000000E+000   0.500000E-001  -0.752484E+003   0.752484E+003  -0.730883E-004   0.504793E+000   0.504793E+000   0.100959E+001
     38.6600    0.000000E+000   0.500000E-001  -0.752484E+003   0.752484E+003  -0.712888E-004   0.504793E+000   0.504793E+000   0.100959E+001
     38.6800    0.000000E+000   0.500000E-001  -0.752484E+003   0.752484E+003  -0.695451E-004   0.504793E+000   0.504793E+000   0.100959E+001
     38.7000    0.000000E+000   0.500000E-001  -0.752484E+003   0.752484E+003  -0.678563E-004   0.504793E+000   0.504793E+000   0.100959E+001
     38.7200    0.000000E+000   0.500000E-001  -0.752484E+003   0.752484E+003  -0.662216E-004   0.504793E+000   0.504793E+000   0.100959E+001
     38.7400    0.000000E+000   0.500000E-001  -0.752484E+003   0.752484E+003  -0.646401E-004   0.504793E+000   0.504793E+000   0.100959E+001
     38.7600    0.000000E+000   0.500000E-001  -0.752484E+003   0.752484E+003  -0.631112E-004   0.504793E+000   0.504793E+000   0.100959E+001
     38.7800    0.000000E+000   0.500000E-001  -0.752484E+003   0.752484E+003  -0.616338E-004   0.504793E+000   0.504793E+000   0.100959E+001
     38.8000    0.000000E+000   0.500000E-001  -0.752484E+003   0.752484E+003  -0.602073E-004   0.504793E+000   0.504793E+000   0.100959E+001
     38.8200    0.000000E+000   0.500000E-001  -0.752484E+003   0.752484E+003  -0.588308E-004   0.504793E+000   0.504793E+000   0.100959E+001
     38.8400    0.000000E+000   0.500000E-001  -0.752484E+003   0.752484E+003  -0.575034E-004   0.504793E+000   0.504793E+000   0.100959E+001
     38.8600    0.000000E+000   0.500000E-001  -0.752484E+003   0.752484E+003  -0.562244E-004   0.504793E+000   0.504793E+000   0.100959E+001
     38.8800    0.000000E+000   0.500000E-001  -0.752484E+003   0.752484E+003  -0.549929E-004   0.504793E+000   0.504793E+000   0.100959E+001
     38.9000    0.000000E+000   0.500000E-001  -0.752484E+003   0.752484E+003  -0.538082E-004   0.504793E+000   0.504793E+000   0.100959E+001
     38.9200    0.000000E+000   0.500000E-001  -0.752484E+003   0.752484E+003  -0.526693E-004   0.504793E+000   0.504793E+000   0.100959E+001
     38.9400    0.000000E+000   0.500000E-001  -0.752484E+003   0.752484E+003  -0.515756E-004   0.504793E+000   0.504793E+000   0.100959E+001
     38.9600    0.000000E+000   0.500000E-001  -0.752484E+003   0.752484E+003  -0.505261E-004   0.504793E+000   0.504793E+000   0.100959E+001
     38.9800    0.000000E+000   0.500000E-001  -0.752484E+003   0.752484E+003  -0.495201E-004   0.504793E+000   0.504793E+000   0.100959E+001
     39.0000    0.000000E+000   0.500000E-001  -0.752484E+003   0.752484E+003  -0.485567E-004   0.504793E+000   0.504793E+000   0.100959E+001
     39.0200    0.000000E+000   0.500000E-001  -0.752484E+003   0.752484E+003  -0.476352E-004   0.504793E+000   0.504793E+000   0.100959E+001
     39.0400    0.000000E+000   0.500000E-001  -0.752484E+003   0.752484E+003  -0.467547E-004   0.504793E+000   0.504793E+000   0.100959E+001
     39.0600    0.000000E+000   0.500000E-001  -0.752484E+003   0.752484E+003  -0.459145E-004   0.504793E+000   0.504793E+000   0.100959E+001
     39.0800    0.000000E+000   0.500000E-001  -0.752484E+003   0.752484E+003  -0.451137E-004   0.504793E+000   0.504793E+000   0.100959E+001
     39.1000    0.000000E+000   0.500000E-001  -0.752484E+003   0.752484E+003  -0.443516E-004   0.504793E+000   0.504793E+000   0.100959E+001
     39.1200    0.000000E+000   0.500000E-001  -0.752484E+003   0.752484E+003  -0.436273E-004   0.504793E+000   0.504793E+000   0.100959E+001
     39.1400    0.000000E+000   0.500000E-001  -0.752484E+003   0.752484E+003  -0.429401E-004   0.504793E+000   0.504793E+000   0.100959E+001
     39.1600    0.000000E+000   0.500000E-001  -0.752484E+003   0.752484E+003  -0.422892E-004   0.504793E+000   0.504793E+000   0.100959E+001
     39.1800    0.000000E+000   0.500000E-001  -0.752484E+003   0.752484E+003  -0.416738E-004   0.504793E+000   0.504793E+000   0.100959E+001
     39.2000    0.000000E+000   0.500000E-001  -0.752484E+003   0.752484E+003  -0.410932E-004   0.504793E+000   0.504793E+000   0.100959E+001
     39.2200    0.000000E+000   0.500000E-001  -0.752484E+003   0.752484E+003  -0.405466E-004   0.504793E+000   0.504793E+000   0.100959E+001
     39.2400    0.000000E+000   0.500000E-001  -0.752484E+003   0.752484E+003  -0.400332E-004   0.504793E+000   0.504793E+000   0.100959E+001
     39.2600    0.000000E+000   0.500000E-001  -0.752484E+003   0.752484E+003  -0.395522E-004   0.504793E+000   0.504793E+000   0.100959E+001
     39.2800    0.000000E+000   0.500000E-001  -0.752484E+003   0.752484E+003  -0.391030E-004   0.504793E+000   0.504793E+000   0.100959E+001
     39.3000    0.000000E+000   0.500000E-001  -0.752484E+003   0.752484E+003  -0.386847E-004   0.504793E+000   0.504793E+000   0.100959E+001
     39.3200    0.000000E+000   0.500000E-001  -0.752484E+003   0.752484E+003  -0.382966E-004   0.504793E+000   0.504793E+000   0.100959E+001
     39.3400    0.000000E+000   0.500000E-001  -0.752484E+003   0.752484E+003  -0.379380E-004   0.504793E+000   0.504793E+000   0.100959E+001
     39.3600    0.000000E+000   0.500000E-001  -0.752484E+003   0.752484E+003  -0.376082E-004   0.504793E+000   0.504793E+000   0.100959E+001
     39.3800    0.000000E+000   0.500000E-001  -0.752484E+003   0.752484E+003  -0.373064E-004   0.504793E+000   0.504793E+000   0.100959E+001
     39.4000    0.000000E+000   0.500000E-001  -0.752484E+003   0.752484E+003  -0.370319E-004   0.504793E+000   0.504793E+000   0.100959E+001
     39.4200    0.000000E+000   0.500000E-001  -0.752484E+003   0.752484E+003  -0.367840E-004   0.504793E+000   0.504793E+000   0.100959E+001
     39.4400    0.000000E+000   0.500000E-001  -0.752484E+003   0.752484E+003  -0.365620E-004   0.504793E+000   0.504793E+000   0.100959E+001
     39.4600    0.000000E+000   0.500000E-001  -0.752484E+003   0.752484E+003  -0.363652E-004   0.504793E+000   0.504793E+000   0.100959E+001
     39.4800    0.000000E+000   0.500000E-001  -0.752484E+003   0.752484E+003  -0.361929E-004   0.504793E+000   0.504793E+000   0.100959E+001
     39.5000    0.000000E+000   0.500000E-001  -0.752484E+003   0.752484E+003  -0.360444E-004   0.504793E+000   0.504793E+000   0.100959E+001
     39.5200    0.000000E+000   0.500000E-001  -0.752484E+003   0.752484E+003  -0.359190E-004   0.504793E+000   0.504793E+000   0.100959E+001
     39.5400    0.000000E+000   0.500000E-001  -0.752484E+003   0.752484E+003  -0.358162E-004   0.504793E+000   0.504793E+000   0.100959E+001
     39.5600    0.000000E+000   0.500000E-001  -0.752484E+003   0.752484E+003  -0.357351E-004   0.504793E+000   0.504793E+000   0.100959E+001
     39.5800    0.000000E+000   0.500000E-001  -0.752484E+003   0.752484E+003  -0.356752E-004   0.504793E+000   0.504793E+000   0.100959E+001
     39.6000    0.000000E+000   0.500000E-001  -0.752484E+003   0.752484E+003  -0.356358E-004   0.504793E+000   0.504793E+000   0.100959E+001
     39.6200    0.000000E+000   0.500000E-001  -0.752484E+003   0.752484E+003  -0.356162E-004   0.504793E+000   0.504793E+000   0.100959E+001
     39.6400    0.000000E+000   0.500000E-001  -0.752484E+003   0.752484E+003  -0.356159E-004   0.504793E+000   0.504793E+000   0.100959E+001
     39.6600    0.000000E+000   0.500000E-001  -0.752484E+003   0.752484E+003  -0.356341E-004   0.504793E+000   0.504793E+000   0.100959E+001
     39.6800    0.000000E+000   0.500000E-001  -0.752484E+003   0.752484E+003  -0.356703E-004   0.504793E+000   0.504793E+000   0.100959E+001
     39.7000    0.000000E+000   0.500000E-001  -0.752484E+003   0.752484E+003  -0.357239E-004   0.504793E+000   0.504793E+000   0.100959E+001
     39.7200    0.000000E+000   0.500000E-001  -0.752484E+003   0.752484E+003  -0.357942E-004   0.504793E+000   0.504793E+000   0.100959E+001
     39.7400    0.000000E+000   0.500000E-001  -0.752484E+003   0.752484E+003  -0.358807E-004   0.504793E+000   0.504793E+000   0.100959E+001
     39.7600    0.000000E+000   0.500000E-001  -0.752484E+003   0.752484E+003  -0.359827E-004   0.504793E+000   0.504793E+000   0.100959E+001
     39.7800    0.000000E+000   0.500000E-001  -0.752484E+003   0.752484E+003  -0.360998E-004   0.504793E+000   0.504793E+000   0.100959E+001
     39.8000    0.000000E+000   0.500000E-001  -0.752484E+003   0.752484E+003  -0.362312E-004   0.504793E+000   0.504793E+000   0.100959E+001
     39.8200    0.000000E+000   0.500000E-001  -0.752484E+003   0.752484E+003  -0.363765E-004   0.504793E+000   0.504793E+000   0.100959E+001
     39.8400    0.000000E+000   0.500000E-001  -0.752484E+003   0.752484E+003  -0.365351E-004   0.504793E+000   0.504793E+000   0.100959E+001
     39.8600    0.000000E+000   0.500000E-001  -0.752484E+003   0.752484E+003  -0.367064E-004   0.504793E+000   0.504793E+000   0.100959E+001
     39.8800    0.000000E+000   0.500000E-001  -0.752484E+003   0.752484E+003  -0.368899E-004   0.504793E+000   0.504793E+000   0.100959E+001
     39.9000    0.000000E+000   0.500000E-001  -0.752484E+003   0.752484E+003  -0.370851E-004   0.504793E+000   0.504793E+000   0.100959E+001
     39.9200    0.000000E+000   0.500000E-001  -0.752484E+003   0.752484E+003  -0.372914E-004   0.504793E+000   0.504793E+000   0.100959E+001
     39.9400    0.000000E+000   0.500000E-001  -0.752484E+003   0.752484E+003  -0.375083E-004   0.504793E+000   0.504793E+000   0.100959E+001
     39.9600    0.000000E+000   0.500000E-001  -0.752484E+003   0.752484E+003  -0.377353E-004   0.504793E+000   0.504793E+000   0.100959E+001
     39.9800    0.000000E+000   0.500000E-001  -0.752484E+003   0.752484E+003  -0.379720E-004   0.504793E+000   0.504793E+000   0.100959E+001
     40.0000    0.000000E+000   0.500000E-001  -0.752484E+003   0.752484E+003  -0.382177E-004   0.504793E+000   0.504793E+000   0.100959E+001
     40.0200    0.000000E+000   0.500000E-001  -0.752484E+003   0.752484E+003  -0.384721E-004   0.504793E+000   0.504793E+000   0.100959E+001
     40.0400    0.000000E+000   0.500000E-001  -0.752484E+003   0.752484E+003  -0.387346E-004   0.504793E+000   0.504793E+000   0.100959E+001
     40.0600    0.000000E+000   0.500000E-001  -0.752484E+003   0.752484E+003  -0.390048E-004   0.504793E+000   0.504793E+000   0.100959E+001
     40.0800    0.000000E+000   0.500000E-001  -0.752484E+003   0.752484E+003  -0.392823E-004   0.504793E+000   0.504793E+000   0.100959E+001
     40.1000    0.000000E+000   0.500000E-001  -0.752484E+003   0.752484E+003  -0.395665E-004   0.504793E+000   0.504793E+000   0.100959E+001
     40.1200    0.000000E+000   0.500000E-001  -0.752484E+003   0.752484E+003  -0.398570E-004   0.504793E+000   0.504793E+000   0.100959E+001
     40.1400    0.000000E+000   0.500000E-001  -0.752484E+003   0.752484E+003  -0.401535E-004   0.504793E+000   0.504793E+000   0.100959E+001
     40.1600    0.000000E+000   0.500000E-001  -0.752484E+003   0.752484E+003  -0.404553E-004   0.504793E+000   0.504793E+000   0.100959E+001
     40.1800    0.000000E+000   0.500000E-001  -0.752484E+003   0.752484E+003  -0.407623E-004   0.504793E+000   0.504793E+000   0.100959E+001
     40.2000    0.000000E+000   0.500000E-001  -0.752484E+003   0.752484E+003  -0.410738E-004   0.504793E+000   0.504793E+000   0.100959E+001
     40.2200    0.000000E+000   0.500000E-001  -0.752484E+003   0.752484E+003  -0.413896E-004   0.504793E+000   0.504793E+000   0.100959E+001
     40.2400    0.000000E+000   0.500000E-001  -0.752484E+003   0.752484E+003  -0.417092E-004   0.504793E+000   0.504793E+000   0.100959E+001
     40.2600    0.000000E+000   0.500000E-001  -0.752484E+003   0.752484E+003  -0.420323E-004   0.504793E+000   0.504793E+000   0.100959E+001
     40.2800    0.000000E+000   0.500000E-001  -0.752484E+003   0.752484E+003  -0.423584E-004   0.504793E+000   0.504793E+000   0.100959E+001
     40.3000    0.000000E+000   0.500000E-001  -0.752484E+003   0.752484E+003  -0.426873E-004   0.504793E+000   0.504793E+000   0.100959E+001
     40.3200    0.000000E+000   0.500000E-001  -0.752484E+003   0.752484E+003  -0.430184E-004   0.504793E+000   0.504793E+000   0.100959E+001
     40.3400    0.000000E+000   0.500000E-001  -0.752484E+003   0.752484E+003  -0.433515E-004   0.504793E+000   0.504793E+000   0.100959E+001
     40.3600    0.000000E+000   0.500000E-001  -0.752484E+003   0.752484E+003  -0.436863E-004   0.504793E+000   0.504793E+000   0.100959E+001
     40.3800    0.000000E+000   0.500000E-001  -0.752484E+003   0.752484E+003  -0.440223E-004   0.504793E+000   0.504793E+000   0.100959E+001
     40.4000    0.000000E+000   0.500000E-001  -0.752484E+003   0.752484E+003  -0.443593E-004   0.504793E+000   0.504793E+000   0.100959E+001
     40.4200    0.000000E+000   0.500000E-001  -0.752484E+003   0.752484E+003  -0.446969E-004   0.504793E+000   0.504793E+000   0.100959E+001
     40.4400    0.000000E+000   0.500000E-001  -0.752484E+003   0.752484E+003  -0.450348E-004   0.504793E+000   0.504793E+000   0.100959E+001
     40.4600    0.000000E+000   0.500000E-001  -0.752484E+003   0.752484E+003  -0.453727E-004   0.504793E+000   0.504793E+000   0.100959E+001
     40.4800    0.000000E+000   0.500000E-001  -0.752484E+003   0.752484E+003  -0.457103E-004   0.504793E+000   0.504793E+000   0.100959E+001
     40.5000    0.000000E+000   0.500000E-001  -0.752484E+003   0.752484E+003  -0.460474E-004   0.504793E+000   0.504793E+000   0.100959E+001
     40.5200    0.000000E+000   0.500000E-001  -0.752484E+003   0.752484E+003  -0.463835E-004   0.504793E+000   0.504793E+000   0.100959E+001
     40.5400    0.000000E+000   0.500000E-001  -0.752484E+003   0.752484E+003  -0.467185E-004   0.504793E+000   0.504793E+000   0.100959E+001
     40.5600    0.000000E+000   0.500000E-001  -0.752484E+003   0.752484E+003  -0.470521E-004   0.504793E+000   0.504793E+000   0.100959E+001
     40.5800    0.000000E+000   0.500000E-001  -0.752484E+003   0.752484E+003  -0.473839E-004   0.504793E+000   0.504793E+000   0.100959E+001
     40.6000    0.000000E+000   0.500000E-001  -0.752484E+003   0.752484E+003  -0.477138E-004   0.504793E+000   0.504793E+000   0.100959E+001
     40.6200    0.000000E+000   0.500000E-001  -0.752484E+003   0.752484E+003  -0.480415E-004   0.504793E+000   0.504793E+000   0.100959E+001
     40.6400    0.000000E+000   0.500000E-001  -0.752484E+003   0.752484E+003  -0.483668E-004   0.504793E+000   0.504793E+000   0.100959E+001
     40.6600    0.000000E+000   0.500000E-001  -0.752484E+003   0.752484E+003  -0.486893E-004   0.504793E+000   0.504793E+000   0.100959E+001
     40.6800    0.000000E+000   0.500000E-001  -0.752484E+003   0.752484E+003  -0.490090E-004   0.504793E+000   0.504793E+000   0.100959E+001
     40.7000    0.000000E+000   0.500000E-001  -0.752484E+003   0.752484E+003  -0.493255E-004   0.504793E+000   0.504793E+000   0.100959E+001
     40.7200    0.000000E+000   0.500000E-001  -0.752484E+003   0.752484E+003  -0.496387E-004   0.504793E+000   0.504793E+000   0.100959E+001
     40.7400    0.000000E+000   0.500000E-001  -0.752484E+003   0.752484E+003  -0.499483E-004   0.504793E+000   0.504793E+000   0.100959E+001
     40.7600    0.000000E+000   0.500000E-001  -0.752484E+003   0.752484E+003  -0.502542E-004   0.504793E+000   0.504793E+000   0.100959E+001
     40.7800    0.000000E+000   0.500000E-001  -0.752484E+003   0.752484E+003  -0.505561E-004   0.504793E+000   0.504793E+000   0.100959E+001
     40.8000    0.000000E+000   0.500000E-001  -0.752484E+003   0.752484E+003  -0.508539E-004   0.504793E+000   0.504793E+000   0.100959E+001
     40.8200    0.000000E+000   0.500000E-001  -0.752484E+003   0.752484E+003  -0.511473E-004   0.504793E+000   0.504793E+000   0.100959E+001
     40.8400    0.000000E+000   0.500000E-001  -0.752484E+003   0.752484E+003  -0.514363E-004   0.504793E+000   0.504793E+000   0.100959E+001
     40.8600    0.000000E+000   0.500000E-001  -0.752484E+003   0.752484E+003  -0.517206E-004   0.504793E+000   0.504793E+000   0.100959E+001
     40.8800    0.000000E+000   0.500000E-001  -0.752484E+003   0.752484E+003  -0.520000E-004   0.504793E+000   0.504793E+000   0.100959E+001
     40.9000    0.000000E+000   0.500000E-001  -0.752484E+003   0.752484E+003  -0.522745E-004   0.504793E+000   0.504793E+000   0.100959E+001
     40.9200    0.000000E+000   0.500000E-001  -0.752484E+003   0.752484E+003  -0.525438E-004   0.504793E+000   0.504793E+000   0.100959E+001
     40.9400    0.000000E+000   0.500000E-001  -0.752484E+003   0.752484E+003  -0.528079E-004   0.504793E+000   0.504793E+000   0.100959E+001
     40.9600    0.000000E+000   0.500000E-001  -0.752484E+003   0.752484E+003  -0.530665E-004   0.504793E+000   0.504793E+000   0.100959E+001
     40.9800    0.000000E+000   0.500000E-001  -0.752484E+003   0.752484E+003  -0.533196E-004   0.504793E+000   0.504793E+000   0.100959E+001
     41.0000    0.000000E+000   0.500000E-001  -0.752484E+003   0.752484E+003  -0.535671E-004   0.504793E+000   0.504793E+000   0.100959E+001
     41.0200    0.000000E+000   0.500000E-001  -0.752484E+003   0.752484E+003  -0.538087E-004   0.504793E+000   0.504793E+000   0.100959E+001
     41.0400    0.000000E+000   0.500000E-001  -0.752484E+003   0.752484E+003  -0.540444E-004   0.504793E+000   0.504793E+000   0.100959E+001
     41.0600    0.000000E+000   0.500000E-001  -0.752484E+003   0.752484E+003  -0.542741E-004   0.504793E+000   0.504793E+000   0.100959E+001
     41.0800    0.000000E+000   0.500000E-001  -0.752484E+003   0.752484E+003  -0.544976E-004   0.504793E+000   0.504793E+000   0.100959E+001
     41.1000    0.000000E+000   0.500000E-001  -0.752484E+003   0.752484E+003  -0.547150E-004   0.504793E+000   0.504793E+000   0.100959E+001
     41.1200    0.000000E+000   0.500000E-001  -0.752484E+003   0.752484E+003  -0.549260E-004   0.504793E+000   0.504793E+000   0.100959E+001
     41.1400    0.000000E+000   0.500000E-001  -0.752484E+003   0.752484E+003  -0.551306E-004   0.504793E+000   0.504793E+000   0.100959E+001
     41.1600    0.000000E+000   0.500000E-001  -0.752484E+003   0.752484E+003  -0.553288E-004   0.504793E+000   0.504793E+000   0.100959E+001
     41.1800    0.000000E+000   0.500000E-001  -0.752484E+003   0.752484E+003  -0.555204E-004   0.504793E+000   0.504793E+000   0.100959E+001
     41.2000    0.000000E+000   0.500000E-001  -0.752484E+003   0.752484E+003  -0.557053E-004   0.504793E+000   0.504793E+000   0.100959E+001
     41.2200    0.000000E+000   0.500000E-001  -0.752484E+003   0.752484E+003  -0.558836E-004   0.504793E+000   0.504793E+000   0.100959E+001
     41.2400    0.000000E+000   0.500000E-001  -0.752484E+003   0.752484E+003  -0.560550E-004   0.504793E+000   0.504793E+000   0.100959E+001
     41.2600    0.000000E+000   0.500000E-001  -0.752484E+003   0.752484E+003  -0.562197E-004   0.504793E+000   0.504793E+000   0.100959E+001
     41.2800    0.000000E+000   0.500000E-001  -0.752484E+003   0.752484E+003  -0.563775E-004   0.504793E+000   0.504793E+000   0.100959E+001
     41.3000    0.000000E+000   0.500000E-001  -0.752484E+003   0.752484E+003  -0.565284E-004   0.504793E+000   0.504793E+000   0.100959E+001
     41.3200    0.000000E+000   0.500000E-001  -0.752484E+003   0.752484E+003  -0.566723E-004   0.504793E+000   0.504793E+000   0.100959E+001
     41.3400    0.000000E+000   0.500000E-001  -0.752484E+003   0.752484E+003  -0.568091E-004   0.504793E+000   0.504793E+000   0.100959E+001
     41.3600    0.000000E+000   0.500000E-001  -0.752484E+003   0.752484E+003  -0.569390E-004   0.504793E+000   0.504793E+000   0.100959E+001
     41.3800    0.000000E+000   0.500000E-001  -0.752484E+003   0.752484E+003  -0.570618E-004   0.504793E+000   0.504793E+000   0.100959E+001
     41.4000    0.000000E+000   0.500000E-001  -0.752484E+003   0.752484E+003  -0.571775E-004   0.504793E+000   0.504793E+000   0.100959E+001
     41.4200    0.000000E+000   0.500000E-001  -0.752484E+003   0.752484E+003  -0.572860E-004   0.504793E+000   0.504793E+000   0.100959E+001
     41.4400    0.000000E+000   0.500000E-001  -0.752484E+003   0.752484E+003  -0.573874E-004   0.504793E+000   0.504793E+000   0.100959E+001
     41.4600    0.000000E+000   0.500000E-001  -0.752484E+003   0.752484E+003  -0.574817E-004   0.504793E+000   0.504793E+000   0.100959E+001
     41.4800    0.000000E+000   0.500000E-001  -0.752484E+003   0.752484E+003  -0.575688E-004   0.504793E+000   0.504793E+000   0.100959E+001
     41.5000    0.000000E+000   0.500000E-001  -0.752484E+003   0.752484E+003  -0.576487E-004   0.504793E+000   0.504793E+000   0.100959E+001
     41.5200    0.000000E+000   0.500000E-001  -0.752484E+003   0.752484E+003  -0.577215E-004   0.504793E+000   0.504793E+000   0.100959E+001
     41.5400    0.000000E+000   0.500000E-001  -0.752484E+003   0.752484E+003  -0.577871E-004   0.504793E+000   0.504793E+000   0.100959E+001
     41.5600    0.000000E+000   0.500000E-001  -0.752484E+003   0.752484E+003  -0.578455E-004   0.504793E+000   0.504793E+000   0.100959E+001
     41.5800    0.000000E+000   0.500000E-001  -0.752484E+003   0.752484E+003  -0.578967E-004   0.504793E+000   0.504793E+000   0.100959E+001
     41.6000    0.000000E+000   0.500000E-001  -0.752484E+003   0.752484E+003  -0.579408E-004   0.504793E+000   0.504793E+000   0.100959E+001
     41.6200    0.000000E+000   0.500000E-001  -0.752484E+003   0.752484E+003  -0.579778E-004   0.504793E+000   0.504793E+000   0.100959E+001
     41.6400    0.000000E+000   0.500000E-001  -0.752484E+003   0.752484E+003  -0.580076E-004   0.504793E+000   0.504793E+000   0.100959E+001
     41.6600    0.000000E+000   0.500000E-001  -0.752484E+003   0.752484E+003  -0.580304E-004   0.504793E+000   0.504793E+000   0.100959E+001
     41.6800    0.000000E+000   0.500000E-001  -0.752484E+003   0.752484E+003  -0.580461E-004   0.504793E+000   0.504793E+000   0.100959E+001
     41.7000    0.000000E+000   0.500000E-001  -0.752484E+003   0.752484E+003  -0.580547E-004   0.504793E+000   0.504793E+000   0.100959E+001
     41.7200    0.000000E+000   0.500000E-001  -0.752484E+003   0.752483E+003  -0.580563E-004   0.504793E+000   0.504793E+000   0.100959E+001
     41.7400    0.000000E+000   0.500000E-001  -0.752484E+003   0.752483E+003  -0.580509E-004   0.504793E+000   0.504793E+000   0.100959E+001
     41.7600    0.000000E+000   0.500000E-001  -0.752484E+003   0.752483E+003  -0.580386E-004   0.504793E+000   0.504793E+000   0.100959E+001
     41.7800    0.000000E+000   0.500000E-001  -0.752484E+003   0.752483E+003  -0.580193E-004   0.504793E+000   0.504793E+000   0.100959E+001
     41.8000    0.000000E+000   0.500000E-001  -0.752484E+003   0.752483E+003  -0.579932E-004   0.504793E+000   0.504793E+000   0.100959E+001
     41.8200    0.000000E+000   0.500000E-001  -0.752484E+003   0.752483E+003  -0.579603E-004   0.504793E+000   0.504793E+000   0.100959E+001
     41.8400    0.000000E+000   0.500000E-001  -0.752484E+003   0.752483E+003  -0.579205E-004   0.504793E+000   0.504793E+000   0.100959E+001
     41.8600    0.000000E+000   0.500000E-001  -0.752484E+003   0.752483E+003  -0.578741E-004   0.504793E+000   0.504793E+000   0.100959E+001
     41.8800    0.000000E+000   0.500000E-001  -0.752484E+003   0.752483E+003  -0.578209E-004   0.504793E+000   0.504793E+000   0.100959E+001
     41.9000    0.000000E+000   0.500000E-001  -0.752484E+003   0.752483E+003  -0.577612E-004   0.504793E+000   0.504793E+000   0.100959E+001
     41.9200    0.000000E+000   0.500000E-001  -0.752484E+003   0.752483E+003  -0.576948E-004   0.504793E+000   0.504793E+000   0.100959E+001
     41.9400    0.000000E+000   0.500000E-001  -0.752484E+003   0.752483E+003  -0.576219E-004   0.504793E+000   0.504793E+000   0.100959E+001
     41.9600    0.000000E+000   0.500000E-001  -0.752484E+003   0.752483E+003  -0.575426E-004   0.504793E+000   0.504793E+000   0.100959E+001
     41.9800    0.000000E+000   0.500000E-001  -0.752484E+003   0.752483E+003  -0.574569E-004   0.504793E+000   0.504793E+000   0.100959E+001
     42.0000    0.000000E+000   0.500000E-001  -0.752484E+003   0.752483E+003  -0.573648E-004   0.504793E+000   0.504793E+000   0.100959E+001
     42.0200    0.000000E+000   0.500000E-001  -0.752484E+003   0.752483E+003  -0.572664E-004   0.504793E+000   0.504793E+000   0.100959E+001
     42.0400    0.000000E+000   0.500000E-001  -0.752484E+003   0.752483E+003  -0.571619E-004   0.504793E+000   0.504793E+000   0.100959E+001
     42.0600    0.000000E+000   0.500000E-001  -0.752484E+003   0.752483E+003  -0.570512E-004   0.504793E+000   0.504793E+000   0.100959E+001
     42.0800    0.000000E+000   0.500000E-001  -0.752484E+003   0.752483E+003  -0.569344E-004   0.504793E+000   0.504793E+000   0.100959E+001
     42.1000    0.000000E+000   0.500000E-001  -0.752484E+003   0.752483E+003  -0.568116E-004   0.504793E+000   0.504793E+000   0.100959E+001
     42.1200    0.000000E+000   0.500000E-001  -0.752484E+003   0.752483E+003  -0.566829E-004   0.504793E+000   0.504793E+000   0.100959E+001
     42.1400    0.000000E+000   0.500000E-001  -0.752484E+003   0.752483E+003  -0.565484E-004   0.504793E+000   0.504793E+000   0.100959E+001
     42.1600    0.000000E+000   0.500000E-001  -0.752484E+003   0.752483E+003  -0.564081E-004   0.504793E+000   0.504793E+000   0.100959E+001
     42.1800    0.000000E+000   0.500000E-001  -0.752484E+003   0.752483E+003  -0.562620E-004   0.504793E+000   0.504793E+000   0.100959E+001
     42.2000    0.000000E+000   0.500000E-001  -0.752484E+003   0.752483E+003  -0.561104E-004   0.504793E+000   0.504793E+000   0.100959E+001
     42.2200    0.000000E+000   0.500000E-001  -0.752484E+003   0.752483E+003  -0.559532E-004   0.504793E+000   0.504793E+000   0.100959E+001
     42.2400    0.000000E+000   0.500000E-001  -0.752483E+003   0.752483E+003  -0.557906E-004   0.504793E+000   0.504793E+000   0.100959E+001
     42.2600    0.000000E+000   0.500000E-001  -0.752483E+003   0.752483E+003  -0.556226E-004   0.504793E+000   0.504793E+000   0.100959E+001
     42.2800    0.000000E+000   0.500000E-001  -0.752483E+003   0.752483E+003  -0.554492E-004   0.504793E+000   0.504793E+000   0.100959E+001
     42.3000    0.000000E+000   0.500000E-001  -0.752483E+003   0.752483E+003  -0.552707E-004   0.504793E+000   0.504793E+000   0.100959E+001
     42.3200    0.000000E+000   0.500000E-001  -0.752483E+003   0.752483E+003  -0.550870E-004   0.504793E+000   0.504793E+000   0.100959E+001
     42.3400    0.000000E+000   0.500000E-001  -0.752483E+003   0.752483E+003  -0.548983E-004   0.504793E+000   0.504793E+000   0.100959E+001
     42.3600    0.000000E+000   0.500000E-001  -0.752483E+003   0.752483E+003  -0.547047E-004   0.504793E+000   0.504793E+000   0.100959E+001
     42.3800    0.000000E+000   0.500000E-001  -0.752483E+003   0.752483E+003  -0.545061E-004   0.504793E+000   0.504793E+000   0.100959E+001
     42.4000    0.000000E+000   0.500000E-001  -0.752483E+003   0.752483E+003  -0.543028E-004   0.504793E+000   0.504793E+000   0.100959E+001
     42.4200    0.000000E+000   0.500000E-001  -0.752483E+003   0.752483E+003  -0.540948E-004   0.504793E+000   0.504793E+000   0.100959E+001
     42.4400    0.000000E+000   0.500000E-001  -0.752483E+003   0.752483E+003  -0.538822E-004   0.504793E+000   0.504793E+000   0.100959E+001
     42.4600    0.000000E+000   0.500000E-001  -0.752483E+003   0.752483E+003  -0.536650E-004   0.504793E+000   0.504793E+000   0.100959E+001
     42.4800    0.000000E+000   0.500000E-001  -0.752483E+003   0.752483E+003  -0.534435E-004   0.504793E+000   0.504793E+000   0.100959E+001
     42.5000    0.000000E+000   0.500000E-001  -0.752483E+003   0.752483E+003  -0.532176E-004   0.504793E+000   0.504793E+000   0.100959E+001
     42.5200    0.000000E+000   0.500000E-001  -0.752483E+003   0.752483E+003  -0.529874E-004   0.504793E+000   0.504793E+000   0.100959E+001
     42.5400    0.000000E+000   0.500000E-001  -0.752483E+003   0.752483E+003  -0.527531E-004   0.504793E+000   0.504793E+000   0.100959E+001
     42.5600    0.000000E+000   0.500000E-001  -0.752483E+003   0.752483E+003  -0.525148E-004   0.504793E+000   0.504793E+000   0.100959E+001
     42.5800    0.000000E+000   0.500000E-001  -0.752483E+003   0.752483E+003  -0.522725E-004   0.504793E+000   0.504793E+000   0.100959E+001
     42.6000    0.000000E+000   0.500000E-001  -0.752483E+003   0.752483E+003  -0.520262E-004   0.504793E+000   0.504793E+000   0.100959E+001
     42.6200    0.000000E+000   0.500000E-001  -0.752483E+003   0.752483E+003  -0.517762E-004   0.504793E+000   0.504793E+000   0.100959E+001
     42.6400    0.000000E+000   0.500000E-001  -0.752483E+003   0.752483E+003  -0.515225E-004   0.504793E+000   0.504793E+000   0.100959E+001
     42.6600    0.000000E+000   0.500000E-001  -0.752483E+003   0.752483E+003  -0.512652E-004   0.504793E+000   0.504793E+000   0.100959E+001
     42.6800    0.000000E+000   0.500000E-001  -0.752483E+003   0.752483E+003  -0.510044E-004   0.504793E+000   0.504793E+000   0.100959E+001
     42.7000    0.000000E+000   0.500000E-001  -0.752483E+003   0.752483E+003  -0.507402E-004   0.504793E+000   0.504793E+000   0.100959E+001
     42.7200    0.000000E+000   0.500000E-001  -0.752483E+003   0.752483E+003  -0.504726E-004   0.504793E+000   0.504793E+000   0.100959E+001
     42.7400    0.000000E+000   0.500000E-001  -0.752483E+003   0.752483E+003  -0.502018E-004   0.504793E+000   0.504793E+000   0.100959E+001
     42.7600    0.000000E+000   0.500000E-001  -0.752483E+003   0.752483E+003  -0.499279E-004   0.504793E+000   0.504793E+000   0.100959E+001
     42.7800    0.000000E+000   0.500000E-001  -0.752483E+003   0.752483E+003  -0.496509E-004   0.504793E+000   0.504793E+000   0.100959E+001
     42.8000    0.000000E+000   0.500000E-001  -0.752483E+003   0.752483E+003  -0.493710E-004   0.504793E+000   0.504793E+000   0.100959E+001
     42.8200    0.000000E+000   0.500000E-001  -0.752483E+003   0.752483E+003  -0.490882E-004   0.504793E+000   0.504793E+000   0.100959E+001
     42.8400    0.000000E+000   0.500000E-001  -0.752483E+003   0.752483E+003  -0.488026E-004   0.504793E+000   0.504793E+000   0.100959E+001
     42.8600    0.000000E+000   0.500000E-001  -0.752483E+003   0.752483E+003  -0.485143E-004   0.504793E+000   0.504793E+000   0.100959E+001
     42.8800    0.000000E+000   0.500000E-001  -0.752483E+003   0.752483E+003  -0.482234E-004   0.504793E+000   0.504793E+000   0.100959E+001
     42.9000    0.000000E+000   0.500000E-001  -0.752483E+003   0.752483E+003  -0.479301E-004   0.504793E+000   0.504793E+000   0.100959E+001
     42.9200    0.000000E+000   0.500000E-001  -0.752483E+003   0.752483E+003  -0.476343E-004   0.504793E+000   0.504793E+000   0.100959E+001
     42.9400    0.000000E+000   0.500000E-001  -0.752483E+003   0.752483E+003  -0.473362E-004   0.504793E+000   0.504793E+000   0.100959E+001
     42.9600    0.000000E+000   0.500000E-001  -0.752483E+003   0.752483E+003  -0.470358E-004   0.504793E+000   0.504793E+000   0.100959E+001
     42.9800    0.000000E+000   0.500000E-001  -0.752483E+003   0.752483E+003  -0.467333E-004   0.504793E+000   0.504793E+000   0.100959E+001
     43.0000    0.000000E+000   0.500000E-001  -0.752483E+003   0.752483E+003  -0.464288E-004   0.504793E+000   0.504793E+000   0.100959E+001
     43.0200    0.000000E+000   0.500000E-001  -0.752483E+003   0.752483E+003  -0.461222E-004   0.504793E+000   0.504793E+000   0.100959E+001
     43.0400    0.000000E+000   0.500000E-001  -0.752483E+003   0.752483E+003  -0.458138E-004   0.504793E+000   0.504793E+000   0.100959E+001
     43.0600    0.000000E+000   0.500000E-001  -0.752483E+003   0.752483E+003  -0.455036E-004   0.504793E+000   0.504793E+000   0.100959E+001
     43.0800    0.000000E+000   0.500000E-001  -0.752483E+003   0.752483E+003  -0.451917E-004   0.504793E+000   0.504793E+000   0.100959E+001
     43.1000    0.000000E+000   0.500000E-001  -0.752483E+003   0.752483E+003  -0.448782E-004   0.504793E+000   0.504793E+000   0.100959E+001
     43.1200    0.000000E+000   0.500000E-001  -0.752483E+003   0.752483E+003  -0.445631E-004   0.504793E+000   0.504793E+000   0.100959E+001
     43.1400    0.000000E+000   0.500000E-001  -0.752483E+003   0.752483E+003  -0.442466E-004   0.504793E+000   0.504793E+000   0.100959E+001
     43.1600    0.000000E+000   0.500000E-001  -0.752483E+003   0.752483E+003  -0.439287E-004   0.504793E+000   0.504793E+000   0.100959E+001
     43.1800    0.000000E+000   0.500000E-001  -0.752483E+003   0.752483E+003  -0.436095E-004   0.504793E+000   0.504793E+000   0.100959E+001
     43.2000    0.000000E+000   0.500000E-001  -0.752483E+003   0.752483E+003  -0.432890E-004   0.504793E+000   0.504793E+000   0.100959E+001
     43.2200    0.000000E+000   0.500000E-001  -0.752483E+003   0.752483E+003  -0.429675E-004   0.504793E+000   0.504793E+000   0.100959E+001
     43.2400    0.000000E+000   0.500000E-001  -0.752483E+003   0.752483E+003  -0.426449E-004   0.504793E+000   0.504793E+000   0.100959E+001
     43.2600    0.000000E+000   0.500000E-001  -0.752483E+003   0.752483E+003  -0.423214E-004   0.504793E+000   0.504793E+000   0.100959E+001
     43.2800    0.000000E+000   0.500000E-001  -0.752483E+003   0.752483E+003  -0.419969E-004   0.504793E+000   0.504793E+000   0.100959E+001
     43.3000    0.000000E+000   0.500000E-001  -0.752483E+003   0.752483E+003  -0.416717E-004   0.504793E+000   0.504793E+000   0.100959E+001
     43.3200    0.000000E+000   0.500000E-001  -0.752483E+003   0.752483E+003  -0.413457E-004   0.504793E+000   0.504793E+000   0.100959E+001
     43.3400    0.000000E+000   0.500000E-001  -0.752483E+003   0.752483E+003  -0.410191E-004   0.504793E+000   0.504793E+000   0.100959E+001
     43.3600    0.000000E+000   0.500000E-001  -0.752483E+003   0.752483E+003  -0.406918E-004   0.504793E+000   0.504793E+000   0.100959E+001
     43.3800    0.000000E+000   0.500000E-001  -0.752483E+003   0.752483E+003  -0.403641E-004   0.504793E+000   0.504793E+000   0.100959E+001
     43.4000    0.000000E+000   0.500000E-001  -0.752483E+003   0.752483E+003  -0.400359E-004   0.504793E+000   0.504793E+000   0.100959E+001
     43.4200    0.000000E+000   0.500000E-001  -0.752483E+003   0.752483E+003  -0.397074E-004   0.504793E+000   0.504793E+000   0.100959E+001
     43.4400    0.000000E+000   0.500000E-001  -0.752483E+003   0.752483E+003  -0.393786E-004   0.504793E+000   0.504793E+000   0.100959E+001
     43.4600    0.000000E+000   0.500000E-001  -0.752483E+003   0.752483E+003  -0.390496E-004   0.504793E+000   0.504793E+000   0.100959E+001
     43.4800    0.000000E+000   0.500000E-001  -0.752483E+003   0.752483E+003  -0.387204E-004   0.504793E+000   0.504793E+000   0.100959E+001
     43.5000    0.000000E+000   0.500000E-001  -0.752483E+003   0.752483E+003  -0.383912E-004   0.504793E+000   0.504793E+000   0.100959E+001
     43.5200    0.000000E+000   0.500000E-001  -0.752483E+003   0.752483E+003  -0.380619E-004   0.504793E+000   0.504793E+000   0.100959E+001
     43.5400    0.000000E+000   0.500000E-001  -0.752483E+003   0.752483E+003  -0.377327E-004   0.504793E+000   0.504793E+000   0.100959E+001
     43.5600    0.000000E+000   0.500000E-001  -0.752483E+003   0.752483E+003  -0.374036E-004   0.504793E+000   0.504793E+000   0.100959E+001
     43.5800    0.000000E+000   0.500000E-001  -0.752483E+003   0.752483E+003  -0.370747E-004   0.504793E+000   0.504793E+000   0.100959E+001
     43.6000    0.000000E+000   0.500000E-001  -0.752483E+003   0.752483E+003  -0.367461E-004   0.504793E+000   0.504793E+000   0.100959E+001
     43.6200    0.000000E+000   0.500000E-001  -0.752483E+003   0.752483E+003  -0.364178E-004   0.504793E+000   0.504793E+000   0.100959E+001
     43.6400    0.000000E+000   0.500000E-001  -0.752483E+003   0.752483E+003  -0.360898E-004   0.504793E+000   0.504793E+000   0.100959E+001
     43.6600    0.000000E+000   0.500000E-001  -0.752483E+003   0.752483E+003  -0.357623E-004   0.504793E+000   0.504793E+000   0.100959E+001
     43.6800    0.000000E+000   0.500000E-001  -0.752483E+003   0.752483E+003  -0.354353E-004   0.504793E+000   0.504793E+000   0.100959E+001
     43.7000    0.000000E+000   0.500000E-001  -0.752483E+003   0.752483E+003  -0.351089E-004   0.504793E+000   0.504793E+000   0.100959E+001
     43.7200    0.000000E+000   0.500000E-001  -0.752483E+003   0.752483E+003  -0.347831E-004   0.504793E+000   0.504793E+000   0.100959E+001
     43.7400    0.000000E+000   0.500000E-001  -0.752483E+003   0.752483E+003  -0.344579E-004   0.504793E+000   0.504793E+000   0.100959E+001
     43.7600    0.000000E+000   0.500000E-001  -0.752483E+003   0.752483E+003  -0.341335E-004   0.504793E+000   0.504793E+000   0.100959E+001
     43.7800    0.000000E+000   0.500000E-001  -0.752483E+003   0.752483E+003  -0.338099E-004   0.504793E+000   0.504793E+000   0.100959E+001
     43.8000    0.000000E+000   0.500000E-001  -0.752483E+003   0.752483E+003  -0.334871E-004   0.504793E+000   0.504793E+000   0.100959E+001
     43.8200    0.000000E+000   0.500000E-001  -0.752483E+003   0.752483E+003  -0.331652E-004   0.504793E+000   0.504793E+000   0.100959E+001
     43.8400    0.000000E+000   0.500000E-001  -0.752483E+003   0.752483E+003  -0.328442E-004   0.504793E+000   0.504793E+000   0.100959E+001
     43.8600    0.000000E+000   0.500000E-001  -0.752483E+003   0.752483E+003  -0.325243E-004   0.504793E+000   0.504793E+000   0.100959E+001
     43.8800    0.000000E+000   0.500000E-001  -0.752483E+003   0.752483E+003  -0.322054E-004   0.504793E+000   0.504793E+000   0.100959E+001
     43.9000    0.000000E+000   0.500000E-001  -0.752483E+003   0.752483E+003  -0.318876E-004   0.504793E+000   0.504793E+000   0.100959E+001
     43.9200    0.000000E+000   0.500000E-001  -0.752483E+003   0.752483E+003  -0.315709E-004   0.504793E+000   0.504793E+000   0.100959E+001
     43.9400    0.000000E+000   0.500000E-001  -0.752483E+003   0.752483E+003  -0.312554E-004   0.504793E+000   0.504793E+000   0.100959E+001
     43.9600    0.000000E+000   0.500000E-001  -0.752483E+003   0.752483E+003  -0.309412E-004   0.504793E+000   0.504793E+000   0.100959E+001
     43.9800    0.000000E+000   0.500000E-001  -0.752483E+003   0.752483E+003  -0.306282E-004   0.504793E+000   0.504793E+000   0.100959E+001
     44.0000    0.000000E+000   0.500000E-001  -0.752483E+003   0.752483E+003  -0.303166E-004   0.504793E+000   0.504793E+000   0.100959E+001
     44.0200    0.000000E+000   0.500000E-001  -0.752483E+003   0.752483E+003  -0.300063E-004   0.504793E+000   0.504793E+000   0.100959E+001
     44.0400    0.000000E+000   0.500000E-001  -0.752483E+003   0.752483E+003  -0.296974E-004   0.504793E+000   0.504793E+000   0.100959E+001
     44.0600    0.000000E+000   0.500000E-001  -0.752483E+003   0.752483E+003  -0.293900E-004   0.504793E+000   0.504793E+000   0.100959E+001
     44.0800    0.000000E+000   0.500000E-001  -0.752483E+003   0.752483E+003  -0.290841E-004   0.504793E+000   0.504793E+000   0.100959E+001
     44.1000    0.000000E+000   0.500000E-001  -0.752483E+003   0.752483E+003  -0.287797E-004   0.504793E+000   0.504793E+000   0.100959E+001
     44.1200    0.000000E+000   0.500000E-001  -0.752483E+003   0.752483E+003  -0.284768E-004   0.504793E+000   0.504793E+000   0.100959E+001
     44.1400    0.000000E+000   0.500000E-001  -0.752483E+003   0.752483E+003  -0.281756E-004   0.504793E+000   0.504793E+000   0.100959E+001
     44.1600    0.000000E+000   0.500000E-001  -0.752483E+003   0.752483E+003  -0.278760E-004   0.504793E+000   0.504793E+000   0.100959E+001
     44.1800    0.000000E+000   0.500000E-001  -0.752483E+003   0.752483E+003  -0.275781E-004   0.504793E+000   0.504793E+000   0.100959E+001
     44.2000    0.000000E+000   0.500000E-001  -0.752483E+003   0.752483E+003  -0.272819E-004   0.504793E+000   0.504793E+000   0.100959E+001
     44.2200    0.000000E+000   0.500000E-001  -0.752483E+003   0.752483E+003  -0.269874E-004   0.504793E+000   0.504793E+000   0.100959E+001
     44.2400    0.000000E+000   0.500000E-001  -0.752483E+003   0.752483E+003  -0.266947E-004   0.504793E+000   0.504793E+000   0.100959E+001
     44.2600    0.000000E+000   0.500000E-001  -0.752483E+003   0.752483E+003  -0.264038E-004   0.504793E+000   0.504793E+000   0.100959E+001
     44.2800    0.000000E+000   0.500000E-001  -0.752483E+003   0.752483E+003  -0.261147E-004   0.504793E+000   0.504793E+000   0.100959E+001
     44.3000    0.000000E+000   0.500000E-001  -0.752483E+003   0.752483E+003  -0.258274E-004   0.504793E+000   0.504793E+000   0.100959E+001
     44.3200    0.000000E+000   0.500000E-001  -0.752483E+003   0.752483E+003  -0.255421E-004   0.504793E+000   0.504793E+000   0.100959E+001
     44.3400    0.000000E+000   0.500000E-001  -0.752483E+003   0.752483E+003  -0.252587E-004   0.504793E+000   0.504793E+000   0.100959E+001
     44.3600    0.000000E+000   0.500000E-001  -0.752483E+003   0.752483E+003  -0.249772E-004   0.504793E+000   0.504793E+000   0.100959E+001
     44.3800    0.000000E+000   0.500000E-001  -0.752483E+003   0.752483E+003  -0.246976E-004   0.504793E+000   0.504793E+000   0.100959E+001
     44.4000    0.000000E+000   0.500000E-001  -0.752483E+003   0.752483E+003  -0.244201E-004   0.504793E+000   0.504793E+000   0.100959E+001
     44.4200    0.000000E+000   0.500000E-001  -0.752483E+003   0.752483E+003  -0.241446E-004   0.504793E+000   0.504793E+000   0.100959E+001
     44.4400    0.000000E+000   0.500000E-001  -0.752483E+003   0.752483E+003  -0.238710E-004   0.504793E+000   0.504793E+000   0.100959E+001
     44.4600    0.000000E+000   0.500000E-001  -0.752483E+003   0.752483E+003  -0.235996E-004   0.504793E+000   0.504793E+000   0.100959E+001
     44.4800    0.000000E+000   0.500000E-001  -0.752483E+003   0.752483E+003  -0.233302E-004   0.504793E+000   0.504793E+000   0.100959E+001
     44.5000    0.000000E+000   0.500000E-001  -0.752483E+003   0.752483E+003  -0.230629E-004   0.504793E+000   0.504793E+000   0.100959E+001
     44.5200    0.000000E+000   0.500000E-001  -0.752483E+003   0.752483E+003  -0.227977E-004   0.504793E+000   0.504793E+000   0.100959E+001
     44.5400    0.000000E+000   0.500000E-001  -0.752483E+003   0.752483E+003  -0.225347E-004   0.504793E+000   0.504793E+000   0.100959E+001
     44.5600    0.000000E+000   0.500000E-001  -0.752483E+003   0.752483E+003  -0.222738E-004   0.504793E+000   0.504793E+000   0.100959E+001
     44.5800    0.000000E+000   0.500000E-001  -0.752483E+003   0.752483E+003  -0.220150E-004   0.504793E+000   0.504793E+000   0.100959E+001
     44.6000    0.000000E+000   0.500000E-001  -0.752483E+003   0.752483E+003  -0.217585E-004   0.504793E+000   0.504793E+000   0.100959E+001
     44.6200    0.000000E+000   0.500000E-001  -0.752483E+003   0.752483E+003  -0.215041E-004   0.504793E+000   0.504793E+000   0.100959E+001
     44.6400    0.000000E+000   0.500000E-001  -0.752483E+003   0.752483E+003  -0.212519E-004   0.504793E+000   0.504793E+000   0.100959E+001
     44.6600    0.000000E+000   0.500000E-001  -0.752483E+003   0.752483E+003  -0.210019E-004   0.504793E+000   0.504793E+000   0.100959E+001
     44.6800    0.000000E+000   0.500000E-001  -0.752483E+003   0.752483E+003  -0.207542E-004   0.504793E+000   0.504793E+000   0.100959E+001
     44.7000    0.000000E+000   0.500000E-001  -0.752483E+003   0.752483E+003  -0.205087E-004   0.504793E+000   0.504793E+000   0.100959E+001
     44.7200    0.000000E+000   0.500000E-001  -0.752483E+003   0.752483E+003  -0.202654E-004   0.504793E+000   0.504793E+000   0.100959E+001
     44.7400    0.000000E+000   0.500000E-001  -0.752483E+003   0.752483E+003  -0.200244E-004   0.504793E+000   0.504793E+000   0.100959E+001
     44.7600    0.000000E+000   0.500000E-001  -0.752483E+003   0.752483E+003  -0.197857E-004   0.504793E+000   0.504793E+000   0.100959E+001
     44.7800    0.000000E+000   0.500000E-001  -0.752483E+003   0.752483E+003  -0.195492E-004   0.504793E+000   0.504793E+000   0.100959E+001
     44.8000    0.000000E+000   0.500000E-001  -0.752483E+003   0.752483E+003  -0.193150E-004   0.504793E+000   0.504793E+000   0.100959E+001
     44.8200    0.000000E+000   0.500000E-001  -0.752483E+003   0.752483E+003  -0.190831E-004   0.504793E+000   0.504793E+000   0.100959E+001
     44.8400    0.000000E+000   0.500000E-001  -0.752483E+003   0.752483E+003  -0.188535E-004   0.504793E+000   0.504793E+000   0.100959E+001
     44.8600    0.000000E+000   0.500000E-001  -0.752483E+003   0.752483E+003  -0.186262E-004   0.504793E+000   0.504793E+000   0.100959E+001
     44.8800    0.000000E+000   0.500000E-001  -0.752483E+003   0.752483E+003  -0.184012E-004   0.504793E+000   0.504793E+000   0.100959E+001
     44.9000    0.000000E+000   0.500000E-001  -0.752483E+003   0.752483E+003  -0.181785E-004   0.504793E+000   0.504793E+000   0.100959E+001
     44.9200    0.000000E+000   0.500000E-001  -0.752483E+003   0.752483E+003  -0.179581E-004   0.504793E+000   0.504793E+000   0.100959E+001
     44.9400    0.000000E+000   0.500000E-001  -0.752483E+003   0.752483E+003  -0.177400E-004   0.504793E+000   0.504793E+000   0.100959E+001
     44.9600    0.000000E+000   0.500000E-001  -0.752483E+003   0.752483E+003  -0.175242E-004   0.504793E+000   0.504793E+000   0.100959E+001
     44.9800    0.000000E+000   0.500000E-001  -0.752483E+003   0.752483E+003  -0.173108E-004   0.504793E+000   0.504793E+000   0.100959E+001
     45.0000    0.000000E+000   0.500000E-001  -0.752483E+003   0.752483E+003  -0.170996E-004   0.504793E+000   0.504793E+000   0.100959E+001
     45.0200    0.000000E+000   0.500000E-001  -0.752483E+003   0.752483E+003  -0.168908E-004   0.504793E+000   0.504793E+000   0.100959E+001
     45.0400    0.000000E+000   0.500000E-001  -0.752483E+003   0.752483E+003  -0.166842E-004   0.504793E+000   0.504793E+000   0.100959E+001
     45.0600    0.000000E+000   0.500000E-001  -0.752483E+003   0.752483E+003  -0.164800E-004   0.504793E+000   0.504793E+000   0.100959E+001
     45.0800    0.000000E+000   0.500000E-001  -0.752483E+003   0.752483E+003  -0.162781E-004   0.504793E+000   0.504793E+000   0.100959E+001
     45.1000    0.000000E+000   0.500000E-001  -0.752483E+003   0.752483E+003  -0.160785E-004   0.504793E+000   0.504793E+000   0.100959E+001
     45.1200    0.000000E+000   0.500000E-001  -0.752483E+003   0.752483E+003  -0.158811E-004   0.504793E+000   0.504793E+000   0.100959E+001
     45.1400    0.000000E+000   0.500000E-001  -0.752483E+003   0.752483E+003  -0.156861E-004   0.504793E+000   0.504793E+000   0.100959E+001
     45.1600    0.000000E+000   0.500000E-001  -0.752483E+003   0.752483E+003  -0.154934E-004   0.504793E+000   0.504793E+000   0.100959E+001
     45.1800    0.000000E+000   0.500000E-001  -0.752483E+003   0.752483E+003  -0.153029E-004   0.504793E+000   0.504793E+000   0.100959E+001
     45.2000    0.000000E+000   0.500000E-001  -0.752483E+003   0.752483E+003  -0.151148E-004   0.504793E+000   0.504793E+000   0.100959E+001
     45.2200    0.000000E+000   0.500000E-001  -0.752483E+003   0.752483E+003  -0.149289E-004   0.504793E+000   0.504793E+000   0.100959E+001
     45.2400    0.000000E+000   0.500000E-001  -0.752483E+003   0.752483E+003  -0.147452E-004   0.504793E+000   0.504793E+000   0.100959E+001
     45.2600    0.000000E+000   0.500000E-001  -0.752483E+003   0.752483E+003  -0.145639E-004   0.504793E+000   0.504793E+000   0.100959E+001
     45.2800    0.000000E+000   0.500000E-001  -0.752483E+003   0.752483E+003  -0.143848E-004   0.504793E+000   0.504793E+000   0.100959E+001
     45.3000    0.000000E+000   0.500000E-001  -0.752483E+003   0.752483E+003  -0.142079E-004   0.504793E+000   0.504793E+000   0.100959E+001
     45.3200    0.000000E+000   0.500000E-001  -0.752483E+003   0.752483E+003  -0.140332E-004   0.504793E+000   0.504793E+000   0.100959E+001
     45.3400    0.000000E+000   0.500000E-001  -0.752483E+003   0.752483E+003  -0.138608E-004   0.504793E+000   0.504793E+000   0.100959E+001
     45.3600    0.000000E+000   0.500000E-001  -0.752483E+003   0.752483E+003  -0.136906E-004   0.504793E+000   0.504793E+000   0.100959E+001
     45.3800    0.000000E+000   0.500000E-001  -0.752483E+003   0.752483E+003  -0.135227E-004   0.504793E+000   0.504793E+000   0.100959E+001
     45.4000    0.000000E+000   0.500000E-001  -0.752483E+003   0.752483E+003  -0.133569E-004   0.504793E+000   0.504793E+000   0.100959E+001
     45.4200    0.000000E+000   0.500000E-001  -0.752483E+003   0.752483E+003  -0.131933E-004   0.504793E+000   0.504793E+000   0.100959E+001
     45.4400    0.000000E+000   0.500000E-001  -0.752483E+003   0.752483E+003  -0.130319E-004   0.504793E+000   0.504793E+000   0.100959E+001
     45.4600    0.000000E+000   0.500000E-001  -0.752483E+003   0.752483E+003  -0.128726E-004   0.504793E+000   0.504793E+000   0.100959E+001
     45.4800    0.000000E+000   0.500000E-001  -0.752483E+003   0.752483E+003  -0.127155E-004   0.504793E+000   0.504793E+000   0.100959E+001
     45.5000    0.000000E+000   0.500000E-001  -0.752483E+003   0.752483E+003  -0.125605E-004   0.504793E+000   0.504793E+000   0.100959E+001
     45.5200    0.000000E+000   0.500000E-001  -0.752483E+003   0.752483E+003  -0.124077E-004   0.504793E+000   0.504793E+000   0.100959E+001
     45.5400    0.000000E+000   0.500000E-001  -0.752483E+003   0.752483E+003  -0.122569E-004   0.504793E+000   0.504793E+000   0.100959E+001
     45.5600    0.000000E+000   0.500000E-001  -0.752483E+003   0.752483E+003  -0.121083E-004   0.504793E+000   0.504793E+000   0.100959E+001
     45.5800    0.000000E+000   0.500000E-001  -0.752483E+003   0.752483E+003  -0.119618E-004   0.504793E+000   0.504793E+000   0.100959E+001
     45.6000    0.000000E+000   0.500000E-001  -0.752483E+003   0.752483E+003  -0.118173E-004   0.504793E+000   0.504793E+000   0.100959E+001
     45.6200    0.000000E+000   0.500000E-001  -0.752483E+003   0.752483E+003  -0.116749E-004   0.504793E+000   0.504793E+000   0.100959E+001
     45.6400    0.000000E+000   0.500000E-001  -0.752483E+003   0.752483E+003  -0.115345E-004   0.504793E+000   0.504793E+000   0.100959E+001
     45.6600    0.000000E+000   0.500000E-001  -0.752483E+003   0.752483E+003  -0.113962E-004   0.504793E+000   0.504793E+000   0.100959E+001
     45.6800    0.000000E+000   0.500000E-001  -0.752483E+003   0.752483E+003  -0.112599E-004   0.504793E+000   0.504793E+000   0.100959E+001
     45.7000    0.000000E+000   0.500000E-001  -0.752483E+003   0.752483E+003  -0.111256E-004   0.504793E+000   0.504793E+000   0.100959E+001
     45.7200    0.000000E+000   0.500000E-001  -0.752483E+003   0.752483E+003  -0.109932E-004   0.504793E+000   0.504793E+000   0.100959E+001
     45.7400    0.000000E+000   0.500000E-001  -0.752483E+003   0.752483E+003  -0.108629E-004   0.504793E+000   0.504793E+000   0.100959E+001
     45.7600    0.000000E+000   0.500000E-001  -0.752483E+003   0.752483E+003  -0.107344E-004   0.504793E+000   0.504793E+000   0.100959E+001
     45.7800    0.000000E+000   0.500000E-001  -0.752483E+003   0.752483E+003  -0.106080E-004   0.504793E+000   0.504793E+000   0.100959E+001
     45.8000    0.000000E+000   0.500000E-001  -0.752483E+003   0.752483E+003  -0.104834E-004   0.504793E+000   0.504793E+000   0.100959E+001
     45.8200    0.000000E+000   0.500000E-001  -0.752483E+003   0.752483E+003  -0.103608E-004   0.504793E+000   0.504793E+000   0.100959E+001
     45.8400    0.000000E+000   0.500000E-001  -0.752483E+003   0.752483E+003  -0.102400E-004   0.504793E+000   0.504793E+000   0.100959E+001
     45.8600    0.000000E+000   0.500000E-001  -0.752483E+003   0.752483E+003  -0.101211E-004   0.504793E+000   0.504793E+000   0.100959E+001
     45.8800    0.000000E+000   0.500000E-001  -0.752483E+003   0.752483E+003  -0.100040E-004   0.504793E+000   0.504793E+000   0.100959E+001
     45.9000    0.000000E+000   0.500000E-001  -0.752483E+003   0.752483E+003  -0.988883E-005   0.504793E+000   0.504793E+000   0.100959E+001
     45.9200    0.000000E+000   0.500000E-001  -0.752483E+003   0.752483E+003  -0.977544E-005   0.504793E+000   0.504793E+000   0.100959E+001
     45.9400    0.000000E+000   0.500000E-001  -0.752483E+003   0.752483E+003  -0.966384E-005   0.504793E+000   0.504793E+000   0.100959E+001
     45.9600    0.000000E+000   0.500000E-001  -0.752483E+003   0.752483E+003  -0.955402E-005   0.504793E+000   0.504793E+000   0.100959E+001
     45.9800    0.000000E+000   0.500000E-001  -0.752483E+003   0.752483E+003  -0.944597E-005   0.504793E+000   0.504793E+000   0.100959E+001
     46.0000    0.000000E+000   0.500000E-001  -0.752483E+003   0.752483E+003  -0.933967E-005   0.504793E+000   0.504793E+000   0.100959E+001
     46.0200    0.000000E+000   0.500000E-001  -0.752483E+003   0.752483E+003  -0.923508E-005   0.504793E+000   0.504793E+000   0.100959E+001
     46.0400    0.000000E+000   0.500000E-001  -0.752483E+003   0.752483E+003  -0.913221E-005   0.504793E+000   0.504793E+000   0.100959E+001
     46.0600    0.000000E+000   0.500000E-001  -0.752483E+003   0.752483E+003  -0.903103E-005   0.504793E+000   0.504793E+000   0.100959E+001
     46.0800    0.000000E+000   0.500000E-001  -0.752483E+003   0.752483E+003  -0.893152E-005   0.504793E+000   0.504793E+000   0.100959E+001
     46.1000    0.000000E+000   0.500000E-001  -0.752483E+003   0.752483E+003  -0.883366E-005   0.504793E+000   0.504793E+000   0.100959E+001
     46.1200    0.000000E+000   0.500000E-001  -0.752483E+003   0.752483E+003  -0.873744E-005   0.504793E+000   0.504793E+000   0.100959E+001
     46.1400    0.000000E+000   0.500000E-001  -0.752483E+003   0.752483E+003  -0.864283E-005   0.504793E+000   0.504793E+000   0.100959E+001
     46.1600    0.000000E+000   0.500000E-001  -0.752483E+003   0.752483E+003  -0.854982E-005   0.504793E+000   0.504793E+000   0.100959E+001
     46.1800    0.000000E+000   0.500000E-001  -0.752483E+003   0.752483E+003  -0.845839E-005   0.504793E+000   0.504793E+000   0.100959E+001
     46.2000    0.000000E+000   0.500000E-001  -0.752483E+003   0.752483E+003  -0.836852E-005   0.504793E+000   0.504793E+000   0.100959E+001
     46.2200    0.000000E+000   0.500000E-001  -0.752483E+003   0.752483E+003  -0.828018E-005   0.504793E+000   0.504793E+000   0.100959E+001
     46.2400    0.000000E+000   0.500000E-001  -0.752483E+003   0.752483E+003  -0.819337E-005   0.504793E+000   0.504793E+000   0.100959E+001
     46.2600    0.000000E+000   0.500000E-001  -0.752483E+003   0.752483E+003  -0.810806E-005   0.504793E+000   0.504793E+000   0.100959E+001
     46.2800    0.000000E+000   0.500000E-001  -0.752483E+003   0.752483E+003  -0.802423E-005   0.504793E+000   0.504793E+000   0.100959E+001
     46.3000    0.000000E+000   0.500000E-001  -0.752483E+003   0.752483E+003  -0.794186E-005   0.504793E+000   0.504793E+000   0.100959E+001
     46.3200    0.000000E+000   0.500000E-001  -0.752483E+003   0.752483E+003  -0.786094E-005   0.504793E+000   0.504793E+000   0.100959E+001
     46.3400    0.000000E+000   0.500000E-001  -0.752483E+003   0.752483E+003  -0.778144E-005   0.504793E+000   0.504793E+000   0.100959E+001
     46.3600    0.000000E+000   0.500000E-001  -0.752483E+003   0.752483E+003  -0.770335E-005   0.504793E+000   0.504793E+000   0.100959E+001
     46.3800    0.000000E+000   0.500000E-001  -0.752483E+003   0.752483E+003  -0.762665E-005   0.504793E+000   0.504793E+000   0.100959E+001
     46.4000    0.000000E+000   0.500000E-001  -0.752483E+003   0.752483E+003  -0.755131E-005   0.504793E+000   0.504793E+000   0.100959E+001
     46.4200    0.000000E+000   0.500000E-001  -0.752483E+003   0.752483E+003  -0.747732E-005   0.504793E+000   0.504793E+000   0.100959E+001
     46.4400    0.000000E+000   0.500000E-001  -0.752483E+003   0.752483E+003  -0.740466E-005   0.504793E+000   0.504793E+000   0.100959E+001
     46.4600    0.000000E+000   0.500000E-001  -0.752483E+003   0.752483E+003  -0.733331E-005   0.504793E+000   0.504793E+000   0.100959E+001
     46.4800    0.000000E+000   0.500000E-001  -0.752483E+003   0.752483E+003  -0.726326E-005   0.504793E+000   0.504793E+000   0.100959E+001
     46.5000    0.000000E+000   0.500000E-001  -0.752483E+003   0.752483E+003  -0.719447E-005   0.504793E+000   0.504793E+000   0.100959E+001
     46.5200    0.000000E+000   0.500000E-001  -0.752483E+003   0.752483E+003  -0.712694E-005   0.504793E+000   0.504793E+000   0.100959E+001
     46.5400    0.000000E+000   0.500000E-001  -0.752483E+003   0.752483E+003  -0.706065E-005   0.504793E+000   0.504793E+000   0.100959E+001
     46.5600    0.000000E+000   0.500000E-001  -0.752483E+003   0.752483E+003  -0.699557E-005   0.504793E+000   0.504793E+000   0.100959E+001
     46.5800    0.000000E+000   0.500000E-001  -0.752483E+003   0.752483E+003  -0.693169E-005   0.504793E+000   0.504793E+000   0.100959E+001
     46.6000    0.000000E+000   0.500000E-001  -0.752483E+003   0.752483E+003  -0.686899E-005   0.504793E+000   0.504793E+000   0.100959E+001
     46.6200    0.000000E+000   0.500000E-001  -0.752483E+003   0.752483E+003  -0.680744E-005   0.504793E+000   0.504793E+000   0.100959E+001
     46.6400    0.000000E+000   0.500000E-001  -0.752483E+003   0.752483E+003  -0.674704E-005   0.504793E+000   0.504793E+000   0.100959E+001
     46.6600    0.000000E+000   0.500000E-001  -0.752483E+003   0.752483E+003  -0.668776E-005   0.504793E+000   0.504793E+000   0.100959E+001
     46.6800    0.000000E+000   0.500000E-001  -0.752483E+003   0.752483E+003  -0.662958E-005   0.504793E+000   0.504793E+000   0.100959E+001
     46.7000    0.000000E+000   0.500000E-001  -0.752483E+003   0.752483E+003  -0.657250E-005   0.504793E+000   0.504793E+000   0.100959E+001
     46.7200    0.000000E+000   0.500000E-001  -0.752483E+003   0.752483E+003  -0.651648E-005   0.504793E+000   0.504793E+000   0.100959E+001
     46.7400    0.000000E+000   0.500000E-001  -0.752483E+003   0.752483E+003  -0.646151E-005   0.504793E+000   0.504793E+000   0.100959E+001
     46.7600    0.000000E+000   0.500000E-001  -0.752483E+003   0.752483E+003  -0.640757E-005   0.504793E+000   0.504793E+000   0.100959E+001
     46.7800    0.000000E+000   0.500000E-001  -0.752483E+003   0.752483E+003  -0.635464E-005   0.504793E+000   0.504793E+000   0.100959E+001
     46.8000    0.000000E+000   0.500000E-001  -0.752483E+003   0.752483E+003  -0.630272E-005   0.504793E+000   0.504793E+000   0.100959E+001
     46.8200    0.000000E+000   0.500000E-001  -0.752483E+003   0.752483E+003  -0.625177E-005   0.504793E+000   0.504793E+000   0.100959E+001
     46.8400    0.000000E+000   0.500000E-001  -0.752483E+003   0.752483E+003  -0.620178E-005   0.504793E+000   0.504793E+000   0.100959E+001
     46.8600    0.000000E+000   0.500000E-001  -0.752483E+003   0.752483E+003  -0.615274E-005   0.504793E+000   0.504793E+000   0.100959E+001
     46.8800    0.000000E+000   0.500000E-001  -0.752483E+003   0.752483E+003  -0.610462E-005   0.504793E+000   0.504793E+000   0.100959E+001
     46.9000    0.000000E+000   0.500000E-001  -0.752483E+003   0.752483E+003  -0.605742E-005   0.504793E+000   0.504793E+000   0.100959E+001
     46.9200    0.000000E+000   0.500000E-001  -0.752483E+003   0.752483E+003  -0.601110E-005   0.504793E+000   0.504793E+000   0.100959E+001
     46.9400    0.000000E+000   0.500000E-001  -0.752483E+003   0.752483E+003  -0.596566E-005   0.504793E+000   0.504793E+000   0.100959E+001
     46.9600    0.000000E+000   0.500000E-001  -0.752483E+003   0.752483E+003  -0.592107E-005   0.504793E+000   0.504793E+000   0.100959E+001
     46.9800    0.000000E+000   0.500000E-001  -0.752483E+003   0.752483E+003  -0.587733E-005   0.504793E+000   0.504793E+000   0.100959E+001
     47.0000    0.000000E+000   0.500000E-001  -0.752483E+003   0.752483E+003  -0.583442E-005   0.504793E+000   0.504793E+000   0.100959E+001
     47.0200    0.000000E+000   0.500000E-001  -0.752483E+003   0.752483E+003  -0.579231E-005   0.504793E+000   0.504793E+000   0.100959E+001
     47.0400    0.000000E+000   0.500000E-001  -0.752483E+003   0.752483E+003  -0.575100E-005   0.504793E+000   0.504793E+000   0.100959E+001
     47.0600    0.000000E+000   0.500000E-001  -0.752483E+003   0.752483E+003  -0.571046E-005   0.504793E+000   0.504793E+000   0.100959E+001
     47.0800    0.000000E+000   0.500000E-001  -0.752483E+003   0.752483E+003  -0.567068E-005   0.504793E+000   0.504793E+000   0.100959E+001
     47.1000    0.000000E+000   0.500000E-001  -0.752483E+003   0.752483E+003  -0.563165E-005   0.504793E+000   0.504793E+000   0.100959E+001
     47.1200    0.000000E+000   0.500000E-001  -0.752483E+003   0.752483E+003  -0.559334E-005   0.504793E+000   0.504793E+000   0.100959E+001
     47.1400    0.000000E+000   0.500000E-001  -0.752483E+003   0.752483E+003  -0.555576E-005   0.504793E+000   0.504793E+000   0.100959E+001
     47.1600    0.000000E+000   0.500000E-001  -0.752483E+003   0.752483E+003  -0.551887E-005   0.504793E+000   0.504793E+000   0.100959E+001
     47.1800    0.000000E+000   0.500000E-001  -0.752483E+003   0.752483E+003  -0.548266E-005   0.504793E+000   0.504793E+000   0.100959E+001
     47.2000    0.000000E+000   0.500000E-001  -0.752483E+003   0.752483E+003  -0.544712E-005   0.504793E+000   0.504793E+000   0.100959E+001
     47.2200    0.000000E+000   0.500000E-001  -0.752483E+003   0.752483E+003  -0.541224E-005   0.504793E+000   0.504793E+000   0.100959E+001
     47.2400    0.000000E+000   0.500000E-001  -0.752483E+003   0.752483E+003  -0.537799E-005   0.504793E+000   0.504793E+000   0.100959E+001
     47.2600    0.000000E+000   0.500000E-001  -0.752483E+003   0.752483E+003  -0.534436E-005   0.504793E+000   0.504793E+000   0.100959E+001
     47.2800    0.000000E+000   0.500000E-001  -0.752483E+003   0.752483E+003  -0.531135E-005   0.504793E+000   0.504793E+000   0.100959E+001
     47.3000    0.000000E+000   0.500000E-001  -0.752483E+003   0.752483E+003  -0.527893E-005   0.504793E+000   0.504793E+000   0.100959E+001
     47.3200    0.000000E+000   0.500000E-001  -0.752483E+003   0.752483E+003  -0.524709E-005   0.504793E+000   0.504793E+000   0.100959E+001
     47.3400    0.000000E+000   0.500000E-001  -0.752483E+003   0.752483E+003  -0.521582E-005   0.504793E+000   0.504793E+000   0.100959E+001
     47.3600    0.000000E+000   0.500000E-001  -0.752483E+003   0.752483E+003  -0.518511E-005   0.504793E+000   0.504793E+000   0.100959E+001
     47.3800    0.000000E+000   0.500000E-001  -0.752483E+003   0.752483E+003  -0.515494E-005   0.504793E+000   0.504793E+000   0.100959E+001
     47.4000    0.000000E+000   0.500000E-001  -0.752483E+003   0.752483E+003  -0.512529E-005   0.504793E+000   0.504793E+000   0.100959E+001
     47.4200    0.000000E+000   0.500000E-001  -0.752483E+003   0.752483E+003  -0.509616E-005   0.504793E+000   0.504793E+000   0.100959E+001
     47.4400    0.000000E+000   0.500000E-001  -0.752483E+003   0.752483E+003  -0.506753E-005   0.504793E+000   0.504793E+000   0.100959E+001
     47.4600    0.000000E+000   0.500000E-001  -0.752483E+003   0.752483E+003  -0.503939E-005   0.504793E+000   0.504793E+000   0.100959E+001
     47.4800    0.000000E+000   0.500000E-001  -0.752483E+003   0.752483E+003  -0.501172E-005   0.504793E+000   0.504793E+000   0.100959E+001
     47.5000    0.000000E+000   0.500000E-001  -0.752483E+003   0.752483E+003  -0.498451E-005   0.504793E+000   0.504793E+000   0.100959E+001
     47.5200    0.000000E+000   0.500000E-001  -0.752483E+003   0.752483E+003  -0.495776E-005   0.504793E+000   0.504793E+000   0.100959E+001
     47.5400    0.000000E+000   0.500000E-001  -0.752483E+003   0.752483E+003  -0.493144E-005   0.504793E+000   0.504793E+000   0.100959E+001
     47.5600    0.000000E+000   0.500000E-001  -0.752483E+003   0.752483E+003  -0.490556E-005   0.504793E+000   0.504793E+000   0.100959E+001
     47.5800    0.000000E+000   0.500000E-001  -0.752483E+003   0.752483E+003  -0.488008E-005   0.504793E+000   0.504793E+000   0.100959E+001
     47.6000    0.000000E+000   0.500000E-001  -0.752483E+003   0.752483E+003  -0.485501E-005   0.504793E+000   0.504793E+000   0.100959E+001
     47.6200    0.000000E+000   0.500000E-001  -0.752483E+003   0.752483E+003  -0.483034E-005   0.504793E+000   0.504793E+000   0.100959E+001
     47.6400    0.000000E+000   0.500000E-001  -0.752483E+003   0.752483E+003  -0.480604E-005   0.504793E+000   0.504793E+000   0.100959E+001
     47.6600    0.000000E+000   0.500000E-001  -0.752483E+003   0.752483E+003  -0.478211E-005   0.504793E+000   0.504793E+000   0.100959E+001
     47.6800    0.000000E+000   0.500000E-001  -0.752483E+003   0.752483E+003  -0.475854E-005   0.504793E+000   0.504793E+000   0.100959E+001
     47.7000    0.000000E+000   0.500000E-001  -0.752483E+003   0.752483E+003  -0.473532E-005   0.504793E+000   0.504793E+000   0.100959E+001
     47.7200    0.000000E+000   0.500000E-001  -0.752483E+003   0.752483E+003  -0.471244E-005   0.504793E+000   0.504793E+000   0.100959E+001
     47.7400    0.000000E+000   0.500000E-001  -0.752483E+003   0.752483E+003  -0.468988E-005   0.504793E+000   0.504793E+000   0.100959E+001
     47.7600    0.000000E+000   0.500000E-001  -0.752483E+003   0.752483E+003  -0.466765E-005   0.504793E+000   0.504793E+000   0.100959E+001
     47.7800    0.000000E+000   0.500000E-001  -0.752483E+003   0.752483E+003  -0.464571E-005   0.504793E+000   0.504793E+000   0.100959E+001
     47.8000    0.000000E+000   0.500000E-001  -0.752483E+003   0.752483E+003  -0.462408E-005   0.504793E+000   0.504793E+000   0.100959E+001
     47.8200    0.000000E+000   0.500000E-001  -0.752483E+003   0.752483E+003  -0.460273E-005   0.504793E+000   0.504793E+000   0.100959E+001
     47.8400    0.000000E+000   0.500000E-001  -0.752483E+003   0.752483E+003  -0.458166E-005   0.504793E+000   0.504793E+000   0.100959E+001
     47.8600    0.000000E+000   0.500000E-001  -0.752483E+003   0.752483E+003  -0.456086E-005   0.504793E+000   0.504793E+000   0.100959E+001
     47.8800    0.000000E+000   0.500000E-001  -0.752483E+003   0.752483E+003  -0.454032E-005   0.504793E+000   0.504793E+000   0.100959E+001
     47.9000    0.000000E+000   0.500000E-001  -0.752483E+003   0.752483E+003  -0.452003E-005   0.504793E+000   0.504793E+000   0.100959E+001
     47.9200    0.000000E+000   0.500000E-001  -0.752483E+003   0.752483E+003  -0.449999E-005   0.504793E+000   0.504793E+000   0.100959E+001
     47.9400    0.000000E+000   0.500000E-001  -0.752483E+003   0.752483E+003  -0.448017E-005   0.504793E+000   0.504793E+000   0.100959E+001
     47.9600    0.000000E+000   0.500000E-001  -0.752483E+003   0.752483E+003  -0.446058E-005   0.504793E+000   0.504793E+000   0.100959E+001
     47.9800    0.000000E+000   0.500000E-001  -0.752483E+003   0.752483E+003  -0.444121E-005   0.504793E+000   0.504793E+000   0.100959E+001
     48.0000    0.000000E+000   0.500000E-001  -0.752483E+003   0.752483E+003  -0.442205E-005   0.504793E+000   0.504793E+000   0.100959E+001
     48.0200    0.000000E+000   0.500000E-001  -0.752483E+003   0.752483E+003  -0.440309E-005   0.504793E+000   0.504793E+000   0.100959E+001
     48.0400    0.000000E+000   0.500000E-001  -0.752483E+003   0.752483E+003  -0.438431E-005   0.504793E+000   0.504793E+000   0.100959E+001
     48.0600    0.000000E+000   0.500000E-001  -0.752483E+003   0.752483E+003  -0.436573E-005   0.504793E+000   0.504793E+000   0.100959E+001
     48.0800    0.000000E+000   0.500000E-001  -0.752483E+003   0.752483E+003  -0.434732E-005   0.504793E+000   0.504793E+000   0.100959E+001
     48.1000    0.000000E+000   0.500000E-001  -0.752483E+003   0.752483E+003  -0.432908E-005   0.504793E+000   0.504793E+000   0.100959E+001
     48.1200    0.000000E+000   0.500000E-001  -0.752483E+003   0.752483E+003  -0.431101E-005   0.504793E+000   0.504793E+000   0.100959E+001
     48.1400    0.000000E+000   0.500000E-001  -0.752483E+003   0.752483E+003  -0.429309E-005   0.504793E+000   0.504793E+000   0.100959E+001
     48.1600    0.000000E+000   0.500000E-001  -0.752483E+003   0.752483E+003  -0.427532E-005   0.504793E+000   0.504793E+000   0.100959E+001
     48.1800    0.000000E+000   0.500000E-001  -0.752483E+003   0.752483E+003  -0.425769E-005   0.504793E+000   0.504793E+000   0.100959E+001
     48.2000    0.000000E+000   0.500000E-001  -0.752483E+003   0.752483E+003  -0.424020E-005   0.504793E+000   0.504793E+000   0.100959E+001
     48.2200    0.000000E+000   0.500000E-001  -0.752483E+003   0.752483E+003  -0.422284E-005   0.504793E+000   0.504793E+000   0.100959E+001
     48.2400    0.000000E+000   0.500000E-001  -0.752483E+003   0.752483E+003  -0.420561E-005   0.504793E+000   0.504793E+000   0.100959E+001
     48.2600    0.000000E+000   0.500000E-001  -0.752483E+003   0.752483E+003  -0.418849E-005   0.504793E+000   0.504793E+000   0.100959E+001
     48.2800    0.000000E+000   0.500000E-001  -0.752483E+003   0.752483E+003  -0.417148E-005   0.504793E+000   0.504793E+000   0.100959E+001
     48.3000    0.000000E+000   0.500000E-001  -0.752483E+003   0.752483E+003  -0.415458E-005   0.504793E+000   0.504793E+000   0.100959E+001
     48.3200    0.000000E+000   0.500000E-001  -0.752483E+003   0.752483E+003  -0.413778E-005   0.504793E+000   0.504793E+000   0.100959E+001
     48.3400    0.000000E+000   0.500000E-001  -0.752483E+003   0.752483E+003  -0.412108E-005   0.504793E+000   0.504793E+000   0.100959E+001
     48.3600    0.000000E+000   0.500000E-001  -0.752483E+003   0.752483E+003  -0.410446E-005   0.504793E+000   0.504793E+000   0.100959E+001
     48.3800    0.000000E+000   0.500000E-001  -0.752483E+003   0.752483E+003  -0.408793E-005   0.504793E+000   0.504793E+000   0.100959E+001
     48.4000    0.000000E+000   0.500000E-001  -0.752483E+003   0.752483E+003  -0.407148E-005   0.504793E+000   0.504793E+000   0.100959E+001
     48.4200    0.000000E+000   0.500000E-001  -0.752483E+003   0.752483E+003  -0.405511E-005   0.504793E+000   0.504793E+000   0.100959E+001
     48.4400    0.000000E+000   0.500000E-001  -0.752483E+003   0.752483E+003  -0.403880E-005   0.504793E+000   0.504793E+000   0.100959E+001
     48.4600    0.000000E+000   0.500000E-001  -0.752483E+003   0.752483E+003  -0.402256E-005   0.504793E+000   0.504793E+000   0.100959E+001
     48.4800    0.000000E+000   0.500000E-001  -0.752483E+003   0.752483E+003  -0.400638E-005   0.504793E+000   0.504793E+000   0.100959E+001
     48.5000    0.000000E+000   0.500000E-001  -0.752483E+003   0.752483E+003  -0.399026E-005   0.504793E+000   0.504793E+000   0.100959E+001
     48.5200    0.000000E+000   0.500000E-001  -0.752483E+003   0.752483E+003  -0.397419E-005   0.504793E+000   0.504793E+000   0.100959E+001
     48.5400    0.000000E+000   0.500000E-001  -0.752483E+003   0.752483E+003  -0.395816E-005   0.504793E+000   0.504793E+000   0.100959E+001
     48.5600    0.000000E+000   0.500000E-001  -0.752483E+003   0.752483E+003  -0.394218E-005   0.504793E+000   0.504793E+000   0.100959E+001
     48.5800    0.000000E+000   0.500000E-001  -0.752483E+003   0.752483E+003  -0.392625E-005   0.504793E+000   0.504793E+000   0.100959E+001
     48.6000    0.000000E+000   0.500000E-001  -0.752483E+003   0.752483E+003  -0.391035E-005   0.504793E+000   0.504793E+000   0.100959E+001
     48.6200    0.000000E+000   0.500000E-001  -0.752483E+003   0.752483E+003  -0.389448E-005   0.504793E+000   0.504793E+000   0.100959E+001
     48.6400    0.000000E+000   0.500000E-001  -0.752483E+003   0.752483E+003  -0.387864E-005   0.504793E+000   0.504793E+000   0.100959E+001
     48.6600    0.000000E+000   0.500000E-001  -0.752483E+003   0.752483E+003  -0.386283E-005   0.504793E+000   0.504793E+000   0.100959E+001
     48.6800    0.000000E+000   0.500000E-001  -0.752483E+003   0.752483E+003  -0.384705E-005   0.504793E+000   0.504793E+000   0.100959E+001
     48.7000    0.000000E+000   0.500000E-001  -0.752483E+003   0.752483E+003  -0.383128E-005   0.504793E+000   0.504793E+000   0.100959E+001
     48.7200    0.000000E+000   0.500000E-001  -0.752483E+003   0.752483E+003  -0.381554E-005   0.504793E+000   0.504793E+000   0.100959E+001
     48.7400    0.000000E+000   0.500000E-001  -0.752483E+003   0.752483E+003  -0.379980E-005   0.504793E+000   0.504793E+000   0.100959E+001
     48.7600    0.000000E+000   0.500000E-001  -0.752483E+003   0.752483E+003  -0.378408E-005   0.504793E+000   0.504793E+000   0.100959E+001
     48.7800    0.000000E+000   0.500000E-001  -0.752483E+003   0.752483E+003  -0.376837E-005   0.504793E+000   0.504793E+000   0.100959E+001
     48.8000    0.000000E+000   0.500000E-001  -0.752483E+003   0.752483E+003  -0.375267E-005   0.504793E+000   0.504793E+000   0.100959E+001
     48.8200    0.000000E+000   0.500000E-001  -0.752483E+003   0.752483E+003  -0.373697E-005   0.504793E+000   0.504793E+000   0.100959E+001
     48.8400    0.000000E+000   0.500000E-001  -0.752483E+003   0.752483E+003  -0.372127E-005   0.504793E+000   0.504793E+000   0.100959E+001
     48.8600    0.000000E+000   0.500000E-001  -0.752483E+003   0.752483E+003  -0.370557E-005   0.504793E+000   0.504793E+000   0.100959E+001
     48.8800    0.000000E+000   0.500000E-001  -0.752483E+003   0.752483E+003  -0.368987E-005   0.504793E+000   0.504793E+000   0.100959E+001
     48.9000    0.000000E+000   0.500000E-001  -0.752483E+003   0.752483E+003  -0.367417E-005   0.504793E+000   0.504793E+000   0.100959E+001
     48.9200    0.000000E+000   0.500000E-001  -0.752483E+003   0.752483E+003  -0.365846E-005   0.504793E+000   0.504793E+000   0.100959E+001
     48.9400    0.000000E+000   0.500000E-001  -0.752483E+003   0.752483E+003  -0.364275E-005   0.504793E+000   0.504793E+000   0.100959E+001
     48.9600    0.000000E+000   0.500000E-001  -0.752483E+003   0.752483E+003  -0.362702E-005   0.504793E+000   0.504793E+000   0.100959E+001
     48.9800    0.000000E+000   0.500000E-001  -0.752483E+003   0.752483E+003  -0.361128E-005   0.504793E+000   0.504793E+000   0.100959E+001
     49.0000    0.000000E+000   0.500000E-001  -0.752483E+003   0.752483E+003  -0.359554E-005   0.504793E+000   0.504793E+000   0.100959E+001
     49.0200    0.000000E+000   0.500000E-001  -0.752483E+003   0.752483E+003  -0.357977E-005   0.504793E+000   0.504793E+000   0.100959E+001
     49.0400    0.000000E+000   0.500000E-001  -0.752483E+003   0.752483E+003  -0.356400E-005   0.504793E+000   0.504793E+000   0.100959E+001
     49.0600    0.000000E+000   0.500000E-001  -0.752483E+003   0.752483E+003  -0.354820E-005   0.504793E+000   0.504793E+000   0.100959E+001
     49.0800    0.000000E+000   0.500000E-001  -0.752483E+003   0.752483E+003  -0.353239E-005   0.504793E+000   0.504793E+000   0.100959E+001
     49.1000    0.000000E+000   0.500000E-001  -0.752483E+003   0.752483E+003  -0.351656E-005   0.504793E+000   0.504793E+000   0.100959E+001
     49.1200    0.000000E+000   0.500000E-001  -0.752483E+003   0.752483E+003  -0.350071E-005   0.504793E+000   0.504793E+000   0.100959E+001
     49.1400    0.000000E+000   0.500000E-001  -0.752483E+003   0.752483E+003  -0.348484E-005   0.504793E+000   0.504793E+000   0.100959E+001
     49.1600    0.000000E+000   0.500000E-001  -0.752483E+003   0.752483E+003  -0.346895E-005   0.504793E+000   0.504793E+000   0.100959E+001
     49.1800    0.000000E+000   0.500000E-001  -0.752483E+003   0.752483E+003  -0.345304E-005   0.504793E+000   0.504793E+000   0.100959E+001
     49.2000    0.000000E+000   0.500000E-001  -0.752483E+003   0.752483E+003  -0.343711E-005   0.504793E+000   0.504793E+000   0.100959E+001
     49.2200    0.000000E+000   0.500000E-001  -0.752483E+003   0.752483E+003  -0.342115E-005   0.504793E+000   0.504793E+000   0.100959E+001
     49.2400    0.000000E+000   0.500000E-001  -0.752483E+003   0.752483E+003  -0.340517E-005   0.504793E+000   0.504793E+000   0.100959E+001
     49.2600    0.000000E+000   0.500000E-001  -0.752483E+003   0.752483E+003  -0.338916E-005   0.504793E+000   0.504793E+000   0.100959E+001
     49.2800    0.000000E+000   0.500000E-001  -0.752483E+003   0.752483E+003  -0.337313E-005   0.504793E+000   0.504793E+000   0.100959E+001
     49.3000    0.000000E+000   0.500000E-001  -0.752483E+003   0.752483E+003  -0.335708E-005   0.504793E+000   0.504793E+000   0.100959E+001
     49.3200    0.000000E+000   0.500000E-001  -0.752483E+003   0.752483E+003  -0.334100E-005   0.504793E+000   0.504793E+000   0.100959E+001
     49.3400    0.000000E+000   0.500000E-001  -0.752483E+003   0.752483E+003  -0.332490E-005   0.504793E+000   0.504793E+000   0.100959E+001
     49.3600    0.000000E+000   0.500000E-001  -0.752483E+003   0.752483E+003  -0.330877E-005   0.504793E+000   0.504793E+000   0.100959E+001
     49.3800    0.000000E+000   0.500000E-001  -0.752483E+003   0.752483E+003  -0.329261E-005   0.504793E+000   0.504793E+000   0.100959E+001
     49.4000    0.000000E+000   0.500000E-001  -0.752483E+003   0.752483E+003  -0.327643E-005   0.504793E+000   0.504793E+000   0.100959E+001
     49.4200    0.000000E+000   0.500000E-001  -0.752483E+003   0.752483E+003  -0.326023E-005   0.504793E+000   0.504793E+000   0.100959E+001
     49.4400    0.000000E+000   0.500000E-001  -0.752483E+003   0.752483E+003  -0.324400E-005   0.504793E+000   0.504793E+000   0.100959E+001
     49.4600    0.000000E+000   0.500000E-001  -0.752483E+003   0.752483E+003  -0.322774E-005   0.504793E+000   0.504793E+000   0.100959E+001
     49.4800    0.000000E+000   0.500000E-001  -0.752483E+003   0.752483E+003  -0.321146E-005   0.504793E+000   0.504793E+000   0.100959E+001
     49.5000    0.000000E+000   0.500000E-001  -0.752483E+003   0.752483E+003  -0.319516E-005   0.504793E+000   0.504793E+000   0.100959E+001
     49.5200    0.000000E+000   0.500000E-001  -0.752483E+003   0.752483E+003  -0.317883E-005   0.504793E+000   0.504793E+000   0.100959E+001
     49.5400    0.000000E+000   0.500000E-001  -0.752483E+003   0.752483E+003  -0.316248E-005   0.504793E+000   0.504793E+000   0.100959E+001
     49.5600    0.000000E+000   0.500000E-001  -0.752483E+003   0.752483E+003  -0.314610E-005   0.504793E+000   0.504793E+000   0.100959E+001
     49.5800    0.000000E+000   0.500000E-001  -0.752483E+003   0.752483E+003  -0.312971E-005   0.504793E+000   0.504793E+000   0.100959E+001
     49.6000    0.000000E+000   0.500000E-001  -0.752483E+003   0.752483E+003  -0.311329E-005   0.504793E+000   0.504793E+000   0.100959E+001
     49.6200    0.000000E+000   0.500000E-001  -0.752483E+003   0.752483E+003  -0.309685E-005   0.504793E+000   0.504793E+000   0.100959E+001
     49.6400    0.000000E+000   0.500000E-001  -0.752483E+003   0.752483E+003  -0.308038E-005   0.504793E+000   0.504793E+000   0.100959E+001
     49.6600    0.000000E+000   0.500000E-001  -0.752483E+003   0.752483E+003  -0.306390E-005   0.504793E+000   0.504793E+000   0.100959E+001
     49.6800    0.000000E+000   0.500000E-001  -0.752483E+003   0.752483E+003  -0.304739E-005   0.504793E+000   0.504793E+000   0.100959E+001
     49.7000    0.000000E+000   0.500000E-001  -0.752483E+003   0.752483E+003  -0.303087E-005   0.504793E+000   0.504793E+000   0.100959E+001
     49.7200    0.000000E+000   0.500000E-001  -0.752483E+003   0.752483E+003  -0.301433E-005   0.504793E+000   0.504793E+000   0.100959E+001
     49.7400    0.000000E+000   0.500000E-001  -0.752483E+003   0.752483E+003  -0.299777E-005   0.504793E+000   0.504793E+000   0.100959E+001
     49.7600    0.000000E+000   0.500000E-001  -0.752483E+003   0.752483E+003  -0.298120E-005   0.504793E+000   0.504793E+000   0.100959E+001
     49.7800    0.000000E+000   0.500000E-001  -0.752483E+003   0.752483E+003  -0.296461E-005   0.504793E+000   0.504793E+000   0.100959E+001
     49.8000    0.000000E+000   0.500000E-001  -0.752483E+003   0.752483E+003  -0.294800E-005   0.504793E+000   0.504793E+000   0.100959E+001
     49.8200    0.000000E+000   0.500000E-001  -0.752483E+003   0.752483E+003  -0.293138E-005   0.504793E+000   0.504793E+000   0.100959E+001
     49.8400    0.000000E+000   0.500000E-001  -0.752483E+003   0.752483E+003  -0.291475E-005   0.504793E+000   0.504793E+000   0.100959E+001
     49.8600    0.000000E+000   0.500000E-001  -0.752483E+003   0.752483E+003  -0.289810E-005   0.504793E+000   0.504793E+000   0.100959E+001
     49.8800    0.000000E+000   0.500000E-001  -0.752483E+003   0.752483E+003  -0.288144E-005   0.504793E+000   0.504793E+000   0.100959E+001
     49.9000    0.000000E+000   0.500000E-001  -0.752483E+003   0.752483E+003  -0.286478E-005   0.504793E+000   0.504793E+000   0.100959E+001
     49.9200    0.000000E+000   0.500000E-001  -0.752483E+003   0.752483E+003  -0.284810E-005   0.504793E+000   0.504793E+000   0.100959E+001
     49.9400    0.000000E+000   0.500000E-001  -0.752483E+003   0.752483E+003  -0.283141E-005   0.504793E+000   0.504793E+000   0.100959E+001
     49.9600    0.000000E+000   0.500000E-001  -0.752483E+003   0.752483E+003  -0.281472E-005   0.504793E+000   0.504793E+000   0.100959E+001
     49.9800    0.000000E+000   0.500000E-001  -0.752483E+003   0.752483E+003  -0.279802E-005   0.504793E+000   0.504793E+000   0.100959E+001
     50.0000    0.000000E+000   0.500000E-001  -0.752483E+003   0.752483E+003  -0.278132E-005   0.504793E+000   0.504793E+000   0.100959E+001
     50.0200    0.000000E+000   0.500000E-001  -0.752483E+003   0.752483E+003  -0.276462E-005   0.504793E+000   0.504793E+000   0.100959E+001
     50.0400    0.000000E+000   0.500000E-001  -0.752483E+003   0.752483E+003  -0.274791E-005   0.504793E+000   0.504793E+000   0.100959E+001
     50.0600    0.000000E+000   0.500000E-001  -0.752483E+003   0.752483E+003  -0.273120E-005   0.504793E+000   0.504793E+000   0.100959E+001
     50.0800    0.000000E+000   0.500000E-001  -0.752483E+003   0.752483E+003  -0.271449E-005   0.504793E+000   0.504793E+000   0.100959E+001
     50.1000    0.000000E+000   0.500000E-001  -0.752483E+003   0.752483E+003  -0.269778E-005   0.504793E+000   0.504793E+000   0.100959E+001
     50.1200    0.000000E+000   0.500000E-001  -0.752483E+003   0.752483E+003  -0.268108E-005   0.504793E+000   0.504793E+000   0.100959E+001
     50.1400    0.000000E+000   0.500000E-001  -0.752483E+003   0.752483E+003  -0.266437E-005   0.504793E+000   0.504793E+000   0.100959E+001
     50.1600    0.000000E+000   0.500000E-001  -0.752483E+003   0.752483E+003  -0.264767E-005   0.504793E+000   0.504793E+000   0.100959E+001
     50.1800    0.000000E+000   0.500000E-001  -0.752483E+003   0.752483E+003  -0.263098E-005   0.504793E+000   0.504793E+000   0.100959E+001
     50.2000    0.000000E+000   0.500000E-001  -0.752483E+003   0.752483E+003  -0.261430E-005   0.504793E+000   0.504793E+000   0.100959E+001
     50.2200    0.000000E+000   0.500000E-001  -0.752483E+003   0.752483E+003  -0.259762E-005   0.504793E+000   0.504793E+000   0.100959E+001
     50.2400    0.000000E+000   0.500000E-001  -0.752483E+003   0.752483E+003  -0.258095E-005   0.504793E+000   0.504793E+000   0.100959E+001
     50.2600    0.000000E+000   0.500000E-001  -0.752483E+003   0.752483E+003  -0.256430E-005   0.504793E+000   0.504793E+000   0.100959E+001
     50.2800    0.000000E+000   0.500000E-001  -0.752483E+003   0.752483E+003  -0.254766E-005   0.504793E+000   0.504793E+000   0.100959E+001
     50.3000    0.000000E+000   0.500000E-001  -0.752483E+003   0.752483E+003  -0.253103E-005   0.504793E+000   0.504793E+000   0.100959E+001
     50.3200    0.000000E+000   0.500000E-001  -0.752483E+003   0.752483E+003  -0.251441E-005   0.504793E+000   0.504793E+000   0.100959E+001
     50.3400    0.000000E+000   0.500000E-001  -0.752483E+003   0.752483E+003  -0.249782E-005   0.504793E+000   0.504793E+000   0.100959E+001
     50.3600    0.000000E+000   0.500000E-001  -0.752483E+003   0.752483E+003  -0.248124E-005   0.504793E+000   0.504793E+000   0.100959E+001
     50.3800    0.000000E+000   0.500000E-001  -0.752483E+003   0.752483E+003  -0.246468E-005   0.504793E+000   0.504793E+000   0.100959E+001
     50.4000    0.000000E+000   0.500000E-001  -0.752483E+003   0.752483E+003  -0.244814E-005   0.504793E+000   0.504793E+000   0.100959E+001
     50.4200    0.000000E+000   0.500000E-001  -0.752483E+003   0.752483E+003  -0.243162E-005   0.504793E+000   0.504793E+000   0.100959E+001
     50.4400    0.000000E+000   0.500000E-001  -0.752483E+003   0.752483E+003  -0.241512E-005   0.504793E+000   0.504793E+000   0.100959E+001
     50.4600    0.000000E+000   0.500000E-001  -0.752483E+003   0.752483E+003  -0.239865E-005   0.504793E+000   0.504793E+000   0.100959E+001
     50.4800    0.000000E+000   0.500000E-001  -0.752483E+003   0.752483E+003  -0.238220E-005   0.504793E+000   0.504793E+000   0.100959E+001
     50.5000    0.000000E+000   0.500000E-001  -0.752483E+003   0.752483E+003  -0.236578E-005   0.504793E+000   0.504793E+000   0.100959E+001
     50.5200    0.000000E+000   0.500000E-001  -0.752483E+003   0.752483E+003  -0.234938E-005   0.504793E+000   0.504793E+000   0.100959E+001
     50.5400    0.000000E+000   0.500000E-001  -0.752483E+003   0.752483E+003  -0.233302E-005   0.504793E+000   0.504793E+000   0.100959E+001
     50.5600    0.000000E+000   0.500000E-001  -0.752483E+003   0.752483E+003  -0.231668E-005   0.504793E+000   0.504793E+000   0.100959E+001
     50.5800    0.000000E+000   0.500000E-001  -0.752483E+003   0.752483E+003  -0.230038E-005   0.504793E+000   0.504793E+000   0.100959E+001
     50.6000    0.000000E+000   0.500000E-001  -0.752483E+003   0.752483E+003  -0.228411E-005   0.504793E+000   0.504793E+000   0.100959E+001
     50.6200    0.000000E+000   0.500000E-001  -0.752483E+003   0.752483E+003  -0.226788E-005   0.504793E+000   0.504793E+000   0.100959E+001
     50.6400    0.000000E+000   0.500000E-001  -0.752483E+003   0.752483E+003  -0.225168E-005   0.504793E+000   0.504793E+000   0.100959E+001
     50.6600    0.000000E+000   0.500000E-001  -0.752483E+003   0.752483E+003  -0.223552E-005   0.504793E+000   0.504793E+000   0.100959E+001
     50.6800    0.000000E+000   0.500000E-001  -0.752483E+003   0.752483E+003  -0.221939E-005   0.504793E+000   0.504793E+000   0.100959E+001
     50.7000    0.000000E+000   0.500000E-001  -0.752483E+003   0.752483E+003  -0.220331E-005   0.504793E+000   0.504793E+000   0.100959E+001
     50.7200    0.000000E+000   0.500000E-001  -0.752483E+003   0.752483E+003  -0.218726E-005   0.504793E+000   0.504793E+000   0.100959E+001
     50.7400    0.000000E+000   0.500000E-001  -0.752483E+003   0.752483E+003  -0.217126E-005   0.504793E+000   0.504793E+000   0.100959E+001
     50.7600    0.000000E+000   0.500000E-001  -0.752483E+003   0.752483E+003  -0.215530E-005   0.504793E+000   0.504793E+000   0.100959E+001
     50.7800    0.000000E+000   0.500000E-001  -0.752483E+003   0.752483E+003  -0.213938E-005   0.504793E+000   0.504793E+000   0.100959E+001
     50.8000    0.000000E+000   0.500000E-001  -0.752483E+003   0.752483E+003  -0.212351E-005   0.504793E+000   0.504793E+000   0.100959E+001
     50.8200    0.000000E+000   0.500000E-001  -0.752483E+003   0.752483E+003  -0.210768E-005   0.504793E+000   0.504793E+000   0.100959E+001
     50.8400    0.000000E+000   0.500000E-001  -0.752483E+003   0.752483E+003  -0.209190E-005   0.504793E+000   0.504793E+000   0.100959E+001
     50.8600    0.000000E+000   0.500000E-001  -0.752483E+003   0.752483E+003  -0.207618E-005   0.504793E+000   0.504793E+000   0.100959E+001
     50.8800    0.000000E+000   0.500000E-001  -0.752483E+003   0.752483E+003  -0.206050E-005   0.504793E+000   0.504793E+000   0.100959E+001
     50.9000    0.000000E+000   0.500000E-001  -0.752483E+003   0.752483E+003  -0.204487E-005   0.504793E+000   0.504793E+000   0.100959E+001
     50.9200    0.000000E+000   0.500000E-001  -0.752483E+003   0.752483E+003  -0.202929E-005   0.504793E+000   0.504793E+000   0.100959E+001
     50.9400    0.000000E+000   0.500000E-001  -0.752483E+003   0.752483E+003  -0.201377E-005   0.504793E+000   0.504793E+000   0.100959E+001
     50.9600    0.000000E+000   0.500000E-001  -0.752483E+003   0.752483E+003  -0.199830E-005   0.504793E+000   0.504793E+000   0.100959E+001
     50.9800    0.000000E+000   0.500000E-001  -0.752483E+003   0.752483E+003  -0.198289E-005   0.504793E+000   0.504793E+000   0.100959E+001
     51.0000    0.000000E+000   0.500000E-001  -0.752483E+003   0.752483E+003  -0.196753E-005   0.504793E+000   0.504793E+000   0.100959E+001
     51.0200    0.000000E+000   0.500000E-001  -0.752483E+003   0.752483E+003  -0.195223E-005   0.504793E+000   0.504793E+000   0.100959E+001
     51.0400    0.000000E+000   0.500000E-001  -0.752483E+003   0.752483E+003  -0.193698E-005   0.504793E+000   0.504793E+000   0.100959E+001
     51.0600    0.000000E+000   0.500000E-001  -0.752483E+003   0.752483E+003  -0.192180E-005   0.504793E+000   0.504793E+000   0.100959E+001
     51.0800    0.000000E+000   0.500000E-001  -0.752483E+003   0.752483E+003  -0.190667E-005   0.504793E+000   0.504793E+000   0.100959E+001
     51.1000    0.000000E+000   0.500000E-001  -0.752483E+003   0.752483E+003  -0.189161E-005   0.504793E+000   0.504793E+000   0.100959E+001
     51.1200    0.000000E+000   0.500000E-001  -0.752483E+003   0.752483E+003  -0.187661E-005   0.504793E+000   0.504793E+000   0.100959E+001
     51.1400    0.000000E+000   0.500000E-001  -0.752483E+003   0.752483E+003  -0.186167E-005   0.504793E+000   0.504793E+000   0.100959E+001
     51.1600    0.000000E+000   0.500000E-001  -0.752483E+003   0.752483E+003  -0.184680E-005   0.504793E+000   0.504793E+000   0.100959E+001
     51.1800    0.000000E+000   0.500000E-001  -0.752483E+003   0.752483E+003  -0.183199E-005   0.504793E+000   0.504793E+000   0.100959E+001
     51.2000    0.000000E+000   0.500000E-001  -0.752483E+003   0.752483E+003  -0.181725E-005   0.504793E+000   0.504793E+000   0.100959E+001
     51.2200    0.000000E+000   0.500000E-001  -0.752483E+003   0.752483E+003  -0.180257E-005   0.504793E+000   0.504793E+000   0.100959E+001
     51.2400    0.000000E+000   0.500000E-001  -0.752483E+003   0.752483E+003  -0.178796E-005   0.504793E+000   0.504793E+000   0.100959E+001
     51.2600    0.000000E+000   0.500000E-001  -0.752483E+003   0.752483E+003  -0.177342E-005   0.504793E+000   0.504793E+000   0.100959E+001
     51.2800    0.000000E+000   0.500000E-001  -0.752483E+003   0.752483E+003  -0.175895E-005   0.504793E+000   0.504793E+000   0.100959E+001
     51.3000    0.000000E+000   0.500000E-001  -0.752483E+003   0.752483E+003  -0.174455E-005   0.504793E+000   0.504793E+000   0.100959E+001
     51.3200    0.000000E+000   0.500000E-001  -0.752483E+003   0.752483E+003  -0.173022E-005   0.504793E+000   0.504793E+000   0.100959E+001
     51.3400    0.000000E+000   0.500000E-001  -0.752483E+003   0.752483E+003  -0.171596E-005   0.504793E+000   0.504793E+000   0.100959E+001
     51.3600    0.000000E+000   0.500000E-001  -0.752483E+003   0.752483E+003  -0.170177E-005   0.504793E+000   0.504793E+000   0.100959E+001
     51.3800    0.000000E+000   0.500000E-001  -0.752483E+003   0.752483E+003  -0.168765E-005   0.504793E+000   0.504793E+000   0.100959E+001
     51.4000    0.000000E+000   0.500000E-001  -0.752483E+003   0.752483E+003  -0.167361E-005   0.504793E+000   0.504793E+000   0.100959E+001
     51.4200    0.000000E+000   0.500000E-001  -0.752483E+003   0.752483E+003  -0.165965E-005   0.504793E+000   0.504793E+000   0.100959E+001
     51.4400    0.000000E+000   0.500000E-001  -0.752483E+003   0.752483E+003  -0.164575E-005   0.504793E+000   0.504793E+000   0.100959E+001
     51.4600    0.000000E+000   0.500000E-001  -0.752483E+003   0.752483E+003  -0.163194E-005   0.504793E+000   0.504793E+000   0.100959E+001
     51.4800    0.000000E+000   0.500000E-001  -0.752483E+003   0.752483E+003  -0.161820E-005   0.504793E+000   0.504793E+000   0.100959E+001
     51.5000    0.000000E+000   0.500000E-001  -0.752483E+003   0.752483E+003  -0.160454E-005   0.504793E+000   0.504793E+000   0.100959E+001
     51.5200    0.000000E+000   0.500000E-001  -0.752483E+003   0.752483E+003  -0.159095E-005   0.504793E+000   0.504793E+000   0.100959E+001
     51.5400    0.000000E+000   0.500000E-001  -0.752483E+003   0.752483E+003  -0.157744E-005   0.504793E+000   0.504793E+000   0.100959E+001
     51.5600    0.000000E+000   0.500000E-001  -0.752483E+003   0.752483E+003  -0.156401E-005   0.504793E+000   0.504793E+000   0.100959E+001
     51.5800    0.000000E+000   0.500000E-001  -0.752483E+003   0.752483E+003  -0.155066E-005   0.504793E+000   0.504793E+000   0.100959E+001
     51.6000    0.000000E+000   0.500000E-001  -0.752483E+003   0.752483E+003  -0.153739E-005   0.504793E+000   0.504793E+000   0.100959E+001
     51.6200    0.000000E+000   0.500000E-001  -0.752483E+003   0.752483E+003  -0.152420E-005   0.504793E+000   0.504793E+000   0.100959E+001
     51.6400    0.000000E+000   0.500000E-001  -0.752483E+003   0.752483E+003  -0.151108E-005   0.504793E+000   0.504793E+000   0.100959E+001
     51.6600    0.000000E+000   0.500000E-001  -0.752483E+003   0.752483E+003  -0.149805E-005   0.504793E+000   0.504793E+000   0.100959E+001
     51.6800    0.000000E+000   0.500000E-001  -0.752483E+003   0.752483E+003  -0.148510E-005   0.504793E+000   0.504793E+000   0.100959E+001
     51.7000    0.000000E+000   0.500000E-001  -0.752483E+003   0.752483E+003  -0.147223E-005   0.504793E+000   0.504793E+000   0.100959E+001
     51.7200    0.000000E+000   0.500000E-001  -0.752483E+003   0.752483E+003  -0.145945E-005   0.504793E+000   0.504793E+000   0.100959E+001
     51.7400    0.000000E+000   0.500000E-001  -0.752483E+003   0.752483E+003  -0.144674E-005   0.504793E+000   0.504793E+000   0.100959E+001
     51.7600    0.000000E+000   0.500000E-001  -0.752483E+003   0.752483E+003  -0.143412E-005   0.504793E+000   0.504793E+000   0.100959E+001
     51.7800    0.000000E+000   0.500000E-001  -0.752483E+003   0.752483E+003  -0.142159E-005   0.504793E+000   0.504793E+000   0.100959E+001
     51.8000    0.000000E+000   0.500000E-001  -0.752483E+003   0.752483E+003  -0.140913E-005   0.504793E+000   0.504793E+000   0.100959E+001
     51.8200    0.000000E+000   0.500000E-001  -0.752483E+003   0.752483E+003  -0.139676E-005   0.504793E+000   0.504793E+000   0.100959E+001
     51.8400    0.000000E+000   0.500000E-001  -0.752483E+003   0.752483E+003  -0.138447E-005   0.504793E+000   0.504793E+000   0.100959E+001
     51.8600    0.000000E+000   0.500000E-001  -0.752483E+003   0.752483E+003  -0.137227E-005   0.504793E+000   0.504793E+000   0.100959E+001
     51.8800    0.000000E+000   0.500000E-001  -0.752483E+003   0.752483E+003  -0.136015E-005   0.504793E+000   0.504793E+000   0.100959E+001
     51.9000    0.000000E+000   0.500000E-001  -0.752483E+003   0.752483E+003  -0.134812E-005   0.504793E+000   0.504793E+000   0.100959E+001
     51.9200    0.000000E+000   0.500000E-001  -0.752483E+003   0.752483E+003  -0.133617E-005   0.504793E+000   0.504793E+000   0.100959E+001
     51.9400    0.000000E+000   0.500000E-001  -0.752483E+003   0.752483E+003  -0.132431E-005   0.504793E+000   0.504793E+000   0.100959E+001
     51.9600    0.000000E+000   0.500000E-001  -0.752483E+003   0.752483E+003  -0.131253E-005   0.504793E+000   0.504793E+000   0.100959E+001
     51.9800    0.000000E+000   0.500000E-001  -0.752483E+003   0.752483E+003  -0.130084E-005   0.504793E+000   0.504793E+000   0.100959E+001
     52.0000    0.000000E+000   0.500000E-001  -0.752483E+003   0.752483E+003  -0.128923E-005   0.504793E+000   0.504793E+000   0.100959E+001
     52.0200    0.000000E+000   0.500000E-001  -0.752483E+003   0.752483E+003  -0.127771E-005   0.504793E+000   0.504793E+000   0.100959E+001
     52.0400    0.000000E+000   0.500000E-001  -0.752483E+003   0.752483E+003  -0.126628E-005   0.504793E+000   0.504793E+000   0.100959E+001
     52.0600    0.000000E+000   0.500000E-001  -0.752483E+003   0.752483E+003  -0.125493E-005   0.504793E+000   0.504793E+000   0.100959E+001
     52.0800    0.000000E+000   0.500000E-001  -0.752483E+003   0.752483E+003  -0.124367E-005   0.504793E+000   0.504793E+000   0.100959E+001
     52.1000    0.000000E+000   0.500000E-001  -0.752483E+003   0.752483E+003  -0.123249E-005   0.504793E+000   0.504793E+000   0.100959E+001
     52.1200    0.000000E+000   0.500000E-001  -0.752483E+003   0.752483E+003  -0.122141E-005   0.504793E+000   0.504793E+000   0.100959E+001
     52.1400    0.000000E+000   0.500000E-001  -0.752483E+003   0.752483E+003  -0.121040E-005   0.504793E+000   0.504793E+000   0.100959E+001
     52.1600    0.000000E+000   0.500000E-001  -0.752483E+003   0.752483E+003  -0.119949E-005   0.504793E+000   0.504793E+000   0.100959E+001
     52.1800    0.000000E+000   0.500000E-001  -0.752483E+003   0.752483E+003  -0.118866E-005   0.504793E+000   0.504793E+000   0.100959E+001
     52.2000    0.000000E+000   0.500000E-001  -0.752483E+003   0.752483E+003  -0.117792E-005   0.504793E+000   0.504793E+000   0.100959E+001
     52.2200    0.000000E+000   0.500000E-001  -0.752483E+003   0.752483E+003  -0.116726E-005   0.504793E+000   0.504793E+000   0.100959E+001
     52.2400    0.000000E+000   0.500000E-001  -0.752483E+003   0.752483E+003  -0.115669E-005   0.504793E+000   0.504793E+000   0.100959E+001
     52.2600    0.000000E+000   0.500000E-001  -0.752483E+003   0.752483E+003  -0.114620E-005   0.504793E+000   0.504793E+000   0.100959E+001
     52.2800    0.000000E+000   0.500000E-001  -0.752483E+003   0.752483E+003  -0.113581E-005   0.504793E+000   0.504793E+000   0.100959E+001
     52.3000    0.000000E+000   0.500000E-001  -0.752483E+003   0.752483E+003  -0.112549E-005   0.504793E+000   0.504793E+000   0.100959E+001
     52.3200    0.000000E+000   0.500000E-001  -0.752483E+003   0.752483E+003  -0.111527E-005   0.504793E+000   0.504793E+000   0.100959E+001
     52.3400    0.000000E+000   0.500000E-001  -0.752483E+003   0.752483E+003  -0.110512E-005   0.504793E+000   0.504793E+000   0.100959E+001
     52.3600    0.000000E+000   0.500000E-001  -0.752483E+003   0.752483E+003  -0.109507E-005   0.504793E+000   0.504793E+000   0.100959E+001
     52.3800    0.000000E+000   0.500000E-001  -0.752483E+003   0.752483E+003  -0.108510E-005   0.504793E+000   0.504793E+000   0.100959E+001
     52.4000    0.000000E+000   0.500000E-001  -0.752483E+003   0.752483E+003  -0.107522E-005   0.504793E+000   0.504793E+000   0.100959E+001
     52.4200    0.000000E+000   0.500000E-001  -0.752483E+003   0.752483E+003  -0.106542E-005   0.504793E+000   0.504793E+000   0.100959E+001
     52.4400    0.000000E+000   0.500000E-001  -0.752483E+003   0.752483E+003  -0.105571E-005   0.504793E+000   0.504793E+000   0.100959E+001
     52.4600    0.000000E+000   0.500000E-001  -0.752483E+003   0.752483E+003  -0.104608E-005   0.504793E+000   0.504793E+000   0.100959E+001
     52.4800    0.000000E+000   0.500000E-001  -0.752483E+003   0.752483E+003  -0.103654E-005   0.504793E+000   0.504793E+000   0.100959E+001
     52.5000    0.000000E+000   0.500000E-001  -0.752483E+003   0.752483E+003  -0.102708E-005   0.504793E+000   0.504793E+000   0.100959E+001
     52.5200    0.000000E+000   0.500000E-001  -0.752483E+003   0.752483E+003  -0.101771E-005   0.504793E+000   0.504793E+000   0.100959E+001
     52.5400    0.000000E+000   0.500000E-001  -0.752483E+003   0.752483E+003  -0.100842E-005   0.504793E+000   0.504793E+000   0.100959E+001
     52.5600    0.000000E+000   0.500000E-001  -0.752483E+003   0.752483E+003  -0.999210E-006   0.504793E+000   0.504793E+000   0.100959E+001
     52.5800    0.000000E+000   0.500000E-001  -0.752483E+003   0.752483E+003  -0.990088E-006   0.504793E+000   0.504793E+000   0.100959E+001
     52.6000    0.000000E+000   0.500000E-001  -0.752483E+003   0.752483E+003  -0.981049E-006   0.504793E+000   0.504793E+000   0.100959E+001
     52.6200    0.000000E+000   0.500000E-001  -0.752483E+003   0.752483E+003  -0.972090E-006   0.504793E+000   0.504793E+000   0.100959E+001
     52.6400    0.000000E+000   0.500000E-001  -0.752483E+003   0.752483E+003  -0.963217E-006   0.504793E+000   0.504793E+000   0.100959E+001
     52.6600    0.000000E+000   0.500000E-001  -0.752483E+003   0.752483E+003  -0.954426E-006   0.504793E+000   0.504793E+000   0.100959E+001
     52.6800    0.000000E+000   0.500000E-001  -0.752483E+003   0.752483E+003  -0.945716E-006   0.504793E+000   0.504793E+000   0.100959E+001
     52.7000    0.000000E+000   0.500000E-001  -0.752483E+003   0.752483E+003  -0.937090E-006   0.504793E+000   0.504793E+000   0.100959E+001
     52.7200    0.000000E+000   0.500000E-001  -0.752483E+003   0.752483E+003  -0.928545E-006   0.504793E+000   0.504793E+000   0.100959E+001
     52.7400    0.000000E+000   0.500000E-001  -0.752483E+003   0.752483E+003  -0.920079E-006   0.504793E+000   0.504793E+000   0.100959E+001
     52.7600    0.000000E+000   0.500000E-001  -0.752483E+003   0.752483E+003  -0.911695E-006   0.504793E+000   0.504793E+000   0.100959E+001
     52.7800    0.000000E+000   0.500000E-001  -0.752483E+003   0.752483E+003  -0.903393E-006   0.504793E+000   0.504793E+000   0.100959E+001
     52.8000    0.000000E+000   0.500000E-001  -0.752483E+003   0.752483E+003  -0.895171E-006   0.504793E+000   0.504793E+000   0.100959E+001
     52.8200    0.000000E+000   0.500000E-001  -0.752483E+003   0.752483E+003  -0.887026E-006   0.504793E+000   0.504793E+000   0.100959E+001
     52.8400    0.000000E+000   0.500000E-001  -0.752483E+003   0.752483E+003  -0.878961E-006   0.504793E+000   0.504793E+000   0.100959E+001
     52.8600    0.000000E+000   0.500000E-001  -0.752483E+003   0.752483E+003  -0.870973E-006   0.504793E+000   0.504793E+000   0.100959E+001
     52.8800    0.000000E+000   0.500000E-001  -0.752483E+003   0.752483E+003  -0.863067E-006   0.504793E+000   0.504793E+000   0.100959E+001
     52.9000    0.000000E+000   0.500000E-001  -0.752483E+003   0.752483E+003  -0.855238E-006   0.504793E+000   0.504793E+000   0.100959E+001
     52.9200    0.000000E+000   0.500000E-001  -0.752483E+003   0.752483E+003  -0.847488E-006   0.504793E+000   0.504793E+000   0.100959E+001
     52.9400    0.000000E+000   0.500000E-001  -0.752483E+003   0.752483E+003  -0.839814E-006   0.504793E+000   0.504793E+000   0.100959E+001
     52.9600    0.000000E+000   0.500000E-001  -0.752483E+003   0.752483E+003  -0.832217E-006   0.504793E+000   0.504793E+000   0.100959E+001
     52.9800    0.000000E+000   0.500000E-001  -0.752483E+003   0.752483E+003  -0.824694E-006   0.504793E+000   0.504793E+000   0.100959E+001
     53.0000    0.000000E+000   0.500000E-001  -0.752483E+003   0.752483E+003  -0.817251E-006   0.504793E+000   0.504793E+000   0.100959E+001
     53.0200    0.000000E+000   0.500000E-001  -0.752483E+003   0.752483E+003  -0.809882E-006   0.504793E+000   0.504793E+000   0.100959E+001
     53.0400    0.000000E+000   0.500000E-001  -0.752483E+003   0.752483E+003  -0.802589E-006   0.504793E+000   0.504793E+000   0.100959E+001
     53.0600    0.000000E+000   0.500000E-001  -0.752483E+003   0.752483E+003  -0.795368E-006   0.504793E+000   0.504793E+000   0.100959E+001
     53.0800    0.000000E+000   0.500000E-001  -0.752483E+003   0.752483E+003  -0.788219E-006   0.504793E+000   0.504793E+000   0.100959E+001
     53.1000    0.000000E+000   0.500000E-001  -0.752483E+003   0.752483E+003  -0.781147E-006   0.504793E+000   0.504793E+000   0.100959E+001
     53.1200    0.000000E+000   0.500000E-001  -0.752483E+003   0.752483E+003  -0.774147E-006   0.504793E+000   0.504793E+000   0.100959E+001
     53.1400    0.000000E+000   0.500000E-001  -0.752483E+003   0.752483E+003  -0.767218E-006   0.504793E+000   0.504793E+000   0.100959E+001
     53.1600    0.000000E+000   0.500000E-001  -0.752483E+003   0.752483E+003  -0.760360E-006   0.504793E+000   0.504793E+000   0.100959E+001
     53.1800    0.000000E+000   0.500000E-001  -0.752483E+003   0.752483E+003  -0.753577E-006   0.504793E+000   0.504793E+000   0.100959E+001
     53.2000    0.000000E+000   0.500000E-001  -0.752483E+003   0.752483E+003  -0.746864E-006   0.504793E+000   0.504793E+000   0.100959E+001
     53.2200    0.000000E+000   0.500000E-001  -0.752483E+003   0.752483E+003  -0.740221E-006   0.504793E+000   0.504793E+000   0.100959E+001
     53.2400    0.000000E+000   0.500000E-001  -0.752483E+003   0.752483E+003  -0.733649E-006   0.504793E+000   0.504793E+000   0.100959E+001
     53.2600    0.000000E+000   0.500000E-001  -0.752483E+003   0.752483E+003  -0.727147E-006   0.504793E+000   0.504793E+000   0.100959E+001
     53.2800    0.000000E+000   0.500000E-001  -0.752483E+003   0.752483E+003  -0.720712E-006   0.504793E+000   0.504793E+000   0.100959E+001
     53.3000    0.000000E+000   0.500000E-001  -0.752483E+003   0.752483E+003  -0.714346E-006   0.504793E+000   0.504793E+000   0.100959E+001
     53.3200    0.000000E+000   0.500000E-001  -0.752483E+003   0.752483E+003  -0.708049E-006   0.504793E+000   0.504793E+000   0.100959E+001
     53.3400    0.000000E+000   0.500000E-001  -0.752483E+003   0.752483E+003  -0.701818E-006   0.504793E+000   0.504793E+000   0.100959E+001
     53.3600    0.000000E+000   0.500000E-001  -0.752483E+003   0.752483E+003  -0.695655E-006   0.504793E+000   0.504793E+000   0.100959E+001
     53.3800    0.000000E+000   0.500000E-001  -0.752483E+003   0.752483E+003  -0.689558E-006   0.504793E+000   0.504793E+000   0.100959E+001
     53.4000    0.000000E+000   0.500000E-001  -0.752483E+003   0.752483E+003  -0.683526E-006   0.504793E+000   0.504793E+000   0.100959E+001
     53.4200    0.000000E+000   0.500000E-001  -0.752483E+003   0.752483E+003  -0.677558E-006   0.504793E+000   0.504793E+000   0.100959E+001
     53.4400    0.000000E+000   0.500000E-001  -0.752483E+003   0.752483E+003  -0.671657E-006   0.504793E+000   0.504793E+000   0.100959E+001
     53.4600    0.000000E+000   0.500000E-001  -0.752483E+003   0.752483E+003  -0.665818E-006   0.504793E+000   0.504793E+000   0.100959E+001
     53.4800    0.000000E+000   0.500000E-001  -0.752483E+003   0.752483E+003  -0.660042E-006   0.504793E+000   0.504793E+000   0.100959E+001
     53.5000    0.000000E+000   0.500000E-001  -0.752483E+003   0.752483E+003  -0.654332E-006   0.504793E+000   0.504793E+000   0.100959E+001
     53.5200    0.000000E+000   0.500000E-001  -0.752483E+003   0.752483E+003  -0.648683E-006   0.504793E+000   0.504793E+000   0.100959E+001
     53.5400    0.000000E+000   0.500000E-001  -0.752483E+003   0.752483E+003  -0.643094E-006   0.504793E+000   0.504793E+000   0.100959E+001
     53.5600    0.000000E+000   0.500000E-001  -0.752483E+003   0.752483E+003  -0.637568E-006   0.504793E+000   0.504793E+000   0.100959E+001
     53.5800    0.000000E+000   0.500000E-001  -0.752483E+003   0.752483E+003  -0.632103E-006   0.504793E+000   0.504793E+000   0.100959E+001
     53.6000    0.000000E+000   0.500000E-001  -0.752483E+003   0.752483E+003  -0.626701E-006   0.504793E+000   0.504793E+000   0.100959E+001
     53.6200    0.000000E+000   0.500000E-001  -0.752483E+003   0.752483E+003  -0.621357E-006   0.504793E+000   0.504793E+000   0.100959E+001
     53.6400    0.000000E+000   0.500000E-001  -0.752483E+003   0.752483E+003  -0.616071E-006   0.504793E+000   0.504793E+000   0.100959E+001
     53.6600    0.000000E+000   0.500000E-001  -0.752483E+003   0.752483E+003  -0.610844E-006   0.504793E+000   0.504793E+000   0.100959E+001
     53.6800    0.000000E+000   0.500000E-001  -0.752483E+003   0.752483E+003  -0.605675E-006   0.504793E+000   0.504793E+000   0.100959E+001
     53.7000    0.000000E+000   0.500000E-001  -0.752483E+003   0.752483E+003  -0.600564E-006   0.504793E+000   0.504793E+000   0.100959E+001
     53.7200    0.000000E+000   0.500000E-001  -0.752483E+003   0.752483E+003  -0.595508E-006   0.504793E+000   0.504793E+000   0.100959E+001
     53.7400    0.000000E+000   0.500000E-001  -0.752483E+003   0.752483E+003  -0.590509E-006   0.504793E+000   0.504793E+000   0.100959E+001
     53.7600    0.000000E+000   0.500000E-001  -0.752483E+003   0.752483E+003  -0.585566E-006   0.504793E+000   0.504793E+000   0.100959E+001
     53.7800    0.000000E+000   0.500000E-001  -0.752483E+003   0.752483E+003  -0.580677E-006   0.504793E+000   0.504793E+000   0.100959E+001
     53.8000    0.000000E+000   0.500000E-001  -0.752483E+003   0.752483E+003  -0.575842E-006   0.504793E+000   0.504793E+000   0.100959E+001
     53.8200    0.000000E+000   0.500000E-001  -0.752483E+003   0.752483E+003  -0.571060E-006   0.504793E+000   0.504793E+000   0.100959E+001
     53.8400    0.000000E+000   0.500000E-001  -0.752483E+003   0.752483E+003  -0.566332E-006   0.504793E+000   0.504793E+000   0.100959E+001
     53.8600    0.000000E+000   0.500000E-001  -0.752483E+003   0.752483E+003  -0.561660E-006   0.504793E+000   0.504793E+000   0.100959E+001
     53.8800    0.000000E+000   0.500000E-001  -0.752483E+003   0.752483E+003  -0.557039E-006   0.504793E+000   0.504793E+000   0.100959E+001
     53.9000    0.000000E+000   0.500000E-001  -0.752483E+003   0.752483E+003  -0.552469E-006   0.504793E+000   0.504793E+000   0.100959E+001
     53.9200    0.000000E+000   0.500000E-001  -0.752483E+003   0.752483E+003  -0.547951E-006   0.504793E+000   0.504793E+000   0.100959E+001
     53.9400    0.000000E+000   0.500000E-001  -0.752483E+003   0.752483E+003  -0.543484E-006   0.504793E+000   0.504793E+000   0.100959E+001
     53.9600    0.000000E+000   0.500000E-001  -0.752483E+003   0.752483E+003  -0.539068E-006   0.504793E+000   0.504793E+000   0.100959E+001
     53.9800    0.000000E+000   0.500000E-001  -0.752483E+003   0.752483E+003  -0.534698E-006   0.504793E+000   0.504793E+000   0.100959E+001
     54.0000    0.000000E+000   0.500000E-001  -0.752483E+003   0.752483E+003  -0.530378E-006   0.504793E+000   0.504793E+000   0.100959E+001
     54.0200    0.000000E+000   0.500000E-001  -0.752483E+003   0.752483E+003  -0.526107E-006   0.504793E+000   0.504793E+000   0.100959E+001
     54.0400    0.000000E+000   0.500000E-001  -0.752483E+003   0.752483E+003  -0.521883E-006   0.504793E+000   0.504793E+000   0.100959E+001
     54.0600    0.000000E+000   0.500000E-001  -0.752483E+003   0.752483E+003  -0.517706E-006   0.504793E+000   0.504793E+000   0.100959E+001
     54.0800    0.000000E+000   0.500000E-001  -0.752483E+003   0.752483E+003  -0.513575E-006   0.504793E+000   0.504793E+000   0.100959E+001
     54.1000    0.000000E+000   0.500000E-001  -0.752483E+003   0.752483E+003  -0.509493E-006   0.504793E+000   0.504793E+000   0.100959E+001
     54.1200    0.000000E+000   0.500000E-001  -0.752483E+003   0.752483E+003  -0.505453E-006   0.504793E+000   0.504793E+000   0.100959E+001
     54.1400    0.000000E+000   0.500000E-001  -0.752483E+003   0.752483E+003  -0.501462E-006   0.504793E+000   0.504793E+000   0.100959E+001
     54.1600    0.000000E+000   0.500000E-001  -0.752483E+003   0.752483E+003  -0.497517E-006   0.504793E+000   0.504793E+000   0.100959E+001
     54.1800    0.000000E+000   0.500000E-001  -0.752483E+003   0.752483E+003  -0.493612E-006   0.504793E+000   0.504793E+000   0.100959E+001
     54.2000    0.000000E+000   0.500000E-001  -0.752483E+003   0.752483E+003  -0.489751E-006   0.504793E+000   0.504793E+000   0.100959E+001
     54.2200    0.000000E+000   0.500000E-001  -0.752483E+003   0.752483E+003  -0.485932E-006   0.504793E+000   0.504793E+000   0.100959E+001
     54.2400    0.000000E+000   0.500000E-001  -0.752483E+003   0.752483E+003  -0.482155E-006   0.504793E+000   0.504793E+000   0.100959E+001
     54.2600    0.000000E+000   0.500000E-001  -0.752483E+003   0.752483E+003  -0.478422E-006   0.504793E+000   0.504793E+000   0.100959E+001
     54.2800    0.000000E+000   0.500000E-001  -0.752483E+003   0.752483E+003  -0.474728E-006   0.504793E+000   0.504793E+000   0.100959E+001
     54.3000    0.000000E+000   0.500000E-001  -0.752483E+003   0.752483E+003  -0.471076E-006   0.504793E+000   0.504793E+000   0.100959E+001
     54.3200    0.000000E+000   0.500000E-001  -0.752483E+003   0.752483E+003  -0.467462E-006   0.504793E+000   0.504793E+000   0.100959E+001
     54.3400    0.000000E+000   0.500000E-001  -0.752483E+003   0.752483E+003  -0.463892E-006   0.504793E+000   0.504793E+000   0.100959E+001
     54.3600    0.000000E+000   0.500000E-001  -0.752483E+003   0.752483E+003  -0.460357E-006   0.504793E+000   0.504793E+000   0.100959E+001
     54.3800    0.000000E+000   0.500000E-001  -0.752483E+003   0.752483E+003  -0.456861E-006   0.504793E+000   0.504793E+000   0.100959E+001
     54.4000    0.000000E+000   0.500000E-001  -0.752483E+003   0.752483E+003  -0.453407E-006   0.504793E+000   0.504793E+000   0.100959E+001
     54.4200    0.000000E+000   0.500000E-001  -0.752483E+003   0.752483E+003  -0.449988E-006   0.504793E+000   0.504793E+000   0.100959E+001
     54.4400    0.000000E+000   0.500000E-001  -0.752483E+003   0.752483E+003  -0.446606E-006   0.504793E+000   0.504793E+000   0.100959E+001
     54.4600    0.000000E+000   0.500000E-001  -0.752483E+003   0.752483E+003  -0.443261E-006   0.504793E+000   0.504793E+000   0.100959E+001
     54.4800    0.000000E+000   0.500000E-001  -0.752483E+003   0.752483E+003  -0.439951E-006   0.504793E+000   0.504793E+000   0.100959E+001
     54.5000    0.000000E+000   0.500000E-001  -0.752483E+003   0.752483E+003  -0.436681E-006   0.504793E+000   0.504793E+000   0.100959E+001
     54.5200    0.000000E+000   0.500000E-001  -0.752483E+003   0.752483E+003  -0.433441E-006   0.504793E+000   0.504793E+000   0.100959E+001
     54.5400    0.000000E+000   0.500000E-001  -0.752483E+003   0.752483E+003  -0.430240E-006   0.504793E+000   0.504793E+000   0.100959E+001
     54.5600    0.000000E+000   0.500000E-001  -0.752483E+003   0.752483E+003  -0.427071E-006   0.504793E+000   0.504793E+000   0.100959E+001
     54.5800    0.000000E+000   0.500000E-001  -0.752483E+003   0.752483E+003  -0.423936E-006   0.504793E+000   0.504793E+000   0.100959E+001
     54.6000    0.000000E+000   0.500000E-001  -0.752483E+003   0.752483E+003  -0.420838E-006   0.504793E+000   0.504793E+000   0.100959E+001
     54.6200    0.000000E+000   0.500000E-001  -0.752483E+003   0.752483E+003  -0.417772E-006   0.504793E+000   0.504793E+000   0.100959E+001
     54.6400    0.000000E+000   0.500000E-001  -0.752483E+003   0.752483E+003  -0.414738E-006   0.504793E+000   0.504793E+000   0.100959E+001
     54.6600    0.000000E+000   0.500000E-001  -0.752483E+003   0.752483E+003  -0.411736E-006   0.504793E+000   0.504793E+000   0.100959E+001
     54.6800    0.000000E+000   0.500000E-001  -0.752483E+003   0.752483E+003  -0.408764E-006   0.504793E+000   0.504793E+000   0.100959E+001
     54.7000    0.000000E+000   0.500000E-001  -0.752483E+003   0.752483E+003  -0.405824E-006   0.504793E+000   0.504793E+000   0.100959E+001
     54.7200    0.000000E+000   0.500000E-001  -0.752483E+003   0.752483E+003  -0.402915E-006   0.504793E+000   0.504793E+000   0.100959E+001
     54.7400    0.000000E+000   0.500000E-001  -0.752483E+003   0.752483E+003  -0.400035E-006   0.504793E+000   0.504793E+000   0.100959E+001
     54.7600    0.000000E+000   0.500000E-001  -0.752483E+003   0.752483E+003  -0.397184E-006   0.504793E+000   0.504793E+000   0.100959E+001
     54.7800    0.000000E+000   0.500000E-001  -0.752483E+003   0.752483E+003  -0.394364E-006   0.504793E+000   0.504793E+000   0.100959E+001
     54.8000    0.000000E+000   0.500000E-001  -0.752483E+003   0.752483E+003  -0.391572E-006   0.504793E+000   0.504793E+000   0.100959E+001
     54.8200    0.000000E+000   0.500000E-001  -0.752483E+003   0.752483E+003  -0.388811E-006   0.504793E+000   0.504793E+000   0.100959E+001
     54.8400    0.000000E+000   0.500000E-001  -0.752483E+003   0.752483E+003  -0.386075E-006   0.504793E+000   0.504793E+000   0.100959E+001
     54.8600    0.000000E+000   0.500000E-001  -0.752483E+003   0.752483E+003  -0.383367E-006   0.504793E+000   0.504793E+000   0.100959E+001
     54.8800    0.000000E+000   0.500000E-001  -0.752483E+003   0.752483E+003  -0.380685E-006   0.504793E+000   0.504793E+000   0.100959E+001
     54.9000    0.000000E+000   0.500000E-001  -0.752483E+003   0.752483E+003  -0.378031E-006   0.504793E+000   0.504793E+000   0.100959E+001
     54.9200    0.000000E+000   0.500000E-001  -0.752483E+003   0.752483E+003  -0.375408E-006   0.504793E+000   0.504793E+000   0.100959E+001
     54.9400    0.000000E+000   0.500000E-001  -0.752483E+003   0.752483E+003  -0.372809E-006   0.504793E+000   0.504793E+000   0.100959E+001
     54.9600    0.000000E+000   0.500000E-001  -0.752483E+003   0.752483E+003  -0.370235E-006   0.504793E+000   0.504793E+000   0.100959E+001
     54.9800    0.000000E+000   0.500000E-001  -0.752483E+003   0.752483E+003  -0.367687E-006   0.504793E+000   0.504793E+000   0.100959E+001
     55.0000    0.000000E+000   0.500000E-001  -0.752483E+003   0.752483E+003  -0.365163E-006   0.504793E+000   0.504793E+000   0.100959E+001
     55.0200    0.000000E+000   0.500000E-001  -0.752483E+003   0.752483E+003  -0.362662E-006   0.504793E+000   0.504793E+000   0.100959E+001
     55.0400    0.000000E+000   0.500000E-001  -0.752483E+003   0.752483E+003  -0.360187E-006   0.504793E+000   0.504793E+000   0.100959E+001
     55.0600    0.000000E+000   0.500000E-001  -0.752483E+003   0.752483E+003  -0.357739E-006   0.504793E+000   0.504793E+000   0.100959E+001
     55.0800    0.000000E+000   0.500000E-001  -0.752483E+003   0.752483E+003  -0.355311E-006   0.504793E+000   0.504793E+000   0.100959E+001
     55.1000    0.000000E+000   0.500000E-001  -0.752483E+003   0.752483E+003  -0.352903E-006   0.504793E+000   0.504793E+000   0.100959E+001
     55.1200    0.000000E+000   0.500000E-001  -0.752483E+003   0.752483E+003  -0.350520E-006   0.504793E+000   0.504793E+000   0.100959E+001
     55.1400    0.000000E+000   0.500000E-001  -0.752483E+003   0.752483E+003  -0.348157E-006   0.504793E+000   0.504793E+000   0.100959E+001
     55.1600    0.000000E+000   0.500000E-001  -0.752483E+003   0.752483E+003  -0.345821E-006   0.504793E+000   0.504793E+000   0.100959E+001
     55.1800    0.000000E+000   0.500000E-001  -0.752483E+003   0.752483E+003  -0.343504E-006   0.504793E+000   0.504793E+000   0.100959E+001
     55.2000    0.000000E+000   0.500000E-001  -0.752483E+003   0.752483E+003  -0.341207E-006   0.504793E+000   0.504793E+000   0.100959E+001
     55.2200    0.000000E+000   0.500000E-001  -0.752483E+003   0.752483E+003  -0.338932E-006   0.504793E+000   0.504793E+000   0.100959E+001
     55.2400    0.000000E+000   0.500000E-001  -0.752483E+003   0.752483E+003  -0.336681E-006   0.504793E+000   0.504793E+000   0.100959E+001
     55.2600    0.000000E+000   0.500000E-001  -0.752483E+003   0.752483E+003  -0.334448E-006   0.504793E+000   0.504793E+000   0.100959E+001
     55.2800    0.000000E+000   0.500000E-001  -0.752483E+003   0.752483E+003  -0.332233E-006   0.504793E+000   0.504793E+000   0.100959E+001
     55.3000    0.000000E+000   0.500000E-001  -0.752483E+003   0.752483E+003  -0.330040E-006   0.504793E+000   0.504793E+000   0.100959E+001
     55.3200    0.000000E+000   0.500000E-001  -0.752483E+003   0.752483E+003  -0.327864E-006   0.504793E+000   0.504793E+000   0.100959E+001
     55.3400    0.000000E+000   0.500000E-001  -0.752483E+003   0.752483E+003  -0.325709E-006   0.504793E+000   0.504793E+000   0.100959E+001
     55.3600    0.000000E+000   0.500000E-001  -0.752483E+003   0.752483E+003  -0.323570E-006   0.504793E+000   0.504793E+000   0.100959E+001
     55.3800    0.000000E+000   0.500000E-001  -0.752483E+003   0.752483E+003  -0.321453E-006   0.504793E+000   0.504793E+000   0.100959E+001
     55.4000    0.000000E+000   0.500000E-001  -0.752483E+003   0.752483E+003  -0.319353E-006   0.504793E+000   0.504793E+000   0.100959E+001
     55.4200    0.000000E+000   0.500000E-001  -0.752483E+003   0.752483E+003  -0.317272E-006   0.504793E+000   0.504793E+000   0.100959E+001
     55.4400    0.000000E+000   0.500000E-001  -0.752483E+003   0.752483E+003  -0.315209E-006   0.504793E+000   0.504793E+000   0.100959E+001
     55.4600    0.000000E+000   0.500000E-001  -0.752483E+003   0.752483E+003  -0.313163E-006   0.504793E+000   0.504793E+000   0.100959E+001
     55.4800    0.000000E+000   0.500000E-001  -0.752483E+003   0.752483E+003  -0.311134E-006   0.504793E+000   0.504793E+000   0.100959E+001
     55.5000    0.000000E+000   0.500000E-001  -0.752483E+003   0.752483E+003  -0.309123E-006   0.504793E+000   0.504793E+000   0.100959E+001
     55.5200    0.000000E+000   0.500000E-001  -0.752483E+003   0.752483E+003  -0.307126E-006   0.504793E+000   0.504793E+000   0.100959E+001
     55.5400    0.000000E+000   0.500000E-001  -0.752483E+003   0.752483E+003  -0.305146E-006   0.504793E+000   0.504793E+000   0.100959E+001
     55.5600    0.000000E+000   0.500000E-001  -0.752483E+003   0.752483E+003  -0.303181E-006   0.504793E+000   0.504793E+000   0.100959E+001
     55.5800    0.000000E+000   0.500000E-001  -0.752483E+003   0.752483E+003  -0.301234E-006   0.504793E+000   0.504793E+000   0.100959E+001
     55.6000    0.000000E+000   0.500000E-001  -0.752483E+003   0.752483E+003  -0.299301E-006   0.504793E+000   0.504793E+000   0.100959E+001
     55.6200    0.000000E+000   0.500000E-001  -0.752483E+003   0.752483E+003  -0.297384E-006   0.504793E+000   0.504793E+000   0.100959E+001
     55.6400    0.000000E+000   0.500000E-001  -0.752483E+003   0.752483E+003  -0.295483E-006   0.504793E+000   0.504793E+000   0.100959E+001
     55.6600    0.000000E+000   0.500000E-001  -0.752483E+003   0.752483E+003  -0.293596E-006   0.504793E+000   0.504793E+000   0.100959E+001
     55.6800    0.000000E+000   0.500000E-001  -0.752483E+003   0.752483E+003  -0.291726E-006   0.504793E+000   0.504793E+000   0.100959E+001
     55.7000    0.000000E+000   0.500000E-001  -0.752483E+003   0.752483E+003  -0.289868E-006   0.504793E+000   0.504793E+000   0.100959E+001
     55.7200    0.000000E+000   0.500000E-001  -0.752483E+003   0.752483E+003  -0.288023E-006   0.504793E+000   0.504793E+000   0.100959E+001
     55.7400    0.000000E+000   0.500000E-001  -0.752483E+003   0.752483E+003  -0.286194E-006   0.504793E+000   0.504793E+000   0.100959E+001
     55.7600    0.000000E+000   0.500000E-001  -0.752483E+003   0.752483E+003  -0.284376E-006   0.504793E+000   0.504793E+000   0.100959E+001
     55.7800    0.000000E+000   0.500000E-001  -0.752483E+003   0.752483E+003  -0.282572E-006   0.504793E+000   0.504793E+000   0.100959E+001
     55.8000    0.000000E+000   0.500000E-001  -0.752483E+003   0.752483E+003  -0.280781E-006   0.504793E+000   0.504793E+000   0.100959E+001
     55.8200    0.000000E+000   0.500000E-001  -0.752483E+003   0.752483E+003  -0.279004E-006   0.504793E+000   0.504793E+000   0.100959E+001
     55.8400    0.000000E+000   0.500000E-001  -0.752483E+003   0.752483E+003  -0.277239E-006   0.504793E+000   0.504793E+000   0.100959E+001
     55.8600    0.000000E+000   0.500000E-001  -0.752483E+003   0.752483E+003  -0.275490E-006   0.504793E+000   0.504793E+000   0.100959E+001
     55.8800    0.000000E+000   0.500000E-001  -0.752483E+003   0.752483E+003  -0.273749E-006   0.504793E+000   0.504793E+000   0.100959E+001
     55.9000    0.000000E+000   0.500000E-001  -0.752483E+003   0.752483E+003  -0.272021E-006   0.504793E+000   0.504793E+000   0.100959E+001
     55.9200    0.000000E+000   0.500000E-001  -0.752483E+003   0.752483E+003  -0.270303E-006   0.504793E+000   0.504793E+000   0.100959E+001
     55.9400    0.000000E+000   0.500000E-001  -0.752483E+003   0.752483E+003  -0.268599E-006   0.504793E+000   0.504793E+000   0.100959E+001
     55.9600    0.000000E+000   0.500000E-001  -0.752483E+003   0.752483E+003  -0.266910E-006   0.504793E+000   0.504793E+000   0.100959E+001
     55.9800    0.000000E+000   0.500000E-001  -0.752483E+003   0.752483E+003  -0.265232E-006   0.504793E+000   0.504793E+000   0.100959E+001
     56.0000    0.000000E+000   0.500000E-001  -0.752483E+003   0.752483E+003  -0.263563E-006   0.504793E+000   0.504793E+000   0.100959E+001
     56.0200    0.000000E+000   0.500000E-001  -0.752483E+003   0.752483E+003  -0.261904E-006   0.504793E+000   0.504793E+000   0.100959E+001
     56.0400    0.000000E+000   0.500000E-001  -0.752483E+003   0.752483E+003  -0.260256E-006   0.504793E+000   0.504793E+000   0.100959E+001
     56.0600    0.000000E+000   0.500000E-001  -0.752483E+003   0.752483E+003  -0.258620E-006   0.504793E+000   0.504793E+000   0.100959E+001
     56.0800    0.000000E+000   0.500000E-001  -0.752483E+003   0.752483E+003  -0.256996E-006   0.504793E+000   0.504793E+000   0.100959E+001
     56.1000    0.000000E+000   0.500000E-001  -0.752483E+003   0.752483E+003  -0.255378E-006   0.504793E+000   0.504793E+000   0.100959E+001
     56.1200    0.000000E+000   0.500000E-001  -0.752483E+003   0.752483E+003  -0.253774E-006   0.504793E+000   0.504793E+000   0.100959E+001
     56.1400    0.000000E+000   0.500000E-001  -0.752483E+003   0.752483E+003  -0.252179E-006   0.504793E+000   0.504793E+000   0.100959E+001
     56.1600    0.000000E+000   0.500000E-001  -0.752483E+003   0.752483E+003  -0.250594E-006   0.504793E+000   0.504793E+000   0.100959E+001
     56.1800    0.000000E+000   0.500000E-001  -0.752483E+003   0.752483E+003  -0.249020E-006   0.504793E+000   0.504793E+000   0.100959E+001
     56.2000    0.000000E+000   0.500000E-001  -0.752483E+003   0.752483E+003  -0.247456E-006   0.504793E+000   0.504793E+000   0.100959E+001
     56.2200    0.000000E+000   0.500000E-001  -0.752483E+003   0.752483E+003  -0.245900E-006   0.504793E+000   0.504793E+000   0.100959E+001
     56.2400    0.000000E+000   0.500000E-001  -0.752483E+003   0.752483E+003  -0.244355E-006   0.504793E+000   0.504793E+000   0.100959E+001
     56.2600    0.000000E+000   0.500000E-001  -0.752483E+003   0.752483E+003  -0.242821E-006   0.504793E+000   0.504793E+000   0.100959E+001
     56.2800    0.000000E+000   0.500000E-001  -0.752483E+003   0.752483E+003  -0.241295E-006   0.504793E+000   0.504793E+000   0.100959E+001
     56.3000    0.000000E+000   0.500000E-001  -0.752483E+003   0.752483E+003  -0.239778E-006   0.504793E+000   0.504793E+000   0.100959E+001
     56.3200    0.000000E+000   0.500000E-001  -0.752483E+003   0.752483E+003  -0.238269E-006   0.504793E+000   0.504793E+000   0.100959E+001
     56.3400    0.000000E+000   0.500000E-001  -0.752483E+003   0.752483E+003  -0.236769E-006   0.504793E+000   0.504793E+000   0.100959E+001
     56.3600    0.000000E+000   0.500000E-001  -0.752483E+003   0.752483E+003  -0.235276E-006   0.504793E+000   0.504793E+000   0.100959E+001
     56.3800    0.000000E+000   0.500000E-001  -0.752483E+003   0.752483E+003  -0.233792E-006   0.504793E+000   0.504793E+000   0.100959E+001
     56.4000    0.000000E+000   0.500000E-001  -0.752483E+003   0.752483E+003  -0.232319E-006   0.504793E+000   0.504793E+000   0.100959E+001
     56.4200    0.000000E+000   0.500000E-001  -0.752483E+003   0.752483E+003  -0.230854E-006   0.504793E+000   0.504793E+000   0.100959E+001
     56.4400    0.000000E+000   0.500000E-001  -0.752483E+003   0.752483E+003  -0.229396E-006   0.504793E+000   0.504793E+000   0.100959E+001
     56.4600    0.000000E+000   0.500000E-001  -0.752483E+003   0.752483E+003  -0.227948E-006   0.504793E+000   0.504793E+000   0.100959E+001
     56.4800    0.000000E+000   0.500000E-001  -0.752483E+003   0.752483E+003  -0.226508E-006   0.504793E+000   0.504793E+000   0.100959E+001
     56.5000    0.000000E+000   0.500000E-001  -0.752483E+003   0.752483E+003  -0.225073E-006   0.504793E+000   0.504793E+000   0.100959E+001
     56.5200    0.000000E+000   0.500000E-001  -0.752483E+003   0.752483E+003  -0.223647E-006   0.504793E+000   0.504793E+000   0.100959E+001
     56.5400    0.000000E+000   0.500000E-001  -0.752483E+003   0.752483E+003  -0.222229E-006   0.504793E+000   0.504793E+000   0.100959E+001
     56.5600    0.000000E+000   0.500000E-001  -0.752483E+003   0.752483E+003  -0.220818E-006   0.504793E+000   0.504793E+000   0.100959E+001
     56.5800    0.000000E+000   0.500000E-001  -0.752483E+003   0.752483E+003  -0.219416E-006   0.504793E+000   0.504793E+000   0.100959E+001
     56.6000    0.000000E+000   0.500000E-001  -0.752483E+003   0.752483E+003  -0.218022E-006   0.504793E+000   0.504793E+000   0.100959E+001
     56.6200    0.000000E+000   0.500000E-001  -0.752483E+003   0.752483E+003  -0.216636E-006   0.504793E+000   0.504793E+000   0.100959E+001
     56.6400    0.000000E+000   0.500000E-001  -0.752483E+003   0.752483E+003  -0.215255E-006   0.504793E+000   0.504793E+000   0.100959E+001
     56.6600    0.000000E+000   0.500000E-001  -0.752483E+003   0.752483E+003  -0.213883E-006   0.504793E+000   0.504793E+000   0.100959E+001
     56.6800    0.000000E+000   0.500000E-001  -0.752483E+003   0.752483E+003  -0.212518E-006   0.504793E+000   0.504793E+000   0.100959E+001
     56.7000    0.000000E+000   0.500000E-001  -0.752483E+003   0.752483E+003  -0.211158E-006   0.504793E+000   0.504793E+000   0.100959E+001
     56.7200    0.000000E+000   0.500000E-001  -0.752483E+003   0.752483E+003  -0.209806E-006   0.504793E+000   0.504793E+000   0.100959E+001
     56.7400    0.000000E+000   0.500000E-001  -0.752483E+003   0.752483E+003  -0.208463E-006   0.504793E+000   0.504793E+000   0.100959E+001
     56.7600    0.000000E+000   0.500000E-001  -0.752483E+003   0.752483E+003  -0.207123E-006   0.504793E+000   0.504793E+000   0.100959E+001
     56.7800    0.000000E+000   0.500000E-001  -0.752483E+003   0.752483E+003  -0.205789E-006   0.504793E+000   0.504793E+000   0.100959E+001
     56.8000    0.000000E+000   0.500000E-001  -0.752483E+003   0.752483E+003  -0.204466E-006   0.504793E+000   0.504793E+000   0.100959E+001
     56.8200    0.000000E+000   0.500000E-001  -0.752483E+003   0.752483E+003  -0.203152E-006   0.504793E+000   0.504793E+000   0.100959E+001
     56.8400    0.000000E+000   0.500000E-001  -0.752483E+003   0.752483E+003  -0.201840E-006   0.504793E+000   0.504793E+000   0.100959E+001
     56.8600    0.000000E+000   0.500000E-001  -0.752483E+003   0.752483E+003  -0.200538E-006   0.504793E+000   0.504793E+000   0.100959E+001
     56.8800    0.000000E+000   0.500000E-001  -0.752483E+003   0.752483E+003  -0.199241E-006   0.504793E+000   0.504793E+000   0.100959E+001
     56.9000    0.000000E+000   0.500000E-001  -0.752483E+003   0.752483E+003  -0.197951E-006   0.504793E+000   0.504793E+000   0.100959E+001
     56.9200    0.000000E+000   0.500000E-001  -0.752483E+003   0.752483E+003  -0.196669E-006   0.504793E+000   0.504793E+000   0.100959E+001
     56.9400    0.000000E+000   0.500000E-001  -0.752483E+003   0.752483E+003  -0.195392E-006   0.504793E+000   0.504793E+000   0.100959E+001
     56.9600    0.000000E+000   0.500000E-001  -0.752483E+003   0.752483E+003  -0.194120E-006   0.504793E+000   0.504793E+000   0.100959E+001
     56.9800    0.000000E+000   0.500000E-001  -0.752483E+003   0.752483E+003  -0.192858E-006   0.504793E+000   0.504793E+000   0.100959E+001
     57.0000    0.000000E+000   0.500000E-001  -0.752483E+003   0.752483E+003  -0.191601E-006   0.504793E+000   0.504793E+000   0.100959E+001
     57.0200    0.000000E+000   0.500000E-001  -0.752483E+003   0.752483E+003  -0.190348E-006   0.504793E+000   0.504793E+000   0.100959E+001
     57.0400    0.000000E+000   0.500000E-001  -0.752483E+003   0.752483E+003  -0.189105E-006   0.504793E+000   0.504793E+000   0.100959E+001
     57.0600    0.000000E+000   0.500000E-001  -0.752483E+003   0.752483E+003  -0.187866E-006   0.504793E+000   0.504793E+000   0.100959E+001
     57.0800    0.000000E+000   0.500000E-001  -0.752483E+003   0.752483E+003  -0.186634E-006   0.504793E+000   0.504793E+000   0.100959E+001
     57.1000    0.000000E+000   0.500000E-001  -0.752483E+003   0.752483E+003  -0.185405E-006   0.504793E+000   0.504793E+000   0.100959E+001
     57.1200    0.000000E+000   0.500000E-001  -0.752483E+003   0.752483E+003  -0.184182E-006   0.504793E+000   0.504793E+000   0.100959E+001
     57.1400    0.000000E+000   0.500000E-001  -0.752483E+003   0.752483E+003  -0.182969E-006   0.504793E+000   0.504793E+000   0.100959E+001
     57.1600    0.000000E+000   0.500000E-001  -0.752483E+003   0.752483E+003  -0.181755E-006   0.504793E+000   0.504793E+000   0.100959E+001
     57.1800    0.000000E+000   0.500000E-001  -0.752483E+003   0.752483E+003  -0.180552E-006   0.504793E+000   0.504793E+000   0.100959E+001
     57.2000    0.000000E+000   0.500000E-001  -0.752483E+003   0.752483E+003  -0.179354E-006   0.504793E+000   0.504793E+000   0.100959E+001
     57.2200    0.000000E+000   0.500000E-001  -0.752483E+003   0.752483E+003  -0.178160E-006   0.504793E+000   0.504793E+000   0.100959E+001
     57.2400    0.000000E+000   0.500000E-001  -0.752483E+003   0.752483E+003  -0.176972E-006   0.504793E+000   0.504793E+000   0.100959E+001
     57.2600    0.000000E+000   0.500000E-001  -0.752483E+003   0.752483E+003  -0.175791E-006   0.504793E+000   0.504793E+000   0.100959E+001
     57.2800    0.000000E+000   0.500000E-001  -0.752483E+003   0.752483E+003  -0.174613E-006   0.504793E+000   0.504793E+000   0.100959E+001
     57.3000    0.000000E+000   0.500000E-001  -0.752483E+003   0.752483E+003  -0.173444E-006   0.504793E+000   0.504793E+000   0.100959E+001
     57.3200    0.000000E+000   0.500000E-001  -0.752483E+003   0.752483E+003  -0.172280E-006   0.504793E+000   0.504793E+000   0.100959E+001
     57.3400    0.000000E+000   0.500000E-001  -0.752483E+003   0.752483E+003  -0.171122E-006   0.504793E+000   0.504793E+000   0.100959E+001
     57.3600    0.000000E+000   0.500000E-001  -0.752483E+003   0.752483E+003  -0.169970E-006   0.504793E+000   0.504793E+000   0.100959E+001
     57.3800    0.000000E+000   0.500000E-001  -0.752483E+003   0.752483E+003  -0.168823E-006   0.504793E+000   0.504793E+000   0.100959E+001
     57.4000    0.000000E+000   0.500000E-001  -0.752483E+003   0.752483E+003  -0.167683E-006   0.504793E+000   0.504793E+000   0.100959E+001
     57.4200    0.000000E+000   0.500000E-001  -0.752483E+003   0.752483E+003  -0.166547E-006   0.504793E+000   0.504793E+000   0.100959E+001
     57.4400    0.000000E+000   0.500000E-001  -0.752483E+003   0.752483E+003  -0.165417E-006   0.504793E+000   0.504793E+000   0.100959E+001
     57.4600    0.000000E+000   0.500000E-001  -0.752483E+003   0.752483E+003  -0.164293E-006   0.504793E+000   0.504793E+000   0.100959E+001
     57.4800    0.000000E+000   0.500000E-001  -0.752483E+003   0.752483E+003  -0.163172E-006   0.504793E+000   0.504793E+000   0.100959E+001
     57.5000    0.000000E+000   0.500000E-001  -0.752483E+003   0.752483E+003  -0.162057E-006   0.504793E+000   0.504793E+000   0.100959E+001
     57.5200    0.000000E+000   0.500000E-001  -0.752483E+003   0.752483E+003  -0.160951E-006   0.504793E+000   0.504793E+000   0.100959E+001
     57.5400    0.000000E+000   0.500000E-001  -0.752483E+003   0.752483E+003  -0.159848E-006   0.504793E+000   0.504793E+000   0.100959E+001
     57.5600    0.000000E+000   0.500000E-001  -0.752483E+003   0.752483E+003  -0.158750E-006   0.504793E+000   0.504793E+000   0.100959E+001
     57.5800    0.000000E+000   0.500000E-001  -0.752483E+003   0.752483E+003  -0.157656E-006   0.504793E+000   0.504793E+000   0.100959E+001
     57.6000    0.000000E+000   0.500000E-001  -0.752483E+003   0.752483E+003  -0.156570E-006   0.504793E+000   0.504793E+000   0.100959E+001
     57.6200    0.000000E+000   0.500000E-001  -0.752483E+003   0.752483E+003  -0.155490E-006   0.504793E+000   0.504793E+000   0.100959E+001
     57.6400    0.000000E+000   0.500000E-001  -0.752483E+003   0.752483E+003  -0.154414E-006   0.504793E+000   0.504793E+000   0.100959E+001
     57.6600    0.000000E+000   0.500000E-001  -0.752483E+003   0.752483E+003  -0.153343E-006   0.504793E+000   0.504793E+000   0.100959E+001
     57.6800    0.000000E+000   0.500000E-001  -0.752483E+003   0.752483E+003  -0.152277E-006   0.504793E+000   0.504793E+000   0.100959E+001
     57.7000    0.000000E+000   0.500000E-001  -0.752483E+003   0.752483E+003  -0.151217E-006   0.504793E+000   0.504793E+000   0.100959E+001
     57.7200    0.000000E+000   0.500000E-001  -0.752483E+003   0.752483E+003  -0.150161E-006   0.504793E+000   0.504793E+000   0.100959E+001
     57.7400    0.000000E+000   0.500000E-001  -0.752483E+003   0.752483E+003  -0.149111E-006   0.504793E+000   0.504793E+000   0.100959E+001
     57.7600    0.000000E+000   0.500000E-001  -0.752483E+003   0.752483E+003  -0.148066E-006   0.504793E+000   0.504793E+000   0.100959E+001
     57.7800    0.000000E+000   0.500000E-001  -0.752483E+003   0.752483E+003  -0.147027E-006   0.504793E+000   0.504793E+000   0.100959E+001
     57.8000    0.000000E+000   0.500000E-001  -0.752483E+003   0.752483E+003  -0.145995E-006   0.504793E+000   0.504793E+000   0.100959E+001
     57.8200    0.000000E+000   0.500000E-001  -0.752483E+003   0.752483E+003  -0.144966E-006   0.504793E+000   0.504793E+000   0.100959E+001
     57.8400    0.000000E+000   0.500000E-001  -0.752483E+003   0.752483E+003  -0.143943E-006   0.504793E+000   0.504793E+000   0.100959E+001
     57.8600    0.000000E+000   0.500000E-001  -0.752483E+003   0.752483E+003  -0.142926E-006   0.504793E+000   0.504793E+000   0.100959E+001
     57.8800    0.000000E+000   0.500000E-001  -0.752483E+003   0.752483E+003  -0.141913E-006   0.504793E+000   0.504793E+000   0.100959E+001
     57.9000    0.000000E+000   0.500000E-001  -0.752483E+003   0.752483E+003  -0.140905E-006   0.504793E+000   0.504793E+000   0.100959E+001
     57.9200    0.000000E+000   0.500000E-001  -0.752483E+003   0.752483E+003  -0.139903E-006   0.504793E+000   0.504793E+000   0.100959E+001
     57.9400    0.000000E+000   0.500000E-001  -0.752483E+003   0.752483E+003  -0.138908E-006   0.504793E+000   0.504793E+000   0.100959E+001
     57.9600    0.000000E+000   0.500000E-001  -0.752483E+003   0.752483E+003  -0.137916E-006   0.504793E+000   0.504793E+000   0.100959E+001
     57.9800    0.000000E+000   0.500000E-001  -0.752483E+003   0.752483E+003  -0.136930E-006   0.504793E+000   0.504793E+000   0.100959E+001
     58.0000    0.000000E+000   0.500000E-001  -0.752483E+003   0.752483E+003  -0.135946E-006   0.504793E+000   0.504793E+000   0.100959E+001
     58.0200    0.000000E+000   0.500000E-001  -0.752483E+003   0.752483E+003  -0.134971E-006   0.504793E+000   0.504793E+000   0.100959E+001
     58.0400    0.000000E+000   0.500000E-001  -0.752483E+003   0.752483E+003  -0.133999E-006   0.504793E+000   0.504793E+000   0.100959E+001
     58.0600    0.000000E+000   0.500000E-001  -0.752483E+003   0.752483E+003  -0.133033E-006   0.504793E+000   0.504793E+000   0.100959E+001
     58.0800    0.000000E+000   0.500000E-001  -0.752483E+003   0.752483E+003  -0.132073E-006   0.504793E+000   0.504793E+000   0.100959E+001
     58.1000    0.000000E+000   0.500000E-001  -0.752483E+003   0.752483E+003  -0.131119E-006   0.504793E+000   0.504793E+000   0.100959E+001
     58.1200    0.000000E+000   0.500000E-001  -0.752483E+003   0.752483E+003  -0.130167E-006   0.504793E+000   0.504793E+000   0.100959E+001
     58.1400    0.000000E+000   0.500000E-001  -0.752483E+003   0.752483E+003  -0.129222E-006   0.504793E+000   0.504793E+000   0.100959E+001
     58.1600    0.000000E+000   0.500000E-001  -0.752483E+003   0.752483E+003  -0.128281E-006   0.504793E+000   0.504793E+000   0.100959E+001
     58.1800    0.000000E+000   0.500000E-001  -0.752483E+003   0.752483E+003  -0.127346E-006   0.504793E+000   0.504793E+000   0.100959E+001
     58.2000    0.000000E+000   0.500000E-001  -0.752483E+003   0.752483E+003  -0.126417E-006   0.504793E+000   0.504793E+000   0.100959E+001
     58.2200    0.000000E+000   0.500000E-001  -0.752483E+003   0.752483E+003  -0.125491E-006   0.504793E+000   0.504793E+000   0.100959E+001
     58.2400    0.000000E+000   0.500000E-001  -0.752483E+003   0.752483E+003  -0.124570E-006   0.504793E+000   0.504793E+000   0.100959E+001
     58.2600    0.000000E+000   0.500000E-001  -0.752483E+003   0.752483E+003  -0.123655E-006   0.504793E+000   0.504793E+000   0.100959E+001
     58.2800    0.000000E+000   0.500000E-001  -0.752483E+003   0.752483E+003  -0.122745E-006   0.504793E+000   0.504793E+000   0.100959E+001
     58.3000    0.000000E+000   0.500000E-001  -0.752483E+003   0.752483E+003  -0.121842E-006   0.504793E+000   0.504793E+000   0.100959E+001
     58.3200    0.000000E+000   0.500000E-001  -0.752483E+003   0.752483E+003  -0.120941E-006   0.504793E+000   0.504793E+000   0.100959E+001
     58.3400    0.000000E+000   0.500000E-001  -0.752483E+003   0.752483E+003  -0.120048E-006   0.504793E+000   0.504793E+000   0.100959E+001
     58.3600    0.000000E+000   0.500000E-001  -0.752483E+003   0.752483E+003  -0.119158E-006   0.504793E+000   0.504793E+000   0.100959E+001
     58.3800    0.000000E+000   0.500000E-001  -0.752483E+003   0.752483E+003  -0.118273E-006   0.504793E+000   0.504793E+000   0.100959E+001
     58.4000    0.000000E+000   0.500000E-001  -0.752483E+003   0.752483E+003  -0.117391E-006   0.504793E+000   0.504793E+000   0.100959E+001
     58.4200    0.000000E+000   0.500000E-001  -0.752483E+003   0.752483E+003  -0.116516E-006   0.504793E+000   0.504793E+000   0.100959E+001
     58.4400    0.000000E+000   0.500000E-001  -0.752483E+003   0.752483E+003  -0.115648E-006   0.504793E+000   0.504793E+000   0.100959E+001
     58.4600    0.000000E+000   0.500000E-001  -0.752483E+003   0.752483E+003  -0.114785E-006   0.504793E+000   0.504793E+000   0.100959E+001
     58.4800    0.000000E+000   0.500000E-001  -0.752483E+003   0.752483E+003  -0.113924E-006   0.504793E+000   0.504793E+000   0.100959E+001
     58.5000    0.000000E+000   0.500000E-001  -0.752483E+003   0.752483E+003  -0.113072E-006   0.504793E+000   0.504793E+000   0.100959E+001
     58.5200    0.000000E+000   0.500000E-001  -0.752483E+003   0.752483E+003  -0.112224E-006   0.504793E+000   0.504793E+000   0.100959E+001
     58.5400    0.000000E+000   0.500000E-001  -0.752483E+003   0.752483E+003  -0.111379E-006   0.504793E+000   0.504793E+000   0.100959E+001
     58.5600    0.000000E+000   0.500000E-001  -0.752483E+003   0.752483E+003  -0.110539E-006   0.504793E+000   0.504793E+000   0.100959E+001
     58.5800    0.000000E+000   0.500000E-001  -0.752483E+003   0.752483E+003  -0.109705E-006   0.504793E+000   0.504793E+000   0.100959E+001
     58.6000    0.000000E+000   0.500000E-001  -0.752483E+003   0.752483E+003  -0.108876E-006   0.504793E+000   0.504793E+000   0.100959E+001
     58.6200    0.000000E+000   0.500000E-001  -0.752483E+003   0.752483E+003  -0.108053E-006   0.504793E+000   0.504793E+000   0.100959E+001
     58.6400    0.000000E+000   0.500000E-001  -0.752483E+003   0.752483E+003  -0.107236E-006   0.504793E+000   0.504793E+000   0.100959E+001
     58.6600    0.000000E+000   0.500000E-001  -0.752483E+003   0.752483E+003  -0.106421E-006   0.504793E+000   0.504793E+000   0.100959E+001
     58.6800    0.000000E+000   0.500000E-001  -0.752483E+003   0.752483E+003  -0.105610E-006   0.504793E+000   0.504793E+000   0.100959E+001
     58.7000    0.000000E+000   0.500000E-001  -0.752483E+003   0.752483E+003  -0.104805E-006   0.504793E+000   0.504793E+000   0.100959E+001
     58.7200    0.000000E+000   0.500000E-001  -0.752483E+003   0.752483E+003  -0.104006E-006   0.504793E+000   0.504793E+000   0.100959E+001
     58.7400    0.000000E+000   0.500000E-001  -0.752483E+003   0.752483E+003  -0.103211E-006   0.504793E+000   0.504793E+000   0.100959E+001
     58.7600    0.000000E+000   0.500000E-001  -0.752483E+003   0.752483E+003  -0.102424E-006   0.504793E+000   0.504793E+000   0.100959E+001
     58.7800    0.000000E+000   0.500000E-001  -0.752483E+003   0.752483E+003  -0.101639E-006   0.504793E+000   0.504793E+000   0.100959E+001
     58.8000    0.000000E+000   0.500000E-001  -0.752483E+003   0.752483E+003  -0.100861E-006   0.504793E+000   0.504793E+000   0.100959E+001
     58.8200    0.000000E+000   0.500000E-001  -0.752483E+003   0.752483E+003  -0.100087E-006   0.504793E+000   0.504793E+000   0.100959E+001
     58.8400    0.000000E+000   0.500000E-001  -0.752483E+003   0.752483E+003  -0.993168E-007   0.504793E+000   0.504793E+000   0.100959E+001
     58.8600    0.000000E+000   0.500000E-001  -0.752483E+003   0.752483E+003  -0.985526E-007   0.504793E+000   0.504793E+000   0.100959E+001
     58.8800    0.000000E+000   0.500000E-001  -0.752483E+003   0.752483E+003  -0.977916E-007   0.504793E+000   0.504793E+000   0.100959E+001
     58.9000    0.000000E+000   0.500000E-001  -0.752483E+003   0.752483E+003  -0.970360E-007   0.504793E+000   0.504793E+000   0.100959E+001
     58.9200    0.000000E+000   0.500000E-001  -0.752483E+003   0.752483E+003  -0.962860E-007   0.504793E+000   0.504793E+000   0.100959E+001
     58.9400    0.000000E+000   0.500000E-001  -0.752483E+003   0.752483E+003  -0.955389E-007   0.504793E+000   0.504793E+000   0.100959E+001
     58.9600    0.000000E+000   0.500000E-001  -0.752483E+003   0.752483E+003  -0.947985E-007   0.504793E+000   0.504793E+000   0.100959E+001
     58.9800    0.000000E+000   0.500000E-001  -0.752483E+003   0.752483E+003  -0.940611E-007   0.504793E+000   0.504793E+000   0.100959E+001
     59.0000    0.000000E+000   0.500000E-001  -0.752483E+003   0.752483E+003  -0.933301E-007   0.504793E+000   0.504793E+000   0.100959E+001
     59.0200    0.000000E+000   0.500000E-001  -0.752483E+003   0.752483E+003  -0.926041E-007   0.504793E+000   0.504793E+000   0.100959E+001
     59.0400    0.000000E+000   0.500000E-001  -0.752483E+003   0.752483E+003  -0.918835E-007   0.504793E+000   0.504793E+000   0.100959E+001
     59.0600    0.000000E+000   0.500000E-001  -0.752483E+003   0.752483E+003  -0.911687E-007   0.504793E+000   0.504793E+000   0.100959E+001
     59.0800    0.000000E+000   0.500000E-001  -0.752483E+003   0.752483E+003  -0.904564E-007   0.504793E+000   0.504793E+000   0.100959E+001
     59.1000    0.000000E+000   0.500000E-001  -0.752483E+003   0.752483E+003  -0.897513E-007   0.504793E+000   0.504793E+000   0.100959E+001
     59.1200    0.000000E+000   0.500000E-001  -0.752483E+003   0.752483E+003  -0.890502E-007   0.504793E+000   0.504793E+000   0.100959E+001
     59.1400    0.000000E+000   0.500000E-001  -0.752483E+003   0.752483E+003  -0.883532E-007   0.504793E+000   0.504793E+000   0.100959E+001
     59.1600    0.000000E+000   0.500000E-001  -0.752483E+003   0.752483E+003  -0.876613E-007   0.504793E+000   0.504793E+000   0.100959E+001
     59.1800    0.000000E+000   0.500000E-001  -0.752483E+003   0.752483E+003  -0.869732E-007   0.504793E+000   0.504793E+000   0.100959E+001
     59.2000    0.000000E+000   0.500000E-001  -0.752483E+003   0.752483E+003  -0.862929E-007   0.504793E+000   0.504793E+000   0.100959E+001
     59.2200    0.000000E+000   0.500000E-001  -0.752483E+003   0.752483E+003  -0.856146E-007   0.504793E+000   0.504793E+000   0.100959E+001
     59.2400    0.000000E+000   0.500000E-001  -0.752483E+003   0.752483E+003  -0.849427E-007   0.504793E+000   0.504793E+000   0.100959E+001
     59.2600    0.000000E+000   0.500000E-001  -0.752483E+003   0.752483E+003  -0.842732E-007   0.504793E+000   0.504793E+000   0.100959E+001
     59.2800    0.000000E+000   0.500000E-001  -0.752483E+003   0.752483E+003  -0.836103E-007   0.504793E+000   0.504793E+000   0.100959E+001
     59.3000    0.000000E+000   0.500000E-001  -0.752483E+003   0.752483E+003  -0.829527E-007   0.504793E+000   0.504793E+000   0.100959E+001
     59.3200    0.000000E+000   0.500000E-001  -0.752483E+003   0.752483E+003  -0.822970E-007   0.504793E+000   0.504793E+000   0.100959E+001
     59.3400    0.000000E+000   0.500000E-001  -0.752483E+003   0.752483E+003  -0.816460E-007   0.504793E+000   0.504793E+000   0.100959E+001
     59.3600    0.000000E+000   0.500000E-001  -0.752483E+003   0.752483E+003  -0.810014E-007   0.504793E+000   0.504793E+000   0.100959E+001
     59.3800    0.000000E+000   0.500000E-001  -0.752483E+003   0.752483E+003  -0.803609E-007   0.504793E+000   0.504793E+000   0.100959E+001
     59.4000    0.000000E+000   0.500000E-001  -0.752483E+003   0.752483E+003  -0.797266E-007   0.504793E+000   0.504793E+000   0.100959E+001
     59.4200    0.000000E+000   0.500000E-001  -0.752483E+003   0.752483E+003  -0.790931E-007   0.504793E+000   0.504793E+000   0.100959E+001
     59.4400    0.000000E+000   0.500000E-001  -0.752483E+003   0.752483E+003  -0.784693E-007   0.504793E+000   0.504793E+000   0.100959E+001
     59.4600    0.000000E+000   0.500000E-001  -0.752483E+003   0.752483E+003  -0.778477E-007   0.504793E+000   0.504793E+000   0.100959E+001
     59.4800    0.000000E+000   0.500000E-001  -0.752483E+003   0.752483E+003  -0.772311E-007   0.504793E+000   0.504793E+000   0.100959E+001
     59.5000    0.000000E+000   0.500000E-001  -0.752483E+003   0.752483E+003  -0.766177E-007   0.504793E+000   0.504793E+000   0.100959E+001
     59.5200    0.000000E+000   0.500000E-001  -0.752483E+003   0.752483E+003  -0.760087E-007   0.504793E+000   0.504793E+000   0.100959E+001
     59.5400    0.000000E+000   0.500000E-001  -0.752483E+003   0.752483E+003  -0.754046E-007   0.504793E+000   0.504793E+000   0.100959E+001
     59.5600    0.000000E+000   0.500000E-001  -0.752483E+003   0.752483E+003  -0.748029E-007   0.504793E+000   0.504793E+000   0.100959E+001
     59.5800    0.000000E+000   0.500000E-001  -0.752483E+003   0.752483E+003  -0.742095E-007   0.504793E+000   0.504793E+000   0.100959E+001
     59.6000    0.000000E+000   0.500000E-001  -0.752483E+003   0.752483E+003  -0.736161E-007   0.504793E+000   0.504793E+000   0.100959E+001
     59.6200    0.000000E+000   0.500000E-001  -0.752483E+003   0.752483E+003  -0.730273E-007   0.504793E+000   0.504793E+000   0.100959E+001
     59.6400    0.000000E+000   0.500000E-001  -0.752483E+003   0.752483E+003  -0.724435E-007   0.504793E+000   0.504793E+000   0.100959E+001
     59.6600    0.000000E+000   0.500000E-001  -0.752483E+003   0.752483E+003  -0.718650E-007   0.504793E+000   0.504793E+000   0.100959E+001
     59.6800    0.000000E+000   0.500000E-001  -0.752483E+003   0.752483E+003  -0.712889E-007   0.504793E+000   0.504793E+000   0.100959E+001
     59.7000    0.000000E+000   0.500000E-001  -0.752483E+003   0.752483E+003  -0.707169E-007   0.504793E+000   0.504793E+000   0.100959E+001
     59.7200    0.000000E+000   0.500000E-001  -0.752483E+003   0.752483E+003  -0.701494E-007   0.504793E+000   0.504793E+000   0.100959E+001
     59.7400    0.000000E+000   0.500000E-001  -0.752483E+003   0.752483E+003  -0.695881E-007   0.504793E+000   0.504793E+000   0.100959E+001
     59.7600    0.000000E+000   0.500000E-001  -0.752483E+003   0.752483E+003  -0.690336E-007   0.504793E+000   0.504793E+000   0.100959E+001
     59.7800    0.000000E+000   0.500000E-001  -0.752483E+003   0.752483E+003  -0.684827E-007   0.504793E+000   0.504793E+000   0.100959E+001
     59.8000    0.000000E+000   0.500000E-001  -0.752483E+003   0.752483E+003  -0.679346E-007   0.504793E+000   0.504793E+000   0.100959E+001
     59.8200    0.000000E+000   0.500000E-001  -0.752483E+003   0.752483E+003  -0.673891E-007   0.504793E+000   0.504793E+000   0.100959E+001
     59.8400    0.000000E+000   0.500000E-001  -0.752483E+003   0.752483E+003  -0.668488E-007   0.504793E+000   0.504793E+000   0.100959E+001
     59.8600    0.000000E+000   0.500000E-001  -0.752483E+003   0.752483E+003  -0.663147E-007   0.504793E+000   0.504793E+000   0.100959E+001
     59.8800    0.000000E+000   0.500000E-001  -0.752483E+003   0.752483E+003  -0.657838E-007   0.504793E+000   0.504793E+000   0.100959E+001
     59.9000    0.000000E+000   0.500000E-001  -0.752483E+003   0.752483E+003  -0.652560E-007   0.504793E+000   0.504793E+000   0.100959E+001
     59.9200    0.000000E+000   0.500000E-001  -0.752483E+003   0.752483E+003  -0.647331E-007   0.504793E+000   0.504793E+000   0.100959E+001
     59.9400    0.000000E+000   0.500000E-001  -0.752483E+003   0.752483E+003  -0.642151E-007   0.504793E+000   0.504793E+000   0.100959E+001
     59.9600    0.000000E+000   0.500000E-001  -0.752483E+003   0.752483E+003  -0.637021E-007   0.504793E+000   0.504793E+000   0.100959E+001
     59.9800    0.000000E+000   0.500000E-001  -0.752483E+003   0.752483E+003  -0.631898E-007   0.504793E+000   0.504793E+000   0.100959E+001
