0.001795   1.27816e-01  1.27817e-01   1.000e+00   9.05748e-04  2.56702e-01       7.89577e+01   8.55541e+01   1.64512e+02      1.000000e-10  1.000000e-05       13
0.002914   1.27816e-01  1.27819e-01   1.000e+00   1.94594e-08  2.53030e-01       1.28334e+02   1.38686e+02   2.67021e+02      1.000000e-10  1.000000e-05       37
0.003925   1.27817e-01  1.27820e-01   1.000e+00   9.95994e-09  2.50010e-01       1.72719e+02   1.86567e+02   3.59286e+02      2.000000e-11  1.000000e-05       43
0.005998   1.27820e-01  1.27823e-01   1.000e+00   9.28425e-09  2.43357e-01       2.63728e+02   2.84747e+02   5.48475e+02      2.000000e-11  1.000000e-05       49
0.009680   1.27828e-01  1.27831e-01   1.000e+00   9.06723e-09  2.31978e-01       4.25348e+02   4.59100e+02   8.84449e+02      2.000000e-11  1.000000e-05       55
0.015688   1.27850e-01  1.27852e-01   1.000e+00   9.48952e-09  2.14631e-01       6.88729e+02   7.43131e+02   1.43186e+03      2.000000e-11  1.000000e-05       61
0.024251   1.27899e-01  1.27901e-01   1.000e+00   9.27498e-09  1.92734e-01       1.06319e+03   1.14722e+03   2.21041e+03      2.000000e-11  1.000000e-05       67
0.036195   1.28002e-01  1.28003e-01   1.000e+00   9.20706e-09  1.65827e-01       1.58260e+03   1.70818e+03   3.29078e+03      2.000000e-11  1.000000e-05       73
0.051992   1.28196e-01  1.28200e-01   1.000e+00   8.96397e-09  1.36467e-01       2.26378e+03   2.44294e+03   4.70672e+03      2.000000e-11  1.000000e-05       79
0.070912   1.28518e-01  1.28525e-01   9.999e-01   8.79729e-09  1.09025e-01       3.06551e+03   3.30797e+03   6.37348e+03      2.000000e-11  1.000000e-05       85
0.091942   1.28992e-01  1.29001e-01   9.998e-01   8.57308e-09  8.62669e-02       3.93770e+03   4.24958e+03   8.18728e+03      2.000000e-11  1.000000e-05       91
0.113969   1.29615e-01  1.29616e-01   9.997e-01   8.43650e-09  6.90755e-02       4.81766e+03   5.20187e+03   1.00195e+04      2.000000e-11  1.000000e-05       97
0.135353   1.30330e-01  1.30333e-01   9.995e-01   8.15989e-09  5.72419e-02       5.65118e+03   6.09843e+03   1.17496e+04      2.000000e-11  1.000000e-05      103
0.156148   1.31145e-01  1.31132e-01   9.994e-01   8.72950e-09  4.92647e-02       6.43613e+03   6.94243e+03   1.33786e+04      2.000000e-11  1.000000e-05      109
0.176109   1.32022e-01  1.32007e-01   9.994e-01   8.65849e-09  4.41083e-02       7.16108e+03   7.72881e+03   1.48899e+04      2.000000e-11  1.000000e-05      115
0.197201   1.33040e-01  1.33033e-01   9.992e-01   8.52182e-09  4.07732e-02       7.89705e+03   8.52708e+03   1.64241e+04      2.000000e-11  1.000000e-05      121
0.218176   1.34157e-01  1.34153e-01   9.991e-01   8.52078e-09  3.90508e-02       8.59727e+03   9.28891e+03   1.78862e+04      2.000000e-11  1.000000e-05      127
0.239763   1.35402e-01  1.35396e-01   9.990e-01   8.76367e-09  3.85007e-02       9.29145e+03   1.00425e+04   1.93339e+04      2.000000e-11  1.000000e-05      133
0.260817   1.36716e-01  1.36704e-01   9.988e-01   9.52661e-09  3.89010e-02       9.94012e+03   1.07455e+04   2.06856e+04      2.000000e-11  1.000000e-05      139
0.280274   1.38014e-01  1.37990e-01   9.986e-01   9.35710e-09  3.98851e-02       1.05174e+04   1.13699e+04   2.18873e+04      2.000000e-11  1.000000e-05      145
0.299835   1.39377e-01  1.39365e-01   9.985e-01   9.57891e-09  4.13319e-02       1.10701e+04   1.19780e+04   2.30481e+04      2.000000e-11  1.000000e-05      151
0.318704   1.40765e-01  1.40749e-01   9.984e-01   9.38002e-09  4.30591e-02       1.15842e+04   1.25385e+04   2.41227e+04      2.000000e-11  1.000000e-05      157
0.336400   1.42119e-01  1.42110e-01   9.983e-01   9.41218e-09  4.48716e-02       1.20495e+04   1.30467e+04   2.50962e+04      2.000000e-11  1.000000e-05      163
0.355425   1.43627e-01  1.43636e-01   9.982e-01   9.96695e-09  4.70060e-02       1.25313e+04   1.35702e+04   2.61016e+04      2.000000e-11  1.000000e-05      169
0.374083   1.45167e-01  1.45169e-01   9.980e-01   9.88721e-09  4.91883e-02       1.29811e+04   1.40615e+04   2.70426e+04      2.000000e-11  1.000000e-05      175
0.392042   1.46698e-01  1.46713e-01   9.980e-01   9.37371e-09  5.13965e-02       1.34009e+04   1.45217e+04   2.79226e+04      2.000000e-11  1.000000e-05      181
0.410647   1.48338e-01  1.48356e-01   9.979e-01   9.42415e-09  5.37097e-02       1.38187e+04   1.49799e+04   2.87986e+04      2.000000e-11  1.000000e-05      187
0.430384   1.50130e-01  1.50158e-01   9.979e-01   9.28849e-09  5.61990e-02       1.42435e+04   1.54458e+04   2.96893e+04      2.000000e-11  1.000000e-05      193
0.449454   1.51903e-01  1.51946e-01   9.977e-01   9.77212e-09  5.86057e-02       1.46375e+04   1.58802e+04   3.05177e+04      2.000000e-11  1.000000e-05      199
0.467948   1.53691e-01  1.53711e-01   9.976e-01   1.02225e-08  6.09511e-02       1.50043e+04   1.62837e+04   3.12879e+04      2.000000e-11  1.000000e-05      205
0.482945   1.55164e-01  1.55180e-01   9.975e-01   4.97238e-09  6.28139e-02       1.52914e+04   1.65991e+04   3.18905e+04      4.000000e-12  1.000000e-05      217
0.497010   1.56574e-01  1.56590e-01   9.974e-01   4.62285e-09  6.45745e-02       1.55517e+04   1.68911e+04   3.24427e+04      4.000000e-12  1.000000e-05      223
0.510293   1.57906e-01  1.57953e-01   9.973e-01   4.81565e-09  6.61926e-02       1.57887e+04   1.71550e+04   3.29437e+04      4.000000e-12  1.000000e-05      229
0.522430   1.59166e-01  1.59209e-01   9.972e-01   4.68603e-09  6.76793e-02       1.60029e+04   1.73879e+04   3.33908e+04      4.000000e-12  1.000000e-05      235
0.534933   1.60472e-01  1.60515e-01   9.970e-01   4.38412e-09  6.91790e-02       1.62177e+04   1.76213e+04   3.38390e+04      4.000000e-12  1.000000e-05      241
0.547328   1.61787e-01  1.61820e-01   9.969e-01   4.65114e-09  7.06654e-02       1.64264e+04   1.78528e+04   3.42792e+04      4.000000e-12  1.000000e-05      247
0.559803   1.63130e-01  1.63162e-01   9.969e-01   4.47540e-09  7.21586e-02       1.66279e+04   1.80809e+04   3.47089e+04      4.000000e-12  1.000000e-05      253
0.571418   1.64393e-01  1.64424e-01   9.968e-01   3.93620e-09  7.34937e-02       1.68126e+04   1.82861e+04   3.50987e+04      4.000000e-12  1.000000e-05      259
0.583595   1.65733e-01  1.65763e-01   9.967e-01   4.42997e-09  7.48736e-02       1.70034e+04   1.84949e+04   3.54983e+04      4.000000e-12  1.000000e-05      265
0.595774   1.67087e-01  1.67116e-01   9.966e-01   4.07170e-09  7.62327e-02       1.71866e+04   1.86982e+04   3.58848e+04      4.000000e-12  1.000000e-05      271
0.608349   1.68495e-01  1.68540e-01   9.966e-01   3.93138e-09  7.75880e-02       1.73701e+04   1.89016e+04   3.62717e+04      4.000000e-12  1.000000e-05      277
0.621017   1.69934e-01  1.69972e-01   9.965e-01   3.75063e-09  7.89609e-02       1.75544e+04   1.91038e+04   3.66582e+04      4.000000e-12  1.000000e-05      283
0.633853   1.71410e-01  1.71441e-01   9.964e-01   3.31312e-09  8.03048e-02       1.77308e+04   1.93009e+04   3.70317e+04      4.000000e-12  1.000000e-05      289
0.647215   1.72962e-01  1.72991e-01   9.963e-01   3.48464e-09  8.17168e-02       1.79119e+04   1.95050e+04   3.74168e+04      4.000000e-12  1.000000e-05      295
0.660305   1.74498e-01  1.74522e-01   9.962e-01   3.40025e-09  8.30352e-02       1.80810e+04   1.96966e+04   3.77776e+04      4.000000e-12  1.000000e-05      301
0.673292   1.76040e-01  1.76063e-01   9.961e-01   3.07889e-09  8.43103e-02       1.82449e+04   1.98827e+04   3.81276e+04      4.000000e-12  1.000000e-05      307
0.686671   1.77642e-01  1.77653e-01   9.960e-01   3.07603e-09  8.56146e-02       1.84082e+04   2.00675e+04   3.84757e+04      4.000000e-12  1.000000e-05      313
0.699772   1.79223e-01  1.79244e-01   9.959e-01   3.00724e-09  8.68207e-02       1.85641e+04   2.02435e+04   3.88075e+04      4.000000e-12  1.000000e-05      319
0.712488   1.80755e-01  1.80791e-01   9.958e-01   2.97507e-09  8.79658e-02       1.87119e+04   2.04096e+04   3.91215e+04      4.000000e-12  1.000000e-05      325
0.725678   1.82375e-01  1.82408e-01   9.957e-01   2.84296e-09  8.91266e-02       1.88600e+04   2.05773e+04   3.94372e+04      4.000000e-12  1.000000e-05      331
0.739022   1.84022e-01  1.84056e-01   9.957e-01   2.74941e-09  9.02736e-02       1.90058e+04   2.07393e+04   3.97451e+04      4.000000e-12  1.000000e-05      337
0.752677   1.85719e-01  1.85738e-01   9.956e-01   3.01616e-09  9.13775e-02       1.91452e+04   2.08987e+04   4.00438e+04      4.000000e-12  1.000000e-05      343
0.765820   1.87361e-01  1.87389e-01   9.956e-01   2.98992e-09  9.24522e-02       1.92804e+04   2.10528e+04   4.03333e+04      4.000000e-12  1.000000e-05      349
0.778829   1.88999e-01  1.89029e-01   9.955e-01   2.86253e-09  9.34550e-02       1.94080e+04   2.11965e+04   4.06046e+04      4.000000e-12  1.000000e-05      355
0.792025   1.90669e-01  1.90709e-01   9.955e-01   2.80754e-09  9.43938e-02       1.95307e+04   2.13367e+04   4.08674e+04      4.000000e-12  1.000000e-05      361
0.805368   1.92361e-01  1.92418e-01   9.954e-01   2.53809e-09  9.53237e-02       1.96524e+04   2.14747e+04   4.11271e+04      4.000000e-12  1.000000e-05      367
0.819102   1.94128e-01  1.94182e-01   9.953e-01   2.78044e-09  9.62535e-02       1.97729e+04   2.16116e+04   4.13845e+04      4.000000e-12  1.000000e-05      373
0.832994   1.95913e-01  1.95971e-01   9.952e-01   2.72400e-09  9.71662e-02       1.98898e+04   2.17420e+04   4.16319e+04      4.000000e-12  1.000000e-05      379
0.846651   1.97690e-01  1.97740e-01   9.951e-01   2.56267e-09  9.80705e-02       2.00018e+04   2.18758e+04   4.18776e+04      4.000000e-12  1.000000e-05      385
0.860332   1.99478e-01  1.99522e-01   9.950e-01   2.51462e-09  9.89364e-02       2.01120e+04   2.19984e+04   4.21103e+04      4.000000e-12  1.000000e-05      391
0.873775   2.01242e-01  2.01290e-01   9.949e-01   2.51846e-09  9.96659e-02       2.02115e+04   2.21111e+04   4.23226e+04      4.000000e-12  1.000000e-05      397
0.887207   2.03028e-01  2.03049e-01   9.948e-01   2.46590e-09  1.00438e-01       2.03117e+04   2.22225e+04   4.25343e+04      4.000000e-12  1.000000e-05      403
0.901224   2.04880e-01  2.04915e-01   9.946e-01   2.49916e-09  1.01195e-01       2.04042e+04   2.23398e+04   4.27440e+04      4.000000e-12  1.000000e-05      409
0.914969   2.06710e-01  2.06758e-01   9.945e-01   2.52010e-09  1.01895e-01       2.04969e+04   2.24458e+04   4.29427e+04      4.000000e-12  1.000000e-05      415
0.929037   2.08583e-01  2.08651e-01   9.944e-01   2.59474e-09  1.02548e-01       2.05833e+04   2.25515e+04   4.31348e+04      4.000000e-12  1.000000e-05      421
0.942710   2.10422e-01  2.10490e-01   9.943e-01   2.84960e-09  1.03168e-01       2.06645e+04   2.26474e+04   4.33119e+04      4.000000e-12  1.000000e-05      427
0.956310   2.12260e-01  2.12329e-01   9.942e-01   2.72909e-09  1.03745e-01       2.07425e+04   2.27365e+04   4.34790e+04      4.000000e-12  1.000000e-05      433
0.969641   2.14072e-01  2.14141e-01   9.941e-01   2.74106e-09  1.04264e-01       2.08167e+04   2.28186e+04   4.36353e+04      4.000000e-12  1.000000e-05      439
0.982778   2.15864e-01  2.15932e-01   9.940e-01   2.91455e-09  1.04779e-01       2.08896e+04   2.28997e+04   4.37893e+04      4.000000e-12  1.000000e-05      445
0.995823   2.17646e-01  2.17728e-01   9.940e-01   2.88194e-09  1.05316e-01       2.09601e+04   2.29849e+04   4.39450e+04      4.000000e-12  1.000000e-05      451
1.008975   2.19454e-01  2.19527e-01   9.939e-01   2.72917e-09  1.05725e-01       2.10216e+04   2.30591e+04   4.40807e+04      4.000000e-12  1.000000e-05      457
1.021746   2.21210e-01  2.21279e-01   9.938e-01   2.85442e-09  1.06107e-01       2.10810e+04   2.31283e+04   4.42093e+04      4.000000e-12  1.000000e-05      463
1.034676   2.22976e-01  2.23069e-01   9.938e-01   2.57382e-09  1.06500e-01       2.11374e+04   2.31965e+04   4.43338e+04      4.000000e-12  1.000000e-05      469
1.048404   2.24874e-01  2.24966e-01   9.937e-01   2.59478e-09  1.06882e-01       2.11939e+04   2.32631e+04   4.44570e+04      4.000000e-12  1.000000e-05      475
1.062406   2.26823e-01  2.26920e-01   9.936e-01   2.56399e-09  1.07256e-01       2.12484e+04   2.33320e+04   4.45805e+04      4.000000e-12  1.000000e-05      481
1.076336   2.28740e-01  2.28866e-01   9.934e-01   2.52290e-09  1.07617e-01       2.12996e+04   2.33927e+04   4.46923e+04      4.000000e-12  1.000000e-05      487
1.090337   2.30692e-01  2.30806e-01   9.933e-01   2.76973e-09  1.07907e-01       2.13454e+04   2.34491e+04   4.47945e+04      4.000000e-12  1.000000e-05      493
1.103921   2.32576e-01  2.32699e-01   9.931e-01   2.66789e-09  1.08145e-01       2.13860e+04   2.35031e+04   4.48891e+04      4.000000e-12  1.000000e-05      499
1.116872   2.34391e-01  2.34518e-01   9.930e-01   2.55052e-09  1.08324e-01       2.14236e+04   2.35517e+04   4.49754e+04      4.000000e-12  1.000000e-05      505
1.130663   2.36336e-01  2.36447e-01   9.929e-01   2.61343e-09  1.08525e-01       2.14592e+04   2.35962e+04   4.50553e+04      4.000000e-12  1.000000e-05      511
1.144244   2.38233e-01  2.38362e-01   9.928e-01   2.82751e-09  1.08705e-01       2.14896e+04   2.36399e+04   4.51296e+04      4.000000e-12  1.000000e-05      517
1.157605   2.40087e-01  2.40249e-01   9.927e-01   2.73843e-09  1.08792e-01       2.15162e+04   2.36788e+04   4.51950e+04      4.000000e-12  1.000000e-05      523
1.170937   2.41940e-01  2.42138e-01   9.925e-01   2.53510e-09  1.08880e-01       2.15423e+04   2.37115e+04   4.52538e+04      4.000000e-12  1.000000e-05      529
1.184593   2.43868e-01  2.44076e-01   9.925e-01   2.48165e-09  1.08956e-01       2.15675e+04   2.37490e+04   4.53165e+04      4.000000e-12  1.000000e-05      535
1.198533   2.45821e-01  2.46060e-01   9.924e-01   2.65467e-09  1.08973e-01       2.15881e+04   2.37783e+04   4.53663e+04      4.000000e-12  1.000000e-05      541
1.212345   2.47767e-01  2.48018e-01   9.923e-01   2.59047e-09  1.08993e-01       2.16058e+04   2.38044e+04   4.54102e+04      4.000000e-12  1.000000e-05      547
1.226429   2.49750e-01  2.50010e-01   9.922e-01   2.41826e-09  1.09032e-01       2.16241e+04   2.38325e+04   4.54566e+04      4.000000e-12  1.000000e-05      553
1.240203   2.51701e-01  2.51949e-01   9.921e-01   2.49045e-09  1.09039e-01       2.16417e+04   2.38568e+04   4.54985e+04      4.000000e-12  1.000000e-05      559
1.253973   2.53637e-01  2.53904e-01   9.920e-01   2.53957e-09  1.08964e-01       2.16516e+04   2.38738e+04   4.55254e+04      4.000000e-12  1.000000e-05      565
1.267650   2.55582e-01  2.55827e-01   9.918e-01   2.68145e-09  1.08828e-01       2.16541e+04   2.38858e+04   4.55400e+04      4.000000e-12  1.000000e-05      571
1.281098   2.57479e-01  2.57738e-01   9.918e-01   2.55780e-09  1.08712e-01       2.16615e+04   2.38998e+04   4.55613e+04      4.000000e-12  1.000000e-05      577
1.294991   2.59448e-01  2.59724e-01   9.917e-01   2.49777e-09  1.08597e-01       2.16680e+04   2.39113e+04   4.55793e+04      4.000000e-12  1.000000e-05      583
1.309213   2.61474e-01  2.61734e-01   9.916e-01   2.39337e-09  1.08432e-01       2.16679e+04   2.39182e+04   4.55861e+04      4.000000e-12  1.000000e-05      589
1.323487   2.63497e-01  2.63775e-01   9.916e-01   2.55815e-09  1.08229e-01       2.16656e+04   2.39183e+04   4.55839e+04      4.000000e-12  1.000000e-05      595
1.337734   2.65519e-01  2.65787e-01   9.914e-01   2.67032e-09  1.08036e-01       2.16642e+04   2.39173e+04   4.55815e+04      4.000000e-12  1.000000e-05      601
1.351719   2.67489e-01  2.67786e-01   9.913e-01   2.83392e-09  1.07779e-01       2.16519e+04   2.39148e+04   4.55667e+04      4.000000e-12  1.000000e-05      607
1.365255   2.69408e-01  2.69707e-01   9.912e-01   2.70913e-09  1.07541e-01       2.16442e+04   2.39115e+04   4.55557e+04      4.000000e-12  1.000000e-05      613
1.378438   2.71286e-01  2.71577e-01   9.912e-01   2.53266e-09  1.07256e-01       2.16336e+04   2.39039e+04   4.55375e+04      4.000000e-12  1.000000e-05      619
1.392402   2.73258e-01  2.73567e-01   9.911e-01   2.62534e-09  1.06942e-01       2.16147e+04   2.38876e+04   4.55023e+04      4.000000e-12  1.000000e-05      625
1.406000   2.75183e-01  2.75502e-01   9.910e-01   2.50765e-09  1.06620e-01       2.16001e+04   2.38751e+04   4.54753e+04      4.000000e-12  1.000000e-05      631
1.419927   2.77155e-01  2.77477e-01   9.909e-01   2.40847e-09  1.06266e-01       2.15794e+04   2.38611e+04   4.54405e+04      4.000000e-12  1.000000e-05      637
1.434342   2.79179e-01  2.79522e-01   9.907e-01   2.46558e-09  1.05905e-01       2.15563e+04   2.38406e+04   4.53969e+04      4.000000e-12  1.000000e-05      643
1.448299   2.81163e-01  2.81489e-01   9.907e-01   2.52135e-09  1.05497e-01       2.15300e+04   2.38177e+04   4.53477e+04      4.000000e-12  1.000000e-05      649
1.462536   2.83171e-01  2.83487e-01   9.906e-01   2.40119e-09  1.05086e-01       2.15060e+04   2.37939e+04   4.52999e+04      4.000000e-12  1.000000e-05      655
1.477102   2.85222e-01  2.85531e-01   9.905e-01   2.39221e-09  1.04658e-01       2.14756e+04   2.37688e+04   4.52444e+04      4.000000e-12  1.000000e-05      661
1.491576   2.87234e-01  2.87575e-01   9.904e-01   2.41498e-09  1.04216e-01       2.14430e+04   2.37421e+04   4.51851e+04      4.000000e-12  1.000000e-05      667
1.505871   2.89227e-01  2.89580e-01   9.902e-01   2.44078e-09  1.03736e-01       2.14074e+04   2.37095e+04   4.51168e+04      4.000000e-12  1.000000e-05      673
1.519202   2.91093e-01  2.91452e-01   9.901e-01   2.51152e-09  1.03273e-01       2.13724e+04   2.36769e+04   4.50493e+04      4.000000e-12  1.000000e-05      679
1.532426   2.92955e-01  2.93304e-01   9.900e-01   2.39586e-09  1.02798e-01       2.13331e+04   2.36483e+04   4.49814e+04      4.000000e-12  1.000000e-05      685
1.546166   2.94878e-01  2.95222e-01   9.899e-01   2.42296e-09  1.02279e-01       2.12924e+04   2.36109e+04   4.49033e+04      4.000000e-12  1.000000e-05      691
1.560520   2.96883e-01  2.97243e-01   9.899e-01   2.32652e-09  1.01717e-01       2.12507e+04   2.35659e+04   4.48166e+04      4.000000e-12  1.000000e-05      697
1.575047   2.98907e-01  2.99271e-01   9.898e-01   2.34994e-09  1.01103e-01       2.11988e+04   2.35207e+04   4.47195e+04      4.000000e-12  1.000000e-05      703
1.589685   3.00933e-01  3.01322e-01   9.897e-01   2.46389e-09  1.00495e-01       2.11502e+04   2.34700e+04   4.46202e+04      4.000000e-12  1.000000e-05      709
1.604424   3.02976e-01  3.03353e-01   9.896e-01   2.61384e-09  9.98615e-02       2.10987e+04   2.34176e+04   4.45163e+04      4.000000e-12  1.000000e-05      715
1.617899   3.04829e-01  3.05237e-01   9.895e-01   2.55716e-09  9.92533e-02       2.10488e+04   2.33680e+04   4.44168e+04      4.000000e-12  1.000000e-05      721
1.631978   3.06774e-01  3.07180e-01   9.894e-01   2.41313e-09  9.86472e-02       2.09944e+04   2.33185e+04   4.43129e+04      4.000000e-12  1.000000e-05      727
1.646274   3.08754e-01  3.09142e-01   9.893e-01   2.41756e-09  9.80146e-02       2.09413e+04   2.32598e+04   4.42010e+04      4.000000e-12  1.000000e-05      733
1.659726   3.10604e-01  3.10981e-01   9.893e-01   2.44974e-09  9.73552e-02       2.08843e+04   2.32026e+04   4.40869e+04      4.000000e-12  1.000000e-05      739
1.673560   3.12496e-01  3.12880e-01   9.892e-01   2.53115e-09  9.66963e-02       2.08238e+04   2.31454e+04   4.39692e+04      4.000000e-12  1.000000e-05      745
1.687938   3.14439e-01  3.14864e-01   9.891e-01   2.39807e-09  9.59988e-02       2.07588e+04   2.30845e+04   4.38433e+04      4.000000e-12  1.000000e-05      751
1.702707   3.16460e-01  3.16874e-01   9.890e-01   2.52109e-09  9.52747e-02       2.06954e+04   2.30211e+04   4.37165e+04      4.000000e-12  1.000000e-05      757
1.717825   3.18505e-01  3.18929e-01   9.889e-01   2.50354e-09  9.45146e-02       2.06245e+04   2.29494e+04   4.35738e+04      4.000000e-12  1.000000e-05      763
1.732925   3.20551e-01  3.20991e-01   9.888e-01   2.52457e-09  9.37351e-02       2.05499e+04   2.28776e+04   4.34274e+04      4.000000e-12  1.000000e-05      769
1.748070   3.22600e-01  3.23024e-01   9.887e-01   2.38952e-09  9.29676e-02       2.04762e+04   2.28021e+04   4.32782e+04      4.000000e-12  1.000000e-05      775
1.762728   3.24549e-01  3.25001e-01   9.885e-01   2.38293e-09  9.22030e-02       2.04039e+04   2.27247e+04   4.31286e+04      4.000000e-12  1.000000e-05      781
1.777157   3.26480e-01  3.26943e-01   9.884e-01   2.51514e-09  9.14590e-02       2.03350e+04   2.26475e+04   4.29826e+04      4.000000e-12  1.000000e-05      787
1.791221   3.28364e-01  3.28792e-01   9.882e-01   2.57402e-09  9.07394e-02       2.02625e+04   2.25779e+04   4.28404e+04      4.000000e-12  1.000000e-05      793
1.805506   3.30288e-01  3.30677e-01   9.881e-01   2.53837e-09  8.99531e-02       2.01845e+04   2.24980e+04   4.26825e+04      4.000000e-12  1.000000e-05      799
1.819810   3.32165e-01  3.32590e-01   9.879e-01   2.48989e-09  8.91649e-02       2.01068e+04   2.24127e+04   4.25195e+04      4.000000e-12  1.000000e-05      805
1.833298   3.33941e-01  3.34370e-01   9.877e-01   2.50374e-09  8.84191e-02       2.00284e+04   2.23342e+04   4.23626e+04      4.000000e-12  1.000000e-05      811
1.847181   3.35750e-01  3.36207e-01   9.876e-01   2.56019e-09  8.76565e-02       1.99510e+04   2.22545e+04   4.22055e+04      4.000000e-12  1.000000e-05      817
1.861301   3.37585e-01  3.38063e-01   9.875e-01   2.53291e-09  8.68588e-02       1.98699e+04   2.21721e+04   4.20420e+04      4.000000e-12  1.000000e-05      823
1.875707   3.39455e-01  3.39959e-01   9.873e-01   2.56423e-09  8.60536e-02       1.97849e+04   2.20842e+04   4.18691e+04      4.000000e-12  1.000000e-05      829
1.890356   3.41363e-01  3.41856e-01   9.872e-01   2.40044e-09  8.52132e-02       1.96983e+04   2.19944e+04   4.16926e+04      4.000000e-12  1.000000e-05      835
1.904914   3.43244e-01  3.43755e-01   9.872e-01   2.58760e-09  8.43541e-02       1.96078e+04   2.18993e+04   4.15071e+04      4.000000e-12  1.000000e-05      841
1.919192   3.45104e-01  3.45579e-01   9.871e-01   2.44896e-09  8.35225e-02       1.95176e+04   2.18081e+04   4.13257e+04      4.000000e-12  1.000000e-05      847
1.933576   3.46954e-01  3.47441e-01   9.870e-01   2.51668e-09  8.26610e-02       1.94256e+04   2.17167e+04   4.11423e+04      4.000000e-12  1.000000e-05      853
1.948019   3.48805e-01  3.49287e-01   9.869e-01   2.45997e-09  8.17794e-02       1.93331e+04   2.16191e+04   4.09522e+04      4.000000e-12  1.000000e-05      859
1.962961   3.50711e-01  3.51195e-01   9.868e-01   2.35442e-09  8.08901e-02       1.92320e+04   2.15146e+04   4.07466e+04      4.000000e-12  1.000000e-05      865
1.977655   3.52562e-01  3.53053e-01   9.867e-01   2.10416e-09  7.99803e-02       1.91317e+04   2.14150e+04   4.05467e+04      4.000000e-12  1.000000e-05      871
1.992831   3.54481e-01  3.54963e-01   9.866e-01   2.20364e-09  7.90881e-02       1.90323e+04   2.13132e+04   4.03455e+04      4.000000e-12  1.000000e-05      877
2.007070   3.56235e-01  3.56767e-01   9.865e-01   2.33936e-09  7.82047e-02       1.89323e+04   2.12144e+04   4.01467e+04      4.000000e-12  1.000000e-05      883
2.021133   3.58004e-01  3.58516e-01   9.864e-01   2.38596e-09  7.73417e-02       1.88333e+04   2.11153e+04   3.99486e+04      4.000000e-12  1.000000e-05      889
2.036015   3.59853e-01  3.60354e-01   9.864e-01   2.24615e-09  7.64243e-02       1.87309e+04   2.10061e+04   3.97370e+04      4.000000e-12  1.000000e-05      895
2.051192   3.61723e-01  3.62228e-01   9.863e-01   2.16954e-09  7.54946e-02       1.86218e+04   2.08978e+04   3.95196e+04      4.000000e-12  1.000000e-05      901
2.066806   3.63664e-01  3.64144e-01   9.861e-01   2.21154e-09  7.45394e-02       1.85123e+04   2.07778e+04   3.92901e+04      4.000000e-12  1.000000e-05      907
2.081019   3.65381e-01  3.65878e-01   9.860e-01   2.28258e-09  7.36831e-02       1.84128e+04   2.06720e+04   3.90849e+04      4.000000e-12  1.000000e-05      913
2.095632   3.67168e-01  3.67659e-01   9.857e-01   2.58116e-09  7.28400e-02       1.83118e+04   2.05677e+04   3.88795e+04      4.000000e-12  1.000000e-05      919
2.108976   3.68780e-01  3.69272e-01   9.856e-01   2.35855e-09  7.20003e-02       1.82131e+04   2.04645e+04   3.86776e+04      4.000000e-12  1.000000e-05      925
2.124001   3.70591e-01  3.71082e-01   9.856e-01   2.46989e-09  7.10541e-02       1.81021e+04   2.03460e+04   3.84481e+04      4.000000e-12  1.000000e-05      931
2.139204   3.72412e-01  3.72899e-01   9.855e-01   2.35007e-09  7.01167e-02       1.79876e+04   2.02276e+04   3.82152e+04      4.000000e-12  1.000000e-05      937
2.154286   3.74190e-01  3.74703e-01   9.854e-01   2.45952e-09  6.91848e-02       1.78717e+04   2.01079e+04   3.79796e+04      4.000000e-12  1.000000e-05      943
2.169592   3.76001e-01  3.76509e-01   9.852e-01   2.26469e-09  6.82408e-02       1.77555e+04   1.99871e+04   3.77426e+04      4.000000e-12  1.000000e-05      949
2.185169   3.77814e-01  3.78348e-01   9.851e-01   2.44412e-09  6.72693e-02       1.76332e+04   1.98585e+04   3.74917e+04      4.000000e-12  1.000000e-05      955
2.200184   3.79571e-01  3.80100e-01   9.850e-01   2.41207e-09  6.63377e-02       1.75172e+04   1.97341e+04   3.72513e+04      4.000000e-12  1.000000e-05      961
2.214539   3.81228e-01  3.81755e-01   9.849e-01   2.35406e-09  6.54344e-02       1.74036e+04   1.96141e+04   3.70176e+04      4.000000e-12  1.000000e-05      967
2.229585   3.82966e-01  3.83484e-01   9.848e-01   2.40440e-09  6.45007e-02       1.72839e+04   1.94866e+04   3.67705e+04      4.000000e-12  1.000000e-05      973
2.244842   3.84710e-01  3.85228e-01   9.847e-01   2.26376e-09  6.35672e-02       1.71657e+04   1.93575e+04   3.65232e+04      4.000000e-12  1.000000e-05      979
2.260356   3.86452e-01  3.86987e-01   9.845e-01   2.07073e-09  6.26028e-02       1.70406e+04   1.92226e+04   3.62632e+04      4.000000e-12  1.000000e-05      985
2.276256   3.88227e-01  3.88786e-01   9.844e-01   2.35368e-09  6.16370e-02       1.69159e+04   1.90841e+04   3.60000e+04      4.000000e-12  1.000000e-05      991
2.291161   3.89901e-01  3.90451e-01   9.843e-01   2.26126e-09  6.07261e-02       1.67965e+04   1.89540e+04   3.57506e+04      4.000000e-12  1.000000e-05      997
2.306299   3.91591e-01  3.92116e-01   9.842e-01   2.38938e-09  5.97843e-02       1.66690e+04   1.88195e+04   3.54884e+04      4.000000e-12  1.000000e-05     1003
2.321308   3.93244e-01  3.93778e-01   9.842e-01   2.29428e-09  5.88833e-02       1.65473e+04   1.86947e+04   3.52420e+04      4.000000e-12  1.000000e-05     1009
2.336034   3.94846e-01  3.95393e-01   9.841e-01   2.25451e-09  5.80099e-02       1.64258e+04   1.85697e+04   3.49955e+04      4.000000e-12  1.000000e-05     1015
2.350935   3.96467e-01  3.97015e-01   9.840e-01   2.34459e-09  5.71077e-02       1.62992e+04   1.84437e+04   3.47429e+04      4.000000e-12  1.000000e-05     1021
2.365825   3.98062e-01  3.98623e-01   9.839e-01   2.22669e-09  5.62206e-02       1.61738e+04   1.83164e+04   3.44901e+04      4.000000e-12  1.000000e-05     1027
2.380887   3.99698e-01  4.00219e-01   9.838e-01   2.36483e-09  5.53362e-02       1.60478e+04   1.81837e+04   3.42314e+04      4.000000e-12  1.000000e-05     1033
2.394883   4.01194e-01  4.01680e-01   9.837e-01   2.65714e-09  5.45151e-02       1.59260e+04   1.80632e+04   3.39892e+04      4.000000e-12  1.000000e-05     1039
2.408382   4.02601e-01  4.03114e-01   9.836e-01   2.40007e-09  5.37136e-02       1.58098e+04   1.79393e+04   3.37491e+04      4.000000e-12  1.000000e-05     1045
2.422219   4.04055e-01  4.04556e-01   9.834e-01   2.40781e-09  5.29365e-02       1.56951e+04   1.78155e+04   3.35106e+04      4.000000e-12  1.000000e-05     1051
2.436448   4.05523e-01  4.06051e-01   9.833e-01   2.31867e-09  5.20992e-02       1.55742e+04   1.76856e+04   3.32598e+04      4.000000e-12  1.000000e-05     1057
2.450963   4.06983e-01  4.07582e-01   9.831e-01   2.33851e-09  5.12506e-02       1.54473e+04   1.75506e+04   3.29979e+04      4.000000e-12  1.000000e-05     1063
2.464642   4.08377e-01  4.08996e-01   9.831e-01   2.20840e-09  5.04535e-02       1.53310e+04   1.74255e+04   3.27565e+04      4.000000e-12  1.000000e-05     1069
2.479275   4.09867e-01  4.10481e-01   9.830e-01   2.12636e-09  4.95997e-02       1.52043e+04   1.72881e+04   3.24923e+04      4.000000e-12  1.000000e-05     1075
2.494570   4.11436e-01  4.11994e-01   9.829e-01   2.22696e-09  4.87221e-02       1.50730e+04   1.71422e+04   3.22152e+04      4.000000e-12  1.000000e-05     1081
2.509446   4.12930e-01  4.13471e-01   9.827e-01   2.21728e-09  4.79039e-02       1.49469e+04   1.70077e+04   3.19546e+04      4.000000e-12  1.000000e-05     1087
2.524821   4.14452e-01  4.14987e-01   9.827e-01   2.23090e-09  4.70477e-02       1.48139e+04   1.68659e+04   3.16798e+04      4.000000e-12  1.000000e-05     1093
2.539948   4.15931e-01  4.16465e-01   9.825e-01   2.22623e-09  4.62338e-02       1.46851e+04   1.67320e+04   3.14171e+04      4.000000e-12  1.000000e-05     1099
2.554908   4.17390e-01  4.17924e-01   9.824e-01   2.40994e-09  4.54004e-02       1.45535e+04   1.65899e+04   3.11434e+04      4.000000e-12  1.000000e-05     1105
2.570014   4.18840e-01  4.19382e-01   9.823e-01   2.29038e-09  4.45968e-02       1.44237e+04   1.64559e+04   3.08796e+04      4.000000e-12  1.000000e-05     1111
2.584869   4.20248e-01  4.20823e-01   9.822e-01   2.24627e-09  4.38020e-02       1.42941e+04   1.63209e+04   3.06149e+04      4.000000e-12  1.000000e-05     1117
2.599524   4.21645e-01  4.22219e-01   9.822e-01   2.17718e-09  4.30093e-02       1.41626e+04   1.61852e+04   3.03478e+04      4.000000e-12  1.000000e-05     1123
2.614601   4.23072e-01  4.23644e-01   9.820e-01   2.25400e-09  4.22000e-02       1.40295e+04   1.60442e+04   3.00737e+04      4.000000e-12  1.000000e-05     1129
2.629626   4.24470e-01  4.25052e-01   9.820e-01   2.19449e-09  4.13980e-02       1.38950e+04   1.59024e+04   2.97974e+04      4.000000e-12  1.000000e-05     1135
2.645317   4.25920e-01  4.26503e-01   9.819e-01   2.04279e-09  4.05747e-02       1.37546e+04   1.57559e+04   2.95105e+04      4.000000e-12  1.000000e-05     1141
2.661669   4.27393e-01  4.28016e-01   9.818e-01   2.10176e-09  3.97362e-02       1.36118e+04   1.56011e+04   2.92130e+04      4.000000e-12  1.000000e-05     1147
2.677277   4.28821e-01  4.29416e-01   9.816e-01   2.16149e-09  3.89524e-02       1.34787e+04   1.54599e+04   2.89385e+04      4.000000e-12  1.000000e-05     1153
2.692560   4.30206e-01  4.30770e-01   9.816e-01   2.11295e-09  3.81726e-02       1.33408e+04   1.53155e+04   2.86563e+04      4.000000e-12  1.000000e-05     1159
2.708376   4.31642e-01  4.32145e-01   9.814e-01   2.09135e-09  3.73651e-02       1.31928e+04   1.51633e+04   2.83561e+04      4.000000e-12  1.000000e-05     1165
2.724070   4.33018e-01  4.33523e-01   9.813e-01   2.06069e-09  3.65898e-02       1.30554e+04   1.50162e+04   2.80716e+04      4.000000e-12  1.000000e-05     1171
2.739136   4.34329e-01  4.34833e-01   9.812e-01   2.17185e-09  3.58327e-02       1.29200e+04   1.48692e+04   2.77893e+04      4.000000e-12  1.000000e-05     1177
2.754702   4.35689e-01  4.36153e-01   9.811e-01   2.03143e-09  3.50749e-02       1.27805e+04   1.47205e+04   2.75010e+04      4.000000e-12  1.000000e-05     1183
2.770698   4.37039e-01  4.37519e-01   9.811e-01   2.03039e-09  3.43051e-02       1.26376e+04   1.45659e+04   2.72035e+04      4.000000e-12  1.000000e-05     1189
2.786840   4.38381e-01  4.38885e-01   9.809e-01   2.14666e-09  3.35396e-02       1.24897e+04   1.44117e+04   2.69014e+04      4.000000e-12  1.000000e-05     1195
2.801716   4.39615e-01  4.40137e-01   9.808e-01   2.05136e-09  3.28519e-02       1.23535e+04   1.42729e+04   2.66264e+04      4.000000e-12  1.000000e-05     1201
2.816210   4.40810e-01  4.41332e-01   9.807e-01   2.02077e-09  3.21782e-02       1.22246e+04   1.41362e+04   2.63608e+04      4.000000e-12  1.000000e-05     1207
2.831979   4.42109e-01  4.42609e-01   9.807e-01   1.98509e-09  3.14556e-02       1.20823e+04   1.39870e+04   2.60693e+04      4.000000e-12  1.000000e-05     1213
2.847958   4.43394e-01  4.43893e-01   9.804e-01   2.13433e-09  3.07467e-02       1.19377e+04   1.38377e+04   2.57754e+04      4.000000e-12  1.000000e-05     1219
2.863783   4.44660e-01  4.45169e-01   9.804e-01   2.01643e-09  3.00398e-02       1.17976e+04   1.36886e+04   2.54862e+04      4.000000e-12  1.000000e-05     1225
2.879397   4.45873e-01  4.46411e-01   9.802e-01   2.17882e-09  2.93783e-02       1.16603e+04   1.35453e+04   2.52056e+04      4.000000e-12  1.000000e-05     1231
2.894453   4.47041e-01  4.47589e-01   9.802e-01   2.14096e-09  2.87292e-02       1.15294e+04   1.34014e+04   2.49308e+04      4.000000e-12  1.000000e-05     1237
2.910236   4.48261e-01  4.48800e-01   9.800e-01   1.95243e-09  2.80581e-02       1.13877e+04   1.32545e+04   2.46422e+04      4.000000e-12  1.000000e-05     1243
2.926408   4.49490e-01  4.50021e-01   9.799e-01   2.02754e-09  2.73769e-02       1.12448e+04   1.30997e+04   2.43445e+04      4.000000e-12  1.000000e-05     1249
2.943143   4.50726e-01  4.51300e-01   9.797e-01   1.98183e-09  2.66955e-02       1.10954e+04   1.29437e+04   2.40391e+04      4.000000e-12  1.000000e-05     1255
2.959317   4.51925e-01  4.52510e-01   9.797e-01   1.87035e-09  2.60291e-02       1.09536e+04   1.27899e+04   2.37435e+04      4.000000e-12  1.000000e-05     1261
2.975708   4.53112e-01  4.53727e-01   9.796e-01   1.79738e-09  2.53728e-02       1.08088e+04   1.26388e+04   2.34476e+04      4.000000e-12  1.000000e-05     1267
2.992138   4.54326e-01  4.54894e-01   9.795e-01   1.95280e-09  2.47293e-02       1.06615e+04   1.24821e+04   2.31437e+04      4.000000e-12  1.000000e-05     1273
3.007861   4.55450e-01  4.56014e-01   9.794e-01   1.99371e-09  2.41180e-02       1.05253e+04   1.23354e+04   2.28607e+04      4.000000e-12  1.000000e-05     1279
3.023905   4.56568e-01  4.57166e-01   9.793e-01   1.95096e-09  2.35049e-02       1.03819e+04   1.21849e+04   2.25668e+04      4.000000e-12  1.000000e-05     1285
3.039450   4.57621e-01  4.58293e-01   9.792e-01   2.17961e-09  2.29108e-02       1.02430e+04   1.20370e+04   2.22800e+04      4.000000e-12  1.000000e-05     1291
3.054136   4.58614e-01  4.59322e-01   9.791e-01   2.18578e-09  2.23687e-02       1.01160e+04   1.18996e+04   2.20156e+04      4.000000e-12  1.000000e-05     1297
3.069420   4.59655e-01  4.60364e-01   9.790e-01   2.10522e-09  2.18087e-02       9.98114e+03   1.17603e+04   2.17415e+04      4.000000e-12  1.000000e-05     1303
3.085010   4.60689e-01  4.61417e-01   9.788e-01   1.98244e-09  2.12596e-02       9.84685e+03   1.16206e+04   2.14674e+04      4.000000e-12  1.000000e-05     1309
3.101466   4.61781e-01  4.62504e-01   9.787e-01   1.89287e-09  2.06756e-02       9.70247e+03   1.14683e+04   2.11708e+04      4.000000e-12  1.000000e-05     1315
3.118057   4.62849e-01  4.63595e-01   9.786e-01   1.86970e-09  2.01203e-02       9.56100e+03   1.13198e+04   2.08808e+04      4.000000e-12  1.000000e-05     1321
3.134304   4.63891e-01  4.64641e-01   9.784e-01   2.12578e-09  1.95792e-02       9.42241e+03   1.11719e+04   2.05943e+04      4.000000e-12  1.000000e-05     1327
3.150064   4.64898e-01  4.65644e-01   9.784e-01   2.07213e-09  1.90499e-02       9.28837e+03   1.10270e+04   2.03154e+04      4.000000e-12  1.000000e-05     1333
3.165992   4.65886e-01  4.66653e-01   9.783e-01   2.08836e-09  1.85328e-02       9.15262e+03   1.08827e+04   2.00353e+04      4.000000e-12  1.000000e-05     1339
3.182463   4.66906e-01  4.67685e-01   9.782e-01   2.13232e-09  1.80039e-02       9.01067e+03   1.07349e+04   1.97456e+04      4.000000e-12  1.000000e-05     1345
3.198620   4.67886e-01  4.68676e-01   9.781e-01   2.01566e-09  1.74981e-02       8.87402e+03   1.05870e+04   1.94610e+04      4.000000e-12  1.000000e-05     1351
3.214780   4.68844e-01  4.69657e-01   9.780e-01   1.86625e-09  1.69965e-02       8.73830e+03   1.04395e+04   1.91778e+04      4.000000e-12  1.000000e-05     1357
3.231519   4.69848e-01  4.70648e-01   9.778e-01   1.96017e-09  1.65071e-02       8.59863e+03   1.02970e+04   1.88956e+04      4.000000e-12  1.000000e-05     1363
3.246650   4.70731e-01  4.71542e-01   9.777e-01   2.05657e-09  1.60559e-02       8.47235e+03   1.01609e+04   1.86333e+04      4.000000e-12  1.000000e-05     1369
3.262450   4.71631e-01  4.72457e-01   9.777e-01   2.00881e-09  1.55903e-02       8.33951e+03   1.00231e+04   1.83626e+04      4.000000e-12  1.000000e-05     1375
3.278701   4.72573e-01  4.73344e-01   9.775e-01   2.12123e-09  1.51213e-02       8.19767e+03   9.87924e+03   1.80769e+04      4.000000e-12  1.000000e-05     1381
3.294567   4.73444e-01  4.74229e-01   9.774e-01   2.15988e-09  1.46899e-02       8.06825e+03   9.74186e+03   1.78101e+04      4.000000e-12  1.000000e-05     1387
3.309229   4.74246e-01  4.75044e-01   9.773e-01   2.03966e-09  1.42892e-02       7.94624e+03   9.61364e+03   1.75599e+04      4.000000e-12  1.000000e-05     1393
3.324406   4.75067e-01  4.75875e-01   9.772e-01   1.99838e-09  1.38739e-02       7.82048e+03   9.47947e+03   1.72999e+04      4.000000e-12  1.000000e-05     1399
3.339834   4.75883e-01  4.76704e-01   9.772e-01   1.94092e-09  1.34633e-02       7.69295e+03   9.34294e+03   1.70359e+04      4.000000e-12  1.000000e-05     1405
3.355801   4.76714e-01  4.77544e-01   9.770e-01   1.95366e-09  1.30474e-02       7.55821e+03   9.20010e+03   1.67583e+04      4.000000e-12  1.000000e-05     1411
3.371968   4.77581e-01  4.78354e-01   9.769e-01   1.95960e-09  1.26450e-02       7.43076e+03   9.06307e+03   1.64938e+04      4.000000e-12  1.000000e-05     1417
3.388458   4.78436e-01  4.79186e-01   9.768e-01   1.98743e-09  1.22452e-02       7.30484e+03   8.92334e+03   1.62282e+04      4.000000e-12  1.000000e-05     1423
3.405022   4.79272e-01  4.80011e-01   9.767e-01   2.01989e-09  1.18427e-02       7.16959e+03   8.78328e+03   1.59529e+04      4.000000e-12  1.000000e-05     1429
3.421092   4.80060e-01  4.80801e-01   9.766e-01   2.09312e-09  1.14699e-02       7.04311e+03   8.64794e+03   1.56910e+04      4.000000e-12  1.000000e-05     1435
3.437111   4.80820e-01  4.81585e-01   9.765e-01   1.93624e-09  1.11118e-02       6.91765e+03   8.51638e+03   1.54340e+04      4.000000e-12  1.000000e-05     1441
3.453051   4.81574e-01  4.82331e-01   9.763e-01   1.99627e-09  1.07575e-02       6.79055e+03   8.38196e+03   1.51725e+04      4.000000e-12  1.000000e-05     1447
3.468418   4.82274e-01  4.83072e-01   9.762e-01   1.86406e-09  1.04164e-02       6.66925e+03   8.25519e+03   1.49244e+04      4.000000e-12  1.000000e-05     1453
3.484676   4.83022e-01  4.83825e-01   9.762e-01   1.94985e-09  1.00666e-02       6.54332e+03   8.11971e+03   1.46630e+04      4.000000e-12  1.000000e-05     1459
3.501816   4.83808e-01  4.84584e-01   9.760e-01   1.90656e-09  9.71037e-03       6.41039e+03   7.97943e+03   1.43898e+04      4.000000e-12  1.000000e-05     1465
3.518652   4.84552e-01  4.85332e-01   9.759e-01   1.81610e-09  9.36469e-03       6.27928e+03   7.84194e+03   1.41212e+04      4.000000e-12  1.000000e-05     1471
3.535922   4.85306e-01  4.86089e-01   9.758e-01   1.93696e-09  9.01880e-03       6.14512e+03   7.70187e+03   1.38470e+04      4.000000e-12  1.000000e-05     1477
3.553135   4.86050e-01  4.86814e-01   9.757e-01   1.80302e-09  8.69094e-03       6.01591e+03   7.56493e+03   1.35808e+04      4.000000e-12  1.000000e-05     1483
3.570415   4.86769e-01  4.87521e-01   9.755e-01   1.74936e-09  8.37865e-03       5.88629e+03   7.43184e+03   1.33181e+04      4.000000e-12  1.000000e-05     1489
3.587977   4.87500e-01  4.88229e-01   9.754e-01   1.82157e-09  8.06089e-03       5.75073e+03   7.29274e+03   1.30435e+04      4.000000e-12  1.000000e-05     1495
3.604784   4.88164e-01  4.88918e-01   9.753e-01   1.92849e-09  7.76477e-03       5.62603e+03   7.16344e+03   1.27895e+04      4.000000e-12  1.000000e-05     1501
3.621777   4.88818e-01  4.89586e-01   9.752e-01   1.89779e-09  7.47819e-03       5.49885e+03   7.03268e+03   1.25315e+04      4.000000e-12  1.000000e-05     1507
3.638633   4.89477e-01  4.90230e-01   9.751e-01   1.80978e-09  7.18997e-03       5.37391e+03   6.90302e+03   1.22769e+04      4.000000e-12  1.000000e-05     1513
3.655992   4.90121e-01  4.90891e-01   9.750e-01   1.98927e-09  6.90417e-03       5.24709e+03   6.77161e+03   1.20187e+04      4.000000e-12  1.000000e-05     1519
3.672692   4.90732e-01  4.91524e-01   9.749e-01   1.96265e-09  6.64131e-03       5.13023e+03   6.64568e+03   1.17759e+04      4.000000e-12  1.000000e-05     1525
3.689065   4.91294e-01  4.92156e-01   9.748e-01   1.90960e-09  6.38747e-03       5.01217e+03   6.52529e+03   1.15375e+04      4.000000e-12  1.000000e-05     1531
3.705588   4.91898e-01  4.92717e-01   9.746e-01   1.96553e-09  6.15016e-03       4.89772e+03   6.40595e+03   1.13037e+04      4.000000e-12  1.000000e-05     1537
3.721584   4.92468e-01  4.93252e-01   9.745e-01   1.88064e-09  5.92047e-03       4.78516e+03   6.28970e+03   1.10749e+04      4.000000e-12  1.000000e-05     1543
3.737429   4.93025e-01  4.93767e-01   9.744e-01   2.01545e-09  5.70427e-03       4.67503e+03   6.18093e+03   1.08560e+04      4.000000e-12  1.000000e-05     1549
3.752294   4.93522e-01  4.94268e-01   9.744e-01   1.96649e-09  5.49803e-03       4.57379e+03   6.07357e+03   1.06474e+04      4.000000e-12  1.000000e-05     1555
3.767901   4.94026e-01  4.94789e-01   9.743e-01   1.91517e-09  5.28776e-03       4.45990e+03   5.96011e+03   1.04200e+04      4.000000e-12  1.000000e-05     1561
3.783574   4.94522e-01  4.95300e-01   9.742e-01   2.07550e-09  5.08831e-03       4.35146e+03   5.85049e+03   1.02020e+04      4.000000e-12  1.000000e-05     1567
3.799683   4.95002e-01  4.95818e-01   9.741e-01   2.05440e-09  4.88707e-03       4.24396e+03   5.73349e+03   9.97744e+03      4.000000e-12  1.000000e-05     1573
3.815866   4.95488e-01  4.96322e-01   9.740e-01   1.96746e-09  4.69046e-03       4.13618e+03   5.61893e+03   9.75511e+03      4.000000e-12  1.000000e-05     1579
3.832359   4.95995e-01  4.96798e-01   9.739e-01   2.07713e-09  4.49681e-03       4.02966e+03   5.50516e+03   9.53482e+03      4.000000e-12  1.000000e-05     1585
3.848576   4.96457e-01  4.97284e-01   9.738e-01   2.02502e-09  4.31161e-03       3.92358e+03   5.39447e+03   9.31805e+03      4.000000e-12  1.000000e-05     1591
3.864972   4.96919e-01  4.97756e-01   9.736e-01   2.11310e-09  4.13420e-03       3.81658e+03   5.28294e+03   9.09952e+03      4.000000e-12  1.000000e-05     1597
3.880909   4.97351e-01  4.98218e-01   9.735e-01   2.04586e-09  3.96379e-03       3.71126e+03   5.17736e+03   8.88862e+03      4.000000e-12  1.000000e-05     1603
3.897094   4.97780e-01  4.98661e-01   9.733e-01   2.09672e-09  3.79931e-03       3.61172e+03   5.06968e+03   8.68140e+03      4.000000e-12  1.000000e-05     1609
3.912679   4.98180e-01  4.99096e-01   9.732e-01   2.19003e-09  3.64221e-03       3.51562e+03   4.96761e+03   8.48323e+03      4.000000e-12  1.000000e-05     1615
3.927681   4.98555e-01  4.99498e-01   9.732e-01   2.11178e-09  3.50050e-03       3.42197e+03   4.87134e+03   8.29331e+03      4.000000e-12  1.000000e-05     1621
3.942590   4.98937e-01  4.99874e-01   9.731e-01   2.22581e-09  3.35762e-03       3.33082e+03   4.77566e+03   8.10648e+03      4.000000e-12  1.000000e-05     1627
3.957869   4.99313e-01  5.00258e-01   9.730e-01   2.17580e-09  3.21481e-03       3.23518e+03   4.67617e+03   7.91135e+03      4.000000e-12  1.000000e-05     1633
3.973377   4.99682e-01  5.00641e-01   9.729e-01   2.14109e-09  3.07950e-03       3.14089e+03   4.57958e+03   7.72047e+03      4.000000e-12  1.000000e-05     1639
3.989366   5.00077e-01  5.01015e-01   9.728e-01   2.06035e-09  2.94451e-03       3.04540e+03   4.48163e+03   7.52703e+03      4.000000e-12  1.000000e-05     1645
4.005117   5.00434e-01  5.01379e-01   9.727e-01   2.09973e-09  2.81506e-03       2.94872e+03   4.38317e+03   7.33189e+03      4.000000e-12  1.000000e-05     1651
4.020838   5.00758e-01  5.01759e-01   9.726e-01   2.00097e-09  2.69511e-03       2.85830e+03   4.28819e+03   7.14649e+03      4.000000e-12  1.000000e-05     1657
4.036051   5.01093e-01  5.02092e-01   9.724e-01   1.93649e-09  2.57569e-03       2.76999e+03   4.19705e+03   6.96705e+03      4.000000e-12  1.000000e-05     1663
4.052608   5.01441e-01  5.02442e-01   9.724e-01   1.80689e-09  2.45112e-03       2.66845e+03   4.09661e+03   6.76506e+03      4.000000e-12  1.000000e-05     1669
4.068707   5.01756e-01  5.02786e-01   9.722e-01   1.84996e-09  2.34293e-03       2.57985e+03   4.00264e+03   6.58249e+03      4.000000e-12  1.000000e-05     1675
4.084467   5.02065e-01  5.03120e-01   9.721e-01   2.07455e-09  2.23167e-03       2.48966e+03   3.90960e+03   6.39926e+03      4.000000e-12  1.000000e-05     1681
4.100758   5.02366e-01  5.03454e-01   9.720e-01   1.93983e-09  2.12187e-03       2.39832e+03   3.81689e+03   6.21521e+03      4.000000e-12  1.000000e-05     1687
4.116756   5.02644e-01  5.03778e-01   9.719e-01   1.85208e-09  2.02046e-03       2.31147e+03   3.72842e+03   6.03988e+03      4.000000e-12  1.000000e-05     1693
4.133754   5.02954e-01  5.04089e-01   9.718e-01   1.76572e-09  1.91772e-03       2.21759e+03   3.63316e+03   5.85074e+03      4.000000e-12  1.000000e-05     1699
4.150563   5.03241e-01  5.04410e-01   9.717e-01   1.83007e-09  1.81398e-03       2.12390e+03   3.53815e+03   5.66205e+03      4.000000e-12  1.000000e-05     1705
4.167801   5.03542e-01  5.04691e-01   9.716e-01   1.89514e-09  1.72477e-03       2.03256e+03   3.44918e+03   5.48174e+03      4.000000e-12  1.000000e-05     1711
4.184155   5.03807e-01  5.04981e-01   9.715e-01   2.02244e-09  1.63560e-03       1.94543e+03   3.36046e+03   5.30589e+03      4.000000e-12  1.000000e-05     1717
4.200166   5.04080e-01  5.05230e-01   9.714e-01   2.04033e-09  1.54780e-03       1.86308e+03   3.27304e+03   5.13612e+03      4.000000e-12  1.000000e-05     1723
4.215752   5.04320e-01  5.05486e-01   9.713e-01   1.86145e-09  1.46968e-03       1.78331e+03   3.19055e+03   4.97386e+03      4.000000e-12  1.000000e-05     1729
4.232252   5.04562e-01  5.05744e-01   9.713e-01   1.99495e-09  1.39007e-03       1.69694e+03   3.10443e+03   4.80137e+03      4.000000e-12  1.000000e-05     1735
4.249201   5.04791e-01  5.06003e-01   9.711e-01   1.84701e-09  1.31285e-03       1.60969e+03   3.01547e+03   4.62516e+03      4.000000e-12  1.000000e-05     1741
4.266245   5.05031e-01  5.06235e-01   9.710e-01   1.85307e-09  1.23889e-03       1.52163e+03   2.93227e+03   4.45390e+03      4.000000e-12  1.000000e-05     1747
4.283717   5.05257e-01  5.06475e-01   9.709e-01   1.94412e-09  1.17121e-03       1.43522e+03   2.84601e+03   4.28123e+03      4.000000e-12  1.000000e-05     1753
4.300819   5.05503e-01  5.06675e-01   9.707e-01   1.86264e-09  1.10366e-03       1.35482e+03   2.76166e+03   4.11648e+03      4.000000e-12  1.000000e-05     1759
4.318249   5.05712e-01  5.06901e-01   9.706e-01   1.81051e-09  1.03968e-03       1.26771e+03   2.67953e+03   3.94724e+03      4.000000e-12  1.000000e-05     1765
4.334943   5.05906e-01  5.07102e-01   9.705e-01   2.02289e-09  9.80770e-04       1.19233e+03   2.60297e+03   3.79530e+03      4.000000e-12  1.000000e-05     1771
4.350979   5.06101e-01  5.07285e-01   9.704e-01   2.15608e-09  9.27245e-04       1.11833e+03   2.53057e+03   3.64889e+03      4.000000e-12  1.000000e-05     1777
4.366381   5.06271e-01  5.07459e-01   9.703e-01   2.15557e-09  8.77741e-04       1.04630e+03   2.46024e+03   3.50654e+03      4.000000e-12  1.000000e-05     1783
4.381797   5.06440e-01  5.07619e-01   9.703e-01   1.93421e-09  8.25103e-04       9.75695e+02   2.38831e+03   3.36400e+03      4.000000e-12  1.000000e-05     1789
4.397880   5.06615e-01  5.07769e-01   9.702e-01   2.16043e-09  7.77343e-04       9.01640e+02   2.31420e+03   3.21584e+03      4.000000e-12  1.000000e-05     1795
4.413627   5.06756e-01  5.07931e-01   9.702e-01   2.17949e-09  7.32306e-04       8.33350e+02   2.24384e+03   3.07719e+03      4.000000e-12  1.000000e-05     1801
4.429118   5.06902e-01  5.08076e-01   9.701e-01   2.12579e-09  6.90621e-04       7.68105e+02   2.17928e+03   2.94738e+03      4.000000e-12  1.000000e-05     1807
4.445258   5.07033e-01  5.08224e-01   9.700e-01   1.96432e-09  6.51077e-04       7.00772e+02   2.10833e+03   2.80911e+03      4.000000e-12  1.000000e-05     1813
4.461792   5.07162e-01  5.08379e-01   9.699e-01   2.10714e-09  6.14447e-04       6.32805e+02   2.03697e+03   2.66978e+03      4.000000e-12  1.000000e-05     1819
4.478021   5.07277e-01  5.08515e-01   9.698e-01   2.08088e-09  5.77305e-04       5.64223e+02   1.97036e+03   2.53458e+03      4.000000e-12  1.000000e-05     1825
4.493787   5.07403e-01  5.08630e-01   9.697e-01   2.03143e-09  5.42541e-04       5.01090e+02   1.91108e+03   2.41217e+03      4.000000e-12  1.000000e-05     1831
4.509669   5.07503e-01  5.08764e-01   9.696e-01   1.95786e-09  5.09267e-04       4.40010e+02   1.84773e+03   2.28774e+03      4.000000e-12  1.000000e-05     1837
4.526372   5.07616e-01  5.08888e-01   9.695e-01   2.00528e-09  4.77314e-04       3.74562e+02   1.78530e+03   2.15987e+03      4.000000e-12  1.000000e-05     1843
4.542840   5.07701e-01  5.09006e-01   9.695e-01   1.98161e-09  4.47901e-04       3.11531e+02   1.72066e+03   2.03219e+03      4.000000e-12  1.000000e-05     1849
4.559470   5.07801e-01  5.09111e-01   9.693e-01   1.92972e-09  4.21083e-04       2.47415e+02   1.65323e+03   1.90064e+03      4.000000e-12  1.000000e-05     1855
4.576097   5.07885e-01  5.09211e-01   9.692e-01   2.07678e-09  3.97803e-04       1.84263e+02   1.58940e+03   1.77366e+03      4.000000e-12  1.000000e-05     1861
4.591165   5.07951e-01  5.09292e-01   9.690e-01   2.10199e-09  3.76600e-04       1.26689e+02   1.53838e+03   1.66507e+03      4.000000e-12  1.000000e-05     1867
4.606356   5.08023e-01  5.09369e-01   9.690e-01   2.03416e-09  3.48746e-04       6.86567e+01   1.48325e+03   1.55191e+03      4.000000e-12  1.000000e-05     1873
4.622834   5.08094e-01  5.09447e-01   9.689e-01   2.05123e-09  3.27550e-04       1.28506e+01   1.42753e+03   1.44038e+03      4.000000e-12  1.000000e-05     1879
4.639067   5.08170e-01  5.09508e-01   9.687e-01   2.16487e-09  3.08764e-04      -4.52072e+01   1.37393e+03   1.32872e+03      4.000000e-12  1.000000e-05     1885
4.654941   5.08235e-01  5.09566e-01   9.687e-01   1.92530e-09  2.89285e-04      -9.99122e+01   1.31922e+03   1.21931e+03      4.000000e-12  1.000000e-05     1891
4.671390   5.08299e-01  5.09604e-01   9.685e-01   1.86009e-09  2.71969e-04      -1.56507e+02   1.26440e+03   1.10789e+03      4.000000e-12  1.000000e-05     1897
4.688092   5.08348e-01  5.09655e-01   9.684e-01   1.87074e-09  2.58108e-04      -2.14298e+02   1.21154e+03   9.97247e+02      4.000000e-12  1.000000e-05     1903
4.704524   5.08412e-01  5.09678e-01   9.683e-01   2.04039e-09  2.42872e-04      -2.67288e+02   1.15825e+03   8.90962e+02      4.000000e-12  1.000000e-05     1909
4.720693   5.08473e-01  5.09699e-01   9.682e-01   2.06645e-09  2.29780e-04      -3.21028e+02   1.10952e+03   7.88497e+02      4.000000e-12  1.000000e-05     1915
4.736917   5.08519e-01  5.09724e-01   9.681e-01   2.04769e-09  2.17482e-04      -3.74248e+02   1.05997e+03   6.85718e+02      4.000000e-12  1.000000e-05     1921
4.753146   5.08548e-01  5.09767e-01   9.680e-01   2.10371e-09  2.05926e-04      -4.24675e+02   1.01362e+03   5.88950e+02      4.000000e-12  1.000000e-05     1927
4.768764   5.08570e-01  5.09795e-01   9.680e-01   2.03682e-09  1.93305e-04      -4.72304e+02   9.67606e+02   4.95302e+02      4.000000e-12  1.000000e-05     1933
4.784479   5.08593e-01  5.09812e-01   9.679e-01   2.13768e-09  1.83788e-04      -5.20328e+02   9.21682e+02   4.01354e+02      4.000000e-12  1.000000e-05     1939
4.800640   5.08592e-01  5.09846e-01   9.678e-01   2.01142e-09  1.73244e-04      -5.68997e+02   8.77813e+02   3.08815e+02      4.000000e-12  1.000000e-05     1945
4.817014   5.08613e-01  5.09847e-01   9.678e-01   2.15820e-09  1.65035e-04      -6.18063e+02   8.32008e+02   2.13946e+02      4.000000e-12  1.000000e-05     1951
4.833594   5.08619e-01  5.09855e-01   9.677e-01   2.02329e-09  1.58900e-04      -6.66168e+02   7.87441e+02   1.21273e+02      4.000000e-12  1.000000e-05     1957
4.850345   5.08618e-01  5.09852e-01   9.676e-01   2.12778e-09  1.52232e-04      -7.18675e+02   7.44255e+02   2.55794e+01      4.000000e-12  1.000000e-05     1963
4.866356   5.08621e-01  5.09844e-01   9.675e-01   2.21686e-09  1.47836e-04      -7.63763e+02   6.98732e+02  -6.50309e+01      4.000000e-12  1.000000e-05     1969
4.881820   5.08620e-01  5.09823e-01   9.673e-01   2.06333e-09  1.43264e-04      -8.06014e+02   6.57793e+02  -1.48221e+02      4.000000e-12  1.000000e-05     1975
4.897635   5.08602e-01  5.09819e-01   9.672e-01   1.97581e-09  1.38498e-04      -8.46969e+02   6.20037e+02  -2.26932e+02      4.000000e-12  1.000000e-05     1981
4.913792   5.08595e-01  5.09802e-01   9.672e-01   2.05879e-09  1.33188e-04      -8.88664e+02   5.83053e+02  -3.05611e+02      4.000000e-12  1.000000e-05     1987
4.930083   5.08585e-01  5.09773e-01   9.671e-01   1.87786e-09  1.28318e-04      -9.27482e+02   5.47617e+02  -3.79865e+02      4.000000e-12  1.000000e-05     1993
4.946902   5.08575e-01  5.09735e-01   9.670e-01   1.77567e-09  1.25273e-04      -9.70299e+02   5.10164e+02  -4.60135e+02      4.000000e-12  1.000000e-05     1999
4.963685   5.08551e-01  5.09706e-01   9.669e-01   1.95811e-09  1.23029e-04      -1.00825e+03   4.73300e+02  -5.34953e+02      4.000000e-12  1.000000e-05     2005
4.980473   5.08513e-01  5.09672e-01   9.668e-01   2.03156e-09  1.21847e-04      -1.04578e+03   4.38284e+02  -6.07494e+02      4.000000e-12  1.000000e-05     2011
4.996723   5.08482e-01  5.09642e-01   9.667e-01   2.23934e-09  1.24891e-04      -1.07881e+03   4.06844e+02  -6.71970e+02      4.000000e-12  1.000000e-05     2017
5.012186   5.08432e-01  5.09617e-01   9.667e-01   2.14147e-09  1.22362e-04      -1.11702e+03   3.72936e+02  -7.44084e+02      4.000000e-12  1.000000e-05     2023
5.028233   5.08376e-01  5.09588e-01   9.665e-01   2.02857e-09  1.19786e-04      -1.15258e+03   3.39414e+02  -8.13167e+02      4.000000e-12  1.000000e-05     2029
5.044253   5.08330e-01  5.09547e-01   9.664e-01   1.98269e-09  1.19979e-04      -1.18689e+03   3.09498e+02  -8.77394e+02      4.000000e-12  1.000000e-05     2035
5.060612   5.08283e-01  5.09489e-01   9.662e-01   2.21868e-09  1.21402e-04      -1.22471e+03   2.75622e+02  -9.49086e+02      4.000000e-12  1.000000e-05     2041
5.075960   5.08231e-01  5.09444e-01   9.662e-01   2.10629e-09  1.20852e-04      -1.25701e+03   2.47404e+02  -1.00960e+03      4.000000e-12  1.000000e-05     2047
5.091996   5.08164e-01  5.09404e-01   9.661e-01   1.97233e-09  1.20115e-04      -1.28855e+03   2.20593e+02  -1.06795e+03      4.000000e-12  1.000000e-05     2053
5.109069   5.08105e-01  5.09348e-01   9.660e-01   2.01410e-09  1.21284e-04      -1.32309e+03   1.91113e+02  -1.13197e+03      4.000000e-12  1.000000e-05     2059
5.125111   5.08050e-01  5.09287e-01   9.660e-01   1.96217e-09  1.22450e-04      -1.35430e+03   1.66028e+02  -1.18827e+03      4.000000e-12  1.000000e-05     2065
5.141287   5.08000e-01  5.09218e-01   9.659e-01   1.86190e-09  1.23350e-04      -1.38215e+03   1.42045e+02  -1.24010e+03      4.000000e-12  1.000000e-05     2071
5.157805   5.07927e-01  5.09159e-01   9.658e-01   2.04561e-09  1.27458e-04      -1.41187e+03   1.16846e+02  -1.29502e+03      4.000000e-12  1.000000e-05     2077
5.173932   5.07862e-01  5.09090e-01   9.657e-01   1.96085e-09  1.25217e-04      -1.43855e+03   9.17561e+01  -1.34679e+03      4.000000e-12  1.000000e-05     2083
5.190282   5.07782e-01  5.09032e-01   9.656e-01   2.04952e-09  1.28270e-04      -1.46725e+03   6.95122e+01  -1.39773e+03      4.000000e-12  1.000000e-05     2089
5.206488   5.07690e-01  5.08977e-01   9.654e-01   2.00872e-09  1.29591e-04      -1.49117e+03   4.98403e+01  -1.44133e+03      4.000000e-12  1.000000e-05     2095
5.222529   5.07611e-01  5.08909e-01   9.654e-01   1.92436e-09  1.31742e-04      -1.51871e+03   2.91155e+01  -1.48959e+03      4.000000e-12  1.000000e-05     2101
5.239179   5.07538e-01  5.08814e-01   9.653e-01   2.04029e-09  1.33624e-04      -1.54612e+03   1.84248e+00  -1.54427e+03      4.000000e-12  1.000000e-05     2107
5.255708   5.07443e-01  5.08740e-01   9.652e-01   1.92156e-09  1.36139e-04      -1.57208e+03  -1.95286e+01  -1.59161e+03      4.000000e-12  1.000000e-05     2113
5.272177   5.07366e-01  5.08647e-01   9.651e-01   1.87409e-09  1.37538e-04      -1.59718e+03  -3.80559e+01  -1.63523e+03      4.000000e-12  1.000000e-05     2119
5.288202   5.07265e-01  5.08577e-01   9.650e-01   2.09782e-09  1.42591e-04      -1.62290e+03  -5.76168e+01  -1.68052e+03      4.000000e-12  1.000000e-05     2125
5.303250   5.07184e-01  5.08494e-01   9.649e-01   1.98994e-09  1.44814e-04      -1.64498e+03  -7.27057e+01  -1.71769e+03      4.000000e-12  1.000000e-05     2131
5.318815   5.07102e-01  5.08408e-01   9.648e-01   2.04490e-09  1.45799e-04      -1.66437e+03  -8.61794e+01  -1.75055e+03      4.000000e-12  1.000000e-05     2137
5.334376   5.07022e-01  5.08313e-01   9.648e-01   1.84859e-09  1.45769e-04      -1.68321e+03  -1.00236e+02  -1.78345e+03      4.000000e-12  1.000000e-05     2143
5.350588   5.06931e-01  5.08218e-01   9.647e-01   1.80565e-09  1.47052e-04      -1.70478e+03  -1.16196e+02  -1.82098e+03      4.000000e-12  1.000000e-05     2149
5.367609   5.06836e-01  5.08101e-01   9.646e-01   1.77550e-09  1.50104e-04      -1.72858e+03  -1.36531e+02  -1.86511e+03      4.000000e-12  1.000000e-05     2155
5.384783   5.06723e-01  5.08004e-01   9.645e-01   1.75004e-09  1.53520e-04      -1.75144e+03  -1.51966e+02  -1.90341e+03      4.000000e-12  1.000000e-05     2161
5.401606   5.06623e-01  5.07895e-01   9.644e-01   1.70857e-09  1.55917e-04      -1.76947e+03  -1.65468e+02  -1.93494e+03      4.000000e-12  1.000000e-05     2167
5.418586   5.06521e-01  5.07778e-01   9.643e-01   1.80836e-09  1.58106e-04      -1.78683e+03  -1.79310e+02  -1.96614e+03      4.000000e-12  1.000000e-05     2173
5.435837   5.06409e-01  5.07671e-01   9.642e-01   1.68444e-09  1.61039e-04      -1.80802e+03  -1.92532e+02  -2.00056e+03      4.000000e-12  1.000000e-05     2179
5.452998   5.06279e-01  5.07581e-01   9.641e-01   1.91071e-09  1.61887e-04      -1.82474e+03  -2.03391e+02  -2.02813e+03      4.000000e-12  1.000000e-05     2185
5.470022   5.06159e-01  5.07479e-01   9.640e-01   1.69742e-09  1.67886e-04      -1.84367e+03  -2.16957e+02  -2.06063e+03      4.000000e-12  1.000000e-05     2191
5.486959   5.06073e-01  5.07336e-01   9.640e-01   1.83222e-09  1.68656e-04      -1.85972e+03  -2.24138e+02  -2.08386e+03      4.000000e-12  1.000000e-05     2197
5.503099   5.05955e-01  5.07242e-01   9.638e-01   1.70871e-09  1.72687e-04      -1.86907e+03  -2.33749e+02  -2.10282e+03      4.000000e-12  1.000000e-05     2203
5.519510   5.05844e-01  5.07135e-01   9.638e-01   1.68507e-09  1.72834e-04      -1.88295e+03  -2.42063e+02  -2.12501e+03      4.000000e-12  1.000000e-05     2209
5.536372   5.05750e-01  5.07006e-01   9.637e-01   1.63232e-09  1.72089e-04      -1.89377e+03  -2.48398e+02  -2.14217e+03      4.000000e-12  1.000000e-05     2215
5.553654   5.05633e-01  5.06879e-01   9.636e-01   1.80205e-09  1.73703e-04      -1.90851e+03  -2.53665e+02  -2.16217e+03      4.000000e-12  1.000000e-05     2221
5.569867   5.05535e-01  5.06755e-01   9.635e-01   1.65136e-09  1.72127e-04      -1.91756e+03  -2.56471e+02  -2.17403e+03      4.000000e-12  1.000000e-05     2227
5.587154   5.05422e-01  5.06622e-01   9.634e-01   1.60898e-09  1.73327e-04      -1.92989e+03  -2.63503e+02  -2.19340e+03      4.000000e-12  1.000000e-05     2233
5.604944   5.05303e-01  5.06500e-01   9.634e-01   1.54420e-09  1.74067e-04      -1.93945e+03  -2.66441e+02  -2.20589e+03      4.000000e-12  1.000000e-05     2239
5.622269   5.05186e-01  5.06379e-01   9.633e-01   1.57807e-09  1.76975e-04      -1.95067e+03  -2.71853e+02  -2.22252e+03      4.000000e-12  1.000000e-05     2245
5.640115   5.05043e-01  5.06262e-01   9.632e-01   1.51421e-09  1.76960e-04      -1.96124e+03  -2.74309e+02  -2.23555e+03      4.000000e-12  1.000000e-05     2251
5.658151   5.04891e-01  5.06149e-01   9.631e-01   1.55498e-09  1.76864e-04      -1.97007e+03  -2.75995e+02  -2.24607e+03      4.000000e-12  1.000000e-05     2257
5.675927   5.04769e-01  5.06017e-01   9.630e-01   1.55998e-09  1.77232e-04      -1.98049e+03  -2.80936e+02  -2.26143e+03      4.000000e-12  1.000000e-05     2263
5.694298   5.04670e-01  5.05855e-01   9.629e-01   1.50384e-09  1.77835e-04      -1.98288e+03  -2.81386e+02  -2.26427e+03      4.000000e-12  1.000000e-05     2269
5.712176   5.04531e-01  5.05742e-01   9.628e-01   1.35656e-09  1.79046e-04      -1.99079e+03  -2.83943e+02  -2.27473e+03      4.000000e-12  1.000000e-05     2275
5.730166   5.04419e-01  5.05601e-01   9.628e-01   1.48310e-09  1.78566e-04      -1.99754e+03  -2.83649e+02  -2.28119e+03      4.000000e-12  1.000000e-05     2281
5.748476   5.04301e-01  5.05458e-01   9.627e-01   1.53705e-09  1.79421e-04      -2.00642e+03  -2.82810e+02  -2.28923e+03      4.000000e-12  1.000000e-05     2287
5.766349   5.04158e-01  5.05334e-01   9.625e-01   1.64755e-09  1.83039e-04      -2.01340e+03  -2.82680e+02  -2.29608e+03      4.000000e-12  1.000000e-05     2293
5.782724   5.04038e-01  5.05219e-01   9.624e-01   1.46556e-09  1.79952e-04      -2.01732e+03  -2.81579e+02  -2.29889e+03      4.000000e-12  1.000000e-05     2299
5.800081   5.03892e-01  5.05106e-01   9.623e-01   1.49135e-09  1.82038e-04      -2.02301e+03  -2.82741e+02  -2.30575e+03      4.000000e-12  1.000000e-05     2305
5.817251   5.03752e-01  5.04996e-01   9.622e-01   1.41689e-09  1.80196e-04      -2.02841e+03  -2.81301e+02  -2.30971e+03      4.000000e-12  1.000000e-05     2311
5.834894   5.03618e-01  5.04868e-01   9.621e-01   1.49954e-09  1.80481e-04      -2.03325e+03  -2.79079e+02  -2.31232e+03      4.000000e-12  1.000000e-05     2317
5.852286   5.03491e-01  5.04742e-01   9.620e-01   1.47717e-09  1.82007e-04      -2.03659e+03  -2.74374e+02  -2.31096e+03      4.000000e-12  1.000000e-05     2323
5.869517   5.03360e-01  5.04616e-01   9.620e-01   1.53999e-09  1.80640e-04      -2.03973e+03  -2.71329e+02  -2.31106e+03      4.000000e-12  1.000000e-05     2329
5.887237   5.03234e-01  5.04482e-01   9.618e-01   1.38875e-09  1.77943e-04      -2.04131e+03  -2.67120e+02  -2.30843e+03      4.000000e-12  1.000000e-05     2335
5.905347   5.03096e-01  5.04358e-01   9.617e-01   1.41531e-09  1.76910e-04      -2.04417e+03  -2.59314e+02  -2.30348e+03      4.000000e-12  1.000000e-05     2341
5.923899   5.02952e-01  5.04236e-01   9.616e-01   1.43632e-09  1.75483e-04      -2.04337e+03  -2.51809e+02  -2.29517e+03      4.000000e-12  1.000000e-05     2347
5.941717   5.02830e-01  5.04102e-01   9.615e-01   1.45563e-09  1.74326e-04      -2.04142e+03  -2.46329e+02  -2.28775e+03      4.000000e-12  1.000000e-05     2353
5.959134   5.02705e-01  5.03969e-01   9.614e-01   1.37299e-09  1.75429e-04      -2.04166e+03  -2.40193e+02  -2.28185e+03      4.000000e-12  1.000000e-05     2359
5.977064   5.02574e-01  5.03843e-01   9.613e-01   1.32332e-09  1.71818e-04      -2.03833e+03  -2.31081e+02  -2.26941e+03      4.000000e-12  1.000000e-05     2365
5.994896   5.02438e-01  5.03712e-01   9.612e-01   1.36493e-09  1.69276e-04      -2.03657e+03  -2.21386e+02  -2.25796e+03      4.000000e-12  1.000000e-05     2371
6.012964   5.02322e-01  5.03566e-01   9.611e-01   1.33327e-09  1.66600e-04      -2.03367e+03  -2.13053e+02  -2.24672e+03      4.000000e-12  1.000000e-05     2377
6.031092   5.02194e-01  5.03431e-01   9.610e-01   1.45133e-09  1.65016e-04      -2.02850e+03  -2.02776e+02  -2.23127e+03      4.000000e-12  1.000000e-05     2383
6.048715   5.02070e-01  5.03303e-01   9.609e-01   1.47491e-09  1.63196e-04      -2.02627e+03  -1.93395e+02  -2.21966e+03      4.000000e-12  1.000000e-05     2389
6.066815   5.01963e-01  5.03156e-01   9.608e-01   1.47621e-09  1.63218e-04      -2.02589e+03  -1.86229e+02  -2.21212e+03      4.000000e-12  1.000000e-05     2395
6.084075   5.01836e-01  5.03044e-01   9.607e-01   1.38424e-09  1.61501e-04      -2.02299e+03  -1.78799e+02  -2.20179e+03      4.000000e-12  1.000000e-05     2401
6.101359   5.01719e-01  5.02920e-01   9.606e-01   1.30004e-09  1.59076e-04      -2.01654e+03  -1.67629e+02  -2.18416e+03      4.000000e-12  1.000000e-05     2407
6.119456   5.01586e-01  5.02799e-01   9.605e-01   1.37055e-09  1.55321e-04      -2.01113e+03  -1.55460e+02  -2.16659e+03      4.000000e-12  1.000000e-05     2413
6.137751   5.01456e-01  5.02672e-01   9.604e-01   1.37906e-09  1.53504e-04      -2.00728e+03  -1.44575e+02  -2.15185e+03      4.000000e-12  1.000000e-05     2419
6.156222   5.01339e-01  5.02537e-01   9.604e-01   1.31357e-09  1.51203e-04      -2.00178e+03  -1.32354e+02  -2.13413e+03      4.000000e-12  1.000000e-05     2425
6.175434   5.01187e-01  5.02425e-01   9.602e-01   1.29399e-09  1.49492e-04      -1.99484e+03  -1.23682e+02  -2.11852e+03      4.000000e-12  1.000000e-05     2431
6.194122   5.01057e-01  5.02301e-01   9.601e-01   1.44037e-09  1.47129e-04      -1.98729e+03  -1.10249e+02  -2.09754e+03      4.000000e-12  1.000000e-05     2437
6.212305   5.00945e-01  5.02174e-01   9.599e-01   1.40436e-09  1.45822e-04      -1.98023e+03  -9.57237e+01  -2.07595e+03      4.000000e-12  1.000000e-05     2443
6.230031   5.00825e-01  5.02064e-01   9.599e-01   1.29047e-09  1.43786e-04      -1.97572e+03  -8.62989e+01  -2.06202e+03      4.000000e-12  1.000000e-05     2449
6.248623   5.00686e-01  5.01962e-01   9.598e-01   1.30190e-09  1.40010e-04      -1.96579e+03  -7.10388e+01  -2.03683e+03      4.000000e-12  1.000000e-05     2455
6.267462   5.00592e-01  5.01812e-01   9.597e-01   1.27557e-09  1.37743e-04      -1.95769e+03  -5.54297e+01  -2.01312e+03      4.000000e-12  1.000000e-05     2461
6.285960   5.00481e-01  5.01693e-01   9.597e-01   1.31009e-09  1.35297e-04      -1.94746e+03  -4.15322e+01  -1.98899e+03      4.000000e-12  1.000000e-05     2467
6.304095   5.00364e-01  5.01577e-01   9.596e-01   1.21246e-09  1.32336e-04      -1.94051e+03  -2.84187e+01  -1.96893e+03      4.000000e-12  1.000000e-05     2473
6.322962   5.00226e-01  5.01479e-01   9.595e-01   1.18660e-09  1.29404e-04      -1.93121e+03  -1.42178e+01  -1.94543e+03      4.000000e-12  1.000000e-05     2479
6.342408   5.00119e-01  5.01348e-01   9.594e-01   1.19057e-09  1.27424e-04      -1.92439e+03   9.04853e-02  -1.92430e+03      4.000000e-12  1.000000e-05     2485
6.361858   5.00018e-01  5.01218e-01   9.593e-01   1.29282e-09  1.25644e-04      -1.91379e+03   1.65879e+01  -1.89720e+03      4.000000e-12  1.000000e-05     2491
6.380072   4.99907e-01  5.01111e-01   9.592e-01   1.24100e-09  1.22614e-04      -1.90558e+03   3.14613e+01  -1.87412e+03      4.000000e-12  1.000000e-05     2497
6.399034   4.99782e-01  5.01007e-01   9.591e-01   1.21622e-09  1.19735e-04      -1.89590e+03   4.75781e+01  -1.84832e+03      4.000000e-12  1.000000e-05     2503
6.417952   4.99627e-01  5.00937e-01   9.590e-01   1.22889e-09  1.17042e-04      -1.88298e+03   6.50148e+01  -1.81796e+03      4.000000e-12  1.000000e-05     2509
6.436689   4.99528e-01  5.00829e-01   9.589e-01   1.21253e-09  1.14744e-04      -1.87300e+03   8.05578e+01  -1.79244e+03      4.000000e-12  1.000000e-05     2515
6.455172   4.99419e-01  5.00733e-01   9.588e-01   1.33999e-09  1.11680e-04      -1.85767e+03   1.00295e+02  -1.75738e+03      4.000000e-12  1.000000e-05     2521
6.473467   4.99316e-01  5.00630e-01   9.587e-01   1.22156e-09  1.08908e-04      -1.84398e+03   1.19084e+02  -1.72490e+03      4.000000e-12  1.000000e-05     2527
6.491547   4.99220e-01  5.00533e-01   9.587e-01   1.28152e-09  1.05680e-04      -1.83410e+03   1.35922e+02  -1.69818e+03      4.000000e-12  1.000000e-05     2533
6.510256   4.99100e-01  5.00454e-01   9.586e-01   1.21864e-09  1.03179e-04      -1.82171e+03   1.50018e+02  -1.67169e+03      4.000000e-12  1.000000e-05     2539
6.529002   4.98990e-01  5.00368e-01   9.585e-01   1.23688e-09  1.01092e-04      -1.80844e+03   1.67600e+02  -1.64084e+03      4.000000e-12  1.000000e-05     2545
6.547963   4.98878e-01  5.00280e-01   9.584e-01   1.16512e-09  9.87512e-05      -1.79849e+03   1.83164e+02  -1.61532e+03      4.000000e-12  1.000000e-05     2551
6.567527   4.98747e-01  5.00206e-01   9.583e-01   1.06658e-09  9.61490e-05      -1.78472e+03   2.03356e+02  -1.58136e+03      4.000000e-12  1.000000e-05     2557
6.587467   4.98647e-01  5.00111e-01   9.582e-01   1.16165e-09  9.33738e-05      -1.76904e+03   2.23186e+02  -1.54586e+03      4.000000e-12  1.000000e-05     2563
6.606960   4.98581e-01  4.99987e-01   9.582e-01   1.17109e-09  9.07111e-05      -1.75695e+03   2.40638e+02  -1.51631e+03      4.000000e-12  1.000000e-05     2569
6.626861   4.98425e-01  4.99933e-01   9.580e-01   1.16793e-09  8.87176e-05      -1.74640e+03   2.55834e+02  -1.49057e+03      4.000000e-12  1.000000e-05     2575
6.646316   4.98330e-01  4.99847e-01   9.580e-01   1.18453e-09  8.66517e-05      -1.73214e+03   2.74343e+02  -1.45780e+03      4.000000e-12  1.000000e-05     2581
6.665851   4.98241e-01  4.99757e-01   9.579e-01   1.17284e-09  8.35911e-05      -1.71700e+03   2.94355e+02  -1.42264e+03      4.000000e-12  1.000000e-05     2587
6.685705   4.98156e-01  4.99667e-01   9.578e-01   1.14298e-09  8.13797e-05      -1.70362e+03   3.15332e+02  -1.38829e+03      4.000000e-12  1.000000e-05     2593
6.705837   4.98041e-01  4.99605e-01   9.577e-01   1.22262e-09  7.90631e-05      -1.68966e+03   3.34661e+02  -1.35500e+03      4.000000e-12  1.000000e-05     2599
6.725258   4.97960e-01  4.99520e-01   9.576e-01   1.22019e-09  7.69653e-05      -1.67475e+03   3.54693e+02  -1.32006e+03      4.000000e-12  1.000000e-05     2605
6.744555   4.97853e-01  4.99457e-01   9.575e-01   1.03775e-09  7.51555e-05      -1.65987e+03   3.73138e+02  -1.28673e+03      4.000000e-12  1.000000e-05     2611
6.764310   4.97758e-01  4.99381e-01   9.573e-01   1.05361e-09  7.26177e-05      -1.64442e+03   3.94764e+02  -1.24966e+03      4.000000e-12  1.000000e-05     2617
6.783929   4.97665e-01  4.99314e-01   9.572e-01   1.02476e-09  7.08506e-05      -1.63262e+03   4.13453e+02  -1.21917e+03      4.000000e-12  1.000000e-05     2623
6.803508   4.97565e-01  4.99255e-01   9.571e-01   1.11967e-09  6.82561e-05      -1.61615e+03   4.33864e+02  -1.18229e+03      4.000000e-12  1.000000e-05     2629
6.822922   4.97499e-01  4.99171e-01   9.570e-01   1.03198e-09  6.71817e-05      -1.60317e+03   4.51090e+02  -1.15208e+03      4.000000e-12  1.000000e-05     2635
6.842778   4.97443e-01  4.99085e-01   9.570e-01   9.75977e-10  6.49575e-05      -1.58693e+03   4.72382e+02  -1.11455e+03      4.000000e-12  1.000000e-05     2641
6.863144   4.97362e-01  4.99029e-01   9.568e-01   9.77804e-10  6.43886e-05      -1.57433e+03   4.91740e+02  -1.08259e+03      4.000000e-12  1.000000e-05     2647
6.882027   4.97306e-01  4.98957e-01   9.568e-01   8.99051e-10  6.21444e-05      -1.55934e+03   5.12368e+02  -1.04697e+03      4.000000e-12  1.000000e-05     2653
6.902458   4.97242e-01  4.98884e-01   9.567e-01   9.88137e-10  6.01308e-05      -1.54200e+03   5.31587e+02  -1.01042e+03      4.000000e-12  1.000000e-05     2659
6.922907   4.97182e-01  4.98812e-01   9.566e-01   9.32331e-10  5.87566e-05      -1.52571e+03   5.52161e+02  -9.73551e+02      4.000000e-12  1.000000e-05     2665
6.944021   4.97126e-01  4.98739e-01   9.565e-01   8.63281e-10  5.77223e-05      -1.51003e+03   5.75630e+02  -9.34398e+02      4.000000e-12  1.000000e-05     2671
6.964905   4.97058e-01  4.98685e-01   9.564e-01   8.75038e-10  5.61338e-05      -1.49400e+03   5.97922e+02  -8.96077e+02      4.000000e-12  1.000000e-05     2677
6.984891   4.97014e-01  4.98613e-01   9.563e-01   9.14435e-10  5.52672e-05      -1.47699e+03   6.20375e+02  -8.56610e+02      4.000000e-12  1.000000e-05     2683
7.005436   4.96956e-01  4.98557e-01   9.562e-01   9.63845e-10  5.46640e-05      -1.45867e+03   6.40889e+02  -8.17776e+02      4.000000e-12  1.000000e-05     2689
7.025259   4.96915e-01  4.98487e-01   9.561e-01   9.94993e-10  5.20616e-05      -1.44064e+03   6.59508e+02  -7.81132e+02      4.000000e-12  1.000000e-05     2695
7.045391   4.96868e-01  4.98439e-01   9.560e-01   9.63774e-10  5.05014e-05      -1.42417e+03   6.79735e+02  -7.44439e+02      4.000000e-12  1.000000e-05     2701
7.066225   4.96839e-01  4.98368e-01   9.559e-01   9.69152e-10  4.92857e-05      -1.40464e+03   7.02646e+02  -7.01991e+02      4.000000e-12  1.000000e-05     2707
7.086138   4.96793e-01  4.98319e-01   9.558e-01   9.24747e-10  4.84032e-05      -1.38804e+03   7.24477e+02  -6.63568e+02      4.000000e-12  1.000000e-05     2713
7.106311   4.96751e-01  4.98273e-01   9.557e-01   9.15977e-10  4.77879e-05      -1.37164e+03   7.44116e+02  -6.27524e+02      4.000000e-12  1.000000e-05     2719
7.126102   4.96692e-01  4.98247e-01   9.556e-01   8.79147e-10  4.66570e-05      -1.35575e+03   7.64336e+02  -5.91410e+02      4.000000e-12  1.000000e-05     2725
7.146402   4.96655e-01  4.98209e-01   9.555e-01   9.03293e-10  4.55627e-05      -1.33728e+03   7.87805e+02  -5.49472e+02      4.000000e-12  1.000000e-05     2731
7.167522   4.96614e-01  4.98170e-01   9.554e-01   8.57503e-10  4.48341e-05      -1.31959e+03   8.07727e+02  -5.11861e+02      4.000000e-12  1.000000e-05     2737
7.188770   4.96577e-01  4.98129e-01   9.553e-01   8.74303e-10  4.41776e-05      -1.30058e+03   8.28906e+02  -4.71672e+02      4.000000e-12  1.000000e-05     2743
7.210352   4.96535e-01  4.98102e-01   9.552e-01   8.46135e-10  4.40795e-05      -1.28748e+03   8.49522e+02  -4.37955e+02      4.000000e-12  1.000000e-05     2749
7.230769   4.96485e-01  4.98092e-01   9.551e-01   8.99229e-10  4.46344e-05      -1.26977e+03   8.69561e+02  -4.00213e+02      4.000000e-12  1.000000e-05     2755
7.250205   4.96466e-01  4.98056e-01   9.550e-01   9.21297e-10  4.38827e-05      -1.25872e+03   8.86151e+02  -3.72571e+02      4.000000e-12  1.000000e-05     2761
7.269021   4.96445e-01  4.98033e-01   9.549e-01   8.79337e-10  4.35097e-05      -1.24376e+03   9.03322e+02  -3.40437e+02      4.000000e-12  1.000000e-05     2767
7.289059   4.96425e-01  4.98018e-01   9.548e-01   8.89397e-10  4.33686e-05      -1.22831e+03   9.21358e+02  -3.06955e+02      4.000000e-12  1.000000e-05     2773
7.309948   4.96392e-01  4.98006e-01   9.547e-01   8.81331e-10  4.34355e-05      -1.21015e+03   9.43240e+02  -2.66911e+02      4.000000e-12  1.000000e-05     2779
7.330868   4.96368e-01  4.97991e-01   9.546e-01   8.80606e-10  4.31171e-05      -1.19207e+03   9.60853e+02  -2.31212e+02      4.000000e-12  1.000000e-05     2785
7.351395   4.96354e-01  4.97975e-01   9.545e-01   7.99150e-10  4.29356e-05      -1.17399e+03   9.80488e+02  -1.93505e+02      4.000000e-12  1.000000e-05     2791
7.372361   4.96350e-01  4.97953e-01   9.544e-01   8.56752e-10  4.29914e-05      -1.15941e+03   9.99786e+02  -1.59628e+02      4.000000e-12  1.000000e-05     2797
7.392844   4.96348e-01  4.97930e-01   9.543e-01   8.66512e-10  4.30466e-05      -1.14195e+03   1.01854e+03  -1.23408e+02      4.000000e-12  1.000000e-05     2803
7.413336   4.96345e-01  4.97917e-01   9.542e-01   8.34860e-10  4.31897e-05      -1.12233e+03   1.03958e+03  -8.27495e+01      4.000000e-12  1.000000e-05     2809
7.434592   4.96328e-01  4.97917e-01   9.541e-01   8.90466e-10  4.38125e-05      -1.10598e+03   1.06020e+03  -4.57812e+01      4.000000e-12  1.000000e-05     2815
7.455798   4.96314e-01  4.97915e-01   9.540e-01   8.16006e-10  4.35405e-05      -1.08777e+03   1.07888e+03  -8.89149e+00      4.000000e-12  1.000000e-05     2821
7.477144   4.96314e-01  4.97909e-01   9.539e-01   8.70303e-10  4.47876e-05      -1.06995e+03   1.09726e+03   2.73042e+01      4.000000e-12  1.000000e-05     2827
7.497891   4.96317e-01  4.97905e-01   9.538e-01   8.28393e-10  4.44938e-05      -1.05521e+03   1.11528e+03   6.00635e+01      4.000000e-12  1.000000e-05     2833
7.519600   4.96321e-01  4.97910e-01   9.538e-01   7.88653e-10  4.48083e-05      -1.04024e+03   1.13165e+03   9.14162e+01      4.000000e-12  1.000000e-05     2839
7.541645   4.96346e-01  4.97894e-01   9.537e-01   7.79215e-10  4.55750e-05      -1.02222e+03   1.14835e+03   1.26128e+02      4.000000e-12  1.000000e-05     2845
7.563461   4.96353e-01  4.97892e-01   9.536e-01   7.73019e-10  4.62095e-05      -1.00476e+03   1.16537e+03   1.60618e+02      4.000000e-12  1.000000e-05     2851
7.584133   4.96359e-01  4.97900e-01   9.534e-01   7.64393e-10  4.72976e-05      -9.90865e+02   1.18325e+03   1.92385e+02      4.000000e-12  1.000000e-05     2857
7.605813   4.96341e-01  4.97927e-01   9.532e-01   8.24145e-10  4.81628e-05      -9.74635e+02   1.19905e+03   2.24412e+02      4.000000e-12  1.000000e-05     2863
7.626272   4.96351e-01  4.97945e-01   9.532e-01   8.14008e-10  4.80790e-05      -9.60892e+02   1.21511e+03   2.54221e+02      4.000000e-12  1.000000e-05     2869
7.647771   4.96371e-01  4.97963e-01   9.531e-01   7.96860e-10  4.86981e-05      -9.46275e+02   1.23153e+03   2.85250e+02      4.000000e-12  1.000000e-05     2875
7.669315   4.96390e-01  4.97985e-01   9.530e-01   8.14534e-10  4.92372e-05      -9.33998e+02   1.25112e+03   3.17121e+02      4.000000e-12  1.000000e-05     2881
7.690288   4.96410e-01  4.98001e-01   9.529e-01   8.20604e-10  5.04422e-05      -9.16329e+02   1.26914e+03   3.52810e+02      4.000000e-12  1.000000e-05     2887
7.711072   4.96428e-01  4.98029e-01   9.528e-01   8.36898e-10  5.07013e-05      -9.05091e+02   1.28240e+03   3.77311e+02      4.000000e-12  1.000000e-05     2893
7.732091   4.96453e-01  4.98048e-01   9.527e-01   7.65810e-10  5.13840e-05      -8.92173e+02   1.29754e+03   4.05366e+02      4.000000e-12  1.000000e-05     2899
7.753849   4.96482e-01  4.98066e-01   9.527e-01   7.39513e-10  5.24162e-05      -8.79017e+02   1.31441e+03   4.35389e+02      4.000000e-12  1.000000e-05     2905
7.776129   4.96512e-01  4.98095e-01   9.526e-01   7.40994e-10  5.26075e-05      -8.66884e+02   1.32510e+03   4.58218e+02      4.000000e-12  1.000000e-05     2911
7.799489   4.96507e-01  4.98166e-01   9.525e-01   7.78033e-10  5.35011e-05      -8.53157e+02   1.33840e+03   4.85244e+02      4.000000e-12  1.000000e-05     2917
7.821801   4.96530e-01  4.98204e-01   9.524e-01   7.63089e-10  5.41792e-05      -8.40494e+02   1.35257e+03   5.12072e+02      4.000000e-12  1.000000e-05     2923
7.844995   4.96568e-01  4.98232e-01   9.523e-01   6.91794e-10  5.56240e-05      -8.28137e+02   1.36616e+03   5.38028e+02      4.000000e-12  1.000000e-05     2929
7.868157   4.96616e-01  4.98256e-01   9.522e-01   7.24078e-10  5.60789e-05      -8.14821e+02   1.38000e+03   5.65180e+02      4.000000e-12  1.000000e-05     2935
7.891001   4.96646e-01  4.98305e-01   9.521e-01   8.03327e-10  5.71163e-05      -8.02283e+02   1.39654e+03   5.94255e+02      4.000000e-12  1.000000e-05     2941
7.912347   4.96676e-01  4.98350e-01   9.520e-01   7.86832e-10  5.84167e-05      -7.89577e+02   1.41245e+03   6.22871e+02      4.000000e-12  1.000000e-05     2947
7.933488   4.96711e-01  4.98392e-01   9.520e-01   8.28282e-10  5.96576e-05      -7.75937e+02   1.42777e+03   6.51834e+02      4.000000e-12  1.000000e-05     2953
7.954395   4.96730e-01  4.98459e-01   9.519e-01   8.17777e-10  6.00732e-05      -7.65596e+02   1.43972e+03   6.74126e+02      4.000000e-12  1.000000e-05     2959
7.975621   4.96782e-01  4.98493e-01   9.518e-01   8.17407e-10  6.05720e-05      -7.53595e+02   1.45166e+03   6.98061e+02      4.000000e-12  1.000000e-05     2965
7.996762   4.96828e-01  4.98538e-01   9.518e-01   7.23339e-10  6.19082e-05      -7.41188e+02   1.46515e+03   7.23960e+02      4.000000e-12  1.000000e-05     2971
8.018107   4.96880e-01  4.98581e-01   9.517e-01   7.45769e-10  6.32693e-05      -7.27731e+02   1.47721e+03   7.49475e+02      4.000000e-12  1.000000e-05     2977
8.039799   4.96917e-01  4.98632e-01   9.515e-01   7.57595e-10  6.42936e-05      -7.15121e+02   1.48806e+03   7.72938e+02      4.000000e-12  1.000000e-05     2983
8.061194   4.96956e-01  4.98688e-01   9.514e-01   8.12872e-10  6.44539e-05      -7.08317e+02   1.49488e+03   7.86563e+02      4.000000e-12  1.000000e-05     2989
8.083171   4.97010e-01  4.98738e-01   9.514e-01   7.81058e-10  6.53770e-05      -6.95030e+02   1.50719e+03   8.12164e+02      4.000000e-12  1.000000e-05     2995
8.105551   4.97072e-01  4.98789e-01   9.513e-01   7.41535e-10  6.58955e-05      -6.86274e+02   1.51521e+03   8.28935e+02      4.000000e-12  1.000000e-05     3001
8.127944   4.97125e-01  4.98846e-01   9.512e-01   7.47674e-10  6.67557e-05      -6.77246e+02   1.52449e+03   8.47246e+02      4.000000e-12  1.000000e-05     3007
8.150238   4.97172e-01  4.98915e-01   9.512e-01   7.94228e-10  6.74976e-05      -6.64429e+02   1.53209e+03   8.67665e+02      4.000000e-12  1.000000e-05     3013
8.171237   4.97221e-01  4.98976e-01   9.511e-01   7.75201e-10  6.88073e-05      -6.53411e+02   1.54475e+03   8.91338e+02      4.000000e-12  1.000000e-05     3019
8.192814   4.97289e-01  4.99024e-01   9.510e-01   7.56619e-10  6.92047e-05      -6.44959e+02   1.55312e+03   9.08159e+02      4.000000e-12  1.000000e-05     3025
8.214803   4.97349e-01  4.99084e-01   9.509e-01   7.60952e-10  6.99772e-05      -6.36072e+02   1.56121e+03   9.25135e+02      4.000000e-12  1.000000e-05     3031
8.235534   4.97405e-01  4.99151e-01   9.509e-01   7.14591e-10  6.96395e-05      -6.29927e+02   1.56811e+03   9.38187e+02      4.000000e-12  1.000000e-05     3037
8.257284   4.97462e-01  4.99221e-01   9.509e-01   7.27875e-10  7.06391e-05      -6.23653e+02   1.57579e+03   9.52134e+02      4.000000e-12  1.000000e-05     3043
8.277443   4.97520e-01  4.99283e-01   9.508e-01   7.57960e-10  7.10569e-05      -6.14826e+02   1.58405e+03   9.69221e+02      4.000000e-12  1.000000e-05     3049
8.298673   4.97581e-01  4.99351e-01   9.507e-01   7.71258e-10  7.14553e-05      -6.06078e+02   1.59240e+03   9.86319e+02      4.000000e-12  1.000000e-05     3055
8.319900   4.97640e-01  4.99414e-01   9.507e-01   7.59498e-10  7.19726e-05      -5.98835e+02   1.60059e+03   1.00176e+03      4.000000e-12  1.000000e-05     3061
8.340369   4.97689e-01  4.99484e-01   9.506e-01   7.44345e-10  7.30651e-05      -5.90389e+02   1.60977e+03   1.01938e+03      4.000000e-12  1.000000e-05     3067
8.360488   4.97742e-01  4.99552e-01   9.505e-01   7.38769e-10  7.28263e-05      -5.82001e+02   1.61686e+03   1.03486e+03      4.000000e-12  1.000000e-05     3073
8.381632   4.97809e-01  4.99622e-01   9.504e-01   7.22285e-10  7.31826e-05      -5.77316e+02   1.62243e+03   1.04511e+03      4.000000e-12  1.000000e-05     3079
8.403279   4.97888e-01  4.99686e-01   9.504e-01   7.02825e-10  7.31363e-05      -5.70551e+02   1.62649e+03   1.05594e+03      4.000000e-12  1.000000e-05     3085
8.425286   4.97969e-01  4.99741e-01   9.503e-01   7.63442e-10  7.36821e-05      -5.63854e+02   1.63329e+03   1.06944e+03      4.000000e-12  1.000000e-05     3091
8.446879   4.98027e-01  4.99820e-01   9.502e-01   7.15645e-10  7.39201e-05      -5.57409e+02   1.63772e+03   1.08032e+03      4.000000e-12  1.000000e-05     3097
8.468472   4.98086e-01  4.99905e-01   9.501e-01   6.12758e-10  7.38473e-05      -5.52178e+02   1.64049e+03   1.08831e+03      4.000000e-12  1.000000e-05     3103
8.492045   4.98117e-01  5.00013e-01   9.500e-01   6.44279e-10  7.39515e-05      -5.45996e+02   1.64316e+03   1.09716e+03      4.000000e-12  1.000000e-05     3109
8.513979   4.98191e-01  5.00084e-01   9.499e-01   6.86355e-10  7.42707e-05      -5.38558e+02   1.65041e+03   1.11185e+03      4.000000e-12  1.000000e-05     3115
8.535880   4.98257e-01  5.00164e-01   9.497e-01   6.32842e-10  7.50038e-05      -5.33025e+02   1.65625e+03   1.12322e+03      4.000000e-12  1.000000e-05     3121
8.557419   4.98331e-01  5.00236e-01   9.497e-01   6.54139e-10  7.45949e-05      -5.26032e+02   1.66112e+03   1.13509e+03      4.000000e-12  1.000000e-05     3127
8.579876   4.98393e-01  5.00327e-01   9.496e-01   6.28911e-10  7.48257e-05      -5.19882e+02   1.66815e+03   1.14827e+03      4.000000e-12  1.000000e-05     3133
8.602771   4.98476e-01  5.00396e-01   9.495e-01   6.71629e-10  7.47483e-05      -5.13817e+02   1.67010e+03   1.15629e+03      4.000000e-12  1.000000e-05     3139
8.626013   4.98544e-01  5.00490e-01   9.494e-01   6.22690e-10  7.48233e-05      -5.07891e+02   1.67437e+03   1.16648e+03      4.000000e-12  1.000000e-05     3145
8.648698   4.98630e-01  5.00563e-01   9.493e-01   6.47486e-10  7.44736e-05      -5.04409e+02   1.67598e+03   1.17157e+03      4.000000e-12  1.000000e-05     3151
8.671960   4.98696e-01  5.00657e-01   9.492e-01   6.28550e-10  7.50561e-05      -5.03180e+02   1.67864e+03   1.17546e+03      4.000000e-12  1.000000e-05     3157
8.694546   4.98781e-01  5.00737e-01   9.491e-01   6.22046e-10  7.43089e-05      -4.97559e+02   1.67909e+03   1.18153e+03      4.000000e-12  1.000000e-05     3163
8.717400   4.98876e-01  5.00808e-01   9.491e-01   6.43019e-10  7.38839e-05      -4.93211e+02   1.67869e+03   1.18547e+03      4.000000e-12  1.000000e-05     3169
8.739086   4.98960e-01  5.00884e-01   9.490e-01   6.61224e-10  7.40155e-05      -4.87894e+02   1.68088e+03   1.19298e+03      4.000000e-12  1.000000e-05     3175
8.760857   4.99062e-01  5.00940e-01   9.489e-01   6.90600e-10  7.35812e-05      -4.87132e+02   1.68448e+03   1.19735e+03      4.000000e-12  1.000000e-05     3181
8.781654   4.99152e-01  5.01004e-01   9.488e-01   6.62819e-10  7.28909e-05      -4.83295e+02   1.68662e+03   1.20332e+03      4.000000e-12  1.000000e-05     3187
8.803491   4.99232e-01  5.01087e-01   9.488e-01   6.43774e-10  7.26426e-05      -4.81460e+02   1.68777e+03   1.20631e+03      4.000000e-12  1.000000e-05     3193
8.825191   4.99310e-01  5.01162e-01   9.487e-01   7.04554e-10  7.26138e-05      -4.80416e+02   1.68789e+03   1.20747e+03      4.000000e-12  1.000000e-05     3199
8.847145   4.99390e-01  5.01242e-01   9.486e-01   6.81351e-10  7.24987e-05      -4.77813e+02   1.69002e+03   1.21221e+03      4.000000e-12  1.000000e-05     3205
8.869597   4.99484e-01  5.01303e-01   9.485e-01   6.53670e-10  7.25007e-05      -4.74134e+02   1.69128e+03   1.21715e+03      4.000000e-12  1.000000e-05     3211
8.891842   4.99591e-01  5.01354e-01   9.483e-01   7.46915e-10  7.15569e-05      -4.72901e+02   1.69177e+03   1.21887e+03      4.000000e-12  1.000000e-05     3217
8.913892   4.99662e-01  5.01445e-01   9.483e-01   7.40346e-10  7.11360e-05      -4.71568e+02   1.69315e+03   1.22158e+03      4.000000e-12  1.000000e-05     3223
8.936012   4.99740e-01  5.01528e-01   9.482e-01   7.15580e-10  7.10601e-05      -4.70052e+02   1.69313e+03   1.22308e+03      4.000000e-12  1.000000e-05     3229
8.958184   4.99824e-01  5.01616e-01   9.481e-01   6.90480e-10  7.06387e-05      -4.65466e+02   1.69375e+03   1.22828e+03      4.000000e-12  1.000000e-05     3235
8.980204   4.99913e-01  5.01692e-01   9.480e-01   6.45207e-10  7.02364e-05      -4.64860e+02   1.69283e+03   1.22798e+03      4.000000e-12  1.000000e-05     3241
9.001973   5.00005e-01  5.01764e-01   9.480e-01   6.41463e-10  6.99657e-05      -4.63426e+02   1.69493e+03   1.23151e+03      4.000000e-12  1.000000e-05     3247
9.024180   5.00073e-01  5.01867e-01   9.479e-01   6.70250e-10  6.86222e-05      -4.63748e+02   1.69289e+03   1.22914e+03      4.000000e-12  1.000000e-05     3253
9.046120   5.00160e-01  5.01946e-01   9.479e-01   6.41087e-10  6.75103e-05      -4.65733e+02   1.68917e+03   1.22343e+03      4.000000e-12  1.000000e-05     3259
9.068725   5.00238e-01  5.02034e-01   9.477e-01   6.49771e-10  6.67608e-05      -4.66776e+02   1.68688e+03   1.22010e+03      4.000000e-12  1.000000e-05     3265
9.090926   5.00316e-01  5.02123e-01   9.476e-01   7.44822e-10  6.61746e-05      -4.71334e+02   1.68237e+03   1.21103e+03      4.000000e-12  1.000000e-05     3271
9.111778   5.00395e-01  5.02196e-01   9.475e-01   6.46867e-10  6.49728e-05      -4.71984e+02   1.67813e+03   1.20615e+03      4.000000e-12  1.000000e-05     3277
9.134434   5.00487e-01  5.02273e-01   9.475e-01   5.70176e-10  6.37073e-05      -4.74265e+02   1.67533e+03   1.20106e+03      4.000000e-12  1.000000e-05     3283
9.157207   5.00590e-01  5.02342e-01   9.474e-01   6.22668e-10  6.25519e-05      -4.74683e+02   1.66955e+03   1.19487e+03      4.000000e-12  1.000000e-05     3289
9.179789   5.00675e-01  5.02415e-01   9.473e-01   6.39481e-10  6.14227e-05      -4.76875e+02   1.66629e+03   1.18941e+03      4.000000e-12  1.000000e-05     3295
9.202035   5.00765e-01  5.02484e-01   9.472e-01   6.44201e-10  6.05550e-05      -4.77544e+02   1.66189e+03   1.18434e+03      4.000000e-12  1.000000e-05     3301
9.224211   5.00840e-01  5.02567e-01   9.471e-01   5.86392e-10  5.95131e-05      -4.80263e+02   1.65764e+03   1.17738e+03      4.000000e-12  1.000000e-05     3307
9.247300   5.00929e-01  5.02638e-01   9.470e-01   6.09279e-10  5.89289e-05      -4.80441e+02   1.65358e+03   1.17314e+03      4.000000e-12  1.000000e-05     3313
9.269290   5.01010e-01  5.02717e-01   9.470e-01   5.91719e-10  5.77569e-05      -4.81606e+02   1.64948e+03   1.16787e+03      4.000000e-12  1.000000e-05     3319
9.292460   5.01107e-01  5.02783e-01   9.469e-01   5.50860e-10  5.68488e-05      -4.84424e+02   1.64478e+03   1.16035e+03      4.000000e-12  1.000000e-05     3325
9.316422   5.01201e-01  5.02857e-01   9.468e-01   5.83806e-10  5.64326e-05      -4.85209e+02   1.64193e+03   1.15672e+03      4.000000e-12  1.000000e-05     3331
9.340155   5.01292e-01  5.02935e-01   9.467e-01   6.04529e-10  5.50184e-05      -4.87626e+02   1.63709e+03   1.14947e+03      4.000000e-12  1.000000e-05     3337
9.364541   5.01374e-01  5.03020e-01   9.466e-01   6.22742e-10  5.38263e-05      -4.93211e+02   1.63091e+03   1.13770e+03      4.000000e-12  1.000000e-05     3343
9.387534   5.01462e-01  5.03092e-01   9.465e-01   6.06871e-10  5.26858e-05      -4.94727e+02   1.62606e+03   1.13133e+03      4.000000e-12  1.000000e-05     3349
9.411962   5.01539e-01  5.03185e-01   9.465e-01   6.35189e-10  5.14543e-05      -4.96822e+02   1.62035e+03   1.12353e+03      4.000000e-12  1.000000e-05     3355
9.435826   5.01626e-01  5.03253e-01   9.463e-01   6.21070e-10  5.14852e-05      -4.97620e+02   1.61929e+03   1.12167e+03      4.000000e-12  1.000000e-05     3361
9.458799   5.01692e-01  5.03344e-01   9.463e-01   6.20383e-10  5.04992e-05      -5.00718e+02   1.61289e+03   1.11217e+03      4.000000e-12  1.000000e-05     3367
9.481428   5.01769e-01  5.03413e-01   9.462e-01   5.87233e-10  4.99840e-05      -5.03385e+02   1.60725e+03   1.10387e+03      4.000000e-12  1.000000e-05     3373
9.504351   5.01849e-01  5.03485e-01   9.461e-01   6.54708e-10  4.84703e-05      -5.07370e+02   1.59928e+03   1.09191e+03      4.000000e-12  1.000000e-05     3379
9.526996   5.01906e-01  5.03577e-01   9.460e-01   6.54349e-10  4.74448e-05      -5.09581e+02   1.59564e+03   1.08606e+03      4.000000e-12  1.000000e-05     3385
9.551361   5.01985e-01  5.03647e-01   9.459e-01   6.51037e-10  4.68961e-05      -5.10430e+02   1.58677e+03   1.07634e+03      4.000000e-12  1.000000e-05     3391
9.573883   5.02052e-01  5.03723e-01   9.459e-01   6.23810e-10  4.57230e-05      -5.15555e+02   1.58216e+03   1.06661e+03      4.000000e-12  1.000000e-05     3397
9.596311   5.02137e-01  5.03783e-01   9.458e-01   6.10979e-10  4.47287e-05      -5.20195e+02   1.57571e+03   1.05552e+03      4.000000e-12  1.000000e-05     3403
9.618072   5.02203e-01  5.03856e-01   9.457e-01   5.79028e-10  4.33938e-05      -5.25276e+02   1.57158e+03   1.04630e+03      4.000000e-12  1.000000e-05     3409
9.641069   5.02272e-01  5.03931e-01   9.456e-01   5.87111e-10  4.21651e-05      -5.29912e+02   1.56661e+03   1.03670e+03      4.000000e-12  1.000000e-05     3415
9.663930   5.02341e-01  5.04006e-01   9.455e-01   6.19864e-10  4.08910e-05      -5.35179e+02   1.55916e+03   1.02398e+03      4.000000e-12  1.000000e-05     3421
9.687272   5.02432e-01  5.04057e-01   9.454e-01   6.16281e-10  3.94490e-05      -5.40250e+02   1.55180e+03   1.01155e+03      4.000000e-12  1.000000e-05     3427
9.711024   5.02507e-01  5.04122e-01   9.452e-01   6.11675e-10  3.89118e-05      -5.46514e+02   1.54601e+03   9.99496e+02      4.000000e-12  1.000000e-05     3433
9.732844   5.02582e-01  5.04175e-01   9.451e-01   6.06940e-10  3.83814e-05      -5.48423e+02   1.54208e+03   9.93658e+02      4.000000e-12  1.000000e-05     3439
9.754586   5.02656e-01  5.04233e-01   9.451e-01   6.66910e-10  3.72067e-05      -5.53038e+02   1.53532e+03   9.82283e+02      4.000000e-12  1.000000e-05     3445
9.776549   5.02713e-01  5.04304e-01   9.450e-01   6.48092e-10  3.59138e-05      -5.59628e+02   1.52813e+03   9.68498e+02      4.000000e-12  1.000000e-05     3451
9.799485   5.02752e-01  5.04375e-01   9.448e-01   6.81409e-10  3.57689e-05      -5.60333e+02   1.51922e+03   9.58883e+02      4.000000e-12  1.000000e-05     3457
9.821185   5.02814e-01  5.04438e-01   9.447e-01   6.45646e-10  3.49581e-05      -5.64766e+02   1.51531e+03   9.50540e+02      4.000000e-12  1.000000e-05     3463
9.843007   5.02876e-01  5.04503e-01   9.447e-01   6.05393e-10  3.40684e-05      -5.69089e+02   1.50914e+03   9.40048e+02      4.000000e-12  1.000000e-05     3469
9.865391   5.02938e-01  5.04568e-01   9.446e-01   6.18170e-10  3.28189e-05      -5.74031e+02   1.50270e+03   9.28665e+02      4.000000e-12  1.000000e-05     3475
9.886081   5.03015e-01  5.04601e-01   9.445e-01   6.71783e-10  3.27881e-05      -5.78995e+02   1.49540e+03   9.16400e+02      4.000000e-12  1.000000e-05     3487
9.906036   5.03072e-01  5.04656e-01   9.445e-01   6.27129e-10  3.11896e-05      -5.84279e+02   1.48894e+03   9.04665e+02      4.000000e-12  1.000000e-05     3493
9.927553   5.03137e-01  5.04710e-01   9.444e-01   6.18178e-10  3.00216e-05      -5.89666e+02   1.48177e+03   8.92104e+02      4.000000e-12  1.000000e-05     3499
9.949795   5.03195e-01  5.04773e-01   9.443e-01   5.56709e-10  2.91354e-05      -5.94641e+02   1.47727e+03   8.82627e+02      4.000000e-12  1.000000e-05     3505
9.973614   5.03248e-01  5.04851e-01   9.442e-01   5.58480e-10  2.78482e-05      -6.00423e+02   1.46904e+03   8.68613e+02      4.000000e-12  1.000000e-05     3511
9.997235   5.03300e-01  5.04921e-01   9.442e-01   5.26291e-10  2.72641e-05      -6.06513e+02   1.46240e+03   8.55886e+02      4.000000e-12  1.000000e-05     3517
10.020792   5.03355e-01  5.04991e-01   9.441e-01   5.15905e-10  2.61586e-05      -6.12076e+02   1.45615e+03   8.44075e+02      4.000000e-12  1.000000e-05     3523
10.044360   5.03429e-01  5.05030e-01   9.441e-01   5.40675e-10  2.58065e-05      -6.18211e+02   1.44499e+03   8.26775e+02      4.000000e-12  1.000000e-05     3529
10.067223   5.03488e-01  5.05090e-01   9.440e-01   5.80750e-10  2.44968e-05      -6.23780e+02   1.43906e+03   8.15276e+02      4.000000e-12  1.000000e-05     3535
10.089922   5.03541e-01  5.05148e-01   9.440e-01   5.65711e-10  2.31988e-05      -6.31406e+02   1.42877e+03   7.97359e+02      4.000000e-12  1.000000e-05     3541
10.112412   5.03593e-01  5.05204e-01   9.439e-01   5.08898e-10  2.21518e-05      -6.36982e+02   1.42287e+03   7.85889e+02      4.000000e-12  1.000000e-05     3547
10.136169   5.03644e-01  5.05263e-01   9.438e-01   5.08648e-10  2.15054e-05      -6.41512e+02   1.41617e+03   7.74657e+02      4.000000e-12  1.000000e-05     3553
10.160570   5.03688e-01  5.05332e-01   9.437e-01   5.47408e-10  2.05837e-05      -6.47590e+02   1.40620e+03   7.58610e+02      4.000000e-12  1.000000e-05     3559
10.184851   5.03744e-01  5.05388e-01   9.436e-01   5.16199e-10  1.96349e-05      -6.55643e+02   1.40008e+03   7.44442e+02      4.000000e-12  1.000000e-05     3565
10.209243   5.03784e-01  5.05451e-01   9.435e-01   5.65829e-10  1.90319e-05      -6.64885e+02   1.39303e+03   7.28143e+02      4.000000e-12  1.000000e-05     3571
10.233244   5.03839e-01  5.05502e-01   9.434e-01   5.37884e-10  1.84751e-05      -6.69719e+02   1.38643e+03   7.16715e+02      4.000000e-12  1.000000e-05     3577
10.256999   5.03892e-01  5.05555e-01   9.434e-01   5.23995e-10  1.74834e-05      -6.76270e+02   1.37736e+03   7.01094e+02      4.000000e-12  1.000000e-05     3583
10.281940   5.03987e-01  5.05565e-01   9.432e-01   5.16860e-10  1.71429e-05      -6.83666e+02   1.37020e+03   6.86532e+02      4.000000e-12  1.000000e-05     3589
10.305135   5.04035e-01  5.05615e-01   9.432e-01   5.27965e-10  1.61527e-05      -6.89027e+02   1.36103e+03   6.72005e+02      4.000000e-12  1.000000e-05     3595
10.329335   5.04099e-01  5.05648e-01   9.431e-01   5.36003e-10  1.50543e-05      -6.96514e+02   1.35145e+03   6.54934e+02      4.000000e-12  1.000000e-05     3601
10.353119   5.04139e-01  5.05700e-01   9.430e-01   5.18272e-10  1.46267e-05      -7.01947e+02   1.34196e+03   6.40012e+02      4.000000e-12  1.000000e-05     3607
10.377403   5.04182e-01  5.05747e-01   9.430e-01   5.66398e-10  1.41128e-05      -7.08250e+02   1.33484e+03   6.26593e+02      4.000000e-12  1.000000e-05     3613
10.401493   5.04215e-01  5.05801e-01   9.429e-01   5.13020e-10  1.32870e-05      -7.14766e+02   1.32442e+03   6.09657e+02      4.000000e-12  1.000000e-05     3619
10.425688   5.04259e-01  5.05848e-01   9.429e-01   5.10927e-10  1.25667e-05      -7.20536e+02   1.31587e+03   5.95338e+02      4.000000e-12  1.000000e-05     3625
10.450167   5.04326e-01  5.05874e-01   9.427e-01   5.26360e-10  1.24807e-05      -7.25555e+02   1.31207e+03   5.86515e+02      4.000000e-12  1.000000e-05     3631
10.473836   5.04369e-01  5.05913e-01   9.426e-01   4.92154e-10  1.17648e-05      -7.33160e+02   1.30485e+03   5.71690e+02      4.000000e-12  1.000000e-05     3637
10.498887   5.04411e-01  5.05947e-01   9.425e-01   5.09558e-10  1.12687e-05      -7.42511e+02   1.29345e+03   5.50937e+02      4.000000e-12  1.000000e-05     3643
10.523788   5.04461e-01  5.05978e-01   9.425e-01   5.08811e-10  1.05081e-05      -7.50421e+02   1.28761e+03   5.37192e+02      4.000000e-12  1.000000e-05     3649
10.548530   5.04537e-01  5.05977e-01   9.424e-01   5.57046e-10  1.04402e-05      -7.55143e+02   1.28301e+03   5.27865e+02      4.000000e-12  1.000000e-05     3655
10.571967   5.04568e-01  5.06019e-01   9.423e-01   5.50743e-10  9.70427e-06      -7.62498e+02   1.27783e+03   5.15333e+02      4.000000e-12  1.000000e-05     3661
10.595560   5.04603e-01  5.06051e-01   9.422e-01   5.26941e-10  8.92861e-06      -7.70384e+02   1.26700e+03   4.96619e+02      4.000000e-12  1.000000e-05     3667
10.619875   5.04632e-01  5.06083e-01   9.421e-01   5.02060e-10  8.58925e-06      -7.78684e+02   1.25911e+03   4.80422e+02      4.000000e-12  1.000000e-05     3673
10.644254   5.04665e-01  5.06108e-01   9.419e-01   5.43250e-10  8.24697e-06      -7.86605e+02   1.25044e+03   4.63833e+02      4.000000e-12  1.000000e-05     3679
10.668291   5.04715e-01  5.06125e-01   9.419e-01   4.96031e-10  7.86851e-06      -7.92719e+02   1.24279e+03   4.50071e+02      4.000000e-12  1.000000e-05     3685
10.693246   5.04757e-01  5.06146e-01   9.417e-01   5.01651e-10  7.43179e-06      -7.98801e+02   1.23505e+03   4.36250e+02      4.000000e-12  1.000000e-05     3691
10.718007   5.04782e-01  5.06178e-01   9.417e-01   4.87754e-10  6.96872e-06      -8.03565e+02   1.22739e+03   4.23823e+02      4.000000e-12  1.000000e-05     3697
10.743418   5.04789e-01  5.06232e-01   9.416e-01   4.99615e-10  6.55684e-06      -8.09647e+02   1.21930e+03   4.09652e+02      4.000000e-12  1.000000e-05     3703
10.768164   5.04819e-01  5.06247e-01   9.415e-01   5.00473e-10  6.46058e-06      -8.15619e+02   1.21394e+03   3.98325e+02      4.000000e-12  1.000000e-05     3709
10.792232   5.04826e-01  5.06295e-01   9.414e-01   5.04550e-10  5.79926e-06      -8.23804e+02   1.20593e+03   3.82125e+02      4.000000e-12  1.000000e-05     3715
10.816720   5.04858e-01  5.06318e-01   9.414e-01   5.08325e-10  5.47357e-06      -8.30744e+02   1.19826e+03   3.67514e+02      4.000000e-12  1.000000e-05     3721
10.840712   5.04887e-01  5.06342e-01   9.413e-01   5.02818e-10  5.11745e-06      -8.38084e+02   1.19268e+03   3.54594e+02      4.000000e-12  1.000000e-05     3727
10.864628   5.04916e-01  5.06359e-01   9.412e-01   5.10582e-10  4.90652e-06      -8.45659e+02   1.18598e+03   3.40321e+02      4.000000e-12  1.000000e-05     3733
10.888931   5.04946e-01  5.06374e-01   9.411e-01   5.14218e-10  4.57712e-06      -8.52523e+02   1.17943e+03   3.26903e+02      4.000000e-12  1.000000e-05     3739
10.912688   5.04972e-01  5.06391e-01   9.411e-01   5.25913e-10  4.28843e-06      -8.55565e+02   1.17334e+03   3.17780e+02      4.000000e-12  1.000000e-05     3745
10.936192   5.05000e-01  5.06398e-01   9.410e-01   5.71111e-10  4.09276e-06      -8.62597e+02   1.16474e+03   3.02144e+02      4.000000e-12  1.000000e-05     3751
10.959691   5.05019e-01  5.06413e-01   9.408e-01   5.22248e-10  3.74009e-06      -8.68460e+02   1.16020e+03   2.91736e+02      4.000000e-12  1.000000e-05     3757
10.983439   5.05034e-01  5.06439e-01   9.408e-01   4.87589e-10  3.49692e-06      -8.73860e+02   1.15753e+03   2.83674e+02      4.000000e-12  1.000000e-05     3763
11.008381   5.05039e-01  5.06471e-01   9.407e-01   4.73082e-10  3.14516e-06      -8.78716e+02   1.15012e+03   2.71401e+02      4.000000e-12  1.000000e-05     3769
11.034140   5.05062e-01  5.06488e-01   9.407e-01   5.01974e-10  2.91243e-06      -8.85330e+02   1.14260e+03   2.57269e+02      4.000000e-12  1.000000e-05     3775
11.060271   5.05071e-01  5.06519e-01   9.406e-01   4.95387e-10  2.58276e-06      -8.91501e+02   1.13475e+03   2.43244e+02      4.000000e-12  1.000000e-05     3781
11.086615   5.05060e-01  5.06563e-01   9.405e-01   5.05472e-10  2.55357e-06      -9.00378e+02   1.12612e+03   2.25739e+02      4.000000e-12  1.000000e-05     3787
11.111503   5.05082e-01  5.06569e-01   9.405e-01   4.68155e-10  2.31589e-06      -9.07370e+02   1.11896e+03   2.11593e+02      4.000000e-12  1.000000e-05     3793
11.136109   5.05080e-01  5.06591e-01   9.404e-01   5.72987e-10  2.25498e-06      -9.13699e+02   1.11360e+03   1.99902e+02      4.000000e-12  1.000000e-05     3799
11.159539   5.05101e-01  5.06593e-01   9.403e-01   5.09030e-10  2.10835e-06      -9.17805e+02   1.11157e+03   1.93763e+02      4.000000e-12  1.000000e-05     3805
11.183551   5.05120e-01  5.06600e-01   9.402e-01   5.93405e-10  2.40342e-06      -9.22263e+02   1.10832e+03   1.86061e+02      4.000000e-12  1.000000e-05     3811
11.205579   5.05124e-01  5.06616e-01   9.401e-01   5.28754e-10  2.00507e-06      -9.27505e+02   1.10184e+03   1.74340e+02      4.000000e-12  1.000000e-05     3817
11.227949   5.05138e-01  5.06617e-01   9.400e-01   5.06449e-10  1.77918e-06      -9.32707e+02   1.09597e+03   1.63263e+02      4.000000e-12  1.000000e-05     3823
11.252387   5.05140e-01  5.06635e-01   9.400e-01   4.87500e-10  1.64206e-06      -9.38267e+02   1.09203e+03   1.53765e+02      4.000000e-12  1.000000e-05     3829
11.276883   5.05162e-01  5.06635e-01   9.399e-01   4.79239e-10  1.52475e-06      -9.44455e+02   1.08728e+03   1.42823e+02      4.000000e-12  1.000000e-05     3835
11.301726   5.05191e-01  5.06628e-01   9.398e-01   5.07955e-10  1.44247e-06      -9.49878e+02   1.08238e+03   1.32502e+02      4.000000e-12  1.000000e-05     3841
11.326734   5.05182e-01  5.06655e-01   9.398e-01   5.00988e-10  1.40541e-06      -9.53942e+02   1.07840e+03   1.24458e+02      4.000000e-12  1.000000e-05     3847
11.352395   5.05207e-01  5.06646e-01   9.397e-01   4.80040e-10  1.38925e-06      -9.57646e+02   1.07455e+03   1.16907e+02      4.000000e-12  1.000000e-05     3853
11.378041   5.05198e-01  5.06658e-01   9.395e-01   4.91997e-10  1.37171e-06      -9.63442e+02   1.06686e+03   1.03419e+02      4.000000e-12  1.000000e-05     3859
11.403522   5.05228e-01  5.06640e-01   9.394e-01   5.28693e-10  1.38643e-06      -9.69447e+02   1.06197e+03   9.25247e+01      4.000000e-12  1.000000e-05     3865
11.426882   5.05239e-01  5.06639e-01   9.393e-01   5.47104e-10  1.43959e-06      -9.73995e+02   1.05784e+03   8.38463e+01      4.000000e-12  1.000000e-05     3871
11.449986   5.05246e-01  5.06639e-01   9.392e-01   5.17225e-10  1.27362e-06      -9.76915e+02   1.05405e+03   7.71310e+01      4.000000e-12  1.000000e-05     3877
11.473960   5.05263e-01  5.06625e-01   9.391e-01   5.32825e-10  1.41931e-06      -9.82114e+02   1.04818e+03   6.60648e+01      4.000000e-12  1.000000e-05     3883
11.497316   5.05264e-01  5.06628e-01   9.391e-01   4.67448e-10  1.23138e-06      -9.85817e+02   1.04416e+03   5.83394e+01      4.000000e-12  1.000000e-05     3889
11.521274   5.05266e-01  5.06632e-01   9.390e-01   4.64110e-10  1.03519e-06      -9.89515e+02   1.04123e+03   5.17134e+01      4.000000e-12  1.000000e-05     3895
11.546918   5.05279e-01  5.06625e-01   9.389e-01   4.89897e-10  1.17803e-06      -9.96661e+02   1.03695e+03   4.02923e+01      4.000000e-12  1.000000e-05     3901
11.571631   5.05285e-01  5.06625e-01   9.388e-01   4.79850e-10  1.06686e-06      -1.00095e+03   1.03276e+03   3.18108e+01      4.000000e-12  1.000000e-05     3907
11.596009   5.05282e-01  5.06627e-01   9.388e-01   4.53076e-10  9.84106e-07      -1.00556e+03   1.02947e+03   2.39153e+01      4.000000e-12  1.000000e-05     3913
11.621497   5.05270e-01  5.06642e-01   9.387e-01   4.89900e-10  1.16703e-06      -1.01191e+03   1.02693e+03   1.50195e+01      4.000000e-12  1.000000e-05     3919
11.645900   5.05259e-01  5.06654e-01   9.386e-01   5.30503e-10  1.05428e-06      -1.01455e+03   1.02383e+03   9.27900e+00      4.000000e-12  1.000000e-05     3925
11.670136   5.05268e-01  5.06646e-01   9.386e-01   5.07370e-10  9.71174e-07      -1.01916e+03   1.01991e+03   7.47344e-01      4.000000e-12  1.000000e-05     3931
11.694104   5.05252e-01  5.06655e-01   9.385e-01   4.87841e-10  1.00471e-06      -1.02460e+03   1.01856e+03  -6.03184e+00      4.000000e-12  1.000000e-05     3937
11.718113   5.05237e-01  5.06664e-01   9.384e-01   4.85313e-10  1.04209e-06      -1.02957e+03   1.01364e+03  -1.59245e+01      4.000000e-12  1.000000e-05     3943
11.742931   5.05231e-01  5.06659e-01   9.383e-01   4.94316e-10  1.14183e-06      -1.03206e+03   1.01097e+03  -2.10887e+01      4.000000e-12  1.000000e-05     3949
11.766212   5.05224e-01  5.06661e-01   9.382e-01   4.95884e-10  1.11020e-06      -1.03486e+03   1.00821e+03  -2.66436e+01      4.000000e-12  1.000000e-05     3955
11.790128   5.05229e-01  5.06652e-01   9.381e-01   4.81251e-10  1.36809e-06      -1.03678e+03   1.00649e+03  -3.02859e+01      4.000000e-12  1.000000e-05     3961
11.813287   5.05232e-01  5.06638e-01   9.380e-01   4.20543e-10  1.29943e-06      -1.03944e+03   1.00526e+03  -3.41785e+01      4.000000e-12  1.000000e-05     3967
11.837162   5.05222e-01  5.06636e-01   9.380e-01   4.42073e-10  1.33482e-06      -1.04448e+03   1.00081e+03  -4.36714e+01      4.000000e-12  1.000000e-05     3973
11.862009   5.05225e-01  5.06622e-01   9.379e-01   4.38096e-10  1.17431e-06      -1.04788e+03   9.98120e+02  -4.97555e+01      4.000000e-12  1.000000e-05     3979
11.887148   5.05239e-01  5.06594e-01   9.377e-01   4.50593e-10  1.25355e-06      -1.05298e+03   9.95262e+02  -5.77201e+01      4.000000e-12  1.000000e-05     3985
11.910954   5.05230e-01  5.06589e-01   9.377e-01   4.57927e-10  1.23569e-06      -1.05531e+03   9.93231e+02  -6.20783e+01      4.000000e-12  1.000000e-05     3991
11.935752   5.05227e-01  5.06576e-01   9.376e-01   4.29249e-10  1.06356e-06      -1.05866e+03   9.90634e+02  -6.80264e+01      4.000000e-12  1.000000e-05     3997
11.962199   5.05210e-01  5.06581e-01   9.375e-01   4.18152e-10  1.07901e-06      -1.06198e+03   9.88279e+02  -7.37055e+01      4.000000e-12  1.000000e-05     4003
11.989186   5.05195e-01  5.06577e-01   9.375e-01   4.31608e-10  9.50720e-07      -1.06455e+03   9.86075e+02  -7.84763e+01      4.000000e-12  1.000000e-05     4009
12.015230   5.05191e-01  5.06565e-01   9.374e-01   4.23915e-10  1.21440e-06      -1.06755e+03   9.84113e+02  -8.34360e+01      4.000000e-12  1.000000e-05     4015
12.040589   5.05184e-01  5.06552e-01   9.374e-01   4.51926e-10  1.06689e-06      -1.07247e+03   9.80599e+02  -9.18694e+01      4.000000e-12  1.000000e-05     4021
12.067309   5.05184e-01  5.06536e-01   9.373e-01   4.26325e-10  1.15414e-06      -1.07584e+03   9.78098e+02  -9.77437e+01      4.000000e-12  1.000000e-05     4027
12.093659   5.05174e-01  5.06524e-01   9.373e-01   4.56712e-10  1.23232e-06      -1.07921e+03   9.76445e+02  -1.02765e+02      4.000000e-12  1.000000e-05     4033
12.119787   5.05176e-01  5.06498e-01   9.372e-01   4.36427e-10  1.55748e-06      -1.08362e+03   9.70681e+02  -1.12937e+02      4.000000e-12  1.000000e-05     4039
12.145266   5.05166e-01  5.06488e-01   9.371e-01   4.25744e-10  1.32799e-06      -1.08657e+03   9.69642e+02  -1.16931e+02      4.000000e-12  1.000000e-05     4045
12.171502   5.05159e-01  5.06474e-01   9.370e-01   4.21580e-10  1.58566e-06      -1.08861e+03   9.68432e+02  -1.20177e+02      4.000000e-12  1.000000e-05     4051
12.196704   5.05150e-01  5.06461e-01   9.370e-01   4.13602e-10  1.28794e-06      -1.09042e+03   9.68118e+02  -1.22299e+02      4.000000e-12  1.000000e-05     4057
12.223247   5.05153e-01  5.06427e-01   9.369e-01   4.59462e-10  1.33734e-06      -1.09481e+03   9.66768e+02  -1.28041e+02      4.000000e-12  1.000000e-05     4063
12.248201   5.05134e-01  5.06415e-01   9.368e-01   4.44301e-10  1.42723e-06      -1.09695e+03   9.66245e+02  -1.30709e+02      4.000000e-12  1.000000e-05     4069
12.273694   5.05117e-01  5.06411e-01   9.367e-01   4.49954e-10  1.30463e-06      -1.09950e+03   9.66303e+02  -1.33194e+02      4.000000e-12  1.000000e-05     4075
12.300993   5.05106e-01  5.06401e-01   9.366e-01   4.29255e-10  1.42907e-06      -1.10488e+03   9.63563e+02  -1.41313e+02      4.000000e-12  1.000000e-05     4081
12.327818   5.05104e-01  5.06377e-01   9.366e-01   4.41596e-10  1.30598e-06      -1.10586e+03   9.63741e+02  -1.42121e+02      4.000000e-12  1.000000e-05     4087
12.354775   5.05099e-01  5.06357e-01   9.365e-01   4.49056e-10  1.58288e-06      -1.10948e+03   9.59871e+02  -1.49610e+02      4.000000e-12  1.000000e-05     4093
12.379754   5.05086e-01  5.06341e-01   9.364e-01   4.42795e-10  1.52043e-06      -1.11176e+03   9.58590e+02  -1.53171e+02      4.000000e-12  1.000000e-05     4099
12.405329   5.05062e-01  5.06333e-01   9.363e-01   4.47385e-10  1.40033e-06      -1.11247e+03   9.56378e+02  -1.56091e+02      4.000000e-12  1.000000e-05     4105
12.430678   5.05036e-01  5.06329e-01   9.362e-01   4.37380e-10  1.52604e-06      -1.11494e+03   9.55887e+02  -1.59049e+02      4.000000e-12  1.000000e-05     4111
12.454996   5.05020e-01  5.06315e-01   9.361e-01   4.15624e-10  1.94283e-06      -1.11723e+03   9.54558e+02  -1.62672e+02      4.000000e-12  1.000000e-05     4117
12.479355   5.05000e-01  5.06306e-01   9.361e-01   4.26412e-10  1.90305e-06      -1.11710e+03   9.55811e+02  -1.61289e+02      4.000000e-12  1.000000e-05     4123
12.503783   5.04989e-01  5.06291e-01   9.360e-01   3.89596e-10  1.60490e-06      -1.11873e+03   9.54948e+02  -1.63786e+02      4.000000e-12  1.000000e-05     4129
12.529353   5.04977e-01  5.06280e-01   9.360e-01   4.04645e-10  1.40421e-06      -1.11923e+03   9.56613e+02  -1.62620e+02      4.000000e-12  1.000000e-05     4135
12.555830   5.04970e-01  5.06257e-01   9.359e-01   4.22336e-10  1.41373e-06      -1.12040e+03   9.54160e+02  -1.66237e+02      4.000000e-12  1.000000e-05     4141
12.582145   5.04960e-01  5.06232e-01   9.358e-01   4.07195e-10  1.39542e-06      -1.12127e+03   9.52802e+02  -1.68466e+02      4.000000e-12  1.000000e-05     4147
12.608485   5.04938e-01  5.06220e-01   9.357e-01   4.07829e-10  1.49467e-06      -1.12221e+03   9.52622e+02  -1.69586e+02      4.000000e-12  1.000000e-05     4153
12.634672   5.04914e-01  5.06213e-01   9.356e-01   4.01589e-10  1.46088e-06      -1.12404e+03   9.51626e+02  -1.72410e+02      4.000000e-12  1.000000e-05     4159
12.661017   5.04914e-01  5.06186e-01   9.356e-01   3.95238e-10  1.46134e-06      -1.12577e+03   9.51720e+02  -1.74050e+02      4.000000e-12  1.000000e-05     4165
12.686737   5.04900e-01  5.06172e-01   9.355e-01   4.10648e-10  1.40975e-06      -1.12677e+03   9.53972e+02  -1.72794e+02      4.000000e-12  1.000000e-05     4171
12.712681   5.04873e-01  5.06165e-01   9.355e-01   4.29701e-10  1.53683e-06      -1.12981e+03   9.53506e+02  -1.76302e+02      4.000000e-12  1.000000e-05     4177
12.738054   5.04856e-01  5.06151e-01   9.354e-01   4.37433e-10  1.62420e-06      -1.13091e+03   9.55117e+02  -1.75791e+02      4.000000e-12  1.000000e-05     4183
12.763567   5.04837e-01  5.06137e-01   9.353e-01   4.28860e-10  1.63909e-06      -1.13221e+03   9.53587e+02  -1.78622e+02      4.000000e-12  1.000000e-05     4189
12.789223   5.04814e-01  5.06125e-01   9.353e-01   3.95822e-10  1.46091e-06      -1.13160e+03   9.56278e+02  -1.75318e+02      4.000000e-12  1.000000e-05     4195
12.815267   5.04800e-01  5.06104e-01   9.352e-01   4.32371e-10  1.46866e-06      -1.13136e+03   9.59009e+02  -1.72349e+02      4.000000e-12  1.000000e-05     4201
12.839814   5.04799e-01  5.06075e-01   9.351e-01   4.38158e-10  1.39645e-06      -1.13242e+03   9.60084e+02  -1.72338e+02      4.000000e-12  1.000000e-05     4207
12.863653   5.04769e-01  5.06071e-01   9.350e-01   4.29962e-10  1.43964e-06      -1.13188e+03   9.60176e+02  -1.71703e+02      4.000000e-12  1.000000e-05     4213
12.887676   5.04740e-01  5.06069e-01   9.349e-01   3.87672e-10  1.34171e-06      -1.13275e+03   9.60044e+02  -1.72702e+02      4.000000e-12  1.000000e-05     4219
12.912342   5.04727e-01  5.06052e-01   9.349e-01   3.82362e-10  1.28919e-06      -1.13451e+03   9.60256e+02  -1.74256e+02      4.000000e-12  1.000000e-05     4225
12.938323   5.04717e-01  5.06029e-01   9.348e-01   3.88259e-10  1.26177e-06      -1.13406e+03   9.62518e+02  -1.71545e+02      4.000000e-12  1.000000e-05     4231
12.964403   5.04706e-01  5.06013e-01   9.348e-01   3.98943e-10  1.23236e-06      -1.13462e+03   9.62427e+02  -1.72196e+02      4.000000e-12  1.000000e-05     4237
12.991188   5.04690e-01  5.05996e-01   9.347e-01   3.89231e-10  1.29818e-06      -1.13092e+03   9.63199e+02  -1.67720e+02      4.000000e-12  1.000000e-05     4243
13.017412   5.04690e-01  5.05965e-01   9.346e-01   4.15150e-10  1.56116e-06      -1.13161e+03   9.63850e+02  -1.67758e+02      4.000000e-12  1.000000e-05     4249
13.042701   5.04673e-01  5.05956e-01   9.346e-01   4.13996e-10  1.33715e-06      -1.13184e+03   9.67195e+02  -1.64642e+02      4.000000e-12  1.000000e-05     4255
13.068335   5.04663e-01  5.05934e-01   9.345e-01   3.86917e-10  1.52105e-06      -1.13189e+03   9.68210e+02  -1.63677e+02      4.000000e-12  1.000000e-05     4261
13.094190   5.04652e-01  5.05918e-01   9.345e-01   3.85218e-10  1.32146e-06      -1.13223e+03   9.70373e+02  -1.61862e+02      4.000000e-12  1.000000e-05     4267
13.120397   5.04625e-01  5.05914e-01   9.344e-01   4.17454e-10  1.23330e-06      -1.13380e+03   9.72589e+02  -1.61211e+02      4.000000e-12  1.000000e-05     4273
13.146216   5.04609e-01  5.05900e-01   9.344e-01   4.11892e-10  1.19847e-06      -1.13535e+03   9.71443e+02  -1.63912e+02      4.000000e-12  1.000000e-05     4279
13.172067   5.04591e-01  5.05885e-01   9.343e-01   4.19945e-10  1.17906e-06      -1.13373e+03   9.72406e+02  -1.61327e+02      4.000000e-12  1.000000e-05     4285
13.197596   5.04576e-01  5.05875e-01   9.342e-01   3.81904e-10  1.12998e-06      -1.13461e+03   9.73564e+02  -1.61048e+02      4.000000e-12  1.000000e-05     4291
13.224173   5.04576e-01  5.05845e-01   9.341e-01   4.15795e-10  1.14719e-06      -1.13570e+03   9.76353e+02  -1.59346e+02      4.000000e-12  1.000000e-05     4297
13.249503   5.04564e-01  5.05828e-01   9.341e-01   3.93827e-10  1.18894e-06      -1.13598e+03   9.74941e+02  -1.61035e+02      4.000000e-12  1.000000e-05     4303
13.275232   5.04547e-01  5.05817e-01   9.340e-01   3.95170e-10  1.16508e-06      -1.13351e+03   9.78137e+02  -1.55369e+02      4.000000e-12  1.000000e-05     4309
13.301526   5.04555e-01  5.05775e-01   9.339e-01   3.69678e-10  1.05298e-06      -1.13065e+03   9.78248e+02  -1.52407e+02      4.000000e-12  1.000000e-05     4315
13.328091   5.04532e-01  5.05773e-01   9.338e-01   3.98986e-10  1.04929e-06      -1.12978e+03   9.78886e+02  -1.50891e+02      4.000000e-12  1.000000e-05     4321
13.354326   5.04509e-01  5.05770e-01   9.337e-01   3.93426e-10  1.02648e-06      -1.13029e+03   9.81151e+02  -1.49139e+02      4.000000e-12  1.000000e-05     4327
13.381324   5.04491e-01  5.05760e-01   9.337e-01   3.71932e-10  1.01401e-06      -1.12905e+03   9.86168e+02  -1.42881e+02      4.000000e-12  1.000000e-05     4333
13.408734   5.04474e-01  5.05742e-01   9.336e-01   4.00151e-10  9.76780e-07      -1.12736e+03   9.89043e+02  -1.38315e+02      4.000000e-12  1.000000e-05     4339
13.435598   5.04453e-01  5.05733e-01   9.335e-01   4.15925e-10  1.13573e-06      -1.12501e+03   9.90235e+02  -1.34774e+02      4.000000e-12  1.000000e-05     4345
13.461092   5.04445e-01  5.05712e-01   9.334e-01   3.90966e-10  8.66455e-07      -1.12403e+03   9.94178e+02  -1.29854e+02      4.000000e-12  1.000000e-05     4351
13.487288   5.04422e-01  5.05709e-01   9.333e-01   3.89320e-10  7.51707e-07      -1.12365e+03   9.95908e+02  -1.27740e+02      4.000000e-12  1.000000e-05     4357
13.513219   5.04420e-01  5.05680e-01   9.332e-01   4.39186e-10  7.65431e-07      -1.12136e+03   9.96948e+02  -1.24410e+02      4.000000e-12  1.000000e-05     4363
13.538615   5.04397e-01  5.05677e-01   9.331e-01   4.37622e-10  8.53510e-07      -1.12162e+03   9.97414e+02  -1.24202e+02      4.000000e-12  1.000000e-05     4369
13.564242   5.04371e-01  5.05678e-01   9.330e-01   4.09802e-10  8.67213e-07      -1.12159e+03   9.98574e+02  -1.23014e+02      4.000000e-12  1.000000e-05     4375
13.589631   5.04360e-01  5.05664e-01   9.330e-01   4.38550e-10  7.57003e-07      -1.12089e+03   1.00047e+03  -1.20417e+02      4.000000e-12  1.000000e-05     4381
13.616383   5.04343e-01  5.05653e-01   9.329e-01   4.33302e-10  7.11609e-07      -1.12047e+03   1.00233e+03  -1.18138e+02      4.000000e-12  1.000000e-05     4387
13.642752   5.04330e-01  5.05642e-01   9.329e-01   4.41896e-10  8.76812e-07      -1.12182e+03   1.00330e+03  -1.18518e+02      4.000000e-12  1.000000e-05     4393
13.668802   5.04325e-01  5.05625e-01   9.328e-01   4.18282e-10  9.67706e-07      -1.11967e+03   1.00653e+03  -1.13141e+02      4.000000e-12  1.000000e-05     4399
13.694251   5.04313e-01  5.05622e-01   9.327e-01   4.28801e-10  8.20580e-07      -1.11858e+03   1.00774e+03  -1.10835e+02      4.000000e-12  1.000000e-05     4405
13.719959   5.04300e-01  5.05612e-01   9.326e-01   4.29497e-10  6.82842e-07      -1.11834e+03   1.00962e+03  -1.08713e+02      4.000000e-12  1.000000e-05     4411
13.746146   5.04280e-01  5.05609e-01   9.326e-01   4.18965e-10  1.02913e-06      -1.11872e+03   1.00988e+03  -1.08835e+02      4.000000e-12  1.000000e-05     4417
13.771669   5.04269e-01  5.05601e-01   9.325e-01   4.42749e-10  8.95391e-07      -1.11785e+03   1.01299e+03  -1.04866e+02      4.000000e-12  1.000000e-05     4423
13.797252   5.04259e-01  5.05590e-01   9.324e-01   4.14396e-10  7.71289e-07      -1.11773e+03   1.01412e+03  -1.03606e+02      4.000000e-12  1.000000e-05     4429
13.823100   5.04237e-01  5.05593e-01   9.323e-01   4.17600e-10  8.91659e-07      -1.11585e+03   1.01587e+03  -9.99818e+01      4.000000e-12  1.000000e-05     4435
13.847849   5.04234e-01  5.05580e-01   9.323e-01   4.25619e-10  6.93323e-07      -1.11659e+03   1.01690e+03  -9.96941e+01      4.000000e-12  1.000000e-05     4441
13.874107   5.04229e-01  5.05566e-01   9.322e-01   4.32577e-10  5.99891e-07      -1.11554e+03   1.01824e+03  -9.73026e+01      4.000000e-12  1.000000e-05     4447
13.899753   5.04219e-01  5.05561e-01   9.322e-01   4.45752e-10  6.36921e-07      -1.11464e+03   1.01789e+03  -9.67533e+01      4.000000e-12  1.000000e-05     4453
13.926248   5.04230e-01  5.05530e-01   9.321e-01   4.31531e-10  7.44087e-07      -1.11296e+03   1.02109e+03  -9.18691e+01      4.000000e-12  1.000000e-05     4459
13.952401   5.04211e-01  5.05529e-01   9.320e-01   4.16999e-10  5.85598e-07      -1.11225e+03   1.02340e+03  -8.88419e+01      4.000000e-12  1.000000e-05     4465
13.978490   5.04207e-01  5.05514e-01   9.319e-01   4.26324e-10  6.25348e-07      -1.11136e+03   1.02505e+03  -8.63134e+01      4.000000e-12  1.000000e-05     4471
14.004352   5.04197e-01  5.05509e-01   9.319e-01   4.20721e-10  5.83740e-07      -1.10974e+03   1.02774e+03  -8.19989e+01      4.000000e-12  1.000000e-05     4477
14.030694   5.04187e-01  5.05501e-01   9.318e-01   4.05225e-10  4.31411e-07      -1.10749e+03   1.03096e+03  -7.65305e+01      4.000000e-12  1.000000e-05     4483
14.057544   5.04177e-01  5.05499e-01   9.317e-01   4.11972e-10  6.10733e-07      -1.10661e+03   1.03378e+03  -7.28330e+01      4.000000e-12  1.000000e-05     4489
14.083571   5.04160e-01  5.05504e-01   9.317e-01   4.04401e-10  4.68518e-07      -1.10471e+03   1.03509e+03  -6.96108e+01      4.000000e-12  1.000000e-05     4495
14.110723   5.04141e-01  5.05509e-01   9.316e-01   3.86093e-10  3.99850e-07      -1.10391e+03   1.03654e+03  -6.73655e+01      4.000000e-12  1.000000e-05     4501
14.138765   5.04135e-01  5.05500e-01   9.315e-01   4.02147e-10  5.87191e-07      -1.10304e+03   1.03669e+03  -6.63468e+01      4.000000e-12  1.000000e-05     4507
14.166187   5.04122e-01  5.05493e-01   9.314e-01   3.77710e-10  5.84695e-07      -1.10141e+03   1.03723e+03  -6.41840e+01      4.000000e-12  1.000000e-05     4513
14.193074   5.04113e-01  5.05484e-01   9.313e-01   4.03809e-10  6.36810e-07      -1.09933e+03   1.03825e+03  -6.10809e+01      4.000000e-12  1.000000e-05     4519
14.219020   5.04099e-01  5.05484e-01   9.312e-01   3.86938e-10  5.76561e-07      -1.09659e+03   1.04171e+03  -5.48823e+01      4.000000e-12  1.000000e-05     4525
14.244972   5.04090e-01  5.05484e-01   9.312e-01   3.86008e-10  5.61662e-07      -1.09535e+03   1.04211e+03  -5.32387e+01      4.000000e-12  1.000000e-05     4531
14.271643   5.04095e-01  5.05466e-01   9.312e-01   4.30736e-10  5.88393e-07      -1.09295e+03   1.04564e+03  -4.73102e+01      4.000000e-12  1.000000e-05     4537
14.297457   5.04089e-01  5.05461e-01   9.311e-01   3.84128e-10  5.23357e-07      -1.09336e+03   1.04628e+03  -4.70780e+01      4.000000e-12  1.000000e-05     4543
14.323717   5.04079e-01  5.05457e-01   9.310e-01   3.68088e-10  5.49667e-07      -1.09091e+03   1.04872e+03  -4.21838e+01      4.000000e-12  1.000000e-05     4549
14.350835   5.04086e-01  5.05444e-01   9.309e-01   3.60763e-10  4.70656e-07      -1.09084e+03   1.05174e+03  -3.90929e+01      4.000000e-12  1.000000e-05     4555
14.377639   5.04082e-01  5.05438e-01   9.309e-01   3.69390e-10  5.25279e-07      -1.08904e+03   1.05329e+03  -3.57436e+01      4.000000e-12  1.000000e-05     4561
14.404452   5.04103e-01  5.05403e-01   9.308e-01   3.55864e-10  4.81642e-07      -1.08826e+03   1.05545e+03  -3.28063e+01      4.000000e-12  1.000000e-05     4567
14.431065   5.04091e-01  5.05411e-01   9.307e-01   3.70339e-10  3.75824e-07      -1.08797e+03   1.05607e+03  -3.19007e+01      4.000000e-12  1.000000e-05     4573
14.459022   5.04085e-01  5.05408e-01   9.307e-01   3.52880e-10  3.97838e-07      -1.08880e+03   1.05576e+03  -3.30358e+01      4.000000e-12  1.000000e-05     4579
14.486802   5.04072e-01  5.05412e-01   9.306e-01   3.67621e-10  4.16436e-07      -1.08845e+03   1.05730e+03  -3.11509e+01      4.000000e-12  1.000000e-05     4585
14.515095   5.04061e-01  5.05405e-01   9.304e-01   3.70046e-10  5.25618e-07      -1.08601e+03   1.05970e+03  -2.63040e+01      4.000000e-12  1.000000e-05     4591
14.542491   5.04046e-01  5.05409e-01   9.303e-01   3.73226e-10  5.15204e-07      -1.08477e+03   1.06238e+03  -2.23954e+01      4.000000e-12  1.000000e-05     4597
14.569206   5.04044e-01  5.05407e-01   9.303e-01   3.64343e-10  3.81173e-07      -1.08348e+03   1.06393e+03  -1.95503e+01      4.000000e-12  1.000000e-05     4603
14.596462   5.04041e-01  5.05400e-01   9.302e-01   3.52218e-10  5.88407e-07      -1.08260e+03   1.06698e+03  -1.56211e+01      4.000000e-12  1.000000e-05     4609
14.623194   5.04065e-01  5.05370e-01   9.301e-01   3.48510e-10  5.11057e-07      -1.08186e+03   1.06884e+03  -1.30228e+01      4.000000e-12  1.000000e-05     4615
14.648788   5.04052e-01  5.05375e-01   9.300e-01   3.81454e-10  4.27881e-07      -1.08147e+03   1.06853e+03  -1.29397e+01      4.000000e-12  1.000000e-05     4621
14.675491   5.04046e-01  5.05376e-01   9.300e-01   3.55088e-10  4.20326e-07      -1.07915e+03   1.07210e+03  -7.05232e+00      4.000000e-12  1.000000e-05     4627
14.703218   5.04049e-01  5.05373e-01   9.299e-01   3.39390e-10  4.47600e-07      -1.07686e+03   1.07214e+03  -4.72048e+00      4.000000e-12  1.000000e-05     4633
14.730672   5.04032e-01  5.05386e-01   9.299e-01   3.59019e-10  4.99582e-07      -1.07685e+03   1.07391e+03  -2.93273e+00      4.000000e-12  1.000000e-05     4639
14.758038   5.04032e-01  5.05382e-01   9.298e-01   3.70754e-10  5.58547e-07      -1.07720e+03   1.07381e+03  -3.39126e+00      4.000000e-12  1.000000e-05     4645
14.784515   5.04019e-01  5.05389e-01   9.297e-01   3.78952e-10  4.41788e-07      -1.07665e+03   1.07564e+03  -1.00313e+00      4.000000e-12  1.000000e-05     4651
14.810973   5.04011e-01  5.05391e-01   9.296e-01   3.46090e-10  4.48255e-07      -1.07490e+03   1.07771e+03   2.80751e+00      4.000000e-12  1.000000e-05     4657
14.837990   5.04010e-01  5.05390e-01   9.296e-01   3.57919e-10  6.04419e-07      -1.07458e+03   1.08097e+03   6.39074e+00      4.000000e-12  1.000000e-05     4663
14.864706   5.04003e-01  5.05393e-01   9.295e-01   3.92141e-10  6.94892e-07      -1.07453e+03   1.08392e+03   9.39461e+00      4.000000e-12  1.000000e-05     4669
14.890011   5.03993e-01  5.05403e-01   9.295e-01   3.93316e-10  5.52238e-07      -1.07252e+03   1.08455e+03   1.20245e+01      4.000000e-12  1.000000e-05     4675
14.917122   5.03996e-01  5.05399e-01   9.294e-01   3.62136e-10  5.61252e-07      -1.07283e+03   1.08508e+03   1.22528e+01      4.000000e-12  1.000000e-05     4681
14.944689   5.03991e-01  5.05403e-01   9.293e-01   3.54951e-10  6.11252e-07      -1.07067e+03   1.08398e+03   1.33106e+01      4.000000e-12  1.000000e-05     4687
14.971488   5.03995e-01  5.05400e-01   9.292e-01   3.75733e-10  6.52602e-07      -1.06924e+03   1.08332e+03   1.40733e+01      4.000000e-12  1.000000e-05     4693
14.995993   5.03995e-01  5.05397e-01   9.291e-01   3.52647e-10  5.47758e-07      -1.06864e+03   1.08301e+03   1.43745e+01      4.000000e-12  1.000000e-05     4699
15.022052   5.03994e-01  5.05396e-01   9.291e-01   3.72689e-10  6.58973e-07      -1.06829e+03   1.08347e+03   1.51748e+01      4.000000e-12  1.000000e-05     4705
15.048198   5.03998e-01  5.05388e-01   9.290e-01   3.33983e-10  6.55301e-07      -1.06821e+03   1.08342e+03   1.52093e+01      4.000000e-12  1.000000e-05     4711
15.075336   5.04001e-01  5.05381e-01   9.289e-01   3.48909e-10  5.66449e-07      -1.06575e+03   1.08701e+03   2.12545e+01      4.000000e-12  1.000000e-05     4717
15.101641   5.04005e-01  5.05378e-01   9.289e-01   3.67318e-10  5.16650e-07      -1.06410e+03   1.08979e+03   2.56831e+01      4.000000e-12  1.000000e-05     4723
15.127880   5.04020e-01  5.05365e-01   9.288e-01   3.61600e-10  4.30567e-07      -1.06270e+03   1.09059e+03   2.78979e+01      4.000000e-12  1.000000e-05     4729
15.154265   5.04008e-01  5.05378e-01   9.287e-01   3.44652e-10  7.50515e-07      -1.05837e+03   1.09351e+03   3.51402e+01      4.000000e-12  1.000000e-05     4735
15.180805   5.04012e-01  5.05375e-01   9.286e-01   3.74954e-10  5.27236e-07      -1.05853e+03   1.09480e+03   3.62649e+01      4.000000e-12  1.000000e-05     4741
15.207694   5.04020e-01  5.05370e-01   9.286e-01   3.45728e-10  5.13719e-07      -1.05652e+03   1.09578e+03   3.92608e+01      4.000000e-12  1.000000e-05     4747
15.234407   5.04018e-01  5.05372e-01   9.285e-01   3.88666e-10  4.67765e-07      -1.05728e+03   1.09474e+03   3.74551e+01      4.000000e-12  1.000000e-05     4753
15.261212   5.04023e-01  5.05369e-01   9.284e-01   4.00300e-10  5.27161e-07      -1.05576e+03   1.09553e+03   3.97652e+01      4.000000e-12  1.000000e-05     4759
15.287247   5.04034e-01  5.05360e-01   9.283e-01   3.62240e-10  5.43684e-07      -1.05546e+03   1.09441e+03   3.89589e+01      4.000000e-12  1.000000e-05     4765
15.313401   5.04041e-01  5.05356e-01   9.282e-01   3.72966e-10  5.45284e-07      -1.05405e+03   1.09443e+03   4.03822e+01      4.000000e-12  1.000000e-05     4771
15.338591   5.04038e-01  5.05365e-01   9.282e-01   3.48245e-10  4.59684e-07      -1.05303e+03   1.09606e+03   4.30284e+01      4.000000e-12  1.000000e-05     4777
15.365410   5.04049e-01  5.05350e-01   9.281e-01   3.24784e-10  3.99553e-07      -1.05201e+03   1.09784e+03   4.58368e+01      4.000000e-12  1.000000e-05     4783
15.392441   5.04042e-01  5.05365e-01   9.281e-01   3.18420e-10  6.14381e-07      -1.05083e+03   1.09734e+03   4.65094e+01      4.000000e-12  1.000000e-05     4789
15.419719   5.04031e-01  5.05384e-01   9.280e-01   3.18549e-10  6.05472e-07      -1.04988e+03   1.09901e+03   4.91258e+01      4.000000e-12  1.000000e-05     4795
15.447126   5.04042e-01  5.05377e-01   9.279e-01   3.13392e-10  4.73921e-07      -1.04830e+03   1.09954e+03   5.12428e+01      4.000000e-12  1.000000e-05     4801
15.473886   5.04046e-01  5.05379e-01   9.279e-01   3.32276e-10  4.49229e-07      -1.04913e+03   1.10157e+03   5.24388e+01      4.000000e-12  1.000000e-05     4807
15.501723   5.04058e-01  5.05367e-01   9.278e-01   3.49583e-10  5.82865e-07      -1.05045e+03   1.10117e+03   5.07192e+01      4.000000e-12  1.000000e-05     4813
15.529288   5.04066e-01  5.05360e-01   9.277e-01   3.37990e-10  5.48047e-07      -1.05019e+03   1.10193e+03   5.17367e+01      4.000000e-12  1.000000e-05     4819
15.557093   5.04067e-01  5.05356e-01   9.276e-01   3.26601e-10  5.74386e-07      -1.05054e+03   1.10215e+03   5.16077e+01      4.000000e-12  1.000000e-05     4825
15.584092   5.04076e-01  5.05357e-01   9.275e-01   3.43220e-10  7.07638e-07      -1.05203e+03   1.10347e+03   5.14354e+01      4.000000e-12  1.000000e-05     4831
15.610470   5.04080e-01  5.05360e-01   9.274e-01   3.85284e-10  6.25419e-07      -1.05072e+03   1.10462e+03   5.38971e+01      4.000000e-12  1.000000e-05     4837
15.637105   5.04073e-01  5.05368e-01   9.274e-01   3.66730e-10  5.37458e-07      -1.05003e+03   1.10547e+03   5.54379e+01      4.000000e-12  1.000000e-05     4843
15.663294   5.04073e-01  5.05377e-01   9.273e-01   3.86924e-10  6.04172e-07      -1.04795e+03   1.10709e+03   5.91462e+01      4.000000e-12  1.000000e-05     4849
15.690214   5.04071e-01  5.05382e-01   9.272e-01   3.44551e-10  6.43790e-07      -1.04503e+03   1.10929e+03   6.42547e+01      4.000000e-12  1.000000e-05     4855
15.716922   5.04075e-01  5.05387e-01   9.272e-01   3.35043e-10  7.27059e-07      -1.04276e+03   1.11198e+03   6.92210e+01      4.000000e-12  1.000000e-05     4861
15.744366   5.04096e-01  5.05374e-01   9.271e-01   3.38035e-10  7.45365e-07      -1.04366e+03   1.11302e+03   6.93564e+01      4.000000e-12  1.000000e-05     4867
15.771298   5.04099e-01  5.05377e-01   9.270e-01   3.43136e-10  6.43414e-07      -1.04346e+03   1.11234e+03   6.88795e+01      4.000000e-12  1.000000e-05     4873
15.799406   5.04108e-01  5.05375e-01   9.269e-01   3.32029e-10  6.04908e-07      -1.04219e+03   1.11406e+03   7.18782e+01      4.000000e-12  1.000000e-05     4879
15.828261   5.04135e-01  5.05356e-01   9.268e-01   3.52967e-10  6.59707e-07      -1.04081e+03   1.11132e+03   7.05156e+01      4.000000e-12  1.000000e-05     4885
15.854930   5.04155e-01  5.05345e-01   9.268e-01   3.40191e-10  5.71982e-07      -1.04242e+03   1.10966e+03   6.72480e+01      4.000000e-12  1.000000e-05     4891
15.882135   5.04143e-01  5.05363e-01   9.267e-01   3.13121e-10  5.19899e-07      -1.04182e+03   1.11135e+03   6.95332e+01      4.000000e-12  1.000000e-05     4897
15.909842   5.04158e-01  5.05361e-01   9.266e-01   3.23879e-10  5.33983e-07      -1.04311e+03   1.10900e+03   6.58932e+01      4.000000e-12  1.000000e-05     4903
15.937879   5.04173e-01  5.05348e-01   9.265e-01   3.22702e-10  4.68675e-07      -1.04536e+03   1.10957e+03   6.42084e+01      4.000000e-12  1.000000e-05     4909
15.965448   5.04177e-01  5.05350e-01   9.265e-01   3.34380e-10  4.84322e-07      -1.04730e+03   1.10963e+03   6.23315e+01      4.000000e-12  1.000000e-05     4915
15.993401   5.04171e-01  5.05361e-01   9.264e-01   3.40977e-10  4.29595e-07      -1.04726e+03   1.10909e+03   6.18292e+01      4.000000e-12  1.000000e-05     4921
16.020989   5.04168e-01  5.05365e-01   9.263e-01   3.25279e-10  6.04799e-07      -1.04474e+03   1.10962e+03   6.48759e+01      4.000000e-12  1.000000e-05     4927
16.049186   5.04169e-01  5.05374e-01   9.263e-01   3.40465e-10  5.35523e-07      -1.04297e+03   1.11260e+03   6.96381e+01      4.000000e-12  1.000000e-05     4933
16.077079   5.04174e-01  5.05379e-01   9.262e-01   3.58296e-10  5.78702e-07      -1.04165e+03   1.11340e+03   7.17432e+01      4.000000e-12  1.000000e-05     4939
16.105082   5.04163e-01  5.05395e-01   9.262e-01   3.35201e-10  5.18267e-07      -1.04080e+03   1.11275e+03   7.19565e+01      4.000000e-12  1.000000e-05     4945
16.133521   5.04171e-01  5.05395e-01   9.261e-01   3.33113e-10  4.79756e-07      -1.04147e+03   1.11248e+03   7.10116e+01      4.000000e-12  1.000000e-05     4951
16.161583   5.04178e-01  5.05395e-01   9.260e-01   3.60099e-10  5.41548e-07      -1.04378e+03   1.11130e+03   6.75226e+01      4.000000e-12  1.000000e-05     4957
16.188502   5.04188e-01  5.05394e-01   9.259e-01   3.51733e-10  5.94536e-07      -1.04406e+03   1.11162e+03   6.75615e+01      4.000000e-12  1.000000e-05     4963
16.215162   5.04192e-01  5.05399e-01   9.259e-01   3.45165e-10  4.54367e-07      -1.04245e+03   1.11243e+03   6.99821e+01      4.000000e-12  1.000000e-05     4969
16.243441   5.04200e-01  5.05403e-01   9.258e-01   3.57742e-10  5.91730e-07      -1.04172e+03   1.11209e+03   7.03784e+01      4.000000e-12  1.000000e-05     4975
16.270491   5.04201e-01  5.05407e-01   9.257e-01   3.41518e-10  5.37815e-07      -1.04037e+03   1.11328e+03   7.29050e+01      4.000000e-12  1.000000e-05     4981
16.297482   5.04197e-01  5.05420e-01   9.257e-01   3.25840e-10  7.10765e-07      -1.03960e+03   1.11301e+03   7.34173e+01      4.000000e-12  1.000000e-05     4987
16.324570   5.04206e-01  5.05419e-01   9.256e-01   3.33896e-10  6.10730e-07      -1.03943e+03   1.11294e+03   7.35034e+01      4.000000e-12  1.000000e-05     4993
16.351035   5.04198e-01  5.05437e-01   9.255e-01   3.40080e-10  7.20882e-07      -1.04030e+03   1.11254e+03   7.22389e+01      4.000000e-12  1.000000e-05     4999
16.377936   5.04210e-01  5.05423e-01   9.254e-01   3.52742e-10  6.62211e-07      -1.03932e+03   1.11429e+03   7.49777e+01      4.000000e-12  1.000000e-05     5005
16.403914   5.04221e-01  5.05419e-01   9.253e-01   3.36164e-10  5.70187e-07      -1.03920e+03   1.11583e+03   7.66277e+01      4.000000e-12  1.000000e-05     5011
16.430783   5.04231e-01  5.05416e-01   9.252e-01   3.30671e-10  6.04538e-07      -1.03856e+03   1.11633e+03   7.77698e+01      4.000000e-12  1.000000e-05     5017
16.458307   5.04248e-01  5.05410e-01   9.252e-01   3.46027e-10  5.67311e-07      -1.03949e+03   1.11603e+03   7.65390e+01      4.000000e-12  1.000000e-05     5023
16.485132   5.04266e-01  5.05402e-01   9.251e-01   3.30562e-10  5.42706e-07      -1.03869e+03   1.11547e+03   7.67787e+01      4.000000e-12  1.000000e-05     5029
16.513004   5.04256e-01  5.05420e-01   9.251e-01   3.32743e-10  6.59786e-07      -1.03769e+03   1.11588e+03   7.81877e+01      4.000000e-12  1.000000e-05     5035
16.539223   5.04270e-01  5.05418e-01   9.250e-01   3.24529e-10  5.73760e-07      -1.03708e+03   1.11558e+03   7.84987e+01      4.000000e-12  1.000000e-05     5041
16.566882   5.04274e-01  5.05423e-01   9.250e-01   3.19382e-10  7.13135e-07      -1.03606e+03   1.11628e+03   8.02261e+01      4.000000e-12  1.000000e-05     5047
16.594824   5.04295e-01  5.05411e-01   9.249e-01   3.01669e-10  6.19693e-07      -1.03678e+03   1.11503e+03   7.82545e+01      4.000000e-12  1.000000e-05     5053
16.623010   5.04303e-01  5.05415e-01   9.248e-01   3.19075e-10  6.88072e-07      -1.03680e+03   1.11520e+03   7.84026e+01      4.000000e-12  1.000000e-05     5059
16.651650   5.04319e-01  5.05410e-01   9.248e-01   3.40395e-10  5.14226e-07      -1.03859e+03   1.11609e+03   7.75008e+01      4.000000e-12  1.000000e-05     5065
16.679629   5.04331e-01  5.05412e-01   9.248e-01   3.19636e-10  7.66253e-07      -1.03955e+03   1.11527e+03   7.57214e+01      4.000000e-12  1.000000e-05     5071
16.707870   5.04343e-01  5.05411e-01   9.247e-01   3.14537e-10  4.99319e-07      -1.03953e+03   1.11459e+03   7.50622e+01      4.000000e-12  1.000000e-05     5077
16.737039   5.04341e-01  5.05424e-01   9.246e-01   3.28349e-10  5.38593e-07      -1.04033e+03   1.11412e+03   7.37916e+01      4.000000e-12  1.000000e-05     5083
16.765833   5.04344e-01  5.05426e-01   9.245e-01   3.28589e-10  5.44362e-07      -1.03913e+03   1.11291e+03   7.37768e+01      4.000000e-12  1.000000e-05     5089
16.793440   5.04365e-01  5.05414e-01   9.244e-01   3.09098e-10  7.55099e-07      -1.04159e+03   1.11037e+03   6.87819e+01      4.000000e-12  1.000000e-05     5095
16.819502   5.04358e-01  5.05428e-01   9.244e-01   3.11770e-10  6.24909e-07      -1.04205e+03   1.10995e+03   6.79011e+01      4.000000e-12  1.000000e-05     5101
16.845930   5.04363e-01  5.05429e-01   9.243e-01   3.29191e-10  5.53272e-07      -1.04354e+03   1.11188e+03   6.83390e+01      4.000000e-12  1.000000e-05     5107
16.872492   5.04360e-01  5.05439e-01   9.242e-01   3.27974e-10  5.22936e-07      -1.04304e+03   1.11283e+03   6.97936e+01      4.000000e-12  1.000000e-05     5113
16.899330   5.04367e-01  5.05439e-01   9.242e-01   3.19201e-10  5.47871e-07      -1.04283e+03   1.11146e+03   6.86259e+01      4.000000e-12  1.000000e-05     5119
16.927473   5.04364e-01  5.05454e-01   9.242e-01   3.21033e-10  5.88787e-07      -1.04418e+03   1.11326e+03   6.90842e+01      4.000000e-12  1.000000e-05     5125
16.955485   5.04356e-01  5.05474e-01   9.241e-01   3.20386e-10  5.11612e-07      -1.04537e+03   1.11124e+03   6.58711e+01      4.000000e-12  1.000000e-05     5131
16.983650   5.04365e-01  5.05478e-01   9.240e-01   3.00460e-10  4.90689e-07      -1.04522e+03   1.10982e+03   6.45973e+01      4.000000e-12  1.000000e-05     5137
17.012121   5.04374e-01  5.05476e-01   9.240e-01   3.09860e-10  5.30344e-07      -1.04370e+03   1.10903e+03   6.53296e+01      4.000000e-12  1.000000e-05     5143
17.038946   5.04378e-01  5.05478e-01   9.239e-01   3.31309e-10  4.95122e-07      -1.04305e+03   1.11074e+03   6.76999e+01      4.000000e-12  1.000000e-05     5149
17.066108   5.04376e-01  5.05487e-01   9.239e-01   3.40260e-10  4.86699e-07      -1.04374e+03   1.11013e+03   6.63908e+01      4.000000e-12  1.000000e-05     5155
17.093435   5.04402e-01  5.05468e-01   9.238e-01   3.53451e-10  4.97001e-07      -1.04444e+03   1.11017e+03   6.57267e+01      4.000000e-12  1.000000e-05     5161
17.119681   5.04406e-01  5.05471e-01   9.237e-01   3.17043e-10  3.88139e-07      -1.04458e+03   1.10910e+03   6.45244e+01      4.000000e-12  1.000000e-05     5167
17.149190   5.04420e-01  5.05462e-01   9.237e-01   3.03154e-10  3.34270e-07      -1.04362e+03   1.10795e+03   6.43347e+01      4.000000e-12  1.000000e-05     5173
17.178781   5.04411e-01  5.05479e-01   9.236e-01   3.07846e-10  4.33383e-07      -1.04496e+03   1.10839e+03   6.34305e+01      4.000000e-12  1.000000e-05     5179
17.207743   5.04420e-01  5.05476e-01   9.235e-01   2.91590e-10  4.77864e-07      -1.04583e+03   1.10936e+03   6.35342e+01      4.000000e-12  1.000000e-05     5185
17.235680   5.04439e-01  5.05470e-01   9.234e-01   2.74195e-10  4.34095e-07      -1.04407e+03   1.10925e+03   6.51804e+01      4.000000e-12  1.000000e-05     5191
17.263726   5.04443e-01  5.05474e-01   9.234e-01   3.01076e-10  3.84514e-07      -1.04554e+03   1.10803e+03   6.24901e+01      4.000000e-12  1.000000e-05     5197
17.292643   5.04450e-01  5.05472e-01   9.233e-01   2.79889e-10  5.29895e-07      -1.04552e+03   1.10703e+03   6.15105e+01      4.000000e-12  1.000000e-05     5203
17.320368   5.04439e-01  5.05490e-01   9.232e-01   2.91967e-10  4.30075e-07      -1.04654e+03   1.10735e+03   6.08112e+01      4.000000e-12  1.000000e-05     5209
17.348335   5.04438e-01  5.05495e-01   9.232e-01   3.01030e-10  3.84808e-07      -1.04803e+03   1.10627e+03   5.82435e+01      4.000000e-12  1.000000e-05     5215
17.376512   5.04420e-01  5.05517e-01   9.231e-01   3.29613e-10  4.93529e-07      -1.05047e+03   1.10472e+03   5.42528e+01      4.000000e-12  1.000000e-05     5221
17.402382   5.04414e-01  5.05528e-01   9.230e-01   3.10166e-10  3.66258e-07      -1.05096e+03   1.10426e+03   5.33041e+01      4.000000e-12  1.000000e-05     5227
17.430762   5.04413e-01  5.05533e-01   9.230e-01   2.98936e-10  3.76886e-07      -1.05221e+03   1.10112e+03   4.89094e+01      4.000000e-12  1.000000e-05     5233
17.459012   5.04414e-01  5.05535e-01   9.229e-01   2.97013e-10  4.79471e-07      -1.05094e+03   1.10141e+03   5.04658e+01      4.000000e-12  1.000000e-05     5239
17.486974   5.04431e-01  5.05523e-01   9.229e-01   2.92045e-10  3.57984e-07      -1.05151e+03   1.10035e+03   4.88399e+01      4.000000e-12  1.000000e-05     5245
17.515620   5.04419e-01  5.05536e-01   9.228e-01   3.02804e-10  3.49452e-07      -1.05384e+03   1.10023e+03   4.63895e+01      4.000000e-12  1.000000e-05     5251
17.543848   5.04419e-01  5.05541e-01   9.228e-01   3.11126e-10  3.22321e-07      -1.05391e+03   1.10112e+03   4.72134e+01      4.000000e-12  1.000000e-05     5257
17.571939   5.04412e-01  5.05552e-01   9.227e-01   3.10072e-10  5.17040e-07      -1.05247e+03   1.10100e+03   4.85281e+01      4.000000e-12  1.000000e-05     5263
17.599341   5.04414e-01  5.05557e-01   9.226e-01   2.97327e-10  4.90449e-07      -1.05177e+03   1.10223e+03   5.04539e+01      4.000000e-12  1.000000e-05     5269
17.626745   5.04439e-01  5.05536e-01   9.225e-01   2.95370e-10  5.08855e-07      -1.05328e+03   1.10046e+03   4.71848e+01      4.000000e-12  1.000000e-05     5275
17.654101   5.04438e-01  5.05541e-01   9.225e-01   3.08821e-10  3.69833e-07      -1.05143e+03   1.10121e+03   4.97850e+01      4.000000e-12  1.000000e-05     5281
17.681625   5.04436e-01  5.05541e-01   9.224e-01   2.97831e-10  3.37649e-07      -1.05263e+03   1.09937e+03   4.67396e+01      4.000000e-12  1.000000e-05     5287
17.709143   5.04436e-01  5.05549e-01   9.224e-01   2.71461e-10  3.14778e-07      -1.05187e+03   1.09924e+03   4.73643e+01      4.000000e-12  1.000000e-05     5293
17.739775   5.04441e-01  5.05546e-01   9.223e-01   2.67761e-10  2.76004e-07      -1.05301e+03   1.10025e+03   4.72486e+01      4.000000e-12  1.000000e-05     5299
17.769547   5.04443e-01  5.05550e-01   9.222e-01   2.69715e-10  2.45704e-07      -1.05440e+03   1.09913e+03   4.47353e+01      4.000000e-12  1.000000e-05     5305
17.800004   5.04453e-01  5.05538e-01   9.221e-01   2.89420e-10  3.59376e-07      -1.05367e+03   1.10049e+03   4.68187e+01      4.000000e-12  1.000000e-05     5311
17.828068   5.04462e-01  5.05531e-01   9.221e-01   2.92610e-10  5.12011e-07      -1.05572e+03   1.10013e+03   4.44070e+01      4.000000e-12  1.000000e-05     5317
17.855590   5.04460e-01  5.05533e-01   9.220e-01   2.98846e-10  4.21339e-07      -1.05723e+03   1.09847e+03   4.12350e+01      4.000000e-12  1.000000e-05     5323
17.883335   5.04453e-01  5.05546e-01   9.220e-01   2.70208e-10  4.41163e-07      -1.05856e+03   1.09948e+03   4.09165e+01      4.000000e-12  1.000000e-05     5329
17.911222   5.04456e-01  5.05550e-01   9.219e-01   2.92786e-10  4.17039e-07      -1.05811e+03   1.10161e+03   4.34986e+01      4.000000e-12  1.000000e-05     5335
17.939248   5.04456e-01  5.05545e-01   9.218e-01   3.16774e-10  3.41365e-07      -1.05976e+03   1.10033e+03   4.05708e+01      4.000000e-12  1.000000e-05     5341
17.966743   5.04457e-01  5.05554e-01   9.218e-01   3.08295e-10  2.92199e-07      -1.05872e+03   1.09985e+03   4.11274e+01      4.000000e-12  1.000000e-05     5347
17.994521   5.04467e-01  5.05548e-01   9.217e-01   3.07829e-10  2.80537e-07      -1.05744e+03   1.09853e+03   4.10926e+01      4.000000e-12  1.000000e-05     5353
18.021569   5.04464e-01  5.05552e-01   9.216e-01   2.78392e-10  3.41860e-07      -1.05742e+03   1.09880e+03   4.13806e+01      4.000000e-12  1.000000e-05     5359
18.050003   5.04474e-01  5.05544e-01   9.216e-01   2.80096e-10  5.16107e-07      -1.05903e+03   1.09874e+03   3.97109e+01      4.000000e-12  1.000000e-05     5365
18.078466   5.04472e-01  5.05546e-01   9.215e-01   2.66002e-10  3.56585e-07      -1.06039e+03   1.09745e+03   3.70651e+01      4.000000e-12  1.000000e-05     5371
18.107635   5.04476e-01  5.05546e-01   9.215e-01   3.00220e-10  2.91331e-07      -1.05928e+03   1.09831e+03   3.90254e+01      4.000000e-12  1.000000e-05     5377
18.136122   5.04497e-01  5.05534e-01   9.214e-01   2.88452e-10  3.15188e-07      -1.05957e+03   1.09945e+03   3.98849e+01      4.000000e-12  1.000000e-05     5383
18.163404   5.04510e-01  5.05523e-01   9.213e-01   2.95923e-10  4.12654e-07      -1.06059e+03   1.09955e+03   3.89631e+01      4.000000e-12  1.000000e-05     5389
18.191524   5.04492e-01  5.05538e-01   9.212e-01   2.77705e-10  4.07234e-07      -1.06090e+03   1.09876e+03   3.78682e+01      4.000000e-12  1.000000e-05     5395
18.219181   5.04490e-01  5.05544e-01   9.212e-01   2.99165e-10  3.34227e-07      -1.06251e+03   1.09663e+03   3.41242e+01      4.000000e-12  1.000000e-05     5401
18.247786   5.04497e-01  5.05540e-01   9.211e-01   3.06173e-10  3.16219e-07      -1.06341e+03   1.09586e+03   3.24541e+01      4.000000e-12  1.000000e-05     5407
18.276148   5.04500e-01  5.05543e-01   9.211e-01   2.96582e-10  2.93690e-07      -1.06326e+03   1.09770e+03   3.44432e+01      4.000000e-12  1.000000e-05     5413
18.305436   5.04490e-01  5.05560e-01   9.210e-01   2.91107e-10  3.99838e-07      -1.06410e+03   1.09713e+03   3.30290e+01      4.000000e-12  1.000000e-05     5419
18.333051   5.04486e-01  5.05564e-01   9.210e-01   2.73095e-10  3.19556e-07      -1.06364e+03   1.09958e+03   3.59403e+01      4.000000e-12  1.000000e-05     5425
18.361837   5.04482e-01  5.05571e-01   9.209e-01   2.69252e-10  3.33223e-07      -1.06361e+03   1.10036e+03   3.67515e+01      4.000000e-12  1.000000e-05     5431
18.389832   5.04473e-01  5.05582e-01   9.209e-01   2.67848e-10  2.92607e-07      -1.06396e+03   1.09713e+03   3.31752e+01      4.000000e-12  1.000000e-05     5437
18.417899   5.04482e-01  5.05579e-01   9.208e-01   2.92568e-10  2.80693e-07      -1.06385e+03   1.09638e+03   3.25279e+01      4.000000e-12  1.000000e-05     5443
18.446029   5.04483e-01  5.05583e-01   9.208e-01   2.81762e-10  2.49300e-07      -1.06377e+03   1.09653e+03   3.27645e+01      4.000000e-12  1.000000e-05     5449
18.475399   5.04496e-01  5.05575e-01   9.207e-01   2.99422e-10  2.29457e-07      -1.06619e+03   1.09346e+03   2.72690e+01      4.000000e-12  1.000000e-05     5455
18.503937   5.04497e-01  5.05576e-01   9.206e-01   2.96404e-10  4.96999e-07      -1.06698e+03   1.08932e+03   2.23379e+01      4.000000e-12  1.000000e-05     5461
18.530714   5.04493e-01  5.05582e-01   9.205e-01   2.89091e-10  3.18438e-07      -1.06663e+03   1.08964e+03   2.30080e+01      4.000000e-12  1.000000e-05     5467
18.558062   5.04494e-01  5.05583e-01   9.204e-01   2.74260e-10  5.00547e-07      -1.06633e+03   1.09152e+03   2.51878e+01      4.000000e-12  1.000000e-05     5473
18.585690   5.04498e-01  5.05581e-01   9.204e-01   2.64400e-10  3.73559e-07      -1.06645e+03   1.09161e+03   2.51634e+01      4.000000e-12  1.000000e-05     5479
18.613737   5.04489e-01  5.05597e-01   9.203e-01   2.79946e-10  3.77618e-07      -1.06771e+03   1.09177e+03   2.40552e+01      4.000000e-12  1.000000e-05     5485
18.640694   5.04497e-01  5.05592e-01   9.203e-01   2.60929e-10  2.48525e-07      -1.06750e+03   1.09138e+03   2.38786e+01      4.000000e-12  1.000000e-05     5491
18.670141   5.04502e-01  5.05589e-01   9.202e-01   2.77886e-10  2.98550e-07      -1.06562e+03   1.09270e+03   2.70765e+01      4.000000e-12  1.000000e-05     5497
18.699528   5.04523e-01  5.05573e-01   9.201e-01   2.57947e-10  4.84813e-07      -1.06610e+03   1.09365e+03   2.75516e+01      4.000000e-12  1.000000e-05     5503
18.727795   5.04529e-01  5.05566e-01   9.201e-01   2.60734e-10  2.32686e-07      -1.06648e+03   1.09189e+03   2.54108e+01      4.000000e-12  1.000000e-05     5509
18.757007   5.04540e-01  5.05560e-01   9.200e-01   3.01844e-10  1.89846e-07      -1.06959e+03   1.08908e+03   1.94886e+01      4.000000e-12  1.000000e-05     5515
18.785867   5.04542e-01  5.05560e-01   9.200e-01   2.77477e-10  3.08175e-07      -1.06928e+03   1.08886e+03   1.95852e+01      4.000000e-12  1.000000e-05     5521
18.813103   5.04535e-01  5.05563e-01   9.199e-01   2.99665e-10  2.15566e-07      -1.07012e+03   1.08911e+03   1.89940e+01      4.000000e-12  1.000000e-05     5527
18.842374   5.04526e-01  5.05571e-01   9.198e-01   2.81520e-10  3.23272e-07      -1.06980e+03   1.09144e+03   2.16431e+01      4.000000e-12  1.000000e-05     5533
18.870299   5.04515e-01  5.05581e-01   9.197e-01   2.92276e-10  1.97275e-07      -1.07172e+03   1.08944e+03   1.77239e+01      4.000000e-12  1.000000e-05     5539
18.899405   5.04519e-01  5.05578e-01   9.196e-01   2.79100e-10  3.31007e-07      -1.07325e+03   1.08870e+03   1.54429e+01      4.000000e-12  1.000000e-05     5545
18.928148   5.04515e-01  5.05581e-01   9.196e-01   2.92649e-10  3.17068e-07      -1.07425e+03   1.08706e+03   1.28155e+01      4.000000e-12  1.000000e-05     5551
18.956516   5.04522e-01  5.05572e-01   9.195e-01   2.88192e-10  3.84748e-07      -1.07483e+03   1.08820e+03   1.33722e+01      4.000000e-12  1.000000e-05     5557
18.983784   5.04527e-01  5.05569e-01   9.195e-01   2.82221e-10  3.36639e-07      -1.07597e+03   1.08712e+03   1.11467e+01      4.000000e-12  1.000000e-05     5563
19.012736   5.04530e-01  5.05562e-01   9.194e-01   2.84521e-10  5.36080e-07      -1.07867e+03   1.08552e+03   6.85143e+00      4.000000e-12  1.000000e-05     5569
19.039853   5.04531e-01  5.05558e-01   9.193e-01   2.84782e-10  4.18995e-07      -1.07774e+03   1.08626e+03   8.52273e+00      4.000000e-12  1.000000e-05     5575
19.067347   5.04532e-01  5.05552e-01   9.193e-01   2.86122e-10  3.14944e-07      -1.07738e+03   1.08635e+03   8.96456e+00      4.000000e-12  1.000000e-05     5581
19.096071   5.04522e-01  5.05561e-01   9.192e-01   2.82595e-10  2.96776e-07      -1.07847e+03   1.08406e+03   5.59252e+00      4.000000e-12  1.000000e-05     5587
19.124719   5.04529e-01  5.05546e-01   9.191e-01   2.80209e-10  2.70604e-07      -1.07752e+03   1.08441e+03   6.89028e+00      4.000000e-12  1.000000e-05     5593
19.153493   5.04520e-01  5.05547e-01   9.191e-01   2.95401e-10  3.31267e-07      -1.07748e+03   1.08436e+03   6.87700e+00      4.000000e-12  1.000000e-05     5599
19.181860   5.04494e-01  5.05570e-01   9.190e-01   2.95383e-10  3.14581e-07      -1.07824e+03   1.08480e+03   6.55451e+00      4.000000e-12  1.000000e-05     5605
19.210231   5.04496e-01  5.05566e-01   9.189e-01   2.97514e-10  3.06468e-07      -1.07696e+03   1.08518e+03   8.21304e+00      4.000000e-12  1.000000e-05     5611
19.239021   5.04498e-01  5.05562e-01   9.189e-01   2.86723e-10  3.79939e-07      -1.07610e+03   1.08697e+03   1.08655e+01      4.000000e-12  1.000000e-05     5617
19.268348   5.04495e-01  5.05561e-01   9.188e-01   2.58589e-10  2.49566e-07      -1.07645e+03   1.08627e+03   9.82348e+00      4.000000e-12  1.000000e-05     5623
19.297983   5.04500e-01  5.05557e-01   9.187e-01   2.70275e-10  2.51830e-07      -1.07456e+03   1.08800e+03   1.34407e+01      4.000000e-12  1.000000e-05     5629
19.327415   5.04505e-01  5.05543e-01   9.186e-01   2.80306e-10  3.22374e-07      -1.07562e+03   1.08923e+03   1.36105e+01      4.000000e-12  1.000000e-05     5635
19.354621   5.04500e-01  5.05549e-01   9.186e-01   2.81155e-10  2.57609e-07      -1.07549e+03   1.08967e+03   1.41823e+01      4.000000e-12  1.000000e-05     5641
19.383145   5.04486e-01  5.05560e-01   9.185e-01   2.86450e-10  3.18235e-07      -1.07608e+03   1.08721e+03   1.11308e+01      4.000000e-12  1.000000e-05     5647
19.411107   5.04492e-01  5.05555e-01   9.185e-01   2.81898e-10  2.51047e-07      -1.07571e+03   1.08783e+03   1.21147e+01      4.000000e-12  1.000000e-05     5653
19.440322   5.04490e-01  5.05557e-01   9.184e-01   2.70756e-10  3.29274e-07      -1.07498e+03   1.08757e+03   1.25901e+01      4.000000e-12  1.000000e-05     5659
19.468839   5.04486e-01  5.05558e-01   9.183e-01   2.63615e-10  2.73038e-07      -1.07620e+03   1.08443e+03   8.23722e+00      4.000000e-12  1.000000e-05     5665
19.497939   5.04488e-01  5.05556e-01   9.183e-01   2.83574e-10  2.15767e-07      -1.07768e+03   1.08459e+03   6.90302e+00      4.000000e-12  1.000000e-05     5671
19.526677   5.04500e-01  5.05540e-01   9.182e-01   2.68539e-10  1.68893e-07      -1.07750e+03   1.08618e+03   8.67530e+00      4.000000e-12  1.000000e-05     5677
19.556427   5.04487e-01  5.05547e-01   9.181e-01   2.58850e-10  3.17621e-07      -1.07798e+03   1.08864e+03   1.06658e+01      4.000000e-12  1.000000e-05     5683
19.585463   5.04487e-01  5.05548e-01   9.181e-01   2.73198e-10  2.12608e-07      -1.07748e+03   1.08884e+03   1.13602e+01      4.000000e-12  1.000000e-05     5689
19.614779   5.04493e-01  5.05542e-01   9.181e-01   2.49158e-10  2.39971e-07      -1.07670e+03   1.08925e+03   1.25472e+01      4.000000e-12  1.000000e-05     5695
19.644140   5.04487e-01  5.05547e-01   9.180e-01   2.42760e-10  3.24720e-07      -1.07648e+03   1.09079e+03   1.43103e+01      4.000000e-12  1.000000e-05     5701
19.674479   5.04490e-01  5.05542e-01   9.180e-01   2.37757e-10  2.71078e-07      -1.07733e+03   1.09046e+03   1.31295e+01      4.000000e-12  1.000000e-05     5707
19.704921   5.04497e-01  5.05535e-01   9.179e-01   2.33386e-10  2.13912e-07      -1.07741e+03   1.08923e+03   1.18202e+01      4.000000e-12  1.000000e-05     5713
19.736636   5.04490e-01  5.05537e-01   9.179e-01   2.27399e-10  2.43511e-07      -1.07755e+03   1.08793e+03   1.03750e+01      4.000000e-12  1.000000e-05     5719
19.766247   5.04487e-01  5.05535e-01   9.178e-01   2.33319e-10  4.41393e-07      -1.07501e+03   1.09084e+03   1.58299e+01      4.000000e-12  1.000000e-05     5725
19.795803   5.04499e-01  5.05523e-01   9.177e-01   2.56184e-10  5.34533e-07      -1.07566e+03   1.09150e+03   1.58427e+01      4.000000e-12  1.000000e-05     5731
19.823319   5.04511e-01  5.05511e-01   9.176e-01   2.63091e-10  3.33619e-07      -1.07620e+03   1.09126e+03   1.50531e+01      4.000000e-12  1.000000e-05     5737
19.851212   5.04511e-01  5.05509e-01   9.176e-01   2.47838e-10  3.19501e-07      -1.07661e+03   1.09132e+03   1.47103e+01      4.000000e-12  1.000000e-05     5743
19.880045   5.04510e-01  5.05506e-01   9.175e-01   2.70814e-10  2.78051e-07      -1.07700e+03   1.09153e+03   1.45300e+01      4.000000e-12  1.000000e-05     5749
19.908924   5.04508e-01  5.05500e-01   9.174e-01   2.47492e-10  2.63422e-07      -1.07679e+03   1.09071e+03   1.39243e+01      4.000000e-12  1.000000e-05     5755
19.938554   5.04484e-01  5.05515e-01   9.173e-01   2.86908e-10  4.18686e-07      -1.07587e+03   1.09226e+03   1.63880e+01      4.000000e-12  1.000000e-05     5761
19.965919   5.04472e-01  5.05532e-01   9.172e-01   2.60541e-10  3.85486e-07      -1.07540e+03   1.09289e+03   1.74863e+01      4.000000e-12  1.000000e-05     5767
19.993957   5.04464e-01  5.05537e-01   9.172e-01   2.73544e-10  3.27215e-07      -1.07546e+03   1.09049e+03   1.50322e+01      4.000000e-12  1.000000e-05     5773
20.022487   5.04439e-01  5.05557e-01   9.171e-01   2.76928e-10  3.42813e-07      -1.07597e+03   1.09098e+03   1.50073e+01      4.000000e-12  1.000000e-05     5779
20.051392   5.04429e-01  5.05567e-01   9.170e-01   2.71448e-10  4.18799e-07      -1.07669e+03   1.09047e+03   1.37715e+01      4.000000e-12  1.000000e-05     5785
20.079274   5.04435e-01  5.05562e-01   9.170e-01   2.51823e-10  3.24877e-07      -1.07644e+03   1.08986e+03   1.34139e+01      4.000000e-12  1.000000e-05     5791
20.107494   5.04428e-01  5.05562e-01   9.169e-01   2.56394e-10  3.56033e-07      -1.07631e+03   1.08900e+03   1.26889e+01      4.000000e-12  1.000000e-05     5797
20.135965   5.04420e-01  5.05569e-01   9.169e-01   2.64636e-10  5.26965e-07      -1.07403e+03   1.09000e+03   1.59699e+01      4.000000e-12  1.000000e-05     5803
20.164115   5.04422e-01  5.05569e-01   9.169e-01   2.51894e-10  3.66614e-07      -1.07438e+03   1.09163e+03   1.72457e+01      4.000000e-12  1.000000e-05     5809
20.192726   5.04423e-01  5.05569e-01   9.168e-01   2.53069e-10  3.29274e-07      -1.07496e+03   1.09012e+03   1.51565e+01      4.000000e-12  1.000000e-05     5815
20.221712   5.04428e-01  5.05564e-01   9.167e-01   2.49346e-10  3.82202e-07      -1.07304e+03   1.09070e+03   1.76641e+01      4.000000e-12  1.000000e-05     5821
20.249831   5.04419e-01  5.05572e-01   9.167e-01   2.54803e-10  3.38219e-07      -1.07377e+03   1.09118e+03   1.74100e+01      4.000000e-12  1.000000e-05     5827
20.278450   5.04414e-01  5.05581e-01   9.166e-01   2.54922e-10  4.87854e-07      -1.07272e+03   1.09242e+03   1.97038e+01      4.000000e-12  1.000000e-05     5833
20.305577   5.04414e-01  5.05581e-01   9.166e-01   2.64368e-10  3.01177e-07      -1.07286e+03   1.09146e+03   1.85981e+01      4.000000e-12  1.000000e-05     5839
20.334068   5.04434e-01  5.05565e-01   9.165e-01   2.75161e-10  3.45128e-07      -1.07389e+03   1.09291e+03   1.90129e+01      4.000000e-12  1.000000e-05     5845
20.361452   5.04437e-01  5.05565e-01   9.165e-01   2.76820e-10  2.73547e-07      -1.07264e+03   1.09321e+03   2.05706e+01      4.000000e-12  1.000000e-05     5851
20.388705   5.04437e-01  5.05567e-01   9.164e-01   2.78320e-10  2.79357e-07      -1.07249e+03   1.09250e+03   2.00147e+01      4.000000e-12  1.000000e-05     5857
20.416521   5.04432e-01  5.05571e-01   9.164e-01   2.58887e-10  2.77073e-07      -1.07340e+03   1.09265e+03   1.92449e+01      4.000000e-12  1.000000e-05     5863
20.444861   5.04425e-01  5.05579e-01   9.163e-01   2.47329e-10  2.33857e-07      -1.07391e+03   1.09237e+03   1.84540e+01      4.000000e-12  1.000000e-05     5869
20.474247   5.04422e-01  5.05580e-01   9.162e-01   2.54204e-10  2.09666e-07      -1.07466e+03   1.09145e+03   1.67825e+01      4.000000e-12  1.000000e-05     5875
20.503587   5.04435e-01  5.05570e-01   9.162e-01   2.51110e-10  1.50308e-07      -1.07444e+03   1.09294e+03   1.85011e+01      4.000000e-12  1.000000e-05     5881
20.533815   5.04454e-01  5.05551e-01   9.161e-01   2.68048e-10  4.12082e-07      -1.07475e+03   1.09283e+03   1.80806e+01      4.000000e-12  1.000000e-05     5887
20.562811   5.04452e-01  5.05552e-01   9.160e-01   2.84765e-10  3.87610e-07      -1.07823e+03   1.09011e+03   1.18865e+01      4.000000e-12  1.000000e-05     5893
20.590651   5.04453e-01  5.05552e-01   9.159e-01   2.73261e-10  2.96006e-07      -1.07885e+03   1.09014e+03   1.12918e+01      4.000000e-12  1.000000e-05     5899
20.619224   5.04438e-01  5.05562e-01   9.158e-01   2.75992e-10  3.38442e-07      -1.07837e+03   1.09003e+03   1.16521e+01      4.000000e-12  1.000000e-05     5905
20.646238   5.04442e-01  5.05560e-01   9.158e-01   2.68730e-10  2.88628e-07      -1.07811e+03   1.09022e+03   1.21038e+01      4.000000e-12  1.000000e-05     5911
20.673870   5.04439e-01  5.05565e-01   9.157e-01   2.61864e-10  2.22490e-07      -1.07938e+03   1.08953e+03   1.01447e+01      4.000000e-12  1.000000e-05     5917
20.703556   5.04447e-01  5.05553e-01   9.157e-01   2.85822e-10  2.03963e-07      -1.07893e+03   1.09098e+03   1.20431e+01      4.000000e-12  1.000000e-05     5923
20.732405   5.04441e-01  5.05549e-01   9.156e-01   2.64847e-10  2.57888e-07      -1.07865e+03   1.09033e+03   1.16871e+01      4.000000e-12  1.000000e-05     5929
20.759285   5.04441e-01  5.05550e-01   9.156e-01   2.87972e-10  2.47218e-07      -1.07836e+03   1.09163e+03   1.32723e+01      4.000000e-12  1.000000e-05     5935
20.788380   5.04441e-01  5.05544e-01   9.155e-01   2.54430e-10  4.47009e-07      -1.07983e+03   1.09007e+03   1.02467e+01      4.000000e-12  1.000000e-05     5941
20.816072   5.04442e-01  5.05544e-01   9.155e-01   2.58716e-10  2.44650e-07      -1.07853e+03   1.09209e+03   1.35597e+01      4.000000e-12  1.000000e-05     5947
20.845626   5.04444e-01  5.05541e-01   9.154e-01   2.57257e-10  2.12596e-07      -1.07699e+03   1.09050e+03   1.35030e+01      4.000000e-12  1.000000e-05     5953
20.875249   5.04454e-01  5.05527e-01   9.153e-01   2.57399e-10  2.53620e-07      -1.07963e+03   1.08951e+03   9.87457e+00      4.000000e-12  1.000000e-05     5959
20.904612   5.04453e-01  5.05530e-01   9.152e-01   2.55715e-10  3.98708e-07      -1.07856e+03   1.09152e+03   1.29608e+01      4.000000e-12  1.000000e-05     5965
20.933071   5.04475e-01  5.05506e-01   9.152e-01   2.35642e-10  3.26235e-07      -1.07912e+03   1.09212e+03   1.30016e+01      4.000000e-12  1.000000e-05     5971
20.962220   5.04468e-01  5.05510e-01   9.151e-01   2.68451e-10  2.83046e-07      -1.07872e+03   1.09093e+03   1.22143e+01      4.000000e-12  1.000000e-05     5977
20.991812   5.04482e-01  5.05484e-01   9.150e-01   2.66046e-10  3.59897e-07      -1.07793e+03   1.09024e+03   1.23109e+01      4.000000e-12  1.000000e-05     5983
21.019883   5.04477e-01  5.05490e-01   9.150e-01   2.65837e-10  2.50566e-07      -1.07706e+03   1.09104e+03   1.39762e+01      4.000000e-12  1.000000e-05     5989
21.049836   5.04471e-01  5.05495e-01   9.149e-01   2.41697e-10  3.49436e-07      -1.07775e+03   1.09245e+03   1.47039e+01      4.000000e-12  1.000000e-05     5995
21.080063   5.04467e-01  5.05499e-01   9.149e-01   2.33865e-10  2.83968e-07      -1.07833e+03   1.09181e+03   1.34800e+01      4.000000e-12  1.000000e-05     6001
21.110719   5.04469e-01  5.05499e-01   9.148e-01   2.22059e-10  1.85157e-07      -1.07762e+03   1.09255e+03   1.49231e+01      4.000000e-12  1.000000e-05     6007
21.141980   5.04474e-01  5.05494e-01   9.148e-01   2.23188e-10  1.66156e-07      -1.07574e+03   1.09507e+03   1.93227e+01      4.000000e-12  1.000000e-05     6013
21.173009   5.04460e-01  5.05510e-01   9.147e-01   2.37864e-10  3.66482e-07      -1.07410e+03   1.09499e+03   2.08873e+01      4.000000e-12  1.000000e-05     6019
21.201017   5.04460e-01  5.05510e-01   9.147e-01   2.22729e-10  2.05921e-07      -1.07553e+03   1.09421e+03   1.86710e+01      4.000000e-12  1.000000e-05     6025
21.231286   5.04469e-01  5.05498e-01   9.146e-01   2.24227e-10  4.68799e-07      -1.07665e+03   1.09163e+03   1.49832e+01      4.000000e-12  1.000000e-05     6031
21.260426   5.04469e-01  5.05497e-01   9.146e-01   2.18897e-10  3.56268e-07      -1.07898e+03   1.08977e+03   1.07939e+01      4.000000e-12  1.000000e-05     6037
21.290401   5.04485e-01  5.05479e-01   9.144e-01   2.32290e-10  3.04584e-07      -1.07966e+03   1.08952e+03   9.85763e+00      4.000000e-12  1.000000e-05     6043
21.318877   5.04475e-01  5.05487e-01   9.144e-01   2.40080e-10  2.19997e-07      -1.07962e+03   1.09100e+03   1.13747e+01      4.000000e-12  1.000000e-05     6049
21.347499   5.04471e-01  5.05492e-01   9.143e-01   2.41695e-10  4.19478e-07      -1.07898e+03   1.09404e+03   1.50576e+01      4.000000e-12  1.000000e-05     6055
21.375014   5.04477e-01  5.05485e-01   9.142e-01   2.55909e-10  3.15582e-07      -1.07933e+03   1.09261e+03   1.32735e+01      4.000000e-12  1.000000e-05     6061
21.402629   5.04475e-01  5.05484e-01   9.142e-01   2.57572e-10  2.42415e-07      -1.08000e+03   1.09141e+03   1.14084e+01      4.000000e-12  1.000000e-05     6067
21.431205   5.04481e-01  5.05477e-01   9.141e-01   2.45060e-10  2.24789e-07      -1.07923e+03   1.09022e+03   1.09862e+01      4.000000e-12  1.000000e-05     6073
21.460597   5.04482e-01  5.05473e-01   9.141e-01   2.43927e-10  1.87691e-07      -1.07765e+03   1.09270e+03   1.50460e+01      4.000000e-12  1.000000e-05     6079
21.490151   5.04481e-01  5.05473e-01   9.140e-01   2.41768e-10  2.12451e-07      -1.07891e+03   1.09141e+03   1.24948e+01      4.000000e-12  1.000000e-05     6085
21.518770   5.04467e-01  5.05485e-01   9.139e-01   2.53176e-10  2.46830e-07      -1.07805e+03   1.09269e+03   1.46399e+01      4.000000e-12  1.000000e-05     6091
21.547733   5.04465e-01  5.05482e-01   9.139e-01   2.73075e-10  2.63483e-07      -1.07800e+03   1.09170e+03   1.37011e+01      4.000000e-12  1.000000e-05     6097
21.575947   5.04466e-01  5.05482e-01   9.139e-01   2.51194e-10  1.68541e-07      -1.07833e+03   1.09165e+03   1.33265e+01      4.000000e-12  1.000000e-05     6103
21.606248   5.04465e-01  5.05480e-01   9.138e-01   2.39891e-10  2.21335e-07      -1.07673e+03   1.09386e+03   1.71361e+01      4.000000e-12  1.000000e-05     6109
21.635760   5.04464e-01  5.05476e-01   9.137e-01   2.37463e-10  2.25491e-07      -1.07601e+03   1.09218e+03   1.61684e+01      4.000000e-12  1.000000e-05     6115
21.664949   5.04466e-01  5.05470e-01   9.136e-01   2.45172e-10  3.18526e-07      -1.07660e+03   1.08955e+03   1.29496e+01      4.000000e-12  1.000000e-05     6121
21.692928   5.04462e-01  5.05476e-01   9.136e-01   2.49731e-10  2.51864e-07      -1.07771e+03   1.09085e+03   1.31430e+01      4.000000e-12  1.000000e-05     6127
21.722181   5.04464e-01  5.05475e-01   9.135e-01   2.36247e-10  2.81588e-07      -1.07766e+03   1.09216e+03   1.45042e+01      4.000000e-12  1.000000e-05     6133
21.751108   5.04467e-01  5.05473e-01   9.135e-01   2.56542e-10  2.50491e-07      -1.07936e+03   1.09078e+03   1.14149e+01      4.000000e-12  1.000000e-05     6139
21.779806   5.04463e-01  5.05476e-01   9.134e-01   2.45732e-10  2.47581e-07      -1.07840e+03   1.09262e+03   1.42241e+01      4.000000e-12  1.000000e-05     6145
21.809597   5.04462e-01  5.05479e-01   9.134e-01   2.44547e-10  1.67486e-07      -1.07894e+03   1.09263e+03   1.36915e+01      4.000000e-12  1.000000e-05     6151
21.839913   5.04464e-01  5.05482e-01   9.134e-01   2.46615e-10  2.11718e-07      -1.07816e+03   1.09583e+03   1.76697e+01      4.000000e-12  1.000000e-05     6157
21.870171   5.04466e-01  5.05480e-01   9.133e-01   2.52964e-10  3.21123e-07      -1.07946e+03   1.09378e+03   1.43210e+01      4.000000e-12  1.000000e-05     6163
21.899634   5.04467e-01  5.05479e-01   9.132e-01   2.52193e-10  4.08886e-07      -1.08048e+03   1.09242e+03   1.19433e+01      4.000000e-12  1.000000e-05     6169
21.928495   5.04475e-01  5.05475e-01   9.131e-01   2.58972e-10  1.76255e-07      -1.07986e+03   1.09205e+03   1.21972e+01      4.000000e-12  1.000000e-05     6175
21.957259   5.04475e-01  5.05475e-01   9.131e-01   2.53630e-10  1.70271e-07      -1.08016e+03   1.09259e+03   1.24267e+01      4.000000e-12  1.000000e-05     6181
21.985918   5.04470e-01  5.05482e-01   9.130e-01   2.66079e-10  4.71111e-07      -1.07829e+03   1.09360e+03   1.53088e+01      4.000000e-12  1.000000e-05     6187
22.013195   5.04474e-01  5.05475e-01   9.130e-01   2.57016e-10  3.19722e-07      -1.07880e+03   1.09521e+03   1.64147e+01      4.000000e-12  1.000000e-05     6193
22.041862   5.04470e-01  5.05475e-01   9.129e-01   2.39469e-10  2.89540e-07      -1.08121e+03   1.09433e+03   1.31172e+01      4.000000e-12  1.000000e-05     6199
22.069402   5.04473e-01  5.05473e-01   9.129e-01   2.43329e-10  2.47595e-07      -1.08086e+03   1.09429e+03   1.34360e+01      4.000000e-12  1.000000e-05     6205
22.098057   5.04470e-01  5.05476e-01   9.128e-01   2.41355e-10  2.37621e-07      -1.08105e+03   1.09387e+03   1.28216e+01      4.000000e-12  1.000000e-05     6211
22.127377   5.04472e-01  5.05476e-01   9.128e-01   2.22402e-10  2.12182e-07      -1.08080e+03   1.09373e+03   1.29318e+01      4.000000e-12  1.000000e-05     6217
22.158293   5.04487e-01  5.05459e-01   9.127e-01   2.34328e-10  2.85815e-07      -1.08039e+03   1.09257e+03   1.21808e+01      4.000000e-12  1.000000e-05     6223
22.187945   5.04487e-01  5.05458e-01   9.126e-01   2.44068e-10  2.14380e-07      -1.07980e+03   1.09205e+03   1.22481e+01      4.000000e-12  1.000000e-05     6229
22.219003   5.04480e-01  5.05454e-01   9.125e-01   2.55098e-10  3.31544e-07      -1.07834e+03   1.09220e+03   1.38576e+01      4.000000e-12  1.000000e-05     6235
22.247707   5.04482e-01  5.05452e-01   9.124e-01   2.41379e-10  3.02033e-07      -1.07682e+03   1.09468e+03   1.78604e+01      4.000000e-12  1.000000e-05     6241
22.277838   5.04488e-01  5.05444e-01   9.123e-01   2.25589e-10  3.29671e-07      -1.07712e+03   1.09218e+03   1.50556e+01      4.000000e-12  1.000000e-05     6247
22.306638   5.04490e-01  5.05444e-01   9.123e-01   2.23487e-10  3.16941e-07      -1.07707e+03   1.09295e+03   1.58799e+01      4.000000e-12  1.000000e-05     6253
22.336530   5.04488e-01  5.05447e-01   9.123e-01   2.20252e-10  2.67074e-07      -1.07677e+03   1.09362e+03   1.68466e+01      4.000000e-12  1.000000e-05     6259
22.366786   5.04484e-01  5.05453e-01   9.122e-01   2.47220e-10  1.73949e-07      -1.07785e+03   1.09277e+03   1.49217e+01      4.000000e-12  1.000000e-05     6265
22.397482   5.04476e-01  5.05461e-01   9.121e-01   2.41402e-10  1.72703e-07      -1.07868e+03   1.09249e+03   1.38139e+01      4.000000e-12  1.000000e-05     6271
22.428489   5.04463e-01  5.05471e-01   9.120e-01   2.35634e-10  2.68674e-07      -1.07749e+03   1.09533e+03   1.78391e+01      4.000000e-12  1.000000e-05     6277
22.458305   5.04468e-01  5.05471e-01   9.120e-01   2.39707e-10  1.72015e-07      -1.07758e+03   1.09515e+03   1.75679e+01      4.000000e-12  1.000000e-05     6283
22.489882   5.04465e-01  5.05474e-01   9.119e-01   2.19937e-10  1.63570e-07      -1.07832e+03   1.09535e+03   1.70296e+01      4.000000e-12  1.000000e-05     6289
22.521559   5.04488e-01  5.05444e-01   9.118e-01   2.32413e-10  2.96655e-07      -1.07971e+03   1.09481e+03   1.50975e+01      4.000000e-12  1.000000e-05     6295
22.550480   5.04486e-01  5.05449e-01   9.117e-01   2.21891e-10  2.39058e-07      -1.07974e+03   1.09487e+03   1.51368e+01      4.000000e-12  1.000000e-05     6301
22.580644   5.04482e-01  5.05449e-01   9.117e-01   2.29410e-10  2.45204e-07      -1.07937e+03   1.09340e+03   1.40298e+01      4.000000e-12  1.000000e-05     6307
22.611354   5.04486e-01  5.05445e-01   9.116e-01   2.46444e-10  2.62582e-07      -1.07828e+03   1.09381e+03   1.55278e+01      4.000000e-12  1.000000e-05     6313
22.642222   5.04499e-01  5.05432e-01   9.115e-01   2.35977e-10  3.00118e-07      -1.07882e+03   1.09284e+03   1.40240e+01      4.000000e-12  1.000000e-05     6319
22.671664   5.04499e-01  5.05433e-01   9.115e-01   2.24169e-10  2.68857e-07      -1.07779e+03   1.09299e+03   1.52000e+01      4.000000e-12  1.000000e-05     6325
22.701524   5.04507e-01  5.05428e-01   9.114e-01   2.23587e-10  2.16369e-07      -1.07904e+03   1.09456e+03   1.55219e+01      4.000000e-12  1.000000e-05     6331
22.732421   5.04501e-01  5.05431e-01   9.114e-01   2.45050e-10  2.32650e-07      -1.07760e+03   1.09383e+03   1.62303e+01      4.000000e-12  1.000000e-05     6337
22.762168   5.04506e-01  5.05429e-01   9.113e-01   2.21727e-10  2.34660e-07      -1.07748e+03   1.09517e+03   1.76973e+01      4.000000e-12  1.000000e-05     6343
22.792379   5.04495e-01  5.05444e-01   9.113e-01   2.24154e-10  3.20880e-07      -1.07734e+03   1.09444e+03   1.70991e+01      4.000000e-12  1.000000e-05     6349
22.821954   5.04491e-01  5.05450e-01   9.112e-01   2.21420e-10  2.47760e-07      -1.07750e+03   1.09486e+03   1.73554e+01      4.000000e-12  1.000000e-05     6355
22.852557   5.04488e-01  5.05449e-01   9.111e-01   2.39747e-10  2.64634e-07      -1.07859e+03   1.09347e+03   1.48882e+01      4.000000e-12  1.000000e-05     6361
22.881927   5.04478e-01  5.05457e-01   9.111e-01   2.26544e-10  3.06592e-07      -1.07715e+03   1.09274e+03   1.55930e+01      4.000000e-12  1.000000e-05     6367
22.911029   5.04483e-01  5.05457e-01   9.110e-01   2.33659e-10  2.04547e-07      -1.07661e+03   1.09177e+03   1.51643e+01      4.000000e-12  1.000000e-05     6373
22.941504   5.04488e-01  5.05449e-01   9.110e-01   2.39487e-10  3.33373e-07      -1.07803e+03   1.09377e+03   1.57329e+01      4.000000e-12  1.000000e-05     6379
22.971299   5.04491e-01  5.05445e-01   9.109e-01   2.22590e-10  2.49226e-07      -1.07858e+03   1.09322e+03   1.46449e+01      4.000000e-12  1.000000e-05     6385
23.000933   5.04479e-01  5.05457e-01   9.109e-01   2.29824e-10  2.35558e-07      -1.07954e+03   1.09211e+03   1.25745e+01      4.000000e-12  1.000000e-05     6391
23.030415   5.04483e-01  5.05453e-01   9.108e-01   2.33512e-10  2.20014e-07      -1.07967e+03   1.09020e+03   1.05296e+01      4.000000e-12  1.000000e-05     6397
23.060343   5.04482e-01  5.05452e-01   9.108e-01   2.42066e-10  1.63764e-07      -1.08027e+03   1.09144e+03   1.11647e+01      4.000000e-12  1.000000e-05     6403
23.091124   5.04487e-01  5.05442e-01   9.107e-01   2.34840e-10  2.63834e-07      -1.08174e+03   1.09026e+03   8.52494e+00      4.000000e-12  1.000000e-05     6409
23.120275   5.04481e-01  5.05441e-01   9.106e-01   2.48334e-10  3.70753e-07      -1.08012e+03   1.09089e+03   1.07623e+01      4.000000e-12  1.000000e-05     6415
23.149011   5.04473e-01  5.05446e-01   9.105e-01   2.32222e-10  2.80685e-07      -1.07933e+03   1.09096e+03   1.16302e+01      4.000000e-12  1.000000e-05     6421
23.177879   5.04456e-01  5.05457e-01   9.105e-01   2.28454e-10  3.78721e-07      -1.07750e+03   1.09139e+03   1.38895e+01      4.000000e-12  1.000000e-05     6427
23.206679   5.04459e-01  5.05454e-01   9.104e-01   2.51536e-10  2.46861e-07      -1.07949e+03   1.09198e+03   1.24898e+01      4.000000e-12  1.000000e-05     6433
23.235703   5.04452e-01  5.05460e-01   9.103e-01   2.51156e-10  2.02470e-07      -1.07844e+03   1.09216e+03   1.37167e+01      4.000000e-12  1.000000e-05     6439
23.265373   5.04448e-01  5.05460e-01   9.103e-01   2.59491e-10  4.58181e-07      -1.07725e+03   1.09257e+03   1.53220e+01      4.000000e-12  1.000000e-05     6445
23.292892   5.04440e-01  5.05469e-01   9.102e-01   2.59487e-10  4.11357e-07      -1.07616e+03   1.09364e+03   1.74851e+01      4.000000e-12  1.000000e-05     6451
23.320642   5.04428e-01  5.05478e-01   9.101e-01   2.35409e-10  3.12953e-07      -1.07742e+03   1.09279e+03   1.53697e+01      4.000000e-12  1.000000e-05     6457
23.349359   5.04424e-01  5.05481e-01   9.101e-01   2.28685e-10  2.60624e-07      -1.07636e+03   1.09347e+03   1.71052e+01      4.000000e-12  1.000000e-05     6463
23.378781   5.04425e-01  5.05477e-01   9.100e-01   2.13079e-10  1.70685e-07      -1.07569e+03   1.09364e+03   1.79430e+01      4.000000e-12  1.000000e-05     6469
23.409822   5.04431e-01  5.05475e-01   9.100e-01   2.21799e-10  1.86771e-07      -1.07401e+03   1.09444e+03   2.04329e+01      4.000000e-12  1.000000e-05     6475
23.440452   5.04421e-01  5.05482e-01   9.099e-01   2.26695e-10  1.91183e-07      -1.07567e+03   1.09454e+03   1.88754e+01      4.000000e-12  1.000000e-05     6481
23.470557   5.04426e-01  5.05475e-01   9.098e-01   2.34010e-10  1.85759e-07      -1.07942e+03   1.09361e+03   1.41908e+01      4.000000e-12  1.000000e-05     6487
23.500793   5.04420e-01  5.05482e-01   9.098e-01   2.30505e-10  2.25806e-07      -1.07940e+03   1.09242e+03   1.30265e+01      4.000000e-12  1.000000e-05     6493
23.531937   5.04419e-01  5.05484e-01   9.097e-01   2.43412e-10  2.93315e-07      -1.08034e+03   1.09403e+03   1.36898e+01      4.000000e-12  1.000000e-05     6499
23.561681   5.04425e-01  5.05476e-01   9.097e-01   2.40581e-10  2.83558e-07      -1.07880e+03   1.09513e+03   1.63302e+01      4.000000e-12  1.000000e-05     6505
23.592190   5.04413e-01  5.05487e-01   9.096e-01   2.62001e-10  3.85659e-07      -1.07756e+03   1.09436e+03   1.67972e+01      4.000000e-12  1.000000e-05     6511
23.621495   5.04406e-01  5.05488e-01   9.095e-01   2.33341e-10  3.08728e-07      -1.07769e+03   1.09192e+03   1.42225e+01      4.000000e-12  1.000000e-05     6517
23.652390   5.04405e-01  5.05487e-01   9.095e-01   2.19026e-10  3.37285e-07      -1.07835e+03   1.09259e+03   1.42369e+01      4.000000e-12  1.000000e-05     6523
23.683253   5.04402e-01  5.05485e-01   9.094e-01   2.30260e-10  3.43849e-07      -1.08001e+03   1.09356e+03   1.35441e+01      4.000000e-12  1.000000e-05     6529
23.712837   5.04397e-01  5.05490e-01   9.093e-01   2.46021e-10  2.68237e-07      -1.07903e+03   1.09704e+03   1.80011e+01      4.000000e-12  1.000000e-05     6535
23.743326   5.04395e-01  5.05493e-01   9.093e-01   2.45843e-10  2.34741e-07      -1.07816e+03   1.09712e+03   1.89596e+01      4.000000e-12  1.000000e-05     6541
23.773962   5.04395e-01  5.05495e-01   9.092e-01   2.28801e-10  2.87214e-07      -1.07655e+03   1.09716e+03   2.06065e+01      4.000000e-12  1.000000e-05     6547
23.804009   5.04397e-01  5.05492e-01   9.092e-01   2.29047e-10  2.33450e-07      -1.07731e+03   1.09706e+03   1.97529e+01      4.000000e-12  1.000000e-05     6553
23.834761   5.04400e-01  5.05489e-01   9.091e-01   2.33372e-10  3.75577e-07      -1.07758e+03   1.09383e+03   1.62423e+01      4.000000e-12  1.000000e-05     6559
23.864562   5.04404e-01  5.05482e-01   9.091e-01   2.25621e-10  2.29243e-07      -1.07574e+03   1.09489e+03   1.91594e+01      4.000000e-12  1.000000e-05     6565
23.893646   5.04411e-01  5.05474e-01   9.090e-01   2.33859e-10  2.99106e-07      -1.07636e+03   1.09599e+03   1.96263e+01      4.000000e-12  1.000000e-05     6571
23.922150   5.04411e-01  5.05476e-01   9.090e-01   2.24198e-10  1.82345e-07      -1.07643e+03   1.09521e+03   1.87846e+01      4.000000e-12  1.000000e-05     6577
23.953573   5.04410e-01  5.05476e-01   9.089e-01   2.27263e-10  2.03190e-07      -1.07535e+03   1.09555e+03   2.01976e+01      4.000000e-12  1.000000e-05     6583
23.983940   5.04398e-01  5.05485e-01   9.088e-01   2.26234e-10  1.91200e-07      -1.07501e+03   1.09700e+03   2.19935e+01      4.000000e-12  1.000000e-05     6589
24.014893   5.04392e-01  5.05489e-01   9.088e-01   2.17482e-10  3.16287e-07      -1.07486e+03   1.09915e+03   2.42926e+01      4.000000e-12  1.000000e-05     6595
24.044853   5.04390e-01  5.05496e-01   9.087e-01   2.19299e-10  6.64886e-07      -1.07474e+03   1.09976e+03   2.50232e+01      4.000000e-12  1.000000e-05     6601
24.073855   5.04386e-01  5.05501e-01   9.087e-01   2.27855e-10  5.04297e-07      -1.07524e+03   1.10024e+03   2.49961e+01      4.000000e-12  1.000000e-05     6607
24.103499   5.04378e-01  5.05512e-01   9.086e-01   2.38309e-10  3.54713e-07      -1.07473e+03   1.10138e+03   2.66585e+01      4.000000e-12  1.000000e-05     6613
24.132044   5.04380e-01  5.05506e-01   9.085e-01   2.43322e-10  3.08233e-07      -1.07540e+03   1.09920e+03   2.37982e+01      4.000000e-12  1.000000e-05     6619
24.160301   5.04395e-01  5.05491e-01   9.084e-01   2.43436e-10  2.89791e-07      -1.07284e+03   1.10096e+03   2.81193e+01      4.000000e-12  1.000000e-05     6625
24.188492   5.04397e-01  5.05493e-01   9.084e-01   2.39709e-10  2.34638e-07      -1.07363e+03   1.10099e+03   2.73579e+01      4.000000e-12  1.000000e-05     6631
24.217784   5.04392e-01  5.05502e-01   9.083e-01   2.32040e-10  1.81332e-07      -1.07426e+03   1.10152e+03   2.72656e+01      4.000000e-12  1.000000e-05     6637
24.248984   5.04389e-01  5.05502e-01   9.083e-01   2.20739e-10  3.12289e-07      -1.07403e+03   1.10038e+03   2.63509e+01      4.000000e-12  1.000000e-05     6643
24.278845   5.04396e-01  5.05495e-01   9.082e-01   2.15516e-10  2.71169e-07      -1.07546e+03   1.10020e+03   2.47377e+01      4.000000e-12  1.000000e-05     6649
24.308055   5.04385e-01  5.05505e-01   9.081e-01   2.18206e-10  2.04608e-07      -1.07521e+03   1.09866e+03   2.34534e+01      4.000000e-12  1.000000e-05     6655
24.337951   5.04391e-01  5.05501e-01   9.080e-01   2.17540e-10  2.67323e-07      -1.07489e+03   1.09987e+03   2.49846e+01      4.000000e-12  1.000000e-05     6661
24.368348   5.04384e-01  5.05511e-01   9.080e-01   2.25286e-10  2.63595e-07      -1.07416e+03   1.09998e+03   2.58243e+01      4.000000e-12  1.000000e-05     6667
24.397672   5.04365e-01  5.05531e-01   9.079e-01   2.25798e-10  2.76541e-07      -1.07424e+03   1.09913e+03   2.48904e+01      4.000000e-12  1.000000e-05     6673
24.426926   5.04365e-01  5.05536e-01   9.079e-01   2.21929e-10  2.51294e-07      -1.07361e+03   1.09885e+03   2.52440e+01      4.000000e-12  1.000000e-05     6679
24.456693   5.04362e-01  5.05541e-01   9.078e-01   2.21529e-10  2.25826e-07      -1.07392e+03   1.09883e+03   2.49049e+01      4.000000e-12  1.000000e-05     6685
24.486705   5.04371e-01  5.05532e-01   9.078e-01   2.03411e-10  1.77907e-07      -1.07386e+03   1.09908e+03   2.52217e+01      4.000000e-12  1.000000e-05     6691
24.518174   5.04376e-01  5.05531e-01   9.077e-01   2.15942e-10  2.13989e-07      -1.07484e+03   1.09871e+03   2.38701e+01      4.000000e-12  1.000000e-05     6697
24.548793   5.04379e-01  5.05530e-01   9.076e-01   2.21823e-10  2.09471e-07      -1.07356e+03   1.10046e+03   2.68948e+01      4.000000e-12  1.000000e-05     6703
24.579928   5.04378e-01  5.05532e-01   9.075e-01   2.11268e-10  2.00367e-07      -1.07465e+03   1.09899e+03   2.43427e+01      4.000000e-12  1.000000e-05     6709
24.610044   5.04374e-01  5.05538e-01   9.075e-01   2.14257e-10  2.80904e-07      -1.07614e+03   1.09932e+03   2.31795e+01      4.000000e-12  1.000000e-05     6715
24.639917   5.04374e-01  5.05540e-01   9.074e-01   2.12149e-10  3.18564e-07      -1.07573e+03   1.10056e+03   2.48288e+01      4.000000e-12  1.000000e-05     6721
24.669836   5.04369e-01  5.05542e-01   9.073e-01   2.30182e-10  3.76951e-07      -1.07649e+03   1.09934e+03   2.28526e+01      4.000000e-12  1.000000e-05     6727
24.698047   5.04366e-01  5.05545e-01   9.073e-01   2.32057e-10  2.92669e-07      -1.07755e+03   1.09848e+03   2.09337e+01      4.000000e-12  1.000000e-05     6733
24.726453   5.04378e-01  5.05537e-01   9.072e-01   2.33954e-10  3.80909e-07      -1.07724e+03   1.09798e+03   2.07397e+01      4.000000e-12  1.000000e-05     6739
24.754368   5.04374e-01  5.05543e-01   9.072e-01   2.37187e-10  2.92018e-07      -1.07703e+03   1.09762e+03   2.05823e+01      4.000000e-12  1.000000e-05     6745
24.783548   5.04376e-01  5.05543e-01   9.071e-01   2.30437e-10  2.69675e-07      -1.07573e+03   1.09790e+03   2.21695e+01      4.000000e-12  1.000000e-05     6751
24.812504   5.04379e-01  5.05541e-01   9.071e-01   2.42518e-10  2.15157e-07      -1.07532e+03   1.09889e+03   2.35651e+01      4.000000e-12  1.000000e-05     6757
24.842015   5.04380e-01  5.05539e-01   9.070e-01   2.37872e-10  2.55801e-07      -1.07644e+03   1.09850e+03   2.20677e+01      4.000000e-12  1.000000e-05     6763
24.870395   5.04380e-01  5.05542e-01   9.070e-01   2.34559e-10  2.40000e-07      -1.07580e+03   1.09852e+03   2.27169e+01      4.000000e-12  1.000000e-05     6769
24.901123   5.04385e-01  5.05538e-01   9.069e-01   2.31508e-10  3.26499e-07      -1.07825e+03   1.09451e+03   1.62589e+01      4.000000e-12  1.000000e-05     6775
24.929240   5.04375e-01  5.05550e-01   9.068e-01   2.21915e-10  2.09429e-07      -1.07898e+03   1.09531e+03   1.63297e+01      4.000000e-12  1.000000e-05     6781
24.959488   5.04374e-01  5.05552e-01   9.068e-01   2.26716e-10  3.20903e-07      -1.07945e+03   1.09505e+03   1.56061e+01      4.000000e-12  1.000000e-05     6787
24.990131   5.04380e-01  5.05547e-01   9.068e-01   2.31690e-10  1.53528e-07      -1.08041e+03   1.09578e+03   1.53684e+01      4.000000e-12  1.000000e-05     6793
25.019597   5.04370e-01  5.05559e-01   9.067e-01   2.12312e-10  4.09443e-07      -1.07956e+03   1.09710e+03   1.75449e+01      4.000000e-12  1.000000e-05     6799
25.050400   5.04381e-01  5.05546e-01   9.067e-01   2.12509e-10  3.65672e-07      -1.07882e+03   1.09695e+03   1.81269e+01      4.000000e-12  1.000000e-05     6805
25.080226   5.04378e-01  5.05549e-01   9.066e-01   2.10287e-10  2.30746e-07      -1.08003e+03   1.09669e+03   1.66618e+01      4.000000e-12  1.000000e-05     6811
25.111011   5.04380e-01  5.05542e-01   9.066e-01   2.09725e-10  2.71599e-07      -1.08022e+03   1.09613e+03   1.59078e+01      4.000000e-12  1.000000e-05     6817
25.141377   5.04369e-01  5.05548e-01   9.065e-01   2.23903e-10  2.75977e-07      -1.07839e+03   1.09717e+03   1.87786e+01      4.000000e-12  1.000000e-05     6823
25.170580   5.04377e-01  5.05545e-01   9.065e-01   2.10570e-10  2.38415e-07      -1.07890e+03   1.09645e+03   1.75559e+01      4.000000e-12  1.000000e-05     6829
25.200600   5.04386e-01  5.05539e-01   9.064e-01   1.95634e-10  2.12866e-07      -1.07907e+03   1.09701e+03   1.79428e+01      4.000000e-12  1.000000e-05     6835
25.232261   5.04392e-01  5.05536e-01   9.064e-01   1.97153e-10  1.84358e-07      -1.08020e+03   1.09599e+03   1.57944e+01      4.000000e-12  1.000000e-05     6841
25.263302   5.04399e-01  5.05530e-01   9.063e-01   1.92007e-10  1.55817e-07      -1.07826e+03   1.09789e+03   1.96290e+01      4.000000e-12  1.000000e-05     6847
25.293897   5.04400e-01  5.05527e-01   9.063e-01   2.14460e-10  2.54373e-07      -1.08017e+03   1.09735e+03   1.71795e+01      4.000000e-12  1.000000e-05     6853
25.324207   5.04406e-01  5.05520e-01   9.062e-01   2.06832e-10  2.43235e-07      -1.07872e+03   1.09864e+03   1.99232e+01      4.000000e-12  1.000000e-05     6859
25.353919   5.04408e-01  5.05518e-01   9.061e-01   2.17830e-10  1.94866e-07      -1.07823e+03   1.09934e+03   2.11079e+01      4.000000e-12  1.000000e-05     6865
25.383661   5.04404e-01  5.05521e-01   9.061e-01   2.20901e-10  2.04591e-07      -1.07854e+03   1.09855e+03   2.00046e+01      4.000000e-12  1.000000e-05     6871
25.414635   5.04402e-01  5.05524e-01   9.060e-01   2.11587e-10  1.83396e-07      -1.07794e+03   1.09932e+03   2.13764e+01      4.000000e-12  1.000000e-05     6877
25.446607   5.04394e-01  5.05533e-01   9.059e-01   2.09547e-10  2.26342e-07      -1.07834e+03   1.09948e+03   2.11383e+01      4.000000e-12  1.000000e-05     6883
25.477949   5.04387e-01  5.05541e-01   9.059e-01   1.90109e-10  2.12961e-07      -1.07734e+03   1.09992e+03   2.25862e+01      4.000000e-12  1.000000e-05     6889
25.510240   5.04382e-01  5.05547e-01   9.058e-01   1.94345e-10  2.06347e-07      -1.07868e+03   1.10139e+03   2.27096e+01      4.000000e-12  1.000000e-05     6895
25.541206   5.04379e-01  5.05550e-01   9.058e-01   1.95668e-10  1.55253e-07      -1.07859e+03   1.10046e+03   2.18717e+01      4.000000e-12  1.000000e-05     6901
25.572641   5.04377e-01  5.05551e-01   9.057e-01   1.91019e-10  1.74581e-07      -1.07891e+03   1.10040e+03   2.14978e+01      4.000000e-12  1.000000e-05     6907
25.604515   5.04376e-01  5.05554e-01   9.057e-01   1.94405e-10  2.69014e-07      -1.08018e+03   1.09839e+03   1.82145e+01      4.000000e-12  1.000000e-05     6913
25.635955   5.04380e-01  5.05547e-01   9.056e-01   2.02902e-10  2.90169e-07      -1.08069e+03   1.09910e+03   1.84163e+01      4.000000e-12  1.000000e-05     6919
25.666632   5.04384e-01  5.05545e-01   9.056e-01   1.93106e-10  1.98609e-07      -1.08120e+03   1.09921e+03   1.80171e+01      4.000000e-12  1.000000e-05     6925
25.698160   5.04382e-01  5.05547e-01   9.055e-01   1.88055e-10  1.72406e-07      -1.08156e+03   1.09787e+03   1.63158e+01      4.000000e-12  1.000000e-05     6931
25.730130   5.04380e-01  5.05552e-01   9.055e-01   2.02155e-10  3.13588e-07      -1.08218e+03   1.10067e+03   1.84935e+01      4.000000e-12  1.000000e-05     6937
25.761534   5.04389e-01  5.05543e-01   9.054e-01   2.05518e-10  1.83319e-07      -1.08177e+03   1.10078e+03   1.90160e+01      4.000000e-12  1.000000e-05     6943
25.792833   5.04380e-01  5.05551e-01   9.054e-01   2.05420e-10  2.17380e-07      -1.08173e+03   1.10033e+03   1.85969e+01      4.000000e-12  1.000000e-05     6949
25.823571   5.04376e-01  5.05557e-01   9.053e-01   2.04501e-10  4.10156e-07      -1.08097e+03   1.09920e+03   1.82262e+01      4.000000e-12  1.000000e-05     6955
25.853377   5.04374e-01  5.05559e-01   9.053e-01   2.23284e-10  2.65851e-07      -1.08031e+03   1.09913e+03   1.88189e+01      4.000000e-12  1.000000e-05     6961
25.883855   5.04365e-01  5.05565e-01   9.052e-01   2.18104e-10  2.77863e-07      -1.08109e+03   1.09954e+03   1.84440e+01      4.000000e-12  1.000000e-05     6967
25.915304   5.04356e-01  5.05577e-01   9.052e-01   2.08577e-10  3.82292e-07      -1.08222e+03   1.09703e+03   1.48044e+01      4.000000e-12  1.000000e-05     6973
25.945537   5.04356e-01  5.05578e-01   9.051e-01   2.07925e-10  2.70745e-07      -1.08106e+03   1.09831e+03   1.72532e+01      4.000000e-12  1.000000e-05     6979
25.977271   5.04356e-01  5.05581e-01   9.050e-01   2.19715e-10  2.24091e-07      -1.08158e+03   1.09768e+03   1.60962e+01      4.000000e-12  1.000000e-05     6985
26.007674   5.04353e-01  5.05583e-01   9.050e-01   2.26309e-10  3.73878e-07      -1.08222e+03   1.09692e+03   1.46986e+01      4.000000e-12  1.000000e-05     6991
26.035056   5.04352e-01  5.05584e-01   9.049e-01   2.21443e-10  2.76302e-07      -1.08379e+03   1.09574e+03   1.19448e+01      4.000000e-12  1.000000e-05     6997
26.064511   5.04337e-01  5.05598e-01   9.049e-01   2.30675e-10  2.24462e-07      -1.08100e+03   1.09740e+03   1.64046e+01      4.000000e-12  1.000000e-05     7003
26.094016   5.04340e-01  5.05592e-01   9.048e-01   2.34210e-10  2.74937e-07      -1.08351e+03   1.09621e+03   1.26974e+01      4.000000e-12  1.000000e-05     7009
26.122047   5.04343e-01  5.05593e-01   9.048e-01   2.14726e-10  1.75627e-07      -1.08289e+03   1.09654e+03   1.36521e+01      4.000000e-12  1.000000e-05     7015
26.152034   5.04342e-01  5.05594e-01   9.047e-01   2.12588e-10  1.75952e-07      -1.08161e+03   1.09707e+03   1.54682e+01      4.000000e-12  1.000000e-05     7021
26.182071   5.04341e-01  5.05592e-01   9.047e-01   2.16032e-10  2.80950e-07      -1.08060e+03   1.09441e+03   1.38119e+01      4.000000e-12  1.000000e-05     7027
26.210397   5.04343e-01  5.05592e-01   9.046e-01   2.05292e-10  2.32647e-07      -1.08011e+03   1.09693e+03   1.68195e+01      4.000000e-12  1.000000e-05     7033
26.238618   5.04338e-01  5.05598e-01   9.046e-01   2.09038e-10  3.19528e-07      -1.08010e+03   1.09783e+03   1.77370e+01      4.000000e-12  1.000000e-05     7039
26.268159   5.04338e-01  5.05595e-01   9.045e-01   2.13612e-10  2.13250e-07      -1.07960e+03   1.09884e+03   1.92420e+01      4.000000e-12  1.000000e-05     7045
26.297327   5.04333e-01  5.05602e-01   9.045e-01   2.26416e-10  1.47813e-07      -1.07909e+03   1.09924e+03   2.01525e+01      4.000000e-12  1.000000e-05     7051
26.327572   5.04310e-01  5.05616e-01   9.044e-01   2.12899e-10  2.71047e-07      -1.08050e+03   1.09811e+03   1.76086e+01      4.000000e-12  1.000000e-05     7057
26.355870   5.04310e-01  5.05618e-01   9.043e-01   2.10061e-10  2.11323e-07      -1.07965e+03   1.09834e+03   1.86951e+01      4.000000e-12  1.000000e-05     7063
26.385704   5.04308e-01  5.05617e-01   9.042e-01   2.13927e-10  2.26767e-07      -1.07894e+03   1.09717e+03   1.82325e+01      4.000000e-12  1.000000e-05     7069
26.414509   5.04307e-01  5.05613e-01   9.042e-01   2.14317e-10  3.61231e-07      -1.07786e+03   1.09955e+03   2.16905e+01      4.000000e-12  1.000000e-05     7075
26.441833   5.04310e-01  5.05611e-01   9.041e-01   1.90050e-10  2.30177e-07      -1.07765e+03   1.09965e+03   2.20002e+01      4.000000e-12  1.000000e-05     7081
26.473784   5.04315e-01  5.05606e-01   9.040e-01   1.85744e-10  2.78228e-07      -1.08020e+03   1.09795e+03   1.77531e+01      4.000000e-12  1.000000e-05     7087
26.503770   5.04320e-01  5.05603e-01   9.040e-01   2.03175e-10  2.47876e-07      -1.07884e+03   1.09933e+03   2.04868e+01      4.000000e-12  1.000000e-05     7093
26.533489   5.04318e-01  5.05603e-01   9.039e-01   1.91225e-10  1.97716e-07      -1.07849e+03   1.09951e+03   2.10240e+01      4.000000e-12  1.000000e-05     7099
26.564479   5.04320e-01  5.05603e-01   9.039e-01   1.86811e-10  1.76066e-07      -1.07923e+03   1.09954e+03   2.03154e+01      4.000000e-12  1.000000e-05     7105
26.596750   5.04318e-01  5.05603e-01   9.038e-01   2.01204e-10  2.06599e-07      -1.07971e+03   1.09757e+03   1.78621e+01      4.000000e-12  1.000000e-05     7111
26.628586   5.04327e-01  5.05596e-01   9.037e-01   1.96209e-10  2.84547e-07      -1.07961e+03   1.09749e+03   1.78860e+01      4.000000e-12  1.000000e-05     7117
26.658868   5.04319e-01  5.05604e-01   9.037e-01   2.07355e-10  2.69454e-07      -1.08004e+03   1.09532e+03   1.52857e+01      4.000000e-12  1.000000e-05     7123
26.689375   5.04332e-01  5.05589e-01   9.036e-01   2.04272e-10  2.13923e-07      -1.07784e+03   1.09744e+03   1.96021e+01      4.000000e-12  1.000000e-05     7129
26.719077   5.04336e-01  5.05585e-01   9.035e-01   1.96700e-10  1.95223e-07      -1.07781e+03   1.09842e+03   2.06040e+01      4.000000e-12  1.000000e-05     7135
26.750695   5.04344e-01  5.05577e-01   9.035e-01   2.06446e-10  1.55438e-07      -1.07775e+03   1.09797e+03   2.02236e+01      4.000000e-12  1.000000e-05     7141
26.783215   5.04345e-01  5.05575e-01   9.034e-01   2.18986e-10  1.98425e-07      -1.07763e+03   1.09785e+03   2.02210e+01      4.000000e-12  1.000000e-05     7147
26.814716   5.04347e-01  5.05571e-01   9.034e-01   1.99705e-10  2.25633e-07      -1.07697e+03   1.09933e+03   2.23603e+01      4.000000e-12  1.000000e-05     7153
26.846760   5.04347e-01  5.05576e-01   9.033e-01   1.91258e-10  2.07387e-07      -1.07621e+03   1.09987e+03   2.36603e+01      4.000000e-12  1.000000e-05     7159
26.877839   5.04351e-01  5.05578e-01   9.033e-01   2.12749e-10  2.69403e-07      -1.07659e+03   1.09953e+03   2.29444e+01      4.000000e-12  1.000000e-05     7165
26.908240   5.04349e-01  5.05582e-01   9.032e-01   2.04934e-10  1.94249e-07      -1.07709e+03   1.09874e+03   2.16560e+01      4.000000e-12  1.000000e-05     7171
26.939519   5.04354e-01  5.05575e-01   9.032e-01   2.01985e-10  2.21546e-07      -1.07763e+03   1.09904e+03   2.14092e+01      4.000000e-12  1.000000e-05     7177
26.971234   5.04346e-01  5.05580e-01   9.031e-01   2.11289e-10  1.66327e-07      -1.07899e+03   1.09988e+03   2.08877e+01      4.000000e-12  1.000000e-05     7183
27.001895   5.04341e-01  5.05584e-01   9.030e-01   2.17969e-10  1.91081e-07      -1.07834e+03   1.09850e+03   2.01536e+01      4.000000e-12  1.000000e-05     7189
27.031696   5.04355e-01  5.05570e-01   9.030e-01   2.08161e-10  1.79197e-07      -1.07820e+03   1.09944e+03   2.12454e+01      4.000000e-12  1.000000e-05     7195
27.061732   5.04346e-01  5.05573e-01   9.029e-01   2.01711e-10  7.15345e-07      -1.07745e+03   1.10122e+03   2.37716e+01      4.000000e-12  1.000000e-05     7201
27.091206   5.04341e-01  5.05577e-01   9.029e-01   1.84455e-10  2.78700e-07      -1.07892e+03   1.10115e+03   2.22326e+01      4.000000e-12  1.000000e-05     7207
27.122513   5.04345e-01  5.05577e-01   9.028e-01   1.87031e-10  2.28135e-07      -1.07916e+03   1.10142e+03   2.22567e+01      4.000000e-12  1.000000e-05     7213
27.154403   5.04350e-01  5.05573e-01   9.028e-01   1.93403e-10  3.53425e-07      -1.07955e+03   1.09890e+03   1.93515e+01      4.000000e-12  1.000000e-05     7219
27.185909   5.04365e-01  5.05559e-01   9.027e-01   1.94106e-10  2.69454e-07      -1.07837e+03   1.09990e+03   2.15314e+01      4.000000e-12  1.000000e-05     7225
27.216287   5.04360e-01  5.05566e-01   9.027e-01   2.03665e-10  2.46234e-07      -1.07747e+03   1.10022e+03   2.27463e+01      4.000000e-12  1.000000e-05     7231
27.247153   5.04357e-01  5.05573e-01   9.026e-01   1.90933e-10  1.80396e-07      -1.07678e+03   1.10143e+03   2.46563e+01      4.000000e-12  1.000000e-05     7237
27.278568   5.04349e-01  5.05579e-01   9.026e-01   1.84292e-10  2.12051e-07      -1.07668e+03   1.10162e+03   2.49366e+01      4.000000e-12  1.000000e-05     7243
27.309613   5.04352e-01  5.05576e-01   9.025e-01   1.93234e-10  1.58908e-07      -1.07751e+03   1.10153e+03   2.40247e+01      4.000000e-12  1.000000e-05     7249
27.341511   5.04336e-01  5.05590e-01   9.024e-01   1.86463e-10  2.17671e-07      -1.07798e+03   1.10096e+03   2.29776e+01      4.000000e-12  1.000000e-05     7255
27.374002   5.04337e-01  5.05591e-01   9.024e-01   1.89465e-10  2.03701e-07      -1.07779e+03   1.10038e+03   2.25936e+01      4.000000e-12  1.000000e-05     7261
27.406877   5.04335e-01  5.05590e-01   9.023e-01   1.99495e-10  3.59567e-07      -1.07953e+03   1.09676e+03   1.72274e+01      4.000000e-12  1.000000e-05     7267
27.437193   5.04333e-01  5.05594e-01   9.023e-01   1.94740e-10  2.94313e-07      -1.07918e+03   1.09817e+03   1.89910e+01      4.000000e-12  1.000000e-05     7273
27.468022   5.04330e-01  5.05599e-01   9.022e-01   1.96687e-10  2.62787e-07      -1.07958e+03   1.09832e+03   1.87366e+01      4.000000e-12  1.000000e-05     7279
27.498188   5.04314e-01  5.05615e-01   9.022e-01   2.02275e-10  2.73744e-07      -1.07776e+03   1.09914e+03   2.13770e+01      4.000000e-12  1.000000e-05     7285
27.527207   5.04309e-01  5.05620e-01   9.021e-01   1.91572e-10  2.18022e-07      -1.07827e+03   1.09949e+03   2.12226e+01      4.000000e-12  1.000000e-05     7291
27.558494   5.04310e-01  5.05621e-01   9.021e-01   2.10178e-10  1.80580e-07      -1.07772e+03   1.09983e+03   2.21117e+01      4.000000e-12  1.000000e-05     7297
27.589284   5.04302e-01  5.05630e-01   9.020e-01   2.06620e-10  2.37552e-07      -1.07804e+03   1.09894e+03   2.08953e+01      4.000000e-12  1.000000e-05     7303
27.619848   5.04307e-01  5.05628e-01   9.020e-01   2.03829e-10  1.93163e-07      -1.07740e+03   1.10029e+03   2.28869e+01      4.000000e-12  1.000000e-05     7309
27.650706   5.04306e-01  5.05632e-01   9.019e-01   2.00524e-10  1.84751e-07      -1.07627e+03   1.10096e+03   2.46870e+01      4.000000e-12  1.000000e-05     7315
27.681759   5.04300e-01  5.05641e-01   9.018e-01   2.05612e-10  2.79182e-07      -1.07747e+03   1.10089e+03   2.34203e+01      4.000000e-12  1.000000e-05     7321
27.711124   5.04294e-01  5.05649e-01   9.017e-01   2.15497e-10  3.05944e-07      -1.07720e+03   1.10183e+03   2.46291e+01      4.000000e-12  1.000000e-05     7327
27.741217   5.04295e-01  5.05641e-01   9.016e-01   2.18211e-10  2.55480e-07      -1.07760e+03   1.10225e+03   2.46498e+01      4.000000e-12  1.000000e-05     7333
27.771781   5.04304e-01  5.05634e-01   9.016e-01   2.19291e-10  2.62297e-07      -1.07609e+03   1.10233e+03   2.62434e+01      4.000000e-12  1.000000e-05     7339
27.801645   5.04316e-01  5.05624e-01   9.015e-01   2.05030e-10  2.84974e-07      -1.07687e+03   1.10096e+03   2.40836e+01      4.000000e-12  1.000000e-05     7345
27.830956   5.04310e-01  5.05634e-01   9.014e-01   2.06897e-10  2.98009e-07      -1.07607e+03   1.10213e+03   2.60598e+01      4.000000e-12  1.000000e-05     7351
27.858482   5.04311e-01  5.05639e-01   9.014e-01   2.18605e-10  3.38261e-07      -1.07699e+03   1.10171e+03   2.47176e+01      4.000000e-12  1.000000e-05     7357
27.886720   5.04316e-01  5.05637e-01   9.013e-01   2.15013e-10  2.46677e-07      -1.07705e+03   1.10186e+03   2.48163e+01      4.000000e-12  1.000000e-05     7363
27.916563   5.04316e-01  5.05639e-01   9.013e-01   1.91180e-10  2.50012e-07      -1.07819e+03   1.10143e+03   2.32476e+01      4.000000e-12  1.000000e-05     7369
27.947023   5.04317e-01  5.05642e-01   9.013e-01   1.90688e-10  3.02188e-07      -1.07973e+03   1.09883e+03   1.91026e+01      4.000000e-12  1.000000e-05     7375
27.976164   5.04318e-01  5.05642e-01   9.012e-01   1.94420e-10  2.73131e-07      -1.07924e+03   1.09826e+03   1.90185e+01      4.000000e-12  1.000000e-05     7381
28.007522   5.04296e-01  5.05661e-01   9.012e-01   1.87834e-10  2.78605e-07      -1.08000e+03   1.09858e+03   1.85779e+01      4.000000e-12  1.000000e-05     7387
28.039566   5.04295e-01  5.05658e-01   9.011e-01   1.93134e-10  2.72024e-07      -1.08057e+03   1.10020e+03   1.96315e+01      4.000000e-12  1.000000e-05     7393
28.071331   5.04296e-01  5.05661e-01   9.010e-01   2.01768e-10  3.00897e-07      -1.07921e+03   1.10165e+03   2.24387e+01      4.000000e-12  1.000000e-05     7399
28.102149   5.04298e-01  5.05660e-01   9.010e-01   1.88491e-10  2.83482e-07      -1.08070e+03   1.10170e+03   2.10024e+01      4.000000e-12  1.000000e-05     7405
28.132917   5.04283e-01  5.05677e-01   9.009e-01   2.07331e-10  3.10513e-07      -1.08136e+03   1.10235e+03   2.09959e+01      4.000000e-12  1.000000e-05     7411
28.162253   5.04278e-01  5.05686e-01   9.009e-01   2.03154e-10  2.05936e-07      -1.08140e+03   1.10184e+03   2.04421e+01      4.000000e-12  1.000000e-05     7417
28.192624   5.04273e-01  5.05687e-01   9.008e-01   1.85860e-10  2.95401e-07      -1.08172e+03   1.10179e+03   2.00632e+01      4.000000e-12  1.000000e-05     7423
28.222657   5.04292e-01  5.05662e-01   9.007e-01   2.03927e-10  2.70305e-07      -1.08043e+03   1.10158e+03   2.11466e+01      4.000000e-12  1.000000e-05     7429
28.251750   5.04289e-01  5.05663e-01   9.006e-01   1.84228e-10  2.06843e-07      -1.08156e+03   1.10066e+03   1.91039e+01      4.000000e-12  1.000000e-05     7435
28.282540   5.04293e-01  5.05659e-01   9.006e-01   1.91203e-10  1.84577e-07      -1.08181e+03   1.10011e+03   1.83037e+01      4.000000e-12  1.000000e-05     7441
28.314380   5.04286e-01  5.05670e-01   9.005e-01   1.90574e-10  1.91471e-07      -1.08179e+03   1.10037e+03   1.85771e+01      4.000000e-12  1.000000e-05     7447
28.346502   5.04288e-01  5.05670e-01   9.004e-01   1.90281e-10  1.71533e-07      -1.08150e+03   1.09935e+03   1.78415e+01      4.000000e-12  1.000000e-05     7453
28.376962   5.04311e-01  5.05649e-01   9.004e-01   2.22069e-10  3.48995e-07      -1.08148e+03   1.09824e+03   1.67632e+01      4.000000e-12  1.000000e-05     7459
28.405453   5.04311e-01  5.05652e-01   9.003e-01   2.24873e-10  2.46105e-07      -1.08145e+03   1.09948e+03   1.80295e+01      4.000000e-12  1.000000e-05     7465
28.434522   5.04306e-01  5.05656e-01   9.003e-01   2.00298e-10  2.24192e-07      -1.08162e+03   1.09884e+03   1.72147e+01      4.000000e-12  1.000000e-05     7471
28.464585   5.04306e-01  5.05658e-01   9.003e-01   1.86574e-10  2.38852e-07      -1.08182e+03   1.09997e+03   1.81519e+01      4.000000e-12  1.000000e-05     7477
28.494737   5.04306e-01  5.05657e-01   9.002e-01   1.96231e-10  1.58940e-07      -1.08280e+03   1.09990e+03   1.70983e+01      4.000000e-12  1.000000e-05     7483
28.526388   5.04311e-01  5.05654e-01   9.002e-01   1.89471e-10  2.32182e-07      -1.08277e+03   1.09915e+03   1.63863e+01      4.000000e-12  1.000000e-05     7489
28.558364   5.04307e-01  5.05658e-01   9.001e-01   1.90048e-10  2.37977e-07      -1.08334e+03   1.09815e+03   1.48119e+01      4.000000e-12  1.000000e-05     7495
28.590003   5.04311e-01  5.05658e-01   9.001e-01   1.95488e-10  2.92253e-07      -1.08181e+03   1.09949e+03   1.76807e+01      4.000000e-12  1.000000e-05     7501
28.619865   5.04311e-01  5.05659e-01   9.000e-01   1.99584e-10  2.11899e-07      -1.08094e+03   1.09885e+03   1.79059e+01      4.000000e-12  1.000000e-05     7507
28.650261   5.04320e-01  5.05649e-01   9.000e-01   1.99808e-10  2.98470e-07      -1.07985e+03   1.09961e+03   1.97598e+01      4.000000e-12  1.000000e-05     7513
28.680868   5.04320e-01  5.05647e-01   8.999e-01   1.95094e-10  2.74330e-07      -1.07971e+03   1.09930e+03   1.95924e+01      4.000000e-12  1.000000e-05     7519
28.711072   5.04315e-01  5.05653e-01   8.998e-01   2.11972e-10  2.23068e-07      -1.08208e+03   1.09894e+03   1.68601e+01      4.000000e-12  1.000000e-05     7525
28.740527   5.04308e-01  5.05659e-01   8.998e-01   2.08240e-10  1.71541e-07      -1.08215e+03   1.09919e+03   1.70420e+01      4.000000e-12  1.000000e-05     7531
28.770967   5.04315e-01  5.05656e-01   8.997e-01   2.03164e-10  3.11436e-07      -1.07999e+03   1.10315e+03   2.31600e+01      4.000000e-12  1.000000e-05     7537
28.800141   5.04315e-01  5.05655e-01   8.997e-01   2.16211e-10  2.05351e-07      -1.08221e+03   1.10201e+03   1.98054e+01      4.000000e-12  1.000000e-05     7543
28.830551   5.04313e-01  5.05661e-01   8.997e-01   1.96896e-10  2.26137e-07      -1.08365e+03   1.10068e+03   1.70210e+01      4.000000e-12  1.000000e-05     7549
28.860843   5.04327e-01  5.05645e-01   8.996e-01   1.98610e-10  1.94795e-07      -1.08471e+03   1.09989e+03   1.51723e+01      4.000000e-12  1.000000e-05     7555
28.889613   5.04337e-01  5.05637e-01   8.995e-01   2.03159e-10  2.07733e-07      -1.08466e+03   1.09963e+03   1.49649e+01      4.000000e-12  1.000000e-05     7561
28.919260   5.04331e-01  5.05641e-01   8.995e-01   1.97494e-10  1.48575e-07      -1.08344e+03   1.09930e+03   1.58562e+01      4.000000e-12  1.000000e-05     7567
28.950482   5.04334e-01  5.05639e-01   8.994e-01   1.87499e-10  1.88104e-07      -1.08295e+03   1.10016e+03   1.72075e+01      4.000000e-12  1.000000e-05     7573
28.982309   5.04329e-01  5.05646e-01   8.993e-01   1.83502e-10  2.13850e-07      -1.08319e+03   1.10073e+03   1.75401e+01      4.000000e-12  1.000000e-05     7579
29.014579   5.04328e-01  5.05648e-01   8.993e-01   1.91168e-10  2.24843e-07      -1.08426e+03   1.10219e+03   1.79318e+01      4.000000e-12  1.000000e-05     7585
29.043937   5.04321e-01  5.05656e-01   8.992e-01   1.82531e-10  2.26470e-07      -1.08385e+03   1.10176e+03   1.79059e+01      4.000000e-12  1.000000e-05     7591
29.074338   5.04320e-01  5.05661e-01   8.992e-01   1.85356e-10  2.28933e-07      -1.08305e+03   1.10207e+03   1.90201e+01      4.000000e-12  1.000000e-05     7597
29.104637   5.04320e-01  5.05659e-01   8.991e-01   1.85575e-10  3.74247e-07      -1.08311e+03   1.10188e+03   1.87690e+01      4.000000e-12  1.000000e-05     7603
29.134983   5.04323e-01  5.05655e-01   8.991e-01   1.83065e-10  1.96658e-07      -1.08464e+03   1.10081e+03   1.61695e+01      4.000000e-12  1.000000e-05     7609
29.166303   5.04317e-01  5.05660e-01   8.990e-01   1.93237e-10  2.30820e-07      -1.08577e+03   1.09868e+03   1.29107e+01      4.000000e-12  1.000000e-05     7615
29.197809   5.04327e-01  5.05647e-01   8.989e-01   1.90593e-10  2.36421e-07      -1.08584e+03   1.09868e+03   1.28457e+01      4.000000e-12  1.000000e-05     7621
29.229057   5.04325e-01  5.05646e-01   8.988e-01   2.00603e-10  2.85678e-07      -1.08260e+03   1.10176e+03   1.91541e+01      4.000000e-12  1.000000e-05     7627
29.259620   5.04320e-01  5.05652e-01   8.988e-01   1.89305e-10  2.09295e-07      -1.08327e+03   1.10312e+03   1.98465e+01      4.000000e-12  1.000000e-05     7633
29.291191   5.04325e-01  5.05646e-01   8.988e-01   1.90696e-10  1.76503e-07      -1.08235e+03   1.10315e+03   2.07996e+01      4.000000e-12  1.000000e-05     7639
29.323258   5.04324e-01  5.05650e-01   8.987e-01   1.96050e-10  1.84996e-07      -1.08282e+03   1.10068e+03   1.78534e+01      4.000000e-12  1.000000e-05     7645
29.354735   5.04326e-01  5.05647e-01   8.987e-01   1.93481e-10  3.69457e-07      -1.08376e+03   1.09757e+03   1.38165e+01      4.000000e-12  1.000000e-05     7651
29.383631   5.04326e-01  5.05647e-01   8.986e-01   2.02843e-10  1.92433e-07      -1.08382e+03   1.09672e+03   1.28918e+01      4.000000e-12  1.000000e-05     7657
29.412956   5.04326e-01  5.05646e-01   8.986e-01   1.92162e-10  2.42868e-07      -1.08512e+03   1.09796e+03   1.28410e+01      4.000000e-12  1.000000e-05     7663
29.442732   5.04315e-01  5.05654e-01   8.985e-01   2.10294e-10  1.75115e-07      -1.08406e+03   1.09963e+03   1.55654e+01      4.000000e-12  1.000000e-05     7669
29.472461   5.04316e-01  5.05660e-01   8.985e-01   2.20050e-10  1.86110e-07      -1.08349e+03   1.10019e+03   1.67014e+01      4.000000e-12  1.000000e-05     7675
29.501524   5.04316e-01  5.05662e-01   8.984e-01   1.82937e-10  1.69721e-07      -1.08392e+03   1.10140e+03   1.74778e+01      4.000000e-12  1.000000e-05     7681
29.532261   5.04319e-01  5.05663e-01   8.984e-01   1.96045e-10  1.44747e-07      -1.08504e+03   1.10180e+03   1.67632e+01      4.000000e-12  1.000000e-05     7687
29.564375   5.04314e-01  5.05664e-01   8.984e-01   1.78526e-10  2.14038e-07      -1.08501e+03   1.10165e+03   1.66411e+01      4.000000e-12  1.000000e-05     7693
29.595834   5.04310e-01  5.05669e-01   8.983e-01   1.93727e-10  1.52148e-07      -1.08623e+03   1.10178e+03   1.55538e+01      4.000000e-12  1.000000e-05     7699
29.626180   5.04317e-01  5.05662e-01   8.982e-01   1.96237e-10  2.57262e-07      -1.08699e+03   1.10122e+03   1.42327e+01      4.000000e-12  1.000000e-05     7705
29.656549   5.04313e-01  5.05665e-01   8.982e-01   1.74306e-10  2.54219e-07      -1.08575e+03   1.10112e+03   1.53713e+01      4.000000e-12  1.000000e-05     7711
29.687385   5.04306e-01  5.05670e-01   8.981e-01   1.70758e-10  1.80261e-07      -1.08597e+03   1.10137e+03   1.54074e+01      4.000000e-12  1.000000e-05     7717
29.719151   5.04310e-01  5.05670e-01   8.981e-01   1.84205e-10  2.05220e-07      -1.08633e+03   1.10258e+03   1.62511e+01      4.000000e-12  1.000000e-05     7723
29.749793   5.04309e-01  5.05675e-01   8.980e-01   1.82288e-10  2.27796e-07      -1.08691e+03   1.10200e+03   1.50874e+01      4.000000e-12  1.000000e-05     7729
29.778920   5.04300e-01  5.05683e-01   8.980e-01   1.80217e-10  2.28453e-07      -1.08596e+03   1.10187e+03   1.59114e+01      4.000000e-12  1.000000e-05     7735
29.808506   5.04297e-01  5.05687e-01   8.979e-01   1.75450e-10  1.74208e-07      -1.08508e+03   1.10151e+03   1.64319e+01      4.000000e-12  1.000000e-05     7741
29.838965   5.04309e-01  5.05676e-01   8.979e-01   1.80042e-10  1.47699e-07      -1.08452e+03   1.10258e+03   1.80558e+01      4.000000e-12  1.000000e-05     7747
29.868317   5.04322e-01  5.05665e-01   8.978e-01   1.85676e-10  2.42039e-07      -1.08527e+03   1.10214e+03   1.68789e+01      4.000000e-12  1.000000e-05     7753
29.898787   5.04321e-01  5.05665e-01   8.978e-01   1.93398e-10  1.51262e-07      -1.08542e+03   1.10207e+03   1.66481e+01      4.000000e-12  1.000000e-05     7759
29.930775   5.04307e-01  5.05679e-01   8.977e-01   1.91269e-10  1.67415e-07      -1.08375e+03   1.10236e+03   1.86091e+01      4.000000e-12  1.000000e-05     7765
29.962230   5.04295e-01  5.05692e-01   8.976e-01   1.89644e-10  1.54484e-07      -1.08276e+03   1.10322e+03   2.04608e+01      4.000000e-12  1.000000e-05     7771
29.993362   5.04299e-01  5.05684e-01   8.975e-01   1.84176e-10  1.78273e-07      -1.08373e+03   1.10121e+03   1.74804e+01      4.000000e-12  1.000000e-05     7777
30.000000   5.04299e-01  5.05684e-01   8.975e-01   2.09650e-10  1.92953e-07      -1.08381e+03   1.10119e+03   1.73793e+01      4.000000e-12  1.000000e-05     7783
