0.001828   1.27813e-01  1.27811e-01   1.000e+00   1.28915e-03  2.56948e-01       8.98455e+01   8.83322e+01   1.78178e+02      1.000000e-10  1.000000e-05       13
0.002804   1.27814e-01  1.27812e-01   1.000e+00   1.94677e-07  2.53602e-01       1.32569e+02   1.34510e+02   2.67079e+02      1.000000e-10  1.000000e-05       43
0.003696   1.27814e-01  1.27813e-01   1.000e+00   1.68455e-07  2.50517e-01       1.71716e+02   1.76746e+02   3.48461e+02      2.000000e-11  1.000000e-05       49
0.005316   1.27817e-01  1.27815e-01   1.000e+00   1.42161e-07  2.45362e-01       2.42752e+02   2.53389e+02   4.96141e+02      4.000000e-12  1.000000e-05       55
0.007679   1.27821e-01  1.27819e-01   1.000e+00   1.36968e-07  2.38171e-01       3.46343e+02   3.65167e+02   7.11510e+02      4.000000e-12  1.000000e-05       61
0.010807   1.27829e-01  1.27828e-01   1.000e+00   1.37484e-07  2.28640e-01       4.83371e+02   5.13039e+02   9.96410e+02      4.000000e-12  1.000000e-05       67
0.014911   1.27844e-01  1.27843e-01   1.000e+00   1.44592e-07  2.16931e-01       6.62779e+02   7.07037e+02   1.36982e+03      4.000000e-12  1.000000e-05       73
0.019935   1.27869e-01  1.27868e-01   1.000e+00   1.46969e-07  2.03656e-01       8.82705e+02   9.44163e+02   1.82687e+03      4.000000e-12  1.000000e-05       79
0.025839   1.27907e-01  1.27907e-01   1.000e+00   1.49077e-07  1.88917e-01       1.14057e+03   1.22215e+03   2.36272e+03      4.000000e-12  1.000000e-05       85
0.032652   1.27963e-01  1.27964e-01   1.000e+00   1.39980e-07  1.73295e-01       1.43669e+03   1.54200e+03   2.97869e+03      4.000000e-12  1.000000e-05       91
0.040304   1.28044e-01  1.28042e-01   9.999e-01   1.38846e-07  1.57617e-01       1.76839e+03   1.89862e+03   3.66701e+03      4.000000e-12  1.000000e-05       97
0.048604   1.28148e-01  1.28149e-01   9.999e-01   1.42216e-07  1.42309e-01       2.12652e+03   2.28378e+03   4.41030e+03      4.000000e-12  1.000000e-05      103
0.057191   1.28274e-01  1.28279e-01   9.998e-01   1.46062e-07  1.28216e-01       2.49463e+03   2.67934e+03   5.17397e+03      4.000000e-12  1.000000e-05      109
0.066054   1.28433e-01  1.28432e-01   9.997e-01   1.44784e-07  1.15424e-01       2.87094e+03   3.08306e+03   5.95401e+03      4.000000e-12  1.000000e-05      115
0.075023   1.28615e-01  1.28606e-01   9.997e-01   1.47134e-07  1.04014e-01       3.24528e+03   3.48968e+03   6.73496e+03      4.000000e-12  1.000000e-05      121
0.083970   1.28816e-01  1.28803e-01   9.996e-01   1.50004e-07  9.40631e-02       3.61677e+03   3.88923e+03   7.50600e+03      4.000000e-12  1.000000e-05      127
0.093026   1.29037e-01  1.29020e-01   9.995e-01   1.49757e-07  8.52370e-02       3.98952e+03   4.29515e+03   8.28467e+03      4.000000e-12  1.000000e-05      133
0.101932   1.29284e-01  1.29261e-01   9.995e-01   1.52312e-07  7.77315e-02       4.34954e+03   4.68333e+03   9.03288e+03      4.000000e-12  1.000000e-05      139
0.110960   1.29553e-01  1.29527e-01   9.994e-01   1.52323e-07  7.10208e-02       4.71467e+03   5.07308e+03   9.78775e+03      4.000000e-12  1.000000e-05      145
0.120012   1.29837e-01  1.29816e-01   9.994e-01   1.48446e-07  6.52216e-02       5.07213e+03   5.45708e+03   1.05292e+04      4.000000e-12  1.000000e-05      151
0.128986   1.30142e-01  1.30120e-01   9.994e-01   1.49953e-07  6.02526e-02       5.42201e+03   5.83510e+03   1.12571e+04      4.000000e-12  1.000000e-05      157
0.137936   1.30465e-01  1.30444e-01   9.993e-01   1.43659e-07  5.59994e-02       5.76341e+03   6.20490e+03   1.19683e+04      4.000000e-12  1.000000e-05      163
0.146934   1.30808e-01  1.30792e-01   9.993e-01   1.44411e-07  5.23728e-02       6.10372e+03   6.57324e+03   1.26770e+04      4.000000e-12  1.000000e-05      169
0.156230   1.31182e-01  1.31168e-01   9.993e-01   1.45454e-07  4.92090e-02       6.45201e+03   6.94762e+03   1.33996e+04      4.000000e-12  1.000000e-05      175
0.165541   1.31584e-01  1.31571e-01   9.992e-01   1.41792e-07  4.65390e-02       6.79457e+03   7.32069e+03   1.41153e+04      4.000000e-12  1.000000e-05      181
0.174482   1.31991e-01  1.31972e-01   9.991e-01   1.41479e-07  4.44937e-02       7.11145e+03   7.67108e+03   1.47825e+04      4.000000e-12  1.000000e-05      187
0.183636   1.32426e-01  1.32403e-01   9.991e-01   1.43198e-07  4.27406e-02       7.43285e+03   8.02141e+03   1.54543e+04      4.000000e-12  1.000000e-05      193
0.192912   1.32883e-01  1.32859e-01   9.991e-01   1.50399e-07  4.13488e-02       7.75432e+03   8.36968e+03   1.61240e+04      4.000000e-12  1.000000e-05      199
0.202193   1.33361e-01  1.33337e-01   9.990e-01   1.58183e-07  4.02711e-02       8.07172e+03   8.71199e+03   1.67837e+04      4.000000e-12  1.000000e-05      205
0.211333   1.33846e-01  1.33822e-01   9.990e-01   1.50842e-07  3.95052e-02       8.37639e+03   9.04809e+03   1.74245e+04      4.000000e-12  1.000000e-05      211
0.220518   1.34356e-01  1.34328e-01   9.989e-01   1.61286e-07  3.89811e-02       8.67732e+03   9.37758e+03   1.80549e+04      4.000000e-12  1.000000e-05      217
0.229935   1.34894e-01  1.34866e-01   9.988e-01   1.58785e-07  3.86596e-02       8.98081e+03   9.70671e+03   1.86875e+04      4.000000e-12  1.000000e-05      223
0.239323   1.35448e-01  1.35423e-01   9.987e-01   1.52245e-07  3.85925e-02       9.27580e+03   1.00296e+04   1.93054e+04      4.000000e-12  1.000000e-05      229
0.248491   1.36006e-01  1.35981e-01   9.987e-01   1.49056e-07  3.86698e-02       9.56004e+03   1.03407e+04   1.99007e+04      4.000000e-12  1.000000e-05      235
0.257704   1.36587e-01  1.36561e-01   9.987e-01   1.47335e-07  3.89126e-02       9.84076e+03   1.06486e+04   2.04893e+04      4.000000e-12  1.000000e-05      241
0.266542   1.37155e-01  1.37129e-01   9.987e-01   1.47464e-07  3.92625e-02       1.01062e+04   1.09369e+04   2.10431e+04      4.000000e-12  1.000000e-05      247
0.275733   1.37758e-01  1.37744e-01   9.986e-01   1.51923e-07  3.97472e-02       1.03772e+04   1.12322e+04   2.16093e+04      4.000000e-12  1.000000e-05      253
0.285221   1.38407e-01  1.38389e-01   9.986e-01   1.44150e-07  4.03590e-02       1.06534e+04   1.15321e+04   2.21854e+04      4.000000e-12  1.000000e-05      259
0.294738   1.39070e-01  1.39057e-01   9.986e-01   1.53136e-07  4.10572e-02       1.09228e+04   1.18246e+04   2.27474e+04      4.000000e-12  1.000000e-05      265
0.304096   1.39738e-01  1.39733e-01   9.985e-01   1.50236e-07  4.18460e-02       1.11858e+04   1.21103e+04   2.32961e+04      4.000000e-12  1.000000e-05      271
0.313407   1.40424e-01  1.40423e-01   9.984e-01   1.48848e-07  4.26999e-02       1.14406e+04   1.23859e+04   2.38265e+04      4.000000e-12  1.000000e-05      277
0.322760   1.41126e-01  1.41122e-01   9.984e-01   1.47268e-07  4.36058e-02       1.16902e+04   1.26607e+04   2.43509e+04      4.000000e-12  1.000000e-05      283
0.332042   1.41838e-01  1.41838e-01   9.983e-01   1.46166e-07  4.45825e-02       1.19350e+04   1.29272e+04   2.48622e+04      4.000000e-12  1.000000e-05      289
0.341246   1.42556e-01  1.42562e-01   9.982e-01   1.54023e-07  4.55598e-02       1.21718e+04   1.31862e+04   2.53580e+04      4.000000e-12  1.000000e-05      295
0.350663   1.43301e-01  1.43318e-01   9.981e-01   1.58600e-07  4.66311e-02       1.24098e+04   1.34469e+04   2.58567e+04      4.000000e-12  1.000000e-05      301
0.360097   1.44063e-01  1.44085e-01   9.980e-01   1.58076e-07  4.77370e-02       1.26462e+04   1.37015e+04   2.63477e+04      4.000000e-12  1.000000e-05      307
0.369287   1.44827e-01  1.44844e-01   9.979e-01   1.52089e-07  4.88227e-02       1.28685e+04   1.39433e+04   2.68118e+04      4.000000e-12  1.000000e-05      313
0.378257   1.45582e-01  1.45597e-01   9.978e-01   1.51413e-07  4.99066e-02       1.30785e+04   1.41772e+04   2.72557e+04      4.000000e-12  1.000000e-05      319
0.387155   1.46345e-01  1.46355e-01   9.978e-01   1.51775e-07  5.10041e-02       1.32860e+04   1.44040e+04   2.76900e+04      4.000000e-12  1.000000e-05      325
0.395766   1.47092e-01  1.47107e-01   9.977e-01   1.42831e-07  5.20817e-02       1.34830e+04   1.46209e+04   2.81040e+04      4.000000e-12  1.000000e-05      331
0.404416   1.47848e-01  1.47871e-01   9.977e-01   1.47278e-07  5.31534e-02       1.36773e+04   1.48327e+04   2.85101e+04      4.000000e-12  1.000000e-05      337
0.413373   1.48652e-01  1.48671e-01   9.976e-01   1.54224e-07  5.42868e-02       1.38765e+04   1.50502e+04   2.89268e+04      4.000000e-12  1.000000e-05      343
0.422632   1.49504e-01  1.49519e-01   9.975e-01   1.58039e-07  5.54809e-02       1.40785e+04   1.52686e+04   2.93471e+04      4.000000e-12  1.000000e-05      349
0.431488   1.50321e-01  1.50336e-01   9.974e-01   1.51226e-07  5.66091e-02       1.42669e+04   1.54758e+04   2.97427e+04      4.000000e-12  1.000000e-05      355
0.440706   1.51182e-01  1.51198e-01   9.974e-01   1.56363e-07  5.77813e-02       1.44596e+04   1.56861e+04   3.01457e+04      4.000000e-12  1.000000e-05      361
0.450073   1.52068e-01  1.52080e-01   9.974e-01   1.63601e-07  5.89776e-02       1.46506e+04   1.58993e+04   3.05500e+04      4.000000e-12  1.000000e-05      367
0.459410   1.52968e-01  1.52975e-01   9.973e-01   1.63331e-07  6.01684e-02       1.48393e+04   1.61018e+04   3.09411e+04      4.000000e-12  1.000000e-05      373
0.468578   1.53862e-01  1.53865e-01   9.972e-01   1.62563e-07  6.13413e-02       1.50180e+04   1.62995e+04   3.13175e+04      4.000000e-12  1.000000e-05      379
0.477412   1.54734e-01  1.54736e-01   9.972e-01   1.57639e-07  6.24699e-02       1.51902e+04   1.64869e+04   3.16771e+04      4.000000e-12  1.000000e-05      385
0.486219   1.55610e-01  1.55612e-01   9.971e-01   1.55410e-07  6.35999e-02       1.53589e+04   1.66729e+04   3.20318e+04      4.000000e-12  1.000000e-05      391
0.495168   1.56507e-01  1.56511e-01   9.970e-01   1.51707e-07  6.47392e-02       1.55260e+04   1.68581e+04   3.23841e+04      4.000000e-12  1.000000e-05      397
0.503835   1.57392e-01  1.57390e-01   9.970e-01   1.48357e-07  6.58098e-02       1.56825e+04   1.70328e+04   3.27153e+04      4.000000e-12  1.000000e-05      403
0.512580   1.58290e-01  1.58290e-01   9.969e-01   1.46368e-07  6.68912e-02       1.58408e+04   1.72074e+04   3.30482e+04      4.000000e-12  1.000000e-05      409
0.521505   1.59210e-01  1.59214e-01   9.969e-01   1.47443e-07  6.79675e-02       1.59957e+04   1.73798e+04   3.33755e+04      4.000000e-12  1.000000e-05      415
0.530609   1.60161e-01  1.60170e-01   9.969e-01   1.46715e-07  6.90692e-02       1.61516e+04   1.75517e+04   3.37033e+04      4.000000e-12  1.000000e-05      421
0.539862   1.61135e-01  1.61151e-01   9.968e-01   1.47558e-07  7.01830e-02       1.63097e+04   1.77253e+04   3.40350e+04      4.000000e-12  1.000000e-05      427
0.549312   1.62145e-01  1.62163e-01   9.968e-01   1.53075e-07  7.13081e-02       1.64672e+04   1.78983e+04   3.43655e+04      4.000000e-12  1.000000e-05      433
0.558959   1.63178e-01  1.63200e-01   9.967e-01   1.59390e-07  7.24449e-02       1.66251e+04   1.80706e+04   3.46957e+04      4.000000e-12  1.000000e-05      439
0.568662   1.64235e-01  1.64251e-01   9.967e-01   1.66822e-07  7.35686e-02       1.67789e+04   1.82421e+04   3.50210e+04      4.000000e-12  1.000000e-05      445
0.578236   1.65293e-01  1.65302e-01   9.967e-01   1.62436e-07  7.46732e-02       1.69289e+04   1.84063e+04   3.53352e+04      4.000000e-12  1.000000e-05      451
0.587871   1.66359e-01  1.66368e-01   9.966e-01   1.60178e-07  7.57456e-02       1.70749e+04   1.85700e+04   3.56450e+04      4.000000e-12  1.000000e-05      457
0.597742   1.67454e-01  1.67470e-01   9.966e-01   1.68148e-07  7.68452e-02       1.72223e+04   1.87341e+04   3.59564e+04      4.000000e-12  1.000000e-05      463
0.607492   1.68548e-01  1.68566e-01   9.965e-01   1.59120e-07  7.78946e-02       1.73643e+04   1.88916e+04   3.62559e+04      4.000000e-12  1.000000e-05      469
0.616677   1.69585e-01  1.69605e-01   9.965e-01   1.53242e-07  7.88866e-02       1.74927e+04   1.90398e+04   3.65325e+04      4.000000e-12  1.000000e-05      475
0.625954   1.70634e-01  1.70673e-01   9.964e-01   1.50841e-07  7.98467e-02       1.76212e+04   1.91798e+04   3.68010e+04      4.000000e-12  1.000000e-05      481
0.634810   1.71651e-01  1.71699e-01   9.963e-01   1.52278e-07  8.07628e-02       1.77423e+04   1.93164e+04   3.70587e+04      4.000000e-12  1.000000e-05      487
0.643798   1.72693e-01  1.72740e-01   9.963e-01   1.56240e-07  8.16810e-02       1.78629e+04   1.94520e+04   3.73149e+04      4.000000e-12  1.000000e-05      493
0.653060   1.73775e-01  1.73821e-01   9.963e-01   1.52266e-07  8.26280e-02       1.79859e+04   1.95910e+04   3.75769e+04      4.000000e-12  1.000000e-05      499
0.662610   1.74906e-01  1.74952e-01   9.962e-01   1.44729e-07  8.36152e-02       1.81110e+04   1.97306e+04   3.78416e+04      4.000000e-12  1.000000e-05      505
0.671813   1.75995e-01  1.76048e-01   9.961e-01   1.44745e-07  8.45103e-02       1.82256e+04   1.98610e+04   3.80867e+04      4.000000e-12  1.000000e-05      511
0.680755   1.77059e-01  1.77113e-01   9.961e-01   1.40019e-07  8.53467e-02       1.83342e+04   1.99830e+04   3.83172e+04      4.000000e-12  1.000000e-05      517
0.689861   1.78153e-01  1.78202e-01   9.960e-01   1.41511e-07  8.62022e-02       1.84449e+04   2.01061e+04   3.85510e+04      4.000000e-12  1.000000e-05      523
0.699014   1.79258e-01  1.79305e-01   9.960e-01   1.50005e-07  8.70542e-02       1.85553e+04   2.02291e+04   3.87844e+04      4.000000e-12  1.000000e-05      529
0.708260   1.80377e-01  1.80430e-01   9.960e-01   1.49318e-07  8.78708e-02       1.86623e+04   2.03492e+04   3.90115e+04      4.000000e-12  1.000000e-05      535
0.717687   1.81530e-01  1.81584e-01   9.959e-01   1.55155e-07  8.87034e-02       1.87673e+04   2.04677e+04   3.92350e+04      4.000000e-12  1.000000e-05      541
0.727090   1.82687e-01  1.82735e-01   9.959e-01   1.50432e-07  8.94999e-02       1.88697e+04   2.05845e+04   3.94543e+04      4.000000e-12  1.000000e-05      547
0.736331   1.83825e-01  1.83872e-01   9.958e-01   1.43281e-07  9.02890e-02       1.89720e+04   2.06960e+04   3.96680e+04      4.000000e-12  1.000000e-05      553
0.745664   1.84978e-01  1.85029e-01   9.958e-01   1.39103e-07  9.10533e-02       1.90725e+04   2.08057e+04   3.98782e+04      4.000000e-12  1.000000e-05      559
0.754878   1.86122e-01  1.86181e-01   9.958e-01   1.47533e-07  9.18062e-02       1.91672e+04   2.09152e+04   4.00825e+04      4.000000e-12  1.000000e-05      565
0.764300   1.87292e-01  1.87365e-01   9.958e-01   1.54654e-07  9.25643e-02       1.92618e+04   2.10243e+04   4.02861e+04      4.000000e-12  1.000000e-05      571
0.773464   1.88441e-01  1.88518e-01   9.957e-01   1.53026e-07  9.32697e-02       1.93534e+04   2.11271e+04   4.04805e+04      4.000000e-12  1.000000e-05      577
0.782745   1.89614e-01  1.89693e-01   9.956e-01   1.48401e-07  9.39798e-02       1.94442e+04   2.12301e+04   4.06743e+04      4.000000e-12  1.000000e-05      583
0.791817   1.90769e-01  1.90851e-01   9.956e-01   1.48238e-07  9.46820e-02       1.95312e+04   2.13298e+04   4.08610e+04      4.000000e-12  1.000000e-05      589
0.801211   1.91958e-01  1.92050e-01   9.955e-01   1.49553e-07  9.53290e-02       1.96131e+04   2.14290e+04   4.10420e+04      4.000000e-12  1.000000e-05      595
0.809977   1.93079e-01  1.93175e-01   9.955e-01   1.45234e-07  9.59466e-02       1.96905e+04   2.15206e+04   4.12111e+04      4.000000e-12  1.000000e-05      601
0.818632   1.94193e-01  1.94288e-01   9.954e-01   1.34186e-07  9.65457e-02       1.97670e+04   2.16079e+04   4.13749e+04      4.000000e-12  1.000000e-05      607
0.827424   1.95334e-01  1.95419e-01   9.954e-01   1.42218e-07  9.71398e-02       1.98431e+04   2.16963e+04   4.15395e+04      4.000000e-12  1.000000e-05      613
0.836463   1.96506e-01  1.96587e-01   9.954e-01   1.39804e-07  9.77393e-02       1.99208e+04   2.17829e+04   4.17037e+04      4.000000e-12  1.000000e-05      619
0.845875   1.97735e-01  1.97817e-01   9.953e-01   1.36759e-07  9.83449e-02       1.99980e+04   2.18707e+04   4.18687e+04      4.000000e-12  1.000000e-05      625
0.855340   1.98968e-01  1.99064e-01   9.953e-01   1.36979e-07  9.89192e-02       2.00705e+04   2.19556e+04   4.20261e+04      4.000000e-12  1.000000e-05      631
0.864541   2.00180e-01  2.00267e-01   9.952e-01   1.55474e-07  9.94887e-02       2.01429e+04   2.20383e+04   4.21812e+04      4.000000e-12  1.000000e-05      637
0.873363   2.01348e-01  2.01424e-01   9.952e-01   1.51152e-07  9.99791e-02       2.02085e+04   2.21111e+04   4.23196e+04      4.000000e-12  1.000000e-05      643
0.882511   2.02557e-01  2.02638e-01   9.951e-01   1.51242e-07  1.00503e-01       2.02769e+04   2.21880e+04   4.24649e+04      4.000000e-12  1.000000e-05      649
0.891792   2.03790e-01  2.03873e-01   9.951e-01   1.43502e-07  1.01018e-01       2.03435e+04   2.22654e+04   4.26089e+04      4.000000e-12  1.000000e-05      655
0.901100   2.05024e-01  2.05114e-01   9.951e-01   1.44575e-07  1.01549e-01       2.04092e+04   2.23399e+04   4.27492e+04      4.000000e-12  1.000000e-05      661
0.910138   2.06225e-01  2.06322e-01   9.950e-01   1.37552e-07  1.02023e-01       2.04701e+04   2.24104e+04   4.28804e+04      4.000000e-12  1.000000e-05      667
0.919103   2.07430e-01  2.07524e-01   9.949e-01   1.37475e-07  1.02451e-01       2.05297e+04   2.24783e+04   4.30080e+04      4.000000e-12  1.000000e-05      673
0.928396   2.08674e-01  2.08776e-01   9.949e-01   1.39476e-07  1.02922e-01       2.05915e+04   2.25490e+04   4.31405e+04      4.000000e-12  1.000000e-05      679
0.937597   2.09908e-01  2.10016e-01   9.948e-01   1.43963e-07  1.03326e-01       2.06484e+04   2.26147e+04   4.32632e+04      4.000000e-12  1.000000e-05      685
0.947047   2.11181e-01  2.11298e-01   9.948e-01   1.46882e-07  1.03743e-01       2.07040e+04   2.26815e+04   4.33855e+04      4.000000e-12  1.000000e-05      691
0.956239   2.12424e-01  2.12538e-01   9.947e-01   1.41500e-07  1.04143e-01       2.07585e+04   2.27421e+04   4.35006e+04      4.000000e-12  1.000000e-05      697
0.965439   2.13669e-01  2.13793e-01   9.947e-01   1.39895e-07  1.04515e-01       2.08110e+04   2.28014e+04   4.36124e+04      4.000000e-12  1.000000e-05      703
0.974736   2.14934e-01  2.15060e-01   9.946e-01   1.36460e-07  1.04898e-01       2.08620e+04   2.28622e+04   4.37242e+04      4.000000e-12  1.000000e-05      709
0.984332   2.16251e-01  2.16368e-01   9.946e-01   1.39045e-07  1.05235e-01       2.09115e+04   2.29198e+04   4.38312e+04      4.000000e-12  1.000000e-05      715
0.994049   2.17580e-01  2.17700e-01   9.946e-01   1.31281e-07  1.05598e-01       2.09617e+04   2.29786e+04   4.39403e+04      4.000000e-12  1.000000e-05      721
1.003951   2.18932e-01  2.19062e-01   9.945e-01   1.28129e-07  1.05931e-01       2.10093e+04   2.30341e+04   4.40434e+04      4.000000e-12  1.000000e-05      727
1.014063   2.20324e-01  2.20456e-01   9.945e-01   1.31341e-07  1.06279e-01       2.10601e+04   2.30924e+04   4.41525e+04      4.000000e-12  1.000000e-05      733
1.023917   2.21686e-01  2.21816e-01   9.944e-01   1.31154e-07  1.06584e-01       2.11020e+04   2.31456e+04   4.42476e+04      4.000000e-12  1.000000e-05      739
1.033569   2.23024e-01  2.23142e-01   9.943e-01   1.33350e-07  1.06870e-01       2.11462e+04   2.31982e+04   4.43443e+04      4.000000e-12  1.000000e-05      745
1.042728   2.24292e-01  2.24412e-01   9.943e-01   1.24601e-07  1.07129e-01       2.11864e+04   2.32432e+04   4.44296e+04      4.000000e-12  1.000000e-05      751
1.052220   2.25608e-01  2.25730e-01   9.943e-01   1.25110e-07  1.07364e-01       2.12235e+04   2.32883e+04   4.45118e+04      4.000000e-12  1.000000e-05      757
1.061610   2.26911e-01  2.27034e-01   9.942e-01   1.27413e-07  1.07589e-01       2.12604e+04   2.33334e+04   4.45937e+04      4.000000e-12  1.000000e-05      763
1.071159   2.28239e-01  2.28364e-01   9.941e-01   1.35076e-07  1.07850e-01       2.12966e+04   2.33771e+04   4.46738e+04      4.000000e-12  1.000000e-05      769
1.080862   2.29594e-01  2.29719e-01   9.940e-01   1.34005e-07  1.08049e-01       2.13309e+04   2.34166e+04   4.47474e+04      4.000000e-12  1.000000e-05      775
1.090463   2.30938e-01  2.31062e-01   9.940e-01   1.30080e-07  1.08217e-01       2.13633e+04   2.34545e+04   4.48178e+04      4.000000e-12  1.000000e-05      781
1.100022   2.32268e-01  2.32407e-01   9.939e-01   1.32548e-07  1.08399e-01       2.13963e+04   2.34932e+04   4.48895e+04      4.000000e-12  1.000000e-05      787
1.109465   2.33594e-01  2.33729e-01   9.939e-01   1.37254e-07  1.08573e-01       2.14259e+04   2.35322e+04   4.49581e+04      4.000000e-12  1.000000e-05      793
1.118782   2.34895e-01  2.35033e-01   9.938e-01   1.29304e-07  1.08697e-01       2.14523e+04   2.35645e+04   4.50168e+04      4.000000e-12  1.000000e-05      799
1.128326   2.36231e-01  2.36372e-01   9.937e-01   1.28754e-07  1.08843e-01       2.14778e+04   2.35988e+04   4.50766e+04      4.000000e-12  1.000000e-05      805
1.137790   2.37560e-01  2.37701e-01   9.937e-01   1.28824e-07  1.08961e-01       2.15033e+04   2.36303e+04   4.51336e+04      4.000000e-12  1.000000e-05      811
1.147369   2.38917e-01  2.39043e-01   9.936e-01   1.28067e-07  1.09051e-01       2.15255e+04   2.36592e+04   4.51847e+04      4.000000e-12  1.000000e-05      817
1.156858   2.40258e-01  2.40382e-01   9.935e-01   1.21178e-07  1.09148e-01       2.15462e+04   2.36877e+04   4.52339e+04      4.000000e-12  1.000000e-05      823
1.166671   2.41646e-01  2.41768e-01   9.935e-01   1.26294e-07  1.09227e-01       2.15669e+04   2.37147e+04   4.52816e+04      4.000000e-12  1.000000e-05      829
1.176960   2.43104e-01  2.43220e-01   9.934e-01   1.28686e-07  1.09281e-01       2.15855e+04   2.37411e+04   4.53266e+04      4.000000e-12  1.000000e-05      835
1.187055   2.44531e-01  2.44647e-01   9.933e-01   1.18443e-07  1.09334e-01       2.16048e+04   2.37660e+04   4.53708e+04      4.000000e-12  1.000000e-05      841
1.197126   2.45958e-01  2.46072e-01   9.932e-01   1.15420e-07  1.09375e-01       2.16224e+04   2.37876e+04   4.54100e+04      4.000000e-12  1.000000e-05      847
1.207234   2.47394e-01  2.47512e-01   9.931e-01   1.16800e-07  1.09415e-01       2.16383e+04   2.38085e+04   4.54468e+04      4.000000e-12  1.000000e-05      853
1.217324   2.48829e-01  2.48939e-01   9.931e-01   1.22000e-07  1.09404e-01       2.16513e+04   2.38259e+04   4.54772e+04      4.000000e-12  1.000000e-05      859
1.227682   2.50291e-01  2.50405e-01   9.931e-01   1.18707e-07  1.09374e-01       2.16621e+04   2.38436e+04   4.55057e+04      4.000000e-12  1.000000e-05      865
1.238210   2.51780e-01  2.51898e-01   9.930e-01   1.11708e-07  1.09316e-01       2.16719e+04   2.38586e+04   4.55304e+04      4.000000e-12  1.000000e-05      871
1.248803   2.53288e-01  2.53405e-01   9.929e-01   1.11749e-07  1.09289e-01       2.16799e+04   2.38734e+04   4.55533e+04      4.000000e-12  1.000000e-05      877
1.259381   2.54795e-01  2.54903e-01   9.929e-01   1.19428e-07  1.09239e-01       2.16874e+04   2.38875e+04   4.55750e+04      4.000000e-12  1.000000e-05      883
1.269550   2.56242e-01  2.56347e-01   9.928e-01   1.18082e-07  1.09146e-01       2.16921e+04   2.38968e+04   4.55889e+04      4.000000e-12  1.000000e-05      889
1.279325   2.57634e-01  2.57740e-01   9.928e-01   1.19997e-07  1.09061e-01       2.16969e+04   2.39057e+04   4.56026e+04      4.000000e-12  1.000000e-05      901
1.288608   2.58953e-01  2.59062e-01   9.928e-01   1.17778e-07  1.08965e-01       2.16976e+04   2.39119e+04   4.56094e+04      4.000000e-12  1.000000e-05      907
1.298539   2.60363e-01  2.60474e-01   9.927e-01   1.19352e-07  1.08856e-01       2.16999e+04   2.39170e+04   4.56169e+04      4.000000e-12  1.000000e-05      913
1.308526   2.61788e-01  2.61892e-01   9.927e-01   1.18549e-07  1.08716e-01       2.16986e+04   2.39204e+04   4.56189e+04      4.000000e-12  1.000000e-05      919
1.318298   2.63170e-01  2.63291e-01   9.927e-01   1.23739e-07  1.08555e-01       2.16970e+04   2.39192e+04   4.56161e+04      4.000000e-12  1.000000e-05      925
1.327791   2.64528e-01  2.64642e-01   9.926e-01   1.17686e-07  1.08417e-01       2.16954e+04   2.39212e+04   4.56166e+04      4.000000e-12  1.000000e-05      931
1.337591   2.65924e-01  2.66041e-01   9.926e-01   1.12624e-07  1.08242e-01       2.16896e+04   2.39200e+04   4.56096e+04      4.000000e-12  1.000000e-05      937
1.347853   2.67390e-01  2.67506e-01   9.925e-01   1.08532e-07  1.08055e-01       2.16828e+04   2.39168e+04   4.55996e+04      4.000000e-12  1.000000e-05      943
1.358630   2.68923e-01  2.69037e-01   9.925e-01   1.05547e-07  1.07855e-01       2.16752e+04   2.39149e+04   4.55901e+04      4.000000e-12  1.000000e-05      949
1.369329   2.70444e-01  2.70560e-01   9.925e-01   1.11495e-07  1.07622e-01       2.16644e+04   2.39108e+04   4.55752e+04      4.000000e-12  1.000000e-05      955
1.380128   2.71973e-01  2.72100e-01   9.925e-01   1.16529e-07  1.07381e-01       2.16541e+04   2.39030e+04   4.55571e+04      4.000000e-12  1.000000e-05      961
1.391469   2.73591e-01  2.73704e-01   9.924e-01   1.13828e-07  1.07164e-01       2.16425e+04   2.38958e+04   4.55383e+04      4.000000e-12  1.000000e-05      967
1.402573   2.75163e-01  2.75279e-01   9.923e-01   1.10534e-07  1.06909e-01       2.16299e+04   2.38856e+04   4.55155e+04      4.000000e-12  1.000000e-05      973
1.413481   2.76704e-01  2.76820e-01   9.923e-01   1.04654e-07  1.06609e-01       2.16135e+04   2.38752e+04   4.54887e+04      4.000000e-12  1.000000e-05      979
1.423793   2.78166e-01  2.78290e-01   9.922e-01   1.03707e-07  1.06330e-01       2.15957e+04   2.38638e+04   4.54595e+04      4.000000e-12  1.000000e-05      985
1.433542   2.79539e-01  2.79669e-01   9.921e-01   1.01281e-07  1.06078e-01       2.15798e+04   2.38517e+04   4.54315e+04      4.000000e-12  1.000000e-05      991
1.443428   2.80937e-01  2.81064e-01   9.921e-01   1.06772e-07  1.05781e-01       2.15603e+04   2.38360e+04   4.53962e+04      4.000000e-12  1.000000e-05      997
1.453577   2.82375e-01  2.82499e-01   9.920e-01   1.04604e-07  1.05470e-01       2.15419e+04   2.38176e+04   4.53595e+04      4.000000e-12  1.000000e-05     1003
1.463552   2.83775e-01  2.83920e-01   9.920e-01   1.04305e-07  1.05170e-01       2.15225e+04   2.38007e+04   4.53232e+04      4.000000e-12  1.000000e-05     1009
1.473746   2.85217e-01  2.85360e-01   9.920e-01   1.05725e-07  1.04831e-01       2.14989e+04   2.37801e+04   4.52790e+04      4.000000e-12  1.000000e-05     1015
1.484200   2.86681e-01  2.86841e-01   9.919e-01   1.02981e-07  1.04534e-01       2.14785e+04   2.37636e+04   4.52421e+04      4.000000e-12  1.000000e-05     1021
1.494556   2.88143e-01  2.88299e-01   9.918e-01   1.01644e-07  1.04194e-01       2.14557e+04   2.37418e+04   4.51975e+04      4.000000e-12  1.000000e-05     1027
1.505205   2.89645e-01  2.89796e-01   9.918e-01   9.77115e-08  1.03825e-01       2.14297e+04   2.37182e+04   4.51480e+04      4.000000e-12  1.000000e-05     1033
1.516118   2.91177e-01  2.91335e-01   9.917e-01   1.02287e-07  1.03434e-01       2.13986e+04   2.36923e+04   4.50909e+04      4.000000e-12  1.000000e-05     1039
1.526999   2.92700e-01  2.92865e-01   9.916e-01   9.75787e-08  1.03029e-01       2.13685e+04   2.36617e+04   4.50302e+04      4.000000e-12  1.000000e-05     1045
1.537725   2.94182e-01  2.94386e-01   9.915e-01   1.00246e-07  1.02634e-01       2.13385e+04   2.36343e+04   4.49728e+04      4.000000e-12  1.000000e-05     1051
1.548569   2.95688e-01  2.95911e-01   9.914e-01   9.33740e-08  1.02255e-01       2.13078e+04   2.36051e+04   4.49129e+04      4.000000e-12  1.000000e-05     1057
1.559368   2.97200e-01  2.97426e-01   9.914e-01   9.70311e-08  1.01816e-01       2.12730e+04   2.35729e+04   4.48460e+04      4.000000e-12  1.000000e-05     1063
1.570432   2.98749e-01  2.98972e-01   9.913e-01   9.60590e-08  1.01370e-01       2.12387e+04   2.35388e+04   4.47775e+04      4.000000e-12  1.000000e-05     1069
1.581494   3.00300e-01  3.00507e-01   9.912e-01   9.86250e-08  1.00919e-01       2.12021e+04   2.35012e+04   4.47033e+04      4.000000e-12  1.000000e-05     1075
1.592248   3.01785e-01  3.02009e-01   9.911e-01   9.93425e-08  1.00459e-01       2.11627e+04   2.34653e+04   4.46279e+04      4.000000e-12  1.000000e-05     1081
1.602734   3.03248e-01  3.03464e-01   9.911e-01   9.80428e-08  1.00035e-01       2.11264e+04   2.34283e+04   4.45547e+04      4.000000e-12  1.000000e-05     1087
1.613066   3.04677e-01  3.04900e-01   9.910e-01   9.54883e-08  9.95502e-02       2.10885e+04   2.33906e+04   4.44791e+04      4.000000e-12  1.000000e-05     1093
1.623634   3.06145e-01  3.06362e-01   9.910e-01   9.29375e-08  9.90858e-02       2.10503e+04   2.33538e+04   4.44040e+04      4.000000e-12  1.000000e-05     1099
1.634348   3.07635e-01  3.07849e-01   9.909e-01   9.64756e-08  9.85769e-02       2.10073e+04   2.33109e+04   4.43182e+04      4.000000e-12  1.000000e-05     1105
1.644361   3.09016e-01  3.09237e-01   9.909e-01   9.48179e-08  9.81128e-02       2.09673e+04   2.32718e+04   4.42392e+04      4.000000e-12  1.000000e-05     1111
1.654811   3.10451e-01  3.10686e-01   9.908e-01   9.37023e-08  9.76176e-02       2.09240e+04   2.32278e+04   4.41518e+04      4.000000e-12  1.000000e-05     1117
1.665652   3.11937e-01  3.12180e-01   9.907e-01   9.65454e-08  9.71067e-02       2.08775e+04   2.31849e+04   4.40624e+04      4.000000e-12  1.000000e-05     1123
1.675884   3.13345e-01  3.13590e-01   9.907e-01   9.45611e-08  9.66043e-02       2.08346e+04   2.31401e+04   4.39747e+04      4.000000e-12  1.000000e-05     1129
1.685789   3.14706e-01  3.14950e-01   9.907e-01   9.92131e-08  9.61170e-02       2.07909e+04   2.30965e+04   4.38874e+04      4.000000e-12  1.000000e-05     1135
1.696330   3.16151e-01  3.16385e-01   9.906e-01   8.41850e-08  9.56079e-02       2.07443e+04   2.30509e+04   4.37951e+04      4.000000e-12  1.000000e-05     1141
1.707515   3.17679e-01  3.17914e-01   9.906e-01   8.62593e-08  9.50429e-02       2.06938e+04   2.29976e+04   4.36914e+04      4.000000e-12  1.000000e-05     1147
1.719150   3.19261e-01  3.19498e-01   9.904e-01   8.54138e-08  9.44581e-02       2.06378e+04   2.29427e+04   4.35805e+04      4.000000e-12  1.000000e-05     1153
1.730303   3.20779e-01  3.21014e-01   9.904e-01   8.82714e-08  9.39029e-02       2.05843e+04   2.28899e+04   4.34742e+04      4.000000e-12  1.000000e-05     1159
1.741015   3.22238e-01  3.22459e-01   9.903e-01   9.05799e-08  9.33468e-02       2.05325e+04   2.28381e+04   4.33706e+04      4.000000e-12  1.000000e-05     1165
1.751903   3.23703e-01  3.23936e-01   9.902e-01   8.87379e-08  9.28296e-02       2.04756e+04   2.27844e+04   4.32601e+04      4.000000e-12  1.000000e-05     1171
1.762320   3.25119e-01  3.25336e-01   9.901e-01   9.23169e-08  9.22577e-02       2.04234e+04   2.27312e+04   4.31546e+04      4.000000e-12  1.000000e-05     1177
1.773054   3.26556e-01  3.26781e-01   9.901e-01   8.91354e-08  9.16574e-02       2.03667e+04   2.26739e+04   4.30406e+04      4.000000e-12  1.000000e-05     1183
1.784303   3.28046e-01  3.28297e-01   9.900e-01   8.93913e-08  9.10468e-02       2.03080e+04   2.26141e+04   4.29221e+04      4.000000e-12  1.000000e-05     1189
1.795948   3.29595e-01  3.29853e-01   9.899e-01   9.75852e-08  9.04228e-02       2.02482e+04   2.25516e+04   4.27997e+04      4.000000e-12  1.000000e-05     1195
1.807392   3.31114e-01  3.31382e-01   9.898e-01   9.01096e-08  8.98095e-02       2.01883e+04   2.24895e+04   4.26777e+04      4.000000e-12  1.000000e-05     1201
1.818312   3.32565e-01  3.32836e-01   9.898e-01   8.34751e-08  8.91879e-02       2.01291e+04   2.24273e+04   4.25564e+04      4.000000e-12  1.000000e-05     1207
1.829680   3.34078e-01  3.34334e-01   9.898e-01   8.60324e-08  8.85320e-02       2.00657e+04   2.23605e+04   4.24262e+04      4.000000e-12  1.000000e-05     1213
1.840446   3.35496e-01  3.35761e-01   9.897e-01   8.47271e-08  8.79151e-02       2.00042e+04   2.22979e+04   4.23021e+04      4.000000e-12  1.000000e-05     1219
1.851720   3.36985e-01  3.37254e-01   9.896e-01   8.63317e-08  8.72817e-02       1.99398e+04   2.22304e+04   4.21702e+04      4.000000e-12  1.000000e-05     1225
1.862167   3.38363e-01  3.38623e-01   9.896e-01   8.63407e-08  8.66764e-02       1.98789e+04   2.21660e+04   4.20449e+04      4.000000e-12  1.000000e-05     1231
1.872602   3.39735e-01  3.39987e-01   9.895e-01   8.42207e-08  8.60766e-02       1.98173e+04   2.21021e+04   4.19194e+04      4.000000e-12  1.000000e-05     1237
1.883166   3.41115e-01  3.41365e-01   9.895e-01   8.96380e-08  8.54381e-02       1.97525e+04   2.20368e+04   4.17894e+04      4.000000e-12  1.000000e-05     1243
1.894156   3.42550e-01  3.42797e-01   9.894e-01   9.07593e-08  8.47924e-02       1.96855e+04   2.19671e+04   4.16526e+04      4.000000e-12  1.000000e-05     1249
1.905368   3.44000e-01  3.44250e-01   9.894e-01   8.86759e-08  8.41129e-02       1.96151e+04   2.18928e+04   4.15079e+04      4.000000e-12  1.000000e-05     1255
1.916804   3.45490e-01  3.45721e-01   9.893e-01   8.21325e-08  8.34266e-02       1.95437e+04   2.18182e+04   4.13620e+04      4.000000e-12  1.000000e-05     1261
1.928527   3.47004e-01  3.47223e-01   9.892e-01   7.98173e-08  8.27560e-02       1.94705e+04   2.17438e+04   4.12143e+04      4.000000e-12  1.000000e-05     1267
1.939874   3.48471e-01  3.48678e-01   9.891e-01   7.69387e-08  8.20738e-02       1.93983e+04   2.16695e+04   4.10678e+04      4.000000e-12  1.000000e-05     1273
1.951295   3.49926e-01  3.50135e-01   9.890e-01   8.12108e-08  8.13920e-02       1.93239e+04   2.15917e+04   4.09156e+04      4.000000e-12  1.000000e-05     1279
1.962924   3.51400e-01  3.51621e-01   9.890e-01   8.25449e-08  8.07095e-02       1.92512e+04   2.15135e+04   4.07647e+04      4.000000e-12  1.000000e-05     1285
1.974377   3.52847e-01  3.53079e-01   9.889e-01   8.64876e-08  8.00003e-02       1.91750e+04   2.14312e+04   4.06062e+04      4.000000e-12  1.000000e-05     1291
1.985505   3.54240e-01  3.54497e-01   9.889e-01   8.07337e-08  7.93232e-02       1.91020e+04   2.13551e+04   4.04571e+04      4.000000e-12  1.000000e-05     1297
1.996618   3.55641e-01  3.55898e-01   9.888e-01   8.15338e-08  7.86321e-02       1.90257e+04   2.12757e+04   4.03013e+04      4.000000e-12  1.000000e-05     1303
2.008290   3.57103e-01  3.57365e-01   9.888e-01   7.80342e-08  7.79305e-02       1.89466e+04   2.11940e+04   4.01406e+04      4.000000e-12  1.000000e-05     1309
2.020312   3.58613e-01  3.58872e-01   9.887e-01   7.97612e-08  7.71802e-02       1.88637e+04   2.11093e+04   3.99730e+04      4.000000e-12  1.000000e-05     1315
2.031583   3.60025e-01  3.60265e-01   9.886e-01   7.84180e-08  7.64795e-02       1.87839e+04   2.10271e+04   3.98109e+04      4.000000e-12  1.000000e-05     1321
2.043189   3.61460e-01  3.61707e-01   9.886e-01   7.96919e-08  7.57565e-02       1.87026e+04   2.09410e+04   3.96435e+04      4.000000e-12  1.000000e-05     1327
2.055178   3.62943e-01  3.63191e-01   9.885e-01   8.08162e-08  7.50301e-02       1.86189e+04   2.08534e+04   3.94723e+04      4.000000e-12  1.000000e-05     1333
2.067118   3.64400e-01  3.64662e-01   9.884e-01   8.20360e-08  7.43073e-02       1.85340e+04   2.07656e+04   3.92996e+04      4.000000e-12  1.000000e-05     1339
2.079252   3.65881e-01  3.66141e-01   9.884e-01   8.25438e-08  7.35661e-02       1.84480e+04   2.06752e+04   3.91232e+04      4.000000e-12  1.000000e-05     1345
2.091290   3.67341e-01  3.67602e-01   9.883e-01   8.75859e-08  7.28243e-02       1.83597e+04   2.05833e+04   3.89430e+04      4.000000e-12  1.000000e-05     1351
2.103291   3.68797e-01  3.69059e-01   9.883e-01   8.24318e-08  7.20555e-02       1.82709e+04   2.04912e+04   3.87621e+04      4.000000e-12  1.000000e-05     1357
2.115427   3.70256e-01  3.70526e-01   9.882e-01   7.86033e-08  7.12943e-02       1.81788e+04   2.03973e+04   3.85761e+04      4.000000e-12  1.000000e-05     1363
2.127639   3.71721e-01  3.72002e-01   9.881e-01   8.13142e-08  7.05387e-02       1.80879e+04   2.03018e+04   3.83896e+04      4.000000e-12  1.000000e-05     1369
2.139690   3.73151e-01  3.73447e-01   9.880e-01   8.23494e-08  6.97890e-02       1.79971e+04   2.02064e+04   3.82035e+04      4.000000e-12  1.000000e-05     1375
2.152025   3.74614e-01  3.74906e-01   9.879e-01   8.02360e-08  6.90094e-02       1.79006e+04   2.01062e+04   3.80068e+04      4.000000e-12  1.000000e-05     1381
2.163844   3.76015e-01  3.76299e-01   9.879e-01   8.08115e-08  6.82903e-02       1.78117e+04   2.00132e+04   3.78249e+04      4.000000e-12  1.000000e-05     1387
2.175674   3.77391e-01  3.77702e-01   9.878e-01   8.39916e-08  6.75584e-02       1.77205e+04   1.99183e+04   3.76388e+04      4.000000e-12  1.000000e-05     1393
2.188059   3.78843e-01  3.79151e-01   9.877e-01   7.60362e-08  6.67929e-02       1.76263e+04   1.98182e+04   3.74445e+04      4.000000e-12  1.000000e-05     1399
2.200214   3.80256e-01  3.80568e-01   9.876e-01   7.82456e-08  6.60388e-02       1.75305e+04   1.97185e+04   3.72490e+04      4.000000e-12  1.000000e-05     1405
2.212220   3.81633e-01  3.81964e-01   9.876e-01   8.39993e-08  6.53060e-02       1.74380e+04   1.96191e+04   3.70571e+04      4.000000e-12  1.000000e-05     1411
2.224021   3.82985e-01  3.83327e-01   9.875e-01   8.48704e-08  6.45633e-02       1.73421e+04   1.95206e+04   3.68627e+04      4.000000e-12  1.000000e-05     1417
2.235584   3.84314e-01  3.84647e-01   9.875e-01   8.50552e-08  6.38466e-02       1.72504e+04   1.94242e+04   3.66746e+04      4.000000e-12  1.000000e-05     1423
2.247605   3.85696e-01  3.86013e-01   9.874e-01   7.80991e-08  6.31051e-02       1.71550e+04   1.93239e+04   3.64790e+04      4.000000e-12  1.000000e-05     1429
2.259482   3.87051e-01  3.87354e-01   9.873e-01   7.92349e-08  6.23760e-02       1.70568e+04   1.92207e+04   3.62775e+04      4.000000e-12  1.000000e-05     1435
2.271418   3.88391e-01  3.88697e-01   9.872e-01   8.05597e-08  6.16434e-02       1.69602e+04   1.91204e+04   3.60806e+04      4.000000e-12  1.000000e-05     1441
2.283453   3.89757e-01  3.90044e-01   9.871e-01   8.28360e-08  6.08993e-02       1.68633e+04   1.90163e+04   3.58797e+04      4.000000e-12  1.000000e-05     1447
2.295162   3.91070e-01  3.91349e-01   9.871e-01   8.01272e-08  6.01830e-02       1.67687e+04   1.89153e+04   3.56840e+04      4.000000e-12  1.000000e-05     1453
2.307079   3.92400e-01  3.92664e-01   9.870e-01   8.11228e-08  5.94869e-02       1.66706e+04   1.88129e+04   3.54835e+04      4.000000e-12  1.000000e-05     1459
2.318742   3.93691e-01  3.93941e-01   9.869e-01   7.33395e-08  5.87392e-02       1.65743e+04   1.87095e+04   3.52837e+04      4.000000e-12  1.000000e-05     1465
2.330974   3.95039e-01  3.95269e-01   9.869e-01   7.85243e-08  5.80007e-02       1.64742e+04   1.86027e+04   3.50769e+04      4.000000e-12  1.000000e-05     1471
2.343269   3.96385e-01  3.96607e-01   9.869e-01   7.74207e-08  5.72482e-02       1.63701e+04   1.84962e+04   3.48664e+04      4.000000e-12  1.000000e-05     1477
2.355888   3.97754e-01  3.97974e-01   9.868e-01   7.53413e-08  5.64919e-02       1.62655e+04   1.83858e+04   3.46513e+04      4.000000e-12  1.000000e-05     1483
2.368112   3.99071e-01  3.99292e-01   9.867e-01   8.46644e-08  5.57553e-02       1.61622e+04   1.82761e+04   3.44382e+04      4.000000e-12  1.000000e-05     1489
2.380474   4.00398e-01  4.00606e-01   9.867e-01   8.17329e-08  5.50202e-02       1.60588e+04   1.81649e+04   3.42237e+04      4.000000e-12  1.000000e-05     1495
2.392571   4.01689e-01  4.01897e-01   9.866e-01   7.87819e-08  5.43042e-02       1.59573e+04   1.80552e+04   3.40125e+04      4.000000e-12  1.000000e-05     1501
2.404303   4.02925e-01  4.03140e-01   9.866e-01   7.62894e-08  5.35933e-02       1.58568e+04   1.79482e+04   3.38050e+04      4.000000e-12  1.000000e-05     1507
2.416735   4.04231e-01  4.04448e-01   9.865e-01   7.50269e-08  5.28549e-02       1.57512e+04   1.78362e+04   3.35874e+04      4.000000e-12  1.000000e-05     1513
2.429181   4.05529e-01  4.05746e-01   9.864e-01   7.52386e-08  5.21330e-02       1.56457e+04   1.77245e+04   3.33702e+04      4.000000e-12  1.000000e-05     1519
2.442086   4.06866e-01  4.07088e-01   9.864e-01   7.06791e-08  5.13676e-02       1.55325e+04   1.76060e+04   3.31385e+04      4.000000e-12  1.000000e-05     1525
2.454583   4.08155e-01  4.08372e-01   9.864e-01   6.68600e-08  5.06486e-02       1.54277e+04   1.74918e+04   3.29195e+04      4.000000e-12  1.000000e-05     1531
2.467173   4.09447e-01  4.09655e-01   9.863e-01   7.33588e-08  4.99293e-02       1.53216e+04   1.73763e+04   3.26979e+04      4.000000e-12  1.000000e-05     1537
2.479433   4.10690e-01  4.10902e-01   9.862e-01   7.58849e-08  4.92320e-02       1.52171e+04   1.72616e+04   3.24786e+04      4.000000e-12  1.000000e-05     1543
2.491150   4.11870e-01  4.12082e-01   9.862e-01   7.79529e-08  4.85600e-02       1.51127e+04   1.71544e+04   3.22671e+04      4.000000e-12  1.000000e-05     1549
2.502967   4.13051e-01  4.13273e-01   9.861e-01   7.53663e-08  4.78750e-02       1.50089e+04   1.70433e+04   3.20522e+04      4.000000e-12  1.000000e-05     1555
2.515154   4.14264e-01  4.14487e-01   9.861e-01   7.02714e-08  4.71898e-02       1.49055e+04   1.69319e+04   3.18374e+04      4.000000e-12  1.000000e-05     1561
2.527284   4.15461e-01  4.15692e-01   9.861e-01   7.25581e-08  4.65057e-02       1.47987e+04   1.68197e+04   3.16183e+04      4.000000e-12  1.000000e-05     1567
2.540095   4.16703e-01  4.16967e-01   9.859e-01   7.56940e-08  4.57970e-02       1.46862e+04   1.67003e+04   3.13865e+04      4.000000e-12  1.000000e-05     1573
2.552181   4.17883e-01  4.18145e-01   9.859e-01   7.16194e-08  4.51259e-02       1.45790e+04   1.65878e+04   3.11668e+04      4.000000e-12  1.000000e-05     1579
2.564576   4.19072e-01  4.19351e-01   9.858e-01   6.94173e-08  4.44434e-02       1.44684e+04   1.64719e+04   3.09403e+04      4.000000e-12  1.000000e-05     1585
2.577441   4.20292e-01  4.20602e-01   9.858e-01   7.71702e-08  4.37445e-02       1.43553e+04   1.63518e+04   3.07071e+04      4.000000e-12  1.000000e-05     1591
2.588797   4.21362e-01  4.21686e-01   9.856e-01   7.40685e-08  4.31506e-02       1.42565e+04   1.62485e+04   3.05051e+04      4.000000e-12  1.000000e-05     1603
2.599624   4.22392e-01  4.22710e-01   9.856e-01   7.41116e-08  4.25727e-02       1.41625e+04   1.61467e+04   3.03092e+04      4.000000e-12  1.000000e-05     1609
2.610650   4.23439e-01  4.23749e-01   9.855e-01   7.98976e-08  4.19951e-02       1.40676e+04   1.60469e+04   3.01145e+04      4.000000e-12  1.000000e-05     1615
2.621748   4.24472e-01  4.24791e-01   9.854e-01   7.68984e-08  4.14030e-02       1.39684e+04   1.59439e+04   2.99122e+04      4.000000e-12  1.000000e-05     1621
2.633602   4.25572e-01  4.25896e-01   9.854e-01   7.64977e-08  4.07708e-02       1.38634e+04   1.58319e+04   2.96953e+04      4.000000e-12  1.000000e-05     1627
2.645767   4.26692e-01  4.27016e-01   9.854e-01   7.44834e-08  4.01330e-02       1.37544e+04   1.57156e+04   2.94700e+04      4.000000e-12  1.000000e-05     1633
2.657928   4.27801e-01  4.28121e-01   9.853e-01   7.66618e-08  3.95067e-02       1.36455e+04   1.56003e+04   2.92458e+04      4.000000e-12  1.000000e-05     1639
2.669884   4.28870e-01  4.29208e-01   9.852e-01   7.80112e-08  3.89016e-02       1.35387e+04   1.54883e+04   2.90271e+04      4.000000e-12  1.000000e-05     1645
2.682225   4.29978e-01  4.30324e-01   9.852e-01   7.54965e-08  3.82636e-02       1.34280e+04   1.53706e+04   2.87986e+04      4.000000e-12  1.000000e-05     1651
2.695264   4.31151e-01  4.31481e-01   9.851e-01   7.87547e-08  3.76163e-02       1.33127e+04   1.52474e+04   2.85601e+04      4.000000e-12  1.000000e-05     1657
2.708384   4.32334e-01  4.32628e-01   9.850e-01   7.33579e-08  3.69587e-02       1.31970e+04   1.51225e+04   2.83195e+04      4.000000e-12  1.000000e-05     1663
2.720473   4.33393e-01  4.33692e-01   9.850e-01   7.40822e-08  3.63518e-02       1.30876e+04   1.50066e+04   2.80942e+04      4.000000e-12  1.000000e-05     1669
2.733050   4.34496e-01  4.34789e-01   9.849e-01   7.13242e-08  3.57314e-02       1.29749e+04   1.48877e+04   2.78626e+04      4.000000e-12  1.000000e-05     1675
2.745988   4.35609e-01  4.35910e-01   9.848e-01   7.42630e-08  3.51148e-02       1.28612e+04   1.47653e+04   2.76265e+04      4.000000e-12  1.000000e-05     1681
2.758567   4.36686e-01  4.36994e-01   9.848e-01   7.44083e-08  3.45032e-02       1.27486e+04   1.46466e+04   2.73952e+04      4.000000e-12  1.000000e-05     1687
2.771003   4.37729e-01  4.38061e-01   9.847e-01   7.36211e-08  3.39091e-02       1.26355e+04   1.45274e+04   2.71629e+04      4.000000e-12  1.000000e-05     1693
2.783708   4.38792e-01  4.39142e-01   9.846e-01   7.32275e-08  3.33064e-02       1.25210e+04   1.44077e+04   2.69287e+04      4.000000e-12  1.000000e-05     1699
2.796437   4.39865e-01  4.40204e-01   9.846e-01   7.07595e-08  3.27095e-02       1.24074e+04   1.42865e+04   2.66939e+04      4.000000e-12  1.000000e-05     1705
2.809767   4.40974e-01  4.41297e-01   9.845e-01   7.45870e-08  3.21056e-02       1.22903e+04   1.41624e+04   2.64527e+04      4.000000e-12  1.000000e-05     1711
2.823133   4.42075e-01  4.42390e-01   9.845e-01   7.07219e-08  3.15004e-02       1.21718e+04   1.40357e+04   2.62075e+04      4.000000e-12  1.000000e-05     1717
2.836703   4.43180e-01  4.43491e-01   9.844e-01   7.18147e-08  3.08870e-02       1.20501e+04   1.39069e+04   2.59570e+04      4.000000e-12  1.000000e-05     1723
2.850049   4.44269e-01  4.44561e-01   9.843e-01   6.84345e-08  3.02969e-02       1.19339e+04   1.37826e+04   2.57165e+04      4.000000e-12  1.000000e-05     1729
2.863502   4.45325e-01  4.45645e-01   9.843e-01   6.75287e-08  2.96967e-02       1.18102e+04   1.36518e+04   2.54620e+04      4.000000e-12  1.000000e-05     1735
2.877051   4.46389e-01  4.46720e-01   9.842e-01   6.79780e-08  2.90960e-02       1.16848e+04   1.35203e+04   2.52051e+04      4.000000e-12  1.000000e-05     1741
2.889930   4.47390e-01  4.47733e-01   9.841e-01   6.55254e-08  2.85455e-02       1.15722e+04   1.33985e+04   2.49707e+04      4.000000e-12  1.000000e-05     1747
2.903582   4.48463e-01  4.48780e-01   9.841e-01   7.04479e-08  2.79580e-02       1.14489e+04   1.32682e+04   2.47171e+04      4.000000e-12  1.000000e-05     1753
2.917346   4.49516e-01  4.49840e-01   9.839e-01   6.94859e-08  2.73868e-02       1.13274e+04   1.31396e+04   2.44670e+04      4.000000e-12  1.000000e-05     1759
2.930714   4.50531e-01  4.50849e-01   9.839e-01   7.32173e-08  2.68335e-02       1.12069e+04   1.30111e+04   2.42180e+04      4.000000e-12  1.000000e-05     1765
2.943724   4.51500e-01  4.51831e-01   9.838e-01   8.00323e-08  2.62901e-02       1.10909e+04   1.28886e+04   2.39795e+04      4.000000e-12  1.000000e-05     1771
2.956694   4.52471e-01  4.52791e-01   9.838e-01   7.73583e-08  2.57652e-02       1.09759e+04   1.27647e+04   2.37406e+04      4.000000e-12  1.000000e-05     1777
2.969112   4.53381e-01  4.53711e-01   9.837e-01   7.70591e-08  2.52779e-02       1.08673e+04   1.26495e+04   2.35168e+04      4.000000e-12  1.000000e-05     1783
2.980991   4.54244e-01  4.54580e-01   9.836e-01   7.21782e-08  2.48027e-02       1.07626e+04   1.25384e+04   2.33009e+04      4.000000e-12  1.000000e-05     1789
2.993187   4.55128e-01  4.55458e-01   9.836e-01   7.17255e-08  2.43279e-02       1.06544e+04   1.24250e+04   2.30795e+04      4.000000e-12  1.000000e-05     1795
3.006233   4.56050e-01  4.56403e-01   9.835e-01   6.87623e-08  2.38333e-02       1.05402e+04   1.23048e+04   2.28450e+04      4.000000e-12  1.000000e-05     1801
3.019064   4.56957e-01  4.57313e-01   9.835e-01   7.60185e-08  2.33546e-02       1.04254e+04   1.21834e+04   2.26089e+04      4.000000e-12  1.000000e-05     1807
3.030783   4.57772e-01  4.58139e-01   9.834e-01   7.41266e-08  2.28993e-02       1.03218e+04   1.20736e+04   2.23955e+04      4.000000e-12  1.000000e-05     1813
3.043040   4.58627e-01  4.58991e-01   9.834e-01   6.95825e-08  2.24440e-02       1.02156e+04   1.19599e+04   2.21755e+04      4.000000e-12  1.000000e-05     1819
3.055650   4.59492e-01  4.59861e-01   9.833e-01   6.81242e-08  2.19735e-02       1.01034e+04   1.18402e+04   2.19436e+04      4.000000e-12  1.000000e-05     1825
3.068367   4.60347e-01  4.60727e-01   9.833e-01   6.43786e-08  2.15217e-02       9.99280e+03   1.17221e+04   2.17149e+04      4.000000e-12  1.000000e-05     1831
3.080820   4.61186e-01  4.61567e-01   9.833e-01   6.06592e-08  2.10728e-02       9.88383e+03   1.16064e+04   2.14903e+04      4.000000e-12  1.000000e-05     1837
3.094145   4.62069e-01  4.62461e-01   9.832e-01   6.28245e-08  2.06050e-02       9.76728e+03   1.14832e+04   2.12505e+04      4.000000e-12  1.000000e-05     1843
3.106875   4.62906e-01  4.63298e-01   9.831e-01   6.59597e-08  2.01794e-02       9.65779e+03   1.13669e+04   2.10247e+04      4.000000e-12  1.000000e-05     1849
3.119763   4.63760e-01  4.64129e-01   9.831e-01   6.02815e-08  1.97326e-02       9.54691e+03   1.12484e+04   2.07954e+04      4.000000e-12  1.000000e-05     1855
3.132961   4.64597e-01  4.64982e-01   9.830e-01   6.07136e-08  1.92949e-02       9.43391e+03   1.11290e+04   2.05630e+04      4.000000e-12  1.000000e-05     1861
3.145982   4.65419e-01  4.65819e-01   9.829e-01   6.72661e-08  1.88647e-02       9.32228e+03   1.10112e+04   2.03335e+04      4.000000e-12  1.000000e-05     1867
3.158964   4.66238e-01  4.66640e-01   9.829e-01   6.83375e-08  1.84414e-02       9.21192e+03   1.08956e+04   2.01075e+04      4.000000e-12  1.000000e-05     1873
3.172163   4.67068e-01  4.67455e-01   9.828e-01   6.76889e-08  1.80119e-02       9.09783e+03   1.07736e+04   1.98714e+04      4.000000e-12  1.000000e-05     1879
3.185110   4.67866e-01  4.68252e-01   9.828e-01   6.71575e-08  1.76028e-02       8.98785e+03   1.06572e+04   1.96450e+04      4.000000e-12  1.000000e-05     1885
3.198013   4.68653e-01  4.69040e-01   9.827e-01   6.30582e-08  1.72033e-02       8.87858e+03   1.05419e+04   1.94205e+04      4.000000e-12  1.000000e-05     1891
3.209859   4.69363e-01  4.69756e-01   9.827e-01   6.24586e-08  1.68333e-02       8.77616e+03   1.04326e+04   1.92087e+04      4.000000e-12  1.000000e-05     1897
3.222020   4.70086e-01  4.70479e-01   9.826e-01   6.14712e-08  1.64669e-02       8.67376e+03   1.03242e+04   1.89980e+04      4.000000e-12  1.000000e-05     1903
3.234600   4.70815e-01  4.71235e-01   9.825e-01   6.06500e-08  1.60974e-02       8.56772e+03   1.02124e+04   1.87802e+04      4.000000e-12  1.000000e-05     1909
3.246849   4.71534e-01  4.71943e-01   9.825e-01   5.10480e-08  1.57380e-02       8.46566e+03   1.01046e+04   1.85703e+04      4.000000e-12  1.000000e-05     1915
3.253673   4.71928e-01  4.72337e-01   9.825e-01   3.92831e-08  1.55407e-02       8.40813e+03   1.00440e+04   1.84522e+04      8.000000e-13  1.000000e-05     1933
3.260170   4.72306e-01  4.72708e-01   9.825e-01   4.12338e-08  1.53515e-02       8.35378e+03   9.98570e+03   1.83395e+04      8.000000e-13  1.000000e-05     1939
3.266843   4.72683e-01  4.73089e-01   9.824e-01   3.75594e-08  1.51589e-02       8.29723e+03   9.92672e+03   1.82239e+04      8.000000e-13  1.000000e-05     1945
3.273918   4.73081e-01  4.73494e-01   9.824e-01   3.09031e-08  1.49584e-02       8.23769e+03   9.86428e+03   1.81020e+04      8.000000e-13  1.000000e-05     1951
3.281641   4.73512e-01  4.73933e-01   9.824e-01   2.93111e-08  1.47409e-02       8.17305e+03   9.79659e+03   1.79696e+04      8.000000e-13  1.000000e-05     1957
3.290043   4.73980e-01  4.74402e-01   9.824e-01   2.89173e-08  1.45109e-02       8.10428e+03   9.72378e+03   1.78281e+04      8.000000e-13  1.000000e-05     1963
3.298705   4.74445e-01  4.74897e-01   9.823e-01   2.85865e-08  1.42727e-02       8.03149e+03   9.64872e+03   1.76802e+04      8.000000e-13  1.000000e-05     1969
3.307398   4.74916e-01  4.75379e-01   9.823e-01   3.26675e-08  1.40365e-02       7.95850e+03   9.57123e+03   1.75297e+04      8.000000e-13  1.000000e-05     1975
3.315760   4.75361e-01  4.75838e-01   9.823e-01   2.97140e-08  1.38163e-02       7.88967e+03   9.49962e+03   1.73893e+04      8.000000e-13  1.000000e-05     1981
3.324289   4.75817e-01  4.76308e-01   9.822e-01   2.93591e-08  1.35928e-02       7.81886e+03   9.42518e+03   1.72440e+04      8.000000e-13  1.000000e-05     1987
3.332927   4.76270e-01  4.76778e-01   9.822e-01   2.99722e-08  1.33684e-02       7.74751e+03   9.35265e+03   1.71002e+04      8.000000e-13  1.000000e-05     1993
3.341717   4.76729e-01  4.77249e-01   9.822e-01   2.83594e-08  1.31424e-02       7.67594e+03   9.27913e+03   1.69551e+04      8.000000e-13  1.000000e-05     1999
3.350383   4.77186e-01  4.77705e-01   9.821e-01   2.84803e-08  1.29205e-02       7.60480e+03   9.20408e+03   1.68089e+04      8.000000e-13  1.000000e-05     2005
3.358881   4.77629e-01  4.78147e-01   9.821e-01   3.02113e-08  1.27064e-02       7.53555e+03   9.13102e+03   1.66666e+04      8.000000e-13  1.000000e-05     2011
3.367354   4.78063e-01  4.78589e-01   9.820e-01   2.82968e-08  1.25018e-02       7.46759e+03   9.05884e+03   1.65264e+04      8.000000e-13  1.000000e-05     2017
3.375904   4.78498e-01  4.79033e-01   9.820e-01   3.03691e-08  1.23082e-02       7.39882e+03   8.98649e+03   1.63853e+04      8.000000e-13  1.000000e-05     2023
3.384625   4.78942e-01  4.79477e-01   9.820e-01   3.67507e-08  1.20984e-02       7.32769e+03   8.91159e+03   1.62393e+04      8.000000e-13  1.000000e-05     2029
3.393670   4.79404e-01  4.79927e-01   9.819e-01   3.29039e-08  1.18754e-02       7.25369e+03   8.83355e+03   1.60872e+04      8.000000e-13  1.000000e-05     2035
3.401951   4.79824e-01  4.80336e-01   9.818e-01   3.28539e-08  1.16734e-02       7.18663e+03   8.76159e+03   1.59482e+04      8.000000e-13  1.000000e-05     2047
3.409749   4.80207e-01  4.80728e-01   9.818e-01   3.13496e-08  1.14848e-02       7.12388e+03   8.69571e+03   1.58196e+04      8.000000e-13  1.000000e-05     2053
3.418237   4.80620e-01  4.81148e-01   9.818e-01   2.96385e-08  1.12848e-02       7.05613e+03   8.62454e+03   1.56807e+04      8.000000e-13  1.000000e-05     2059
3.427450   4.81053e-01  4.81605e-01   9.818e-01   3.01046e-08  1.10721e-02       6.98429e+03   8.54740e+03   1.55317e+04      8.000000e-13  1.000000e-05     2065
3.436622   4.81489e-01  4.82049e-01   9.817e-01   2.94467e-08  1.08647e-02       6.91097e+03   8.47030e+03   1.53813e+04      8.000000e-13  1.000000e-05     2071
3.445967   4.81919e-01  4.82509e-01   9.816e-01   2.85351e-08  1.06702e-02       6.84005e+03   8.39402e+03   1.52341e+04      8.000000e-13  1.000000e-05     2077
3.454969   4.82338e-01  4.82941e-01   9.816e-01   2.82878e-08  1.04769e-02       6.77121e+03   8.32122e+03   1.50924e+04      8.000000e-13  1.000000e-05     2083
3.464236   4.82779e-01  4.83371e-01   9.816e-01   3.09917e-08  1.02742e-02       6.69894e+03   8.24458e+03   1.49435e+04      8.000000e-13  1.000000e-05     2089
3.473852   4.83219e-01  4.83823e-01   9.815e-01   3.06606e-08  1.00660e-02       6.62228e+03   8.16353e+03   1.47858e+04      8.000000e-13  1.000000e-05     2095
3.483518   4.83662e-01  4.84269e-01   9.815e-01   2.92773e-08  9.86191e-03       6.54694e+03   8.08394e+03   1.46309e+04      8.000000e-13  1.000000e-05     2101
3.493174   4.84110e-01  4.84701e-01   9.815e-01   3.01710e-08  9.66149e-03       6.47119e+03   8.00372e+03   1.44749e+04      8.000000e-13  1.000000e-05     2107
3.502899   4.84553e-01  4.85137e-01   9.814e-01   3.20984e-08  9.46645e-03       6.39656e+03   7.92563e+03   1.43222e+04      8.000000e-13  1.000000e-05     2113
3.512463   4.84988e-01  4.85559e-01   9.813e-01   3.18572e-08  9.28157e-03       6.32856e+03   7.85167e+03   1.41802e+04      8.000000e-13  1.000000e-05     2119
3.521614   4.85384e-01  4.85966e-01   9.813e-01   3.03533e-08  9.09755e-03       6.25676e+03   7.77766e+03   1.40344e+04      8.000000e-13  1.000000e-05     2125
3.530973   4.85789e-01  4.86376e-01   9.813e-01   3.25875e-08  8.91813e-03       6.18556e+03   7.70197e+03   1.38875e+04      8.000000e-13  1.000000e-05     2131
3.540544   4.86190e-01  4.86802e-01   9.812e-01   2.78493e-08  8.72601e-03       6.10954e+03   7.62304e+03   1.37326e+04      8.000000e-13  1.000000e-05     2137
3.549926   4.86583e-01  4.87206e-01   9.812e-01   2.72979e-08  8.54739e-03       6.03659e+03   7.54723e+03   1.35838e+04      8.000000e-13  1.000000e-05     2143
3.559618   4.86987e-01  4.87620e-01   9.811e-01   2.90961e-08  8.36305e-03       5.96279e+03   7.46939e+03   1.34322e+04      8.000000e-13  1.000000e-05     2149
3.569342   4.87381e-01  4.88036e-01   9.811e-01   2.82032e-08  8.18173e-03       5.88953e+03   7.39274e+03   1.32823e+04      8.000000e-13  1.000000e-05     2155
3.578931   4.87775e-01  4.88435e-01   9.811e-01   2.76383e-08  8.00738e-03       5.81612e+03   7.31754e+03   1.31337e+04      8.000000e-13  1.000000e-05     2161
3.588518   4.88172e-01  4.88819e-01   9.810e-01   2.54968e-08  7.83794e-03       5.74431e+03   7.24158e+03   1.29859e+04      8.000000e-13  1.000000e-05     2167
3.597564   4.88539e-01  4.89184e-01   9.810e-01   2.51237e-08  7.67661e-03       5.67663e+03   7.17123e+03   1.28479e+04      8.000000e-13  1.000000e-05     2173
3.607116   4.88920e-01  4.89561e-01   9.809e-01   2.62931e-08  7.51386e-03       5.60667e+03   7.09783e+03   1.27045e+04      8.000000e-13  1.000000e-05     2179
3.615995   4.89269e-01  4.89912e-01   9.809e-01   2.63222e-08  7.36256e-03       5.54163e+03   7.02954e+03   1.25712e+04      8.000000e-13  1.000000e-05     2185
3.625409   4.89631e-01  4.90283e-01   9.809e-01   2.70642e-08  7.20316e-03       5.47241e+03   6.95671e+03   1.24291e+04      8.000000e-13  1.000000e-05     2191
3.635270   4.90012e-01  4.90663e-01   9.809e-01   3.56515e-08  7.04417e-03       5.40188e+03   6.88294e+03   1.22848e+04      8.000000e-13  1.000000e-05     2197
3.645471   4.90404e-01  4.91045e-01   9.808e-01   3.33597e-08  6.87657e-03       5.32590e+03   6.80494e+03   1.21308e+04      8.000000e-13  1.000000e-05     2203
3.655899   4.90791e-01  4.91443e-01   9.808e-01   3.18982e-08  6.71187e-03       5.25007e+03   6.72708e+03   1.19771e+04      8.000000e-13  1.000000e-05     2209
3.666322   4.91177e-01  4.91835e-01   9.808e-01   3.15005e-08  6.55355e-03       5.17722e+03   6.65017e+03   1.18274e+04      8.000000e-13  1.000000e-05     2215
3.676425   4.91548e-01  4.92209e-01   9.807e-01   2.57683e-08  6.40133e-03       5.10447e+03   6.57529e+03   1.16798e+04      8.000000e-13  1.000000e-05     2221
3.686473   4.91905e-01  4.92578e-01   9.807e-01   2.79600e-08  6.25002e-03       5.03231e+03   6.50026e+03   1.15326e+04      8.000000e-13  1.000000e-05     2227
3.696336   4.92256e-01  4.92930e-01   9.807e-01   3.23589e-08  6.10282e-03       4.96072e+03   6.42612e+03   1.13868e+04      8.000000e-13  1.000000e-05     2233
3.706590   4.92619e-01  4.93292e-01   9.806e-01   2.91270e-08  5.95634e-03       4.88851e+03   6.35168e+03   1.12402e+04      8.000000e-13  1.000000e-05     2239
3.716889   4.92976e-01  4.93654e-01   9.806e-01   3.19884e-08  5.80843e-03       4.81514e+03   6.27545e+03   1.10906e+04      8.000000e-13  1.000000e-05     2245
3.727102   4.93323e-01  4.94010e-01   9.805e-01   3.11067e-08  5.66718e-03       4.74517e+03   6.20166e+03   1.09468e+04      8.000000e-13  1.000000e-05     2251
3.736673   4.93655e-01  4.94330e-01   9.805e-01   3.29340e-08  5.53343e-03       4.67657e+03   6.13142e+03   1.08080e+04      8.000000e-13  1.000000e-05     2257
3.746497   4.93985e-01  4.94657e-01   9.805e-01   3.17360e-08  5.39924e-03       4.60785e+03   6.06003e+03   1.06679e+04      8.000000e-13  1.000000e-05     2263
3.756861   4.94323e-01  4.95006e-01   9.805e-01   3.02650e-08  5.26256e-03       4.53764e+03   5.98701e+03   1.05246e+04      8.000000e-13  1.000000e-05     2269
3.767592   4.94690e-01  4.95338e-01   9.804e-01   2.76014e-08  5.12506e-03       4.46506e+03   5.90917e+03   1.03742e+04      8.000000e-13  1.000000e-05     2275
3.778014   4.95019e-01  4.95678e-01   9.803e-01   2.77509e-08  4.99370e-03       4.39236e+03   5.83499e+03   1.02273e+04      8.000000e-13  1.000000e-05     2281
3.788681   4.95350e-01  4.96021e-01   9.803e-01   2.63016e-08  4.86751e-03       4.32087e+03   5.76192e+03   1.00828e+04      8.000000e-13  1.000000e-05     2287
3.799285   4.95678e-01  4.96358e-01   9.802e-01   2.52936e-08  4.73889e-03       4.24995e+03   5.68985e+03   9.93980e+03      8.000000e-13  1.000000e-05     2293
3.808871   4.95973e-01  4.96653e-01   9.802e-01   2.84325e-08  4.62434e-03       4.18542e+03   5.62323e+03   9.80865e+03      8.000000e-13  1.000000e-05     2305
3.818042   4.96254e-01  4.96929e-01   9.801e-01   3.00672e-08  4.51123e-03       4.12095e+03   5.55751e+03   9.67846e+03      8.000000e-13  1.000000e-05     2311
3.827178   4.96529e-01  4.97204e-01   9.801e-01   3.17380e-08  4.40299e-03       4.06027e+03   5.49443e+03   9.55470e+03      8.000000e-13  1.000000e-05     2317
3.837179   4.96825e-01  4.97502e-01   9.801e-01   2.97118e-08  4.28892e-03       3.99365e+03   5.42603e+03   9.41968e+03      8.000000e-13  1.000000e-05     2323
3.847658   4.97123e-01  4.97813e-01   9.800e-01   3.26156e-08  4.17095e-03       3.92523e+03   5.35502e+03   9.28026e+03      8.000000e-13  1.000000e-05     2329
3.858398   4.97433e-01  4.98119e-01   9.800e-01   3.23942e-08  4.05316e-03       3.85402e+03   5.28228e+03   9.13630e+03      8.000000e-13  1.000000e-05     2335
3.869212   4.97732e-01  4.98431e-01   9.799e-01   3.36656e-08  3.93884e-03       3.78279e+03   5.21086e+03   8.99364e+03      8.000000e-13  1.000000e-05     2341
3.879632   4.98017e-01  4.98727e-01   9.799e-01   3.29734e-08  3.83225e-03       3.71260e+03   5.14055e+03   8.85315e+03      8.000000e-13  1.000000e-05     2347
3.889719   4.98289e-01  4.99006e-01   9.799e-01   3.14062e-08  3.72585e-03       3.64729e+03   5.07233e+03   8.71963e+03      8.000000e-13  1.000000e-05     2353
3.900040   4.98571e-01  4.99282e-01   9.799e-01   3.41755e-08  3.62443e-03       3.58279e+03   5.00369e+03   8.58648e+03      8.000000e-13  1.000000e-05     2359
3.910459   4.98835e-01  4.99566e-01   9.798e-01   3.61807e-08  3.52718e-03       3.51886e+03   4.93722e+03   8.45608e+03      8.000000e-13  1.000000e-05     2365
3.920673   4.99105e-01  4.99830e-01   9.797e-01   3.77800e-08  3.43142e-03       3.45325e+03   4.86931e+03   8.32255e+03      8.000000e-13  1.000000e-05     2371
3.930718   4.99362e-01  5.00092e-01   9.797e-01   3.46065e-08  3.33680e-03       3.39054e+03   4.80575e+03   8.19628e+03      8.000000e-13  1.000000e-05     2377
3.940719   4.99618e-01  5.00344e-01   9.796e-01   3.13445e-08  3.24482e-03       3.32938e+03   4.74238e+03   8.07177e+03      8.000000e-13  1.000000e-05     2383
3.950726   4.99866e-01  5.00598e-01   9.796e-01   3.24768e-08  3.15314e-03       3.26547e+03   4.67686e+03   7.94233e+03      8.000000e-13  1.000000e-05     2389
3.960519   5.00101e-01  5.00846e-01   9.796e-01   3.51256e-08  3.06407e-03       3.20498e+03   4.61433e+03   7.81931e+03      8.000000e-13  1.000000e-05     2395
3.971070   5.00351e-01  5.01106e-01   9.795e-01   3.37120e-08  2.97435e-03       3.14097e+03   4.54721e+03   7.68819e+03      8.000000e-13  1.000000e-05     2401
3.981877   5.00609e-01  5.01362e-01   9.795e-01   3.17973e-08  2.88374e-03       3.07594e+03   4.47907e+03   7.55501e+03      8.000000e-13  1.000000e-05     2407
3.993057   5.00871e-01  5.01620e-01   9.794e-01   3.07693e-08  2.79187e-03       3.00809e+03   4.40865e+03   7.41675e+03      8.000000e-13  1.000000e-05     2413
4.004659   5.01139e-01  5.01883e-01   9.794e-01   2.86457e-08  2.70027e-03       2.93789e+03   4.33626e+03   7.27415e+03      8.000000e-13  1.000000e-05     2419
4.016134   5.01387e-01  5.02146e-01   9.793e-01   2.77233e-08  2.61015e-03       2.86802e+03   4.26411e+03   7.13213e+03      8.000000e-13  1.000000e-05     2425
4.027870   5.01643e-01  5.02407e-01   9.793e-01   2.84700e-08  2.52355e-03       2.79789e+03   4.19220e+03   6.99009e+03      8.000000e-13  1.000000e-05     2431
4.039255   5.01887e-01  5.02655e-01   9.793e-01   2.79573e-08  2.43915e-03       2.73070e+03   4.12393e+03   6.85463e+03      8.000000e-13  1.000000e-05     2437
4.050675   5.02127e-01  5.02897e-01   9.792e-01   2.87668e-08  2.35917e-03       2.66527e+03   4.05717e+03   6.72244e+03      8.000000e-13  1.000000e-05     2443
4.061898   5.02360e-01  5.03131e-01   9.792e-01   3.05784e-08  2.27977e-03       2.59918e+03   3.98879e+03   6.58797e+03      8.000000e-13  1.000000e-05     2449
4.072974   5.02584e-01  5.03356e-01   9.792e-01   3.32541e-08  2.20577e-03       2.53753e+03   3.92573e+03   6.46326e+03      8.000000e-13  1.000000e-05     2455
4.084253   5.02808e-01  5.03583e-01   9.791e-01   3.00134e-08  2.12761e-03       2.47082e+03   3.85788e+03   6.32870e+03      8.000000e-13  1.000000e-05     2461
4.095187   5.03017e-01  5.03802e-01   9.790e-01   3.05015e-08  2.05583e-03       2.40799e+03   3.79555e+03   6.20353e+03      8.000000e-13  1.000000e-05     2467
4.106479   5.03213e-01  5.04035e-01   9.790e-01   3.16948e-08  1.98553e-03       2.34440e+03   3.73133e+03   6.07573e+03      8.000000e-13  1.000000e-05     2473
4.117531   5.03416e-01  5.04243e-01   9.790e-01   3.46896e-08  1.91604e-03       2.28128e+03   3.66627e+03   5.94755e+03      8.000000e-13  1.000000e-05     2479
4.127946   5.03599e-01  5.04442e-01   9.789e-01   3.17184e-08  1.85280e-03       2.22396e+03   3.60915e+03   5.83310e+03      8.000000e-13  1.000000e-05     2485
4.138870   5.03783e-01  5.04649e-01   9.789e-01   3.00045e-08  1.78995e-03       2.16364e+03   3.54825e+03   5.71189e+03      8.000000e-13  1.000000e-05     2491
4.148989   5.03961e-01  5.04829e-01   9.789e-01   2.73804e-08  1.73349e-03       2.10998e+03   3.49479e+03   5.60477e+03      8.000000e-13  1.000000e-05     2497
4.158993   5.04132e-01  5.05004e-01   9.788e-01   3.02776e-08  1.67693e-03       2.05534e+03   3.43854e+03   5.49388e+03      8.000000e-13  1.000000e-05     2503
4.169773   5.04313e-01  5.05187e-01   9.788e-01   2.71853e-08  1.62096e-03       2.00003e+03   3.38243e+03   5.38246e+03      8.000000e-13  1.000000e-05     2509
4.179487   5.04485e-01  5.05341e-01   9.788e-01   2.92195e-08  1.57098e-03       1.94985e+03   3.33104e+03   5.28089e+03      8.000000e-13  1.000000e-05     2515
4.189328   5.04654e-01  5.05493e-01   9.788e-01   3.11631e-08  1.52319e-03       1.89810e+03   3.27664e+03   5.17474e+03      8.000000e-13  1.000000e-05     2521
4.199709   5.04817e-01  5.05658e-01   9.787e-01   2.54626e-08  1.47244e-03       1.84505e+03   3.22267e+03   5.06772e+03      8.000000e-13  1.000000e-05     2527
4.210507   5.04987e-01  5.05822e-01   9.787e-01   2.95189e-08  1.41846e-03       1.78684e+03   3.16507e+03   4.95191e+03      8.000000e-13  1.000000e-05     2533
4.221315   5.05150e-01  5.05990e-01   9.786e-01   2.74349e-08  1.36729e-03       1.73127e+03   3.10818e+03   4.83945e+03      8.000000e-13  1.000000e-05     2539
4.232323   5.05314e-01  5.06158e-01   9.786e-01   3.13382e-08  1.31587e-03       1.67218e+03   3.05188e+03   4.72406e+03      8.000000e-13  1.000000e-05     2545
4.242888   5.05469e-01  5.06310e-01   9.786e-01   3.29154e-08  1.26864e-03       1.61779e+03   2.99786e+03   4.61566e+03      8.000000e-13  1.000000e-05     2551
4.253851   5.05622e-01  5.06466e-01   9.785e-01   3.10004e-08  1.22542e-03       1.56234e+03   2.94127e+03   4.50362e+03      8.000000e-13  1.000000e-05     2557
4.264433   5.05760e-01  5.06621e-01   9.785e-01   3.26894e-08  1.17759e-03       1.51045e+03   2.88780e+03   4.39825e+03      8.000000e-13  1.000000e-05     2563
4.274432   5.05895e-01  5.06757e-01   9.784e-01   3.30239e-08  1.13861e-03       1.46148e+03   2.83892e+03   4.30040e+03      8.000000e-13  1.000000e-05     2569
4.284755   5.06031e-01  5.06892e-01   9.784e-01   3.09415e-08  1.09723e-03       1.40968e+03   2.78664e+03   4.19631e+03      8.000000e-13  1.000000e-05     2575
4.295271   5.06160e-01  5.07034e-01   9.783e-01   3.09217e-08  1.06089e-03       1.35893e+03   2.73494e+03   4.09387e+03      8.000000e-13  1.000000e-05     2581
4.305739   5.06298e-01  5.07163e-01   9.783e-01   3.09205e-08  1.01961e-03       1.30883e+03   2.68451e+03   3.99334e+03      8.000000e-13  1.000000e-05     2587
4.316576   5.06421e-01  5.07302e-01   9.783e-01   3.09911e-08  9.81279e-04       1.25853e+03   2.63459e+03   3.89312e+03      8.000000e-13  1.000000e-05     2593
4.326933   5.06540e-01  5.07431e-01   9.782e-01   3.25704e-08  9.44309e-04       1.20939e+03   2.58598e+03   3.79537e+03      8.000000e-13  1.000000e-05     2599
4.338206   5.06667e-01  5.07565e-01   9.782e-01   3.44084e-08  9.04334e-04       1.15619e+03   2.53020e+03   3.68639e+03      8.000000e-13  1.000000e-05     2605
4.349550   5.06795e-01  5.07694e-01   9.782e-01   3.63607e-08  8.66715e-04       1.10177e+03   2.47731e+03   3.57908e+03      8.000000e-13  1.000000e-05     2611
4.360499   5.06914e-01  5.07815e-01   9.782e-01   3.57256e-08  8.34749e-04       1.04977e+03   2.42611e+03   3.47588e+03      8.000000e-13  1.000000e-05     2617
4.371275   5.07035e-01  5.07920e-01   9.781e-01   3.20284e-08  8.07844e-04       9.99087e+02   2.37493e+03   3.37402e+03      8.000000e-13  1.000000e-05     2623
4.382444   5.07151e-01  5.08037e-01   9.780e-01   2.96802e-08  7.70483e-04       9.47183e+02   2.32207e+03   3.26925e+03      8.000000e-13  1.000000e-05     2629
4.393290   5.07261e-01  5.08143e-01   9.780e-01   3.17999e-08  7.37474e-04       8.99550e+02   2.27389e+03   3.17344e+03      8.000000e-13  1.000000e-05     2635
4.404488   5.07368e-01  5.08256e-01   9.779e-01   3.40739e-08  7.06177e-04       8.51349e+02   2.22457e+03   3.07592e+03      8.000000e-13  1.000000e-05     2641
4.415857   5.07467e-01  5.08369e-01   9.779e-01   3.34813e-08  6.75731e-04       8.02928e+02   2.17637e+03   2.97929e+03      8.000000e-13  1.000000e-05     2647
4.427344   5.07567e-01  5.08478e-01   9.778e-01   3.49601e-08  6.45826e-04       7.51365e+02   2.12653e+03   2.87790e+03      8.000000e-13  1.000000e-05     2653
4.438534   5.07659e-01  5.08583e-01   9.778e-01   3.46083e-08  6.20794e-04       7.03951e+02   2.07896e+03   2.78292e+03      8.000000e-13  1.000000e-05     2659
4.450179   5.07751e-01  5.08688e-01   9.777e-01   3.08786e-08  5.92924e-04       6.55270e+02   2.03179e+03   2.68706e+03      8.000000e-13  1.000000e-05     2665
4.461092   5.07835e-01  5.08784e-01   9.777e-01   3.10654e-08  5.68380e-04       6.09489e+02   1.98668e+03   2.59617e+03      8.000000e-13  1.000000e-05     2671
4.472140   5.07927e-01  5.08870e-01   9.777e-01   2.72344e-08  5.42465e-04       5.63158e+02   1.94131e+03   2.50447e+03      8.000000e-13  1.000000e-05     2677
4.483409   5.08005e-01  5.08968e-01   9.776e-01   2.49348e-08  5.21100e-04       5.17868e+02   1.89661e+03   2.41448e+03      8.000000e-13  1.000000e-05     2683
4.494758   5.08074e-01  5.09061e-01   9.776e-01   2.84430e-08  4.97525e-04       4.70537e+02   1.85112e+03   2.32166e+03      8.000000e-13  1.000000e-05     2689
4.506743   5.08156e-01  5.09151e-01   9.775e-01   2.85109e-08  4.73605e-04       4.21903e+02   1.80298e+03   2.22488e+03      8.000000e-13  1.000000e-05     2695
4.518610   5.08217e-01  5.09246e-01   9.775e-01   3.28239e-08  4.54841e-04       3.74846e+02   1.75517e+03   2.13002e+03      8.000000e-13  1.000000e-05     2701
4.530713   5.08299e-01  5.09324e-01   9.774e-01   3.50268e-08  4.32322e-04       3.25747e+02   1.70738e+03   2.03313e+03      8.000000e-13  1.000000e-05     2707
4.542454   5.08375e-01  5.09401e-01   9.773e-01   3.64081e-08  4.10660e-04       2.78160e+02   1.65920e+03   1.93736e+03      8.000000e-13  1.000000e-05     2713
4.554246   5.08446e-01  5.09472e-01   9.773e-01   2.98442e-08  3.92248e-04       2.31292e+02   1.61457e+03   1.84587e+03      8.000000e-13  1.000000e-05     2719
4.566077   5.08507e-01  5.09542e-01   9.773e-01   2.86866e-08  3.73956e-04       1.85469e+02   1.57206e+03   1.75753e+03      8.000000e-13  1.000000e-05     2725
4.577413   5.08559e-01  5.09609e-01   9.772e-01   3.14903e-08  3.57058e-04       1.43497e+02   1.53002e+03   1.67352e+03      8.000000e-13  1.000000e-05     2731
4.588537   5.08613e-01  5.09669e-01   9.772e-01   2.96646e-08  3.40244e-04       1.01693e+02   1.49028e+03   1.59197e+03      8.000000e-13  1.000000e-05     2737
4.600234   5.08673e-01  5.09722e-01   9.772e-01   3.01366e-08  3.23696e-04       5.67510e+01   1.44568e+03   1.50243e+03      8.000000e-13  1.000000e-05     2743
4.612233   5.08727e-01  5.09779e-01   9.771e-01   2.94909e-08  3.08715e-04       1.47694e+01   1.40568e+03   1.42045e+03      8.000000e-13  1.000000e-05     2749
4.623944   5.08767e-01  5.09840e-01   9.771e-01   3.07913e-08  2.94564e-04      -2.79544e+01   1.36405e+03   1.33609e+03      8.000000e-13  1.000000e-05     2755
4.633930   5.08807e-01  5.09880e-01   9.770e-01   3.23678e-08  2.82837e-04      -6.34296e+01   1.33037e+03   1.26694e+03      8.000000e-13  1.000000e-05     2767
4.643304   5.08841e-01  5.09918e-01   9.770e-01   2.86545e-08  2.73815e-04      -9.74943e+01   1.29761e+03   1.20012e+03      8.000000e-13  1.000000e-05     2773
4.654080   5.08880e-01  5.09957e-01   9.770e-01   2.65928e-08  2.61560e-04      -1.35020e+02   1.26155e+03   1.12653e+03      8.000000e-13  1.000000e-05     2779
4.665716   5.08923e-01  5.09995e-01   9.770e-01   2.66316e-08  2.50224e-04      -1.76583e+02   1.22207e+03   1.04549e+03      8.000000e-13  1.000000e-05     2785
4.677942   5.08947e-01  5.10042e-01   9.769e-01   3.21683e-08  2.53552e-04      -2.16348e+02   1.18119e+03   9.64844e+02      8.000000e-13  1.000000e-05     2791
4.689781   5.08987e-01  5.10068e-01   9.769e-01   2.95881e-08  2.38183e-04      -2.55754e+02   1.14427e+03   8.88515e+02      8.000000e-13  1.000000e-05     2797
4.701779   5.09018e-01  5.10102e-01   9.768e-01   3.36157e-08  2.24189e-04      -2.95862e+02   1.10490e+03   8.09041e+02      8.000000e-13  1.000000e-05     2803
4.713448   5.09033e-01  5.10142e-01   9.768e-01   3.25848e-08  2.11080e-04      -3.33128e+02   1.06988e+03   7.36751e+02      8.000000e-13  1.000000e-05     2809
4.725153   5.09056e-01  5.10170e-01   9.767e-01   3.26464e-08  2.01342e-04      -3.71628e+02   1.03341e+03   6.61781e+02      8.000000e-13  1.000000e-05     2815
4.737143   5.09082e-01  5.10189e-01   9.767e-01   3.40945e-08  1.92035e-04      -4.10005e+02   9.98304e+02   5.88299e+02      8.000000e-13  1.000000e-05     2821
4.749593   5.09099e-01  5.10212e-01   9.767e-01   3.39762e-08  1.83257e-04      -4.49579e+02   9.63154e+02   5.13576e+02      8.000000e-13  1.000000e-05     2827
4.762127   5.09110e-01  5.10235e-01   9.766e-01   3.13006e-08  1.75379e-04      -4.89637e+02   9.24720e+02   4.35082e+02      8.000000e-13  1.000000e-05     2833
4.775141   5.09130e-01  5.10250e-01   9.766e-01   3.13746e-08  1.67979e-04      -5.29882e+02   8.88627e+02   3.58745e+02      8.000000e-13  1.000000e-05     2839
4.788150   5.09148e-01  5.10257e-01   9.766e-01   3.46353e-08  1.61438e-04      -5.69158e+02   8.51411e+02   2.82253e+02      8.000000e-13  1.000000e-05     2845
4.800791   5.09165e-01  5.10261e-01   9.765e-01   3.44123e-08  1.55599e-04      -6.09020e+02   8.12816e+02   2.03797e+02      8.000000e-13  1.000000e-05     2851
4.812822   5.09169e-01  5.10269e-01   9.765e-01   3.22392e-08  1.50546e-04      -6.44053e+02   7.79507e+02   1.35455e+02      8.000000e-13  1.000000e-05     2857
4.825465   5.09172e-01  5.10274e-01   9.765e-01   3.20080e-08  1.45582e-04      -6.81518e+02   7.42969e+02   6.14506e+01      8.000000e-13  1.000000e-05     2863
4.838150   5.09172e-01  5.10276e-01   9.764e-01   3.63934e-08  1.41175e-04      -7.16994e+02   7.11148e+02  -5.84566e+00      8.000000e-13  1.000000e-05     2869
4.850742   5.09162e-01  5.10284e-01   9.764e-01   3.20039e-08  1.51728e-04      -7.51402e+02   6.78686e+02  -7.27160e+01      8.000000e-13  1.000000e-05     2875
4.862993   5.09167e-01  5.10271e-01   9.764e-01   3.39429e-08  1.51455e-04      -7.86041e+02   6.48271e+02  -1.37770e+02      8.000000e-13  1.000000e-05     2881
4.874536   5.09158e-01  5.10270e-01   9.764e-01   2.94787e-08  1.41683e-04      -8.15228e+02   6.21648e+02  -1.93580e+02      8.000000e-13  1.000000e-05     2887
4.885957   5.09148e-01  5.10262e-01   9.764e-01   3.05380e-08  1.31802e-04      -8.44691e+02   5.93682e+02  -2.51009e+02      8.000000e-13  1.000000e-05     2893
4.897836   5.09132e-01  5.10254e-01   9.763e-01   2.95320e-08  1.27224e-04      -8.75151e+02   5.66683e+02  -3.08468e+02      8.000000e-13  1.000000e-05     2899
4.910220   5.09118e-01  5.10242e-01   9.763e-01   2.63165e-08  1.23333e-04      -9.09349e+02   5.35564e+02  -3.73786e+02      8.000000e-13  1.000000e-05     2905
4.922968   5.09100e-01  5.10229e-01   9.763e-01   2.83815e-08  1.19774e-04      -9.39995e+02   5.07621e+02  -4.32374e+02      8.000000e-13  1.000000e-05     2911
4.935611   5.09083e-01  5.10211e-01   9.762e-01   2.69973e-08  1.21254e-04      -9.71553e+02   4.78557e+02  -4.92996e+02      8.000000e-13  1.000000e-05     2917
4.948214   5.09052e-01  5.10201e-01   9.762e-01   2.66886e-08  1.20717e-04      -1.00277e+03   4.51858e+02  -5.50912e+02      8.000000e-13  1.000000e-05     2923
4.960286   5.09028e-01  5.10183e-01   9.761e-01   2.44412e-08  1.15940e-04      -1.03206e+03   4.25917e+02  -6.06139e+02      8.000000e-13  1.000000e-05     2929
4.972528   5.09004e-01  5.10159e-01   9.761e-01   2.76475e-08  1.15050e-04      -1.06075e+03   3.99827e+02  -6.60923e+02      8.000000e-13  1.000000e-05     2935
4.984569   5.08975e-01  5.10141e-01   9.761e-01   2.98243e-08  1.13866e-04      -1.08885e+03   3.75279e+02  -7.13571e+02      8.000000e-13  1.000000e-05     2941
4.996748   5.08950e-01  5.10110e-01   9.760e-01   2.99033e-08  1.13458e-04      -1.11844e+03   3.48181e+02  -7.70255e+02      8.000000e-13  1.000000e-05     2947
5.009372   5.08923e-01  5.10078e-01   9.759e-01   2.77759e-08  1.12996e-04      -1.14831e+03   3.23895e+02  -8.24412e+02      8.000000e-13  1.000000e-05     2953
5.021759   5.08907e-01  5.10027e-01   9.759e-01   2.59318e-08  1.14424e-04      -1.17500e+03   2.99358e+02  -8.75641e+02      8.000000e-13  1.000000e-05     2959
5.033470   5.08881e-01  5.09989e-01   9.759e-01   2.75278e-08  1.14019e-04      -1.20239e+03   2.76393e+02  -9.25999e+02      8.000000e-13  1.000000e-05     2965
5.045184   5.08851e-01  5.09949e-01   9.758e-01   2.92351e-08  1.14317e-04      -1.22917e+03   2.51797e+02  -9.77373e+02      8.000000e-13  1.000000e-05     2971
5.056769   5.08805e-01  5.09920e-01   9.758e-01   2.83461e-08  1.15010e-04      -1.25264e+03   2.31626e+02  -1.02101e+03      8.000000e-13  1.000000e-05     2977
5.068698   5.08752e-01  5.09892e-01   9.757e-01   2.72823e-08  1.14720e-04      -1.27696e+03   2.10163e+02  -1.06680e+03      8.000000e-13  1.000000e-05     2983
5.080201   5.08700e-01  5.09864e-01   9.757e-01   2.53901e-08  1.14908e-04      -1.30110e+03   1.90321e+02  -1.11078e+03      8.000000e-13  1.000000e-05     2989
5.092014   5.08649e-01  5.09831e-01   9.756e-01   2.80268e-08  1.15752e-04      -1.32304e+03   1.70618e+02  -1.15242e+03      8.000000e-13  1.000000e-05     2995
5.104182   5.08602e-01  5.09787e-01   9.756e-01   3.14985e-08  1.16366e-04      -1.34780e+03   1.49876e+02  -1.19793e+03      8.000000e-13  1.000000e-05     3001
5.116543   5.08549e-01  5.09744e-01   9.755e-01   2.86686e-08  1.17334e-04      -1.37210e+03   1.27751e+02  -1.24435e+03      8.000000e-13  1.000000e-05     3007
5.128972   5.08502e-01  5.09692e-01   9.755e-01   3.03980e-08  1.19469e-04      -1.39608e+03   1.06904e+02  -1.28917e+03      8.000000e-13  1.000000e-05     3013
5.141865   5.08440e-01  5.09645e-01   9.755e-01   3.24292e-08  1.19715e-04      -1.41955e+03   8.68484e+01  -1.33270e+03      8.000000e-13  1.000000e-05     3019
5.154605   5.08376e-01  5.09600e-01   9.754e-01   2.89173e-08  1.21225e-04      -1.44299e+03   6.78397e+01  -1.37515e+03      8.000000e-13  1.000000e-05     3025
5.166925   5.08326e-01  5.09543e-01   9.753e-01   2.56343e-08  1.23323e-04      -1.46572e+03   4.83492e+01  -1.41737e+03      8.000000e-13  1.000000e-05     3031
5.178554   5.08259e-01  5.09501e-01   9.753e-01   3.39379e-08  1.24315e-04      -1.48507e+03   3.23327e+01  -1.45273e+03      8.000000e-13  1.000000e-05     3037
5.190141   5.08203e-01  5.09448e-01   9.752e-01   2.74396e-08  1.25863e-04      -1.50540e+03   1.49033e+01  -1.49050e+03      8.000000e-13  1.000000e-05     3043
5.201081   5.08152e-01  5.09397e-01   9.752e-01   2.66154e-08  1.27308e-04      -1.52447e+03   2.41568e-02  -1.52445e+03      8.000000e-13  1.000000e-05     3049
5.212758   5.08099e-01  5.09338e-01   9.751e-01   2.56972e-08  1.28564e-04      -1.54283e+03  -1.42347e+01  -1.55707e+03      8.000000e-13  1.000000e-05     3055
5.224989   5.08028e-01  5.09286e-01   9.751e-01   2.24750e-08  1.30700e-04      -1.56247e+03  -3.02609e+01  -1.59273e+03      8.000000e-13  1.000000e-05     3061
5.237818   5.07965e-01  5.09223e-01   9.750e-01   2.23638e-08  1.33204e-04      -1.58323e+03  -4.84885e+01  -1.63172e+03      8.000000e-13  1.000000e-05     3067
5.250401   5.07891e-01  5.09168e-01   9.750e-01   2.40101e-08  1.61315e-04      -1.60274e+03  -6.45576e+01  -1.66730e+03      8.000000e-13  1.000000e-05     3073
5.262802   5.07829e-01  5.09102e-01   9.749e-01   3.08808e-08  1.61731e-04      -1.62067e+03  -7.87852e+01  -1.69946e+03      8.000000e-13  1.000000e-05     3079
5.275340   5.07742e-01  5.09050e-01   9.749e-01   3.26869e-08  1.49555e-04      -1.63928e+03  -9.33677e+01  -1.73264e+03      8.000000e-13  1.000000e-05     3085
5.287686   5.07673e-01  5.08984e-01   9.749e-01   2.93109e-08  1.47547e-04      -1.65711e+03  -1.07703e+02  -1.76481e+03      8.000000e-13  1.000000e-05     3091
5.300601   5.07598e-01  5.08912e-01   9.748e-01   3.39190e-08  1.46144e-04      -1.67528e+03  -1.24228e+02  -1.79951e+03      8.000000e-13  1.000000e-05     3097
5.312803   5.07527e-01  5.08845e-01   9.748e-01   3.03907e-08  1.46452e-04      -1.69050e+03  -1.34330e+02  -1.82483e+03      8.000000e-13  1.000000e-05     3103
5.325482   5.07453e-01  5.08773e-01   9.747e-01   3.16369e-08  1.46757e-04      -1.70727e+03  -1.45243e+02  -1.85252e+03      8.000000e-13  1.000000e-05     3109
5.338351   5.07384e-01  5.08689e-01   9.747e-01   3.39913e-08  1.49097e-04      -1.72416e+03  -1.55893e+02  -1.88006e+03      8.000000e-13  1.000000e-05     3115
5.350972   5.07310e-01  5.08616e-01   9.746e-01   3.73096e-08  1.58980e-04      -1.73776e+03  -1.66814e+02  -1.90458e+03      8.000000e-13  1.000000e-05     3121
5.363384   5.07235e-01  5.08543e-01   9.746e-01   3.23314e-08  1.54372e-04      -1.75174e+03  -1.78057e+02  -1.92980e+03      8.000000e-13  1.000000e-05     3127
5.376112   5.07161e-01  5.08462e-01   9.745e-01   2.87401e-08  1.53597e-04      -1.76819e+03  -1.91172e+02  -1.95936e+03      8.000000e-13  1.000000e-05     3133
5.388134   5.07091e-01  5.08386e-01   9.745e-01   3.07985e-08  1.54664e-04      -1.78197e+03  -1.99639e+02  -1.98161e+03      8.000000e-13  1.000000e-05     3139
5.400816   5.07013e-01  5.08305e-01   9.745e-01   3.20081e-08  1.56664e-04      -1.79756e+03  -2.10773e+02  -2.00833e+03      8.000000e-13  1.000000e-05     3145
5.413857   5.06937e-01  5.08218e-01   9.744e-01   3.40831e-08  1.64601e-04      -1.81224e+03  -2.19250e+02  -2.03149e+03      8.000000e-13  1.000000e-05     3151
5.426393   5.06867e-01  5.08129e-01   9.744e-01   3.41630e-08  1.63799e-04      -1.82514e+03  -2.29571e+02  -2.05471e+03      8.000000e-13  1.000000e-05     3157
5.433013   5.06825e-01  5.08085e-01   9.744e-01   3.35942e-08  1.64097e-04      -1.83239e+03  -2.35011e+02  -2.06740e+03      8.000000e-13  1.000000e-05     3175
5.439279   5.06785e-01  5.08043e-01   9.744e-01   2.64414e-08  1.64338e-04      -1.83884e+03  -2.39264e+02  -2.07810e+03      8.000000e-13  1.000000e-05     3181
5.447051   5.06735e-01  5.07991e-01   9.744e-01   2.59227e-08  1.66807e-04      -1.84685e+03  -2.44467e+02  -2.09132e+03      8.000000e-13  1.000000e-05     3187
5.456343   5.06668e-01  5.07937e-01   9.744e-01   2.66618e-08  1.66714e-04      -1.85711e+03  -2.51541e+02  -2.10865e+03      8.000000e-13  1.000000e-05     3193
5.465531   5.06608e-01  5.07873e-01   9.743e-01   3.01823e-08  1.67471e-04      -1.86124e+03  -2.55618e+02  -2.11686e+03      8.000000e-13  1.000000e-05     3205
5.474419   5.06546e-01  5.07817e-01   9.743e-01   3.26452e-08  1.67515e-04      -1.87006e+03  -2.62893e+02  -2.13295e+03      8.000000e-13  1.000000e-05     3211
5.483774   5.06481e-01  5.07757e-01   9.743e-01   3.24480e-08  1.68661e-04      -1.87934e+03  -2.68685e+02  -2.14803e+03      8.000000e-13  1.000000e-05     3217
5.494234   5.06417e-01  5.07681e-01   9.743e-01   3.12065e-08  1.70272e-04      -1.88946e+03  -2.74862e+02  -2.16432e+03      8.000000e-13  1.000000e-05     3223
5.505965   5.06332e-01  5.07605e-01   9.742e-01   3.16403e-08  1.70168e-04      -1.89913e+03  -2.78743e+02  -2.17788e+03      8.000000e-13  1.000000e-05     3229
5.518821   5.06245e-01  5.07510e-01   9.742e-01   3.17750e-08  1.71668e-04      -1.91071e+03  -2.86203e+02  -2.19692e+03      8.000000e-13  1.000000e-05     3235
5.531251   5.06155e-01  5.07429e-01   9.742e-01   2.64304e-08  1.72790e-04      -1.92197e+03  -2.91825e+02  -2.21379e+03      8.000000e-13  1.000000e-05     3241
5.543184   5.06070e-01  5.07350e-01   9.741e-01   2.78454e-08  1.75768e-04      -1.93090e+03  -2.97217e+02  -2.22812e+03      8.000000e-13  1.000000e-05     3247
5.555563   5.05990e-01  5.07252e-01   9.741e-01   2.73754e-08  1.75990e-04      -1.94030e+03  -3.03075e+02  -2.24337e+03      8.000000e-13  1.000000e-05     3253
5.568657   5.05888e-01  5.07162e-01   9.740e-01   2.71620e-08  1.77784e-04      -1.94922e+03  -3.08011e+02  -2.25723e+03      8.000000e-13  1.000000e-05     3259
5.581491   5.05779e-01  5.07082e-01   9.739e-01   2.99229e-08  1.78708e-04      -1.95924e+03  -3.14677e+02  -2.27392e+03      8.000000e-13  1.000000e-05     3265
5.591785   5.05702e-01  5.07012e-01   9.739e-01   3.19095e-08  1.80339e-04      -1.96763e+03  -3.18198e+02  -2.28582e+03      8.000000e-13  1.000000e-05     3277
5.601180   5.05631e-01  5.06949e-01   9.739e-01   2.80823e-08  1.83506e-04      -1.97414e+03  -3.21398e+02  -2.29553e+03      8.000000e-13  1.000000e-05     3283
5.609772   5.05571e-01  5.06885e-01   9.739e-01   2.25944e-08  1.83224e-04      -1.98004e+03  -3.24261e+02  -2.30430e+03      8.000000e-13  1.000000e-05     3289
5.619822   5.05498e-01  5.06813e-01   9.739e-01   2.22788e-08  1.82932e-04      -1.98598e+03  -3.26640e+02  -2.31262e+03      8.000000e-13  1.000000e-05     3295
5.631237   5.05416e-01  5.06732e-01   9.738e-01   2.38134e-08  1.82815e-04      -1.99197e+03  -3.28736e+02  -2.32071e+03      8.000000e-13  1.000000e-05     3301
5.642845   5.05332e-01  5.06646e-01   9.738e-01   2.38697e-08  1.82962e-04      -1.99931e+03  -3.31350e+02  -2.33066e+03      8.000000e-13  1.000000e-05     3307
5.655379   5.05235e-01  5.06560e-01   9.738e-01   2.62977e-08  1.83383e-04      -2.00332e+03  -3.32213e+02  -2.33553e+03      8.000000e-13  1.000000e-05     3313
5.667854   5.05143e-01  5.06468e-01   9.737e-01   2.82633e-08  1.83255e-04      -2.00908e+03  -3.33621e+02  -2.34271e+03      8.000000e-13  1.000000e-05     3319
5.681241   5.05048e-01  5.06370e-01   9.737e-01   2.45084e-08  1.83982e-04      -2.01842e+03  -3.35766e+02  -2.35418e+03      8.000000e-13  1.000000e-05     3325
5.693722   5.04957e-01  5.06278e-01   9.737e-01   2.23296e-08  1.84778e-04      -2.02474e+03  -3.36256e+02  -2.36100e+03      8.000000e-13  1.000000e-05     3331
5.706395   5.04851e-01  5.06196e-01   9.736e-01   2.53232e-08  1.85425e-04      -2.03061e+03  -3.37803e+02  -2.36841e+03      8.000000e-13  1.000000e-05     3337
5.719258   5.04761e-01  5.06096e-01   9.736e-01   2.45974e-08  1.85973e-04      -2.03637e+03  -3.39071e+02  -2.37544e+03      8.000000e-13  1.000000e-05     3343
5.731533   5.04667e-01  5.06007e-01   9.735e-01   2.41928e-08  1.86333e-04      -2.04250e+03  -3.40724e+02  -2.38323e+03      8.000000e-13  1.000000e-05     3349
5.743951   5.04567e-01  5.05919e-01   9.735e-01   2.41484e-08  1.89819e-04      -2.04777e+03  -3.41058e+02  -2.38883e+03      8.000000e-13  1.000000e-05     3355
5.756367   5.04476e-01  5.05829e-01   9.734e-01   2.73920e-08  1.90703e-04      -2.05223e+03  -3.40287e+02  -2.39251e+03      8.000000e-13  1.000000e-05     3361
5.765976   5.04407e-01  5.05755e-01   9.734e-01   2.55248e-08  1.88577e-04      -2.05433e+03  -3.39936e+02  -2.39427e+03      8.000000e-13  1.000000e-05     3373
5.775077   5.04340e-01  5.05684e-01   9.734e-01   2.56228e-08  1.88437e-04      -2.05712e+03  -3.39567e+02  -2.39669e+03      8.000000e-13  1.000000e-05     3379
5.785228   5.04265e-01  5.05606e-01   9.734e-01   2.75326e-08  1.87452e-04      -2.05980e+03  -3.38607e+02  -2.39841e+03      8.000000e-13  1.000000e-05     3385
5.796398   5.04183e-01  5.05521e-01   9.733e-01   2.54553e-08  1.86824e-04      -2.06350e+03  -3.37907e+02  -2.40141e+03      8.000000e-13  1.000000e-05     3391
5.808643   5.04102e-01  5.05422e-01   9.733e-01   2.54435e-08  1.93932e-04      -2.06501e+03  -3.35263e+02  -2.40027e+03      8.000000e-13  1.000000e-05     3397
5.820562   5.04016e-01  5.05330e-01   9.732e-01   3.12120e-08  1.93188e-04      -2.06711e+03  -3.32630e+02  -2.39974e+03      8.000000e-13  1.000000e-05     3403
5.833092   5.03923e-01  5.05235e-01   9.732e-01   2.54335e-08  1.90304e-04      -2.06902e+03  -3.29536e+02  -2.39856e+03      8.000000e-13  1.000000e-05     3409
5.846171   5.03825e-01  5.05137e-01   9.732e-01   2.40886e-08  1.87243e-04      -2.07059e+03  -3.27738e+02  -2.39833e+03      8.000000e-13  1.000000e-05     3415
5.859657   5.03719e-01  5.05042e-01   9.731e-01   2.39786e-08  1.86129e-04      -2.07307e+03  -3.25304e+02  -2.39838e+03      8.000000e-13  1.000000e-05     3421
5.872536   5.03617e-01  5.04955e-01   9.731e-01   2.60357e-08  1.87523e-04      -2.07308e+03  -3.22281e+02  -2.39536e+03      8.000000e-13  1.000000e-05     3427
5.885519   5.03515e-01  5.04856e-01   9.730e-01   2.20106e-08  1.84100e-04      -2.07448e+03  -3.19034e+02  -2.39352e+03      8.000000e-13  1.000000e-05     3433
5.899235   5.03414e-01  5.04751e-01   9.729e-01   2.54620e-08  1.84408e-04      -2.07464e+03  -3.14302e+02  -2.38894e+03      8.000000e-13  1.000000e-05     3439
5.912454   5.03308e-01  5.04658e-01   9.729e-01   2.53648e-08  1.82503e-04      -2.07658e+03  -3.10310e+02  -2.38689e+03      8.000000e-13  1.000000e-05     3445
5.925255   5.03210e-01  5.04567e-01   9.729e-01   2.36062e-08  1.81725e-04      -2.07675e+03  -3.05292e+02  -2.38204e+03      8.000000e-13  1.000000e-05     3451
5.938097   5.03119e-01  5.04470e-01   9.729e-01   2.42037e-08  1.82206e-04      -2.07431e+03  -2.99650e+02  -2.37396e+03      8.000000e-13  1.000000e-05     3457
5.951283   5.03014e-01  5.04380e-01   9.728e-01   2.58542e-08  1.79693e-04      -2.07441e+03  -2.95484e+02  -2.36989e+03      8.000000e-13  1.000000e-05     3463
5.963727   5.02914e-01  5.04294e-01   9.728e-01   2.42680e-08  1.79963e-04      -2.07441e+03  -2.91682e+02  -2.36609e+03      8.000000e-13  1.000000e-05     3469
5.976682   5.02808e-01  5.04204e-01   9.727e-01   2.56886e-08  1.79438e-04      -2.07206e+03  -2.86088e+02  -2.35814e+03      8.000000e-13  1.000000e-05     3475
5.989080   5.02712e-01  5.04118e-01   9.727e-01   2.73208e-08  1.77473e-04      -2.07175e+03  -2.80049e+02  -2.35180e+03      8.000000e-13  1.000000e-05     3481
6.002074   5.02622e-01  5.04021e-01   9.726e-01   2.79264e-08  1.75229e-04      -2.07118e+03  -2.73987e+02  -2.34517e+03      8.000000e-13  1.000000e-05     3487
6.015461   5.02523e-01  5.03924e-01   9.726e-01   2.78141e-08  1.74965e-04      -2.06712e+03  -2.66464e+02  -2.33358e+03      8.000000e-13  1.000000e-05     3493
6.027970   5.02433e-01  5.03832e-01   9.725e-01   2.95527e-08  1.73033e-04      -2.06752e+03  -2.62410e+02  -2.32993e+03      8.000000e-13  1.000000e-05     3499
6.040796   5.02339e-01  5.03736e-01   9.725e-01   2.79844e-08  1.71092e-04      -2.06526e+03  -2.55500e+02  -2.32076e+03      8.000000e-13  1.000000e-05     3505
6.054283   5.02251e-01  5.03630e-01   9.724e-01   2.80129e-08  1.73342e-04      -2.06334e+03  -2.47136e+02  -2.31048e+03      8.000000e-13  1.000000e-05     3511
6.067046   5.02157e-01  5.03536e-01   9.724e-01   2.59275e-08  1.69964e-04      -2.05982e+03  -2.40037e+02  -2.29985e+03      8.000000e-13  1.000000e-05     3517
6.080618   5.02058e-01  5.03441e-01   9.723e-01   2.89544e-08  1.70625e-04      -2.05724e+03  -2.33543e+02  -2.29078e+03      8.000000e-13  1.000000e-05     3523
6.094089   5.01961e-01  5.03341e-01   9.723e-01   2.89793e-08  1.66984e-04      -2.05256e+03  -2.26851e+02  -2.27942e+03      8.000000e-13  1.000000e-05     3529
6.107154   5.01878e-01  5.03238e-01   9.723e-01   2.67160e-08  1.62433e-04      -2.04739e+03  -2.15880e+02  -2.26327e+03      8.000000e-13  1.000000e-05     3535
6.119707   5.01788e-01  5.03152e-01   9.723e-01   2.87077e-08  1.62065e-04      -2.04400e+03  -2.08152e+02  -2.25215e+03      8.000000e-13  1.000000e-05     3541
6.132945   5.01687e-01  5.03064e-01   9.722e-01   3.03157e-08  1.60203e-04      -2.04381e+03  -2.03416e+02  -2.24723e+03      8.000000e-13  1.000000e-05     3547
6.146575   5.01598e-01  5.02965e-01   9.722e-01   3.04785e-08  1.58706e-04      -2.03968e+03  -1.93228e+02  -2.23291e+03      8.000000e-13  1.000000e-05     3553
6.160574   5.01500e-01  5.02870e-01   9.722e-01   2.82289e-08  1.56071e-04      -2.03315e+03  -1.83351e+02  -2.21651e+03      8.000000e-13  1.000000e-05     3559
6.174182   5.01395e-01  5.02788e-01   9.721e-01   2.57496e-08  1.54285e-04      -2.02928e+03  -1.74421e+02  -2.20370e+03      8.000000e-13  1.000000e-05     3565
6.187894   5.01306e-01  5.02690e-01   9.721e-01   2.42412e-08  1.54115e-04      -2.02501e+03  -1.66167e+02  -2.19118e+03      8.000000e-13  1.000000e-05     3571
6.201330   5.01211e-01  5.02599e-01   9.721e-01   2.63031e-08  1.50921e-04      -2.01943e+03  -1.54971e+02  -2.17440e+03      8.000000e-13  1.000000e-05     3577
6.213590   5.01121e-01  5.02522e-01   9.721e-01   2.61930e-08  1.49325e-04      -2.01435e+03  -1.45489e+02  -2.15984e+03      8.000000e-13  1.000000e-05     3583
6.227268   5.01023e-01  5.02437e-01   9.720e-01   2.40895e-08  1.47559e-04      -2.00970e+03  -1.36489e+02  -2.14619e+03      8.000000e-13  1.000000e-05     3589
6.240845   5.00933e-01  5.02348e-01   9.720e-01   2.19105e-08  1.45445e-04      -2.00309e+03  -1.25134e+02  -2.12823e+03      8.000000e-13  1.000000e-05     3595
6.255028   5.00838e-01  5.02258e-01   9.720e-01   2.40307e-08  1.46646e-04      -1.99503e+03  -1.11646e+02  -2.10667e+03      8.000000e-13  1.000000e-05     3601
6.268455   5.00755e-01  5.02165e-01   9.720e-01   2.50408e-08  1.43883e-04      -1.98910e+03  -1.02200e+02  -2.09130e+03      8.000000e-13  1.000000e-05     3607
6.282040   5.00666e-01  5.02078e-01   9.719e-01   2.70895e-08  1.43263e-04      -1.98274e+03  -9.25474e+01  -2.07529e+03      8.000000e-13  1.000000e-05     3613
6.295867   5.00579e-01  5.01987e-01   9.719e-01   2.54571e-08  1.41490e-04      -1.97817e+03  -8.25973e+01  -2.06077e+03      8.000000e-13  1.000000e-05     3619
6.309855   5.00495e-01  5.01894e-01   9.718e-01   2.33375e-08  1.44279e-04      -1.97151e+03  -7.02872e+01  -2.04180e+03      8.000000e-13  1.000000e-05     3625
6.323165   5.00419e-01  5.01800e-01   9.718e-01   2.55001e-08  1.36280e-04      -1.96366e+03  -5.80712e+01  -2.02173e+03      8.000000e-13  1.000000e-05     3631
6.336600   5.00339e-01  5.01714e-01   9.717e-01   2.88020e-08  1.33093e-04      -1.95654e+03  -4.58078e+01  -2.00235e+03      8.000000e-13  1.000000e-05     3637
6.350274   5.00252e-01  5.01630e-01   9.717e-01   2.89235e-08  1.30105e-04      -1.94852e+03  -3.33015e+01  -1.98183e+03      8.000000e-13  1.000000e-05     3643
6.363961   5.00174e-01  5.01541e-01   9.717e-01   2.86466e-08  1.27161e-04      -1.94103e+03  -2.19189e+01  -1.96295e+03      8.000000e-13  1.000000e-05     3649
6.377909   5.00091e-01  5.01456e-01   9.717e-01   2.34533e-08  1.26975e-04      -1.93209e+03  -9.16084e+00  -1.94125e+03      8.000000e-13  1.000000e-05     3655
6.391526   4.99998e-01  5.01383e-01   9.716e-01   2.50450e-08  1.24848e-04      -1.92513e+03   2.71055e+00  -1.92242e+03      8.000000e-13  1.000000e-05     3661
6.405295   4.99906e-01  5.01309e-01   9.716e-01   2.78568e-08  1.23193e-04      -1.91944e+03   1.29900e+01  -1.90645e+03      8.000000e-13  1.000000e-05     3667
6.418816   4.99824e-01  5.01229e-01   9.716e-01   2.55377e-08  1.20254e-04      -1.91288e+03   2.45647e+01  -1.88831e+03      8.000000e-13  1.000000e-05     3673
6.432591   4.99733e-01  5.01158e-01   9.716e-01   2.54006e-08  1.18025e-04      -1.90591e+03   3.72937e+01  -1.86861e+03      8.000000e-13  1.000000e-05     3679
6.446074   4.99658e-01  5.01082e-01   9.715e-01   2.70778e-08  1.18489e-04      -1.89545e+03   5.27939e+01  -1.84266e+03      8.000000e-13  1.000000e-05     3685
6.459005   4.99584e-01  5.01008e-01   9.715e-01   2.53962e-08  1.14073e-04      -1.88719e+03   6.45484e+01  -1.82264e+03      8.000000e-13  1.000000e-05     3691
6.471917   4.99516e-01  5.00931e-01   9.714e-01   2.33764e-08  1.11976e-04      -1.87992e+03   7.54954e+01  -1.80443e+03      8.000000e-13  1.000000e-05     3697
6.485403   4.99438e-01  5.00860e-01   9.714e-01   2.38743e-08  1.09396e-04      -1.86848e+03   9.01812e+01  -1.77830e+03      8.000000e-13  1.000000e-05     3703
6.498925   4.99367e-01  5.00780e-01   9.714e-01   2.60406e-08  1.08624e-04      -1.86056e+03   1.01989e+02  -1.75857e+03      8.000000e-13  1.000000e-05     3709
6.512408   4.99283e-01  5.00716e-01   9.713e-01   2.64645e-08  1.06396e-04      -1.85148e+03   1.15889e+02  -1.73559e+03      8.000000e-13  1.000000e-05     3715
6.526118   4.99210e-01  5.00642e-01   9.714e-01   2.80662e-08  1.05061e-04      -1.84475e+03   1.26965e+02  -1.71778e+03      8.000000e-13  1.000000e-05     3721
6.539226   4.99141e-01  5.00573e-01   9.713e-01   2.81156e-08  1.04399e-04      -1.83743e+03   1.38248e+02  -1.69918e+03      8.000000e-13  1.000000e-05     3727
6.552312   4.99073e-01  5.00504e-01   9.713e-01   2.49553e-08  1.03107e-04      -1.83001e+03   1.49754e+02  -1.68025e+03      8.000000e-13  1.000000e-05     3733
6.565674   4.99006e-01  5.00429e-01   9.713e-01   2.87555e-08  1.01008e-04      -1.82155e+03   1.61396e+02  -1.66015e+03      8.000000e-13  1.000000e-05     3739
6.578638   4.98938e-01  5.00360e-01   9.713e-01   2.82762e-08  9.77086e-05      -1.81469e+03   1.72748e+02  -1.64194e+03      8.000000e-13  1.000000e-05     3745
6.592121   4.98863e-01  5.00295e-01   9.712e-01   3.09252e-08  9.59158e-05      -1.80537e+03   1.85692e+02  -1.61968e+03      8.000000e-13  1.000000e-05     3751
6.605858   4.98793e-01  5.00225e-01   9.712e-01   2.91530e-08  9.46997e-05      -1.79540e+03   1.97929e+02  -1.59747e+03      8.000000e-13  1.000000e-05     3757
6.620103   4.98725e-01  5.00151e-01   9.711e-01   2.97960e-08  9.27346e-05      -1.78365e+03   2.13608e+02  -1.57004e+03      8.000000e-13  1.000000e-05     3763
6.634055   4.98657e-01  5.00083e-01   9.710e-01   3.09286e-08  9.25944e-05      -1.77311e+03   2.26899e+02  -1.54621e+03      8.000000e-13  1.000000e-05     3769
6.648161   4.98588e-01  5.00011e-01   9.710e-01   3.09143e-08  9.09806e-05      -1.76769e+03   2.37582e+02  -1.53011e+03      8.000000e-13  1.000000e-05     3775
6.661595   4.98527e-01  4.99945e-01   9.709e-01   2.99092e-08  8.89171e-05      -1.75912e+03   2.50790e+02  -1.50833e+03      8.000000e-13  1.000000e-05     3781
6.675284   4.98468e-01  4.99874e-01   9.709e-01   2.51077e-08  8.57986e-05      -1.74861e+03   2.65352e+02  -1.48326e+03      8.000000e-13  1.000000e-05     3787
6.689583   4.98400e-01  4.99815e-01   9.708e-01   2.68571e-08  8.41010e-05      -1.73554e+03   2.80094e+02  -1.45545e+03      8.000000e-13  1.000000e-05     3793
6.703739   4.98336e-01  4.99750e-01   9.708e-01   2.50025e-08  8.24463e-05      -1.72314e+03   2.95840e+02  -1.42730e+03      8.000000e-13  1.000000e-05     3799
6.718102   4.98283e-01  4.99677e-01   9.707e-01   2.50489e-08  8.05824e-05      -1.71333e+03   3.08868e+02  -1.40446e+03      8.000000e-13  1.000000e-05     3805
6.732302   4.98221e-01  4.99615e-01   9.707e-01   2.54930e-08  7.90458e-05      -1.70244e+03   3.23032e+02  -1.37941e+03      8.000000e-13  1.000000e-05     3811
6.747090   4.98146e-01  4.99563e-01   9.706e-01   2.70796e-08  7.68994e-05      -1.69051e+03   3.39331e+02  -1.35118e+03      8.000000e-13  1.000000e-05     3817
6.760656   4.98089e-01  4.99507e-01   9.706e-01   2.49746e-08  7.49155e-05      -1.68124e+03   3.53578e+02  -1.32766e+03      8.000000e-13  1.000000e-05     3823
6.774038   4.98037e-01  4.99452e-01   9.706e-01   2.65565e-08  7.39216e-05      -1.67107e+03   3.67817e+02  -1.30326e+03      8.000000e-13  1.000000e-05     3829
6.788151   4.97975e-01  4.99400e-01   9.706e-01   2.67021e-08  7.23086e-05      -1.65983e+03   3.83331e+02  -1.27650e+03      8.000000e-13  1.000000e-05     3835
6.802262   4.97920e-01  4.99346e-01   9.705e-01   2.65761e-08  7.15610e-05      -1.65196e+03   3.94605e+02  -1.25736e+03      8.000000e-13  1.000000e-05     3841
6.815487   4.97879e-01  4.99284e-01   9.705e-01   2.33446e-08  6.93862e-05      -1.64252e+03   4.08734e+02  -1.23378e+03      8.000000e-13  1.000000e-05     3847
6.829085   4.97819e-01  4.99237e-01   9.704e-01   2.39686e-08  6.83655e-05      -1.63167e+03   4.22613e+02  -1.20905e+03      8.000000e-13  1.000000e-05     3853
6.842873   4.97767e-01  4.99176e-01   9.703e-01   2.38167e-08  6.67030e-05      -1.61859e+03   4.36645e+02  -1.18195e+03      8.000000e-13  1.000000e-05     3859
6.856209   4.97709e-01  4.99135e-01   9.703e-01   2.56012e-08  6.53696e-05      -1.60747e+03   4.49551e+02  -1.15792e+03      8.000000e-13  1.000000e-05     3865
6.870048   4.97650e-01  4.99090e-01   9.702e-01   2.33572e-08  6.48281e-05      -1.59615e+03   4.63965e+02  -1.13218e+03      8.000000e-13  1.000000e-05     3871
6.883699   4.97603e-01  4.99042e-01   9.702e-01   2.33333e-08  6.47347e-05      -1.58882e+03   4.74814e+02  -1.11401e+03      8.000000e-13  1.000000e-05     3877
6.896431   4.97552e-01  4.99004e-01   9.701e-01   2.32317e-08  6.21392e-05      -1.57888e+03   4.88413e+02  -1.09047e+03      8.000000e-13  1.000000e-05     3883
6.908884   4.97517e-01  4.98953e-01   9.701e-01   2.69622e-08  6.34425e-05      -1.56904e+03   5.00741e+02  -1.06830e+03      8.000000e-13  1.000000e-05     3889
6.922549   4.97489e-01  4.98891e-01   9.700e-01   2.74584e-08  6.15903e-05      -1.55630e+03   5.16689e+02  -1.03961e+03      8.000000e-13  1.000000e-05     3895
6.936465   4.97443e-01  4.98845e-01   9.700e-01   2.59146e-08  5.94048e-05      -1.54681e+03   5.29747e+02  -1.01706e+03      8.000000e-13  1.000000e-05     3901
6.950886   4.97391e-01  4.98810e-01   9.699e-01   2.61026e-08  5.79150e-05      -1.53540e+03   5.46024e+02  -9.89376e+02      8.000000e-13  1.000000e-05     3907
6.964003   4.97349e-01  4.98769e-01   9.699e-01   2.75863e-08  5.67980e-05      -1.52429e+03   5.60008e+02  -9.64286e+02      8.000000e-13  1.000000e-05     3913
6.977962   4.97311e-01  4.98722e-01   9.698e-01   2.55548e-08  5.60537e-05      -1.51332e+03   5.73946e+02  -9.39379e+02      8.000000e-13  1.000000e-05     3919
6.992503   4.97274e-01  4.98674e-01   9.698e-01   2.69202e-08  5.51564e-05      -1.50167e+03   5.89329e+02  -9.12344e+02      8.000000e-13  1.000000e-05     3925
7.006117   4.97240e-01  4.98631e-01   9.697e-01   2.84970e-08  5.41258e-05      -1.49177e+03   6.01525e+02  -8.90240e+02      8.000000e-13  1.000000e-05     3931
7.019931   4.97207e-01  4.98590e-01   9.697e-01   2.69207e-08  5.28999e-05      -1.47955e+03   6.16068e+02  -8.63479e+02      8.000000e-13  1.000000e-05     3937
7.032997   4.97169e-01  4.98555e-01   9.696e-01   2.69955e-08  5.24084e-05      -1.47011e+03   6.30198e+02  -8.39910e+02      8.000000e-13  1.000000e-05     3943
7.045890   4.97139e-01  4.98518e-01   9.696e-01   2.68421e-08  5.23115e-05      -1.45993e+03   6.42170e+02  -8.17756e+02      8.000000e-13  1.000000e-05     3949
7.058573   4.97110e-01  4.98482e-01   9.696e-01   2.97264e-08  5.09677e-05      -1.44819e+03   6.56729e+02  -7.91464e+02      8.000000e-13  1.000000e-05     3955
7.071496   4.97075e-01  4.98451e-01   9.695e-01   2.90641e-08  5.03977e-05      -1.44019e+03   6.67725e+02  -7.72462e+02      8.000000e-13  1.000000e-05     3961
7.084541   4.97045e-01  4.98420e-01   9.695e-01   2.85841e-08  5.07649e-05      -1.42719e+03   6.82392e+02  -7.44802e+02      8.000000e-13  1.000000e-05     3967
7.097716   4.97013e-01  4.98392e-01   9.694e-01   2.77051e-08  4.97376e-05      -1.41666e+03   6.94376e+02  -7.22279e+02      8.000000e-13  1.000000e-05     3973
7.110674   4.96984e-01  4.98363e-01   9.694e-01   2.53782e-08  4.88043e-05      -1.40615e+03   7.07189e+02  -6.98957e+02      8.000000e-13  1.000000e-05     3979
7.124299   4.96957e-01  4.98331e-01   9.694e-01   2.16859e-08  4.87366e-05      -1.39540e+03   7.20793e+02  -6.74604e+02      8.000000e-13  1.000000e-05     3985
7.138366   4.96932e-01  4.98296e-01   9.694e-01   2.33298e-08  5.08079e-05      -1.38355e+03   7.36091e+02  -6.47454e+02      8.000000e-13  1.000000e-05     3991
7.152561   4.96915e-01  4.98261e-01   9.693e-01   2.48908e-08  4.85486e-05      -1.37071e+03   7.51505e+02  -6.19203e+02      8.000000e-13  1.000000e-05     3997
7.166142   4.96894e-01  4.98231e-01   9.693e-01   2.48792e-08  4.72137e-05      -1.35917e+03   7.65991e+02  -5.93178e+02      8.000000e-13  1.000000e-05     4003
7.179855   4.96863e-01  4.98213e-01   9.693e-01   2.74321e-08  4.70816e-05      -1.34765e+03   7.80246e+02  -5.67408e+02      8.000000e-13  1.000000e-05     4009
7.194079   4.96842e-01  4.98182e-01   9.692e-01   3.12823e-08  4.68075e-05      -1.33560e+03   7.95620e+02  -5.39978e+02      8.000000e-13  1.000000e-05     4015
7.207689   4.96815e-01  4.98163e-01   9.692e-01   2.92061e-08  4.62311e-05      -1.32409e+03   8.09399e+02  -5.14688e+02      8.000000e-13  1.000000e-05     4021
7.221197   4.96791e-01  4.98146e-01   9.692e-01   2.77532e-08  4.85507e-05      -1.31318e+03   8.21853e+02  -4.91327e+02      8.000000e-13  1.000000e-05     4027
7.235172   4.96769e-01  4.98129e-01   9.691e-01   2.81687e-08  4.71319e-05      -1.30004e+03   8.37617e+02  -4.62424e+02      8.000000e-13  1.000000e-05     4033
7.248876   4.96754e-01  4.98104e-01   9.691e-01   2.82853e-08  4.48454e-05      -1.28778e+03   8.50877e+02  -4.36902e+02      8.000000e-13  1.000000e-05     4039
7.261750   4.96741e-01  4.98082e-01   9.691e-01   2.77113e-08  4.45434e-05      -1.27671e+03   8.64425e+02  -4.12287e+02      8.000000e-13  1.000000e-05     4045
7.275627   4.96722e-01  4.98067e-01   9.690e-01   2.57000e-08  4.33921e-05      -1.26663e+03   8.76712e+02  -3.89922e+02      8.000000e-13  1.000000e-05     4051
7.289307   4.96698e-01  4.98056e-01   9.690e-01   2.40551e-08  4.33336e-05      -1.25487e+03   8.89613e+02  -3.65256e+02      8.000000e-13  1.000000e-05     4057
7.303133   4.96679e-01  4.98043e-01   9.689e-01   2.56229e-08  4.40805e-05      -1.24262e+03   9.02827e+02  -3.39795e+02      8.000000e-13  1.000000e-05     4063
7.316894   4.96665e-01  4.98028e-01   9.689e-01   2.33254e-08  4.32115e-05      -1.23328e+03   9.14080e+02  -3.19199e+02      8.000000e-13  1.000000e-05     4069
7.331208   4.96654e-01  4.98012e-01   9.689e-01   2.54378e-08  4.27620e-05      -1.22197e+03   9.25779e+02  -2.96192e+02      8.000000e-13  1.000000e-05     4075
7.345763   4.96649e-01  4.97991e-01   9.688e-01   2.53885e-08  4.29141e-05      -1.21184e+03   9.38804e+02  -2.73033e+02      8.000000e-13  1.000000e-05     4081
7.360289   4.96642e-01  4.97970e-01   9.688e-01   2.36672e-08  4.36191e-05      -1.20404e+03   9.49444e+02  -2.54593e+02      8.000000e-13  1.000000e-05     4087
7.374614   4.96640e-01  4.97950e-01   9.688e-01   2.95012e-08  4.39704e-05      -1.19160e+03   9.64181e+02  -2.27419e+02      8.000000e-13  1.000000e-05     4093
7.389268   4.96631e-01  4.97939e-01   9.687e-01   2.84195e-08  4.30771e-05      -1.18010e+03   9.77462e+02  -2.02642e+02      8.000000e-13  1.000000e-05     4099
7.403950   4.96612e-01  4.97938e-01   9.687e-01   2.73120e-08  4.28037e-05      -1.16794e+03   9.91021e+02  -1.76914e+02      8.000000e-13  1.000000e-05     4105
7.418578   4.96607e-01  4.97929e-01   9.686e-01   3.11318e-08  4.28008e-05      -1.15796e+03   1.00244e+03  -1.55519e+02      8.000000e-13  1.000000e-05     4111
7.433677   4.96595e-01  4.97931e-01   9.686e-01   2.74844e-08  4.39192e-05      -1.14654e+03   1.01595e+03  -1.30588e+02      8.000000e-13  1.000000e-05     4117
7.448249   4.96598e-01  4.97917e-01   9.685e-01   2.96007e-08  4.32821e-05      -1.13537e+03   1.02945e+03  -1.05921e+02      8.000000e-13  1.000000e-05     4123
7.463057   4.96598e-01  4.97909e-01   9.685e-01   2.94992e-08  4.34276e-05      -1.12295e+03   1.04313e+03  -7.98114e+01      8.000000e-13  1.000000e-05     4129
7.477075   4.96600e-01  4.97898e-01   9.684e-01   2.77790e-08  4.34949e-05      -1.11553e+03   1.05358e+03  -6.19459e+01      8.000000e-13  1.000000e-05     4135
7.491143   4.96602e-01  4.97892e-01   9.684e-01   3.14595e-08  4.40214e-05      -1.10496e+03   1.06558e+03  -3.93871e+01      8.000000e-13  1.000000e-05     4141
7.505081   4.96601e-01  4.97890e-01   9.683e-01   2.84010e-08  4.43397e-05      -1.09487e+03   1.07759e+03  -1.72825e+01      8.000000e-13  1.000000e-05     4147
7.518806   4.96605e-01  4.97887e-01   9.683e-01   2.60900e-08  4.52238e-05      -1.08474e+03   1.08935e+03   4.61032e+00      8.000000e-13  1.000000e-05     4153
7.532698   4.96612e-01  4.97882e-01   9.683e-01   2.60548e-08  4.61737e-05      -1.07502e+03   1.10025e+03   2.52332e+01      8.000000e-13  1.000000e-05     4159
7.547264   4.96609e-01  4.97887e-01   9.682e-01   2.60073e-08  4.56969e-05      -1.06603e+03   1.11077e+03   4.47386e+01      8.000000e-13  1.000000e-05     4165
7.562188   4.96602e-01  4.97899e-01   9.682e-01   2.40451e-08  4.48875e-05      -1.05345e+03   1.12476e+03   7.13167e+01      8.000000e-13  1.000000e-05     4171
7.577224   4.96596e-01  4.97912e-01   9.681e-01   2.77287e-08  4.53114e-05      -1.04319e+03   1.13681e+03   9.36264e+01      8.000000e-13  1.000000e-05     4177
7.591786   4.96604e-01  4.97910e-01   9.681e-01   3.08192e-08  4.52150e-05      -1.03279e+03   1.14784e+03   1.15053e+02      8.000000e-13  1.000000e-05     4183
7.606275   4.96618e-01  4.97908e-01   9.680e-01   2.91598e-08  4.56363e-05      -1.02179e+03   1.15979e+03   1.37993e+02      8.000000e-13  1.000000e-05     4189
7.621193   4.96619e-01  4.97922e-01   9.680e-01   2.85052e-08  4.60627e-05      -1.00949e+03   1.17298e+03   1.63493e+02      8.000000e-13  1.000000e-05     4195
7.635368   4.96622e-01  4.97932e-01   9.680e-01   2.63929e-08  4.66067e-05      -9.99619e+02   1.18345e+03   1.83834e+02      8.000000e-13  1.000000e-05     4201
7.649661   4.96633e-01  4.97942e-01   9.679e-01   2.48923e-08  4.68976e-05      -9.88575e+02   1.19428e+03   2.05706e+02      8.000000e-13  1.000000e-05     4207
7.663223   4.96646e-01  4.97948e-01   9.679e-01   2.30256e-08  4.70195e-05      -9.79873e+02   1.20386e+03   2.23991e+02      8.000000e-13  1.000000e-05     4213
7.677043   4.96659e-01  4.97955e-01   9.678e-01   2.53237e-08  4.76595e-05      -9.72937e+02   1.21185e+03   2.38915e+02      8.000000e-13  1.000000e-05     4219
7.691319   4.96669e-01  4.97968e-01   9.678e-01   2.81948e-08  4.79895e-05      -9.64349e+02   1.22109e+03   2.56739e+02      8.000000e-13  1.000000e-05     4225
7.706812   4.96674e-01  4.97988e-01   9.678e-01   2.81323e-08  4.82060e-05      -9.52641e+02   1.23401e+03   2.81372e+02      8.000000e-13  1.000000e-05     4231
7.720923   4.96689e-01  4.98001e-01   9.677e-01   2.60854e-08  4.88258e-05      -9.42905e+02   1.24430e+03   3.01400e+02      8.000000e-13  1.000000e-05     4243
7.734373   4.96701e-01  4.98017e-01   9.677e-01   2.97049e-08  4.91920e-05      -9.35169e+02   1.25309e+03   3.17924e+02      8.000000e-13  1.000000e-05     4249
7.748443   4.96709e-01  4.98039e-01   9.677e-01   3.18345e-08  4.98321e-05      -9.25800e+02   1.26412e+03   3.38324e+02      8.000000e-13  1.000000e-05     4255
7.763263   4.96726e-01  4.98058e-01   9.676e-01   2.98723e-08  5.08202e-05      -9.17698e+02   1.27375e+03   3.56049e+02      8.000000e-13  1.000000e-05     4261
7.777143   4.96742e-01  4.98076e-01   9.676e-01   3.65668e-08  5.08551e-05      -9.09610e+02   1.28312e+03   3.73513e+02      8.000000e-13  1.000000e-05     4267
7.791328   4.96759e-01  4.98094e-01   9.676e-01   3.79758e-08  5.10423e-05      -9.01712e+02   1.29240e+03   3.90689e+02      8.000000e-13  1.000000e-05     4273
7.807123   4.96775e-01  4.98118e-01   9.676e-01   3.90017e-08  5.14304e-05      -8.91581e+02   1.30397e+03   4.12385e+02      8.000000e-13  1.000000e-05     4279
7.821002   4.96799e-01  4.98131e-01   9.675e-01   3.74447e-08  5.25340e-05      -8.82338e+02   1.31287e+03   4.30533e+02      8.000000e-13  1.000000e-05     4291
7.834275   4.96820e-01  4.98147e-01   9.675e-01   2.78443e-08  5.30865e-05      -8.74281e+02   1.32234e+03   4.48062e+02      8.000000e-13  1.000000e-05     4297
7.848034   4.96838e-01  4.98170e-01   9.674e-01   2.78627e-08  5.38062e-05      -8.66854e+02   1.33090e+03   4.64043e+02      8.000000e-13  1.000000e-05     4303
7.862244   4.96870e-01  4.98178e-01   9.673e-01   2.68095e-08  5.45004e-05      -8.56789e+02   1.33856e+03   4.81767e+02      8.000000e-13  1.000000e-05     4309
7.876146   4.96893e-01  4.98197e-01   9.673e-01   2.15328e-08  5.69873e-05      -8.50530e+02   1.34351e+03   4.92985e+02      8.000000e-13  1.000000e-05     4315
7.889814   4.96913e-01  4.98214e-01   9.673e-01   2.15973e-08  5.53904e-05      -8.42970e+02   1.35249e+03   5.09521e+02      8.000000e-13  1.000000e-05     4321
7.903772   4.96928e-01  4.98241e-01   9.672e-01   2.59860e-08  5.43688e-05      -8.32943e+02   1.36259e+03   5.29648e+02      8.000000e-13  1.000000e-05     4327
7.918656   4.96956e-01  4.98260e-01   9.672e-01   2.75654e-08  5.50782e-05      -8.25840e+02   1.37039e+03   5.44550e+02      8.000000e-13  1.000000e-05     4333
7.933639   4.96982e-01  4.98289e-01   9.671e-01   2.54971e-08  5.84952e-05      -8.16865e+02   1.38094e+03   5.64074e+02      8.000000e-13  1.000000e-05     4339
7.948417   4.97004e-01  4.98318e-01   9.671e-01   2.17716e-08  6.13018e-05      -8.08183e+02   1.39129e+03   5.83104e+02      8.000000e-13  1.000000e-05     4345
7.963690   4.97028e-01  4.98354e-01   9.671e-01   2.60548e-08  5.99477e-05      -7.99188e+02   1.40070e+03   6.01514e+02      8.000000e-13  1.000000e-05     4351
7.977942   4.97054e-01  4.98380e-01   9.670e-01   2.97646e-08  6.01316e-05      -7.91051e+02   1.40901e+03   6.17957e+02      8.000000e-13  1.000000e-05     4357
7.992958   4.97078e-01  4.98415e-01   9.670e-01   2.76534e-08  5.87010e-05      -7.82364e+02   1.41908e+03   6.36720e+02      8.000000e-13  1.000000e-05     4363
8.007991   4.97105e-01  4.98450e-01   9.669e-01   2.91184e-08  5.83780e-05      -7.74714e+02   1.42777e+03   6.53060e+02      8.000000e-13  1.000000e-05     4369
8.023500   4.97137e-01  4.98476e-01   9.668e-01   2.69096e-08  5.88676e-05      -7.66836e+02   1.43630e+03   6.69464e+02      8.000000e-13  1.000000e-05     4375
8.039228   4.97170e-01  4.98510e-01   9.668e-01   2.46773e-08  5.92927e-05      -7.60081e+02   1.44370e+03   6.83620e+02      8.000000e-13  1.000000e-05     4381
8.053249   4.97197e-01  4.98545e-01   9.667e-01   2.48492e-08  6.27015e-05      -7.50764e+02   1.45292e+03   7.02157e+02      8.000000e-13  1.000000e-05     4393
8.066545   4.97219e-01  4.98582e-01   9.667e-01   2.69394e-08  6.55427e-05      -7.44033e+02   1.46065e+03   7.16618e+02      8.000000e-13  1.000000e-05     4399
8.080214   4.97243e-01  4.98618e-01   9.667e-01   3.05933e-08  6.34893e-05      -7.35693e+02   1.46787e+03   7.32175e+02      8.000000e-13  1.000000e-05     4405
8.094124   4.97277e-01  4.98647e-01   9.666e-01   3.05850e-08  6.20913e-05      -7.27273e+02   1.47535e+03   7.48073e+02      8.000000e-13  1.000000e-05     4411
8.108057   4.97302e-01  4.98688e-01   9.666e-01   3.28302e-08  6.22629e-05      -7.19792e+02   1.48296e+03   7.63168e+02      8.000000e-13  1.000000e-05     4417
8.122557   4.97337e-01  4.98716e-01   9.665e-01   3.50292e-08  6.24420e-05      -7.14857e+02   1.48640e+03   7.71542e+02      8.000000e-13  1.000000e-05     4423
8.136226   4.97369e-01  4.98749e-01   9.665e-01   3.14320e-08  6.29730e-05      -7.08275e+02   1.49265e+03   7.84379e+02      8.000000e-13  1.000000e-05     4429
8.150626   4.97397e-01  4.98791e-01   9.664e-01   3.33692e-08  6.32607e-05      -7.01044e+02   1.50000e+03   7.98960e+02      8.000000e-13  1.000000e-05     4435
8.165412   4.97449e-01  4.98818e-01   9.664e-01   3.18017e-08  6.62757e-05      -6.92211e+02   1.50915e+03   8.16937e+02      8.000000e-13  1.000000e-05     4441
8.179780   4.97479e-01  4.98860e-01   9.664e-01   2.77147e-08  6.54281e-05      -6.86409e+02   1.51342e+03   8.27008e+02      8.000000e-13  1.000000e-05     4447
8.194069   4.97514e-01  4.98899e-01   9.664e-01   2.59788e-08  6.44261e-05      -6.80939e+02   1.51967e+03   8.38728e+02      8.000000e-13  1.000000e-05     4453
8.209387   4.97559e-01  4.98934e-01   9.664e-01   2.58674e-08  6.46342e-05      -6.75149e+02   1.52667e+03   8.51525e+02      8.000000e-13  1.000000e-05     4459
8.225441   4.97607e-01  4.98972e-01   9.663e-01   2.57821e-08  6.70709e-05      -6.68066e+02   1.53323e+03   8.65160e+02      8.000000e-13  1.000000e-05     4465
8.240581   4.97633e-01  4.99024e-01   9.663e-01   2.52224e-08  6.66713e-05      -6.63029e+02   1.54107e+03   8.78045e+02      8.000000e-13  1.000000e-05     4471
8.254619   4.97669e-01  4.99066e-01   9.663e-01   2.38215e-08  6.60760e-05      -6.58360e+02   1.54591e+03   8.87546e+02      8.000000e-13  1.000000e-05     4477
8.269483   4.97714e-01  4.99103e-01   9.662e-01   2.37959e-08  6.59810e-05      -6.52941e+02   1.55096e+03   8.98015e+02      8.000000e-13  1.000000e-05     4483
8.284982   4.97750e-01  4.99154e-01   9.662e-01   2.85103e-08  6.83701e-05      -6.46419e+02   1.55750e+03   9.11078e+02      8.000000e-13  1.000000e-05     4489
8.299959   4.97789e-01  4.99198e-01   9.661e-01   2.90258e-08  6.71590e-05      -6.43637e+02   1.56004e+03   9.16403e+02      8.000000e-13  1.000000e-05     4495
8.315607   4.97834e-01  4.99243e-01   9.661e-01   2.90134e-08  6.78490e-05      -6.38750e+02   1.56506e+03   9.26313e+02      8.000000e-13  1.000000e-05     4501
8.331283   4.97890e-01  4.99273e-01   9.661e-01   2.74198e-08  6.71221e-05      -6.33275e+02   1.56993e+03   9.36660e+02      8.000000e-13  1.000000e-05     4507
8.346909   4.97940e-01  4.99315e-01   9.660e-01   2.74889e-08  6.72778e-05      -6.27293e+02   1.57554e+03   9.48243e+02      8.000000e-13  1.000000e-05     4513
8.361257   4.97981e-01  4.99356e-01   9.660e-01   2.74499e-08  7.19833e-05      -6.20952e+02   1.57969e+03   9.58741e+02      8.000000e-13  1.000000e-05     4525
8.374905   4.98019e-01  4.99400e-01   9.659e-01   2.75217e-08  6.98901e-05      -6.16748e+02   1.58375e+03   9.66998e+02      8.000000e-13  1.000000e-05     4531
8.388757   4.98055e-01  4.99447e-01   9.659e-01   2.97867e-08  6.95288e-05      -6.12588e+02   1.58720e+03   9.74608e+02      8.000000e-13  1.000000e-05     4537
8.402291   4.98098e-01  4.99487e-01   9.659e-01   2.91026e-08  6.86087e-05      -6.08483e+02   1.59104e+03   9.82553e+02      8.000000e-13  1.000000e-05     4543
8.417030   4.98143e-01  4.99529e-01   9.658e-01   2.59591e-08  6.91977e-05      -6.04718e+02   1.59623e+03   9.91514e+02      8.000000e-13  1.000000e-05     4549
8.431745   4.98189e-01  4.99570e-01   9.658e-01   2.60223e-08  6.95523e-05      -6.00356e+02   1.59867e+03   9.98318e+02      8.000000e-13  1.000000e-05     4555
8.446001   4.98225e-01  4.99620e-01   9.657e-01   2.38149e-08  6.90949e-05      -5.95962e+02   1.60287e+03   1.00690e+03      8.000000e-13  1.000000e-05     4561
8.459933   4.98271e-01  4.99662e-01   9.657e-01   2.74493e-08  6.89238e-05      -5.93511e+02   1.60386e+03   1.01035e+03      8.000000e-13  1.000000e-05     4567
8.473290   4.98313e-01  4.99704e-01   9.657e-01   2.94263e-08  6.95254e-05      -5.89644e+02   1.60748e+03   1.01783e+03      8.000000e-13  1.000000e-05     4573
8.486789   4.98356e-01  4.99743e-01   9.656e-01   2.36135e-08  6.97984e-05      -5.84643e+02   1.61292e+03   1.02827e+03      8.000000e-13  1.000000e-05     4579
8.500248   4.98401e-01  4.99785e-01   9.656e-01   2.30966e-08  6.98583e-05      -5.81340e+02   1.61573e+03   1.03439e+03      8.000000e-13  1.000000e-05     4585
8.514931   4.98447e-01  4.99837e-01   9.656e-01   2.31382e-08  6.95057e-05      -5.76327e+02   1.61981e+03   1.04349e+03      8.000000e-13  1.000000e-05     4591
8.529416   4.98495e-01  4.99881e-01   9.655e-01   2.74961e-08  6.98827e-05      -5.71975e+02   1.62304e+03   1.05107e+03      8.000000e-13  1.000000e-05     4597
8.543960   4.98542e-01  4.99931e-01   9.655e-01   2.95216e-08  6.95818e-05      -5.67417e+02   1.62663e+03   1.05922e+03      8.000000e-13  1.000000e-05     4603
8.558496   4.98592e-01  4.99977e-01   9.655e-01   2.99936e-08  6.95593e-05      -5.64498e+02   1.62767e+03   1.06317e+03      8.000000e-13  1.000000e-05     4609
8.572931   4.98630e-01  5.00036e-01   9.655e-01   3.00850e-08  7.03589e-05      -5.60375e+02   1.63102e+03   1.07065e+03      8.000000e-13  1.000000e-05     4615
8.586997   4.98676e-01  5.00084e-01   9.655e-01   3.10026e-08  6.99476e-05      -5.56415e+02   1.63419e+03   1.07777e+03      8.000000e-13  1.000000e-05     4621
8.601900   4.98726e-01  5.00137e-01   9.654e-01   2.90306e-08  7.04963e-05      -5.53423e+02   1.63762e+03   1.08420e+03      8.000000e-13  1.000000e-05     4627
8.616993   4.98772e-01  5.00194e-01   9.654e-01   3.37943e-08  6.97570e-05      -5.51835e+02   1.63878e+03   1.08695e+03      8.000000e-13  1.000000e-05     4633
8.631371   4.98817e-01  5.00244e-01   9.654e-01   3.85739e-08  6.94120e-05      -5.48728e+02   1.64135e+03   1.09262e+03      8.000000e-13  1.000000e-05     4639
8.646472   4.98873e-01  5.00292e-01   9.653e-01   3.11985e-08  6.89908e-05      -5.46446e+02   1.64157e+03   1.09512e+03      8.000000e-13  1.000000e-05     4645
8.661004   4.98921e-01  5.00342e-01   9.653e-01   3.11340e-08  6.90328e-05      -5.44324e+02   1.64317e+03   1.09884e+03      8.000000e-13  1.000000e-05     4651
8.676374   4.98969e-01  5.00396e-01   9.653e-01   2.30959e-08  7.87828e-05      -5.41765e+02   1.64526e+03   1.10349e+03      8.000000e-13  1.000000e-05     4657
8.691235   4.99022e-01  5.00445e-01   9.652e-01   2.30700e-08  7.40538e-05      -5.40859e+02   1.64481e+03   1.10395e+03      8.000000e-13  1.000000e-05     4663
8.705499   4.99071e-01  5.00494e-01   9.652e-01   2.30660e-08  7.13397e-05      -5.37975e+02   1.64664e+03   1.10866e+03      8.000000e-13  1.000000e-05     4669
8.718653   4.99119e-01  5.00536e-01   9.652e-01   2.46281e-08  6.82418e-05      -5.36478e+02   1.64735e+03   1.11087e+03      8.000000e-13  1.000000e-05     4675
8.733157   4.99165e-01  5.00589e-01   9.652e-01   2.30747e-08  7.16521e-05      -5.33758e+02   1.65025e+03   1.11649e+03      8.000000e-13  1.000000e-05     4681
8.747936   4.99220e-01  5.00635e-01   9.651e-01   2.50842e-08  6.97997e-05      -5.30616e+02   1.65049e+03   1.11988e+03      8.000000e-13  1.000000e-05     4687
8.763430   4.99273e-01  5.00690e-01   9.651e-01   2.29069e-08  7.07702e-05      -5.28051e+02   1.65117e+03   1.12312e+03      8.000000e-13  1.000000e-05     4693
8.778908   4.99332e-01  5.00741e-01   9.650e-01   2.31423e-08  6.90464e-05      -5.26714e+02   1.65146e+03   1.12475e+03      8.000000e-13  1.000000e-05     4699
8.795144   4.99392e-01  5.00794e-01   9.650e-01   2.31536e-08  6.76928e-05      -5.24503e+02   1.65283e+03   1.12833e+03      8.000000e-13  1.000000e-05     4705
8.811414   4.99441e-01  5.00860e-01   9.649e-01   2.53672e-08  6.91781e-05      -5.19972e+02   1.65800e+03   1.13803e+03      8.000000e-13  1.000000e-05     4711
8.827018   4.99510e-01  5.00901e-01   9.649e-01   2.53659e-08  6.79010e-05      -5.17286e+02   1.65977e+03   1.14248e+03      8.000000e-13  1.000000e-05     4717
8.843015   4.99572e-01  5.00954e-01   9.648e-01   2.68410e-08  6.72720e-05      -5.17651e+02   1.65973e+03   1.14208e+03      8.000000e-13  1.000000e-05     4723
8.858694   4.99627e-01  5.01011e-01   9.648e-01   2.68469e-08  6.68439e-05      -5.17071e+02   1.66062e+03   1.14355e+03      8.000000e-13  1.000000e-05     4729
8.874001   4.99682e-01  5.01064e-01   9.648e-01   2.51534e-08  6.65371e-05      -5.15338e+02   1.66094e+03   1.14560e+03      8.000000e-13  1.000000e-05     4735
8.888963   4.99740e-01  5.01113e-01   9.647e-01   2.51696e-08  6.62693e-05      -5.14377e+02   1.66058e+03   1.14620e+03      8.000000e-13  1.000000e-05     4741
8.904139   4.99794e-01  5.01167e-01   9.647e-01   2.56349e-08  6.54777e-05      -5.13972e+02   1.66027e+03   1.14630e+03      8.000000e-13  1.000000e-05     4747
8.919393   4.99856e-01  5.01211e-01   9.647e-01   2.34466e-08  6.54926e-05      -5.12366e+02   1.66046e+03   1.14810e+03      8.000000e-13  1.000000e-05     4753
8.934159   4.99905e-01  5.01268e-01   9.647e-01   2.78840e-08  6.51837e-05      -5.11379e+02   1.66066e+03   1.14928e+03      8.000000e-13  1.000000e-05     4759
8.949743   4.99954e-01  5.01329e-01   9.646e-01   2.53014e-08  6.49377e-05      -5.09203e+02   1.66155e+03   1.15235e+03      8.000000e-13  1.000000e-05     4765
8.964605   5.00014e-01  5.01377e-01   9.646e-01   3.05040e-08  6.43972e-05      -5.09479e+02   1.66019e+03   1.15071e+03      8.000000e-13  1.000000e-05     4771
8.979469   5.00060e-01  5.01437e-01   9.645e-01   2.72909e-08  6.41924e-05      -5.07227e+02   1.66130e+03   1.15408e+03      8.000000e-13  1.000000e-05     4777
8.995192   5.00115e-01  5.01496e-01   9.645e-01   2.89299e-08  6.56914e-05      -5.07105e+02   1.66116e+03   1.15406e+03      8.000000e-13  1.000000e-05     4783
9.011338   5.00174e-01  5.01556e-01   9.645e-01   2.73857e-08  6.46359e-05      -5.05936e+02   1.66213e+03   1.15619e+03      8.000000e-13  1.000000e-05     4789
9.026137   5.00235e-01  5.01601e-01   9.644e-01   2.52691e-08  6.38763e-05      -5.05982e+02   1.66086e+03   1.15488e+03      8.000000e-13  1.000000e-05     4795
9.040750   5.00286e-01  5.01654e-01   9.644e-01   2.69534e-08  6.26607e-05      -5.05183e+02   1.66077e+03   1.15559e+03      8.000000e-13  1.000000e-05     4801
9.055130   5.00338e-01  5.01706e-01   9.643e-01   2.32803e-08  6.41022e-05      -5.01996e+02   1.66210e+03   1.16011e+03      8.000000e-13  1.000000e-05     4807
9.069535   5.00394e-01  5.01754e-01   9.643e-01   2.48574e-08  6.26555e-05      -5.02518e+02   1.66028e+03   1.15776e+03      8.000000e-13  1.000000e-05     4813
9.084179   5.00459e-01  5.01794e-01   9.642e-01   2.48303e-08  6.14995e-05      -5.03708e+02   1.65817e+03   1.15447e+03      8.000000e-13  1.000000e-05     4819
9.098365   5.00516e-01  5.01838e-01   9.642e-01   2.54773e-08  6.26034e-05      -5.02577e+02   1.65780e+03   1.15522e+03      8.000000e-13  1.000000e-05     4825
9.112786   5.00567e-01  5.01888e-01   9.641e-01   2.33343e-08  6.13319e-05      -5.03011e+02   1.65634e+03   1.15333e+03      8.000000e-13  1.000000e-05     4831
9.128014   5.00627e-01  5.01937e-01   9.641e-01   2.48430e-08  6.02766e-05      -5.04200e+02   1.65369e+03   1.14949e+03      8.000000e-13  1.000000e-05     4837
9.141984   5.00683e-01  5.01978e-01   9.640e-01   2.65275e-08  5.92560e-05      -5.05725e+02   1.65042e+03   1.14470e+03      8.000000e-13  1.000000e-05     4849
9.155269   5.00724e-01  5.02030e-01   9.640e-01   2.91184e-08  5.87690e-05      -5.07315e+02   1.64831e+03   1.14099e+03      8.000000e-13  1.000000e-05     4855
9.168600   5.00780e-01  5.02071e-01   9.639e-01   2.74670e-08  5.83501e-05      -5.06835e+02   1.64778e+03   1.14095e+03      8.000000e-13  1.000000e-05     4861
9.182877   5.00832e-01  5.02120e-01   9.639e-01   2.53654e-08  5.76961e-05      -5.06950e+02   1.64589e+03   1.13894e+03      8.000000e-13  1.000000e-05     4867
9.197275   5.00880e-01  5.02174e-01   9.639e-01   2.94344e-08  5.69984e-05      -5.08375e+02   1.64416e+03   1.13578e+03      8.000000e-13  1.000000e-05     4873
9.211965   5.00931e-01  5.02225e-01   9.638e-01   2.56030e-08  5.60762e-05      -5.09946e+02   1.64167e+03   1.13172e+03      8.000000e-13  1.000000e-05     4879
9.227291   5.00982e-01  5.02285e-01   9.638e-01   2.56042e-08  5.60175e-05      -5.10965e+02   1.63909e+03   1.12812e+03      8.000000e-13  1.000000e-05     4885
9.242302   5.01027e-01  5.02347e-01   9.637e-01   2.14253e-08  5.60030e-05      -5.11314e+02   1.63851e+03   1.12720e+03      8.000000e-13  1.000000e-05     4891
9.256676   5.01075e-01  5.02398e-01   9.637e-01   2.51629e-08  5.73309e-05      -5.11637e+02   1.63694e+03   1.12530e+03      8.000000e-13  1.000000e-05     4897
9.272033   5.01129e-01  5.02449e-01   9.637e-01   2.36760e-08  5.55444e-05      -5.11593e+02   1.63481e+03   1.12322e+03      8.000000e-13  1.000000e-05     4903
9.286464   5.01177e-01  5.02501e-01   9.636e-01   2.37152e-08  5.42226e-05      -5.12720e+02   1.63228e+03   1.11956e+03      8.000000e-13  1.000000e-05     4909
9.299966   5.01231e-01  5.02540e-01   9.636e-01   2.36864e-08  5.37113e-05      -5.13905e+02   1.62995e+03   1.11605e+03      8.000000e-13  1.000000e-05     4921
9.312882   5.01276e-01  5.02586e-01   9.636e-01   2.74290e-08  5.35096e-05      -5.15310e+02   1.62904e+03   1.11373e+03      8.000000e-13  1.000000e-05     4927
9.325851   5.01318e-01  5.02634e-01   9.636e-01   2.80749e-08  5.35853e-05      -5.16590e+02   1.62625e+03   1.10966e+03      8.000000e-13  1.000000e-05     4933
9.338845   5.01365e-01  5.02677e-01   9.636e-01   2.53670e-08  5.26011e-05      -5.17028e+02   1.62431e+03   1.10728e+03      8.000000e-13  1.000000e-05     4939
9.352380   5.01408e-01  5.02726e-01   9.635e-01   2.54046e-08  5.17467e-05      -5.18188e+02   1.62118e+03   1.10299e+03      8.000000e-13  1.000000e-05     4945
9.366208   5.01455e-01  5.02771e-01   9.635e-01   2.71337e-08  5.08788e-05      -5.20233e+02   1.61850e+03   1.09827e+03      8.000000e-13  1.000000e-05     4951
9.380835   5.01498e-01  5.02829e-01   9.635e-01   2.79591e-08  5.02568e-05      -5.20823e+02   1.61711e+03   1.09628e+03      8.000000e-13  1.000000e-05     4957
9.395108   5.01539e-01  5.02884e-01   9.634e-01   2.94913e-08  4.93154e-05      -5.24483e+02   1.61424e+03   1.08975e+03      8.000000e-13  1.000000e-05     4963
9.409424   5.01586e-01  5.02935e-01   9.634e-01   3.01348e-08  4.88458e-05      -5.25299e+02   1.61247e+03   1.08717e+03      8.000000e-13  1.000000e-05     4969
9.424718   5.01634e-01  5.02986e-01   9.634e-01   2.79663e-08  4.82199e-05      -5.28223e+02   1.60857e+03   1.08034e+03      8.000000e-13  1.000000e-05     4975
9.439175   5.01679e-01  5.03036e-01   9.633e-01   2.31540e-08  4.76918e-05      -5.29555e+02   1.60517e+03   1.07562e+03      8.000000e-13  1.000000e-05     4981
9.454418   5.01721e-01  5.03093e-01   9.633e-01   2.67570e-08  4.67955e-05      -5.32593e+02   1.60123e+03   1.06864e+03      8.000000e-13  1.000000e-05     4987
9.469855   5.01760e-01  5.03155e-01   9.633e-01   2.51046e-08  4.62656e-05      -5.34809e+02   1.59839e+03   1.06358e+03      8.000000e-13  1.000000e-05     4993
9.483904   5.01804e-01  5.03201e-01   9.633e-01   2.36967e-08  4.56513e-05      -5.35912e+02   1.59637e+03   1.06046e+03      8.000000e-13  1.000000e-05     4999
9.498840   5.01848e-01  5.03256e-01   9.632e-01   2.52881e-08  4.47442e-05      -5.38815e+02   1.59393e+03   1.05511e+03      8.000000e-13  1.000000e-05     5005
9.513878   5.01894e-01  5.03306e-01   9.632e-01   2.96365e-08  4.43255e-05      -5.40201e+02   1.59190e+03   1.05170e+03      8.000000e-13  1.000000e-05     5011
9.529084   5.01947e-01  5.03353e-01   9.632e-01   3.00556e-08  4.43175e-05      -5.42087e+02   1.58960e+03   1.04751e+03      8.000000e-13  1.000000e-05     5017
9.544672   5.02006e-01  5.03400e-01   9.631e-01   2.99782e-08  4.28172e-05      -5.45380e+02   1.58543e+03   1.04005e+03      8.000000e-13  1.000000e-05     5023
9.556924   5.02051e-01  5.03434e-01   9.631e-01   2.78398e-08  4.27114e-05      -5.45520e+02   1.58263e+03   1.03711e+03      8.000000e-13  1.000000e-05     5035
9.568511   5.02079e-01  5.03479e-01   9.631e-01   2.45469e-08  4.34509e-05      -5.48580e+02   1.57853e+03   1.02995e+03      8.000000e-13  1.000000e-05     5041
9.581590   5.02121e-01  5.03522e-01   9.631e-01   2.46305e-08  4.26018e-05      -5.50374e+02   1.57613e+03   1.02576e+03      8.000000e-13  1.000000e-05     5047
9.596099   5.02169e-01  5.03565e-01   9.631e-01   2.62467e-08  4.14720e-05      -5.53652e+02   1.57240e+03   1.01874e+03      8.000000e-13  1.000000e-05     5053
9.610788   5.02212e-01  5.03616e-01   9.630e-01   2.47091e-08  4.03593e-05      -5.56922e+02   1.56825e+03   1.01133e+03      8.000000e-13  1.000000e-05     5059
9.626085   5.02254e-01  5.03666e-01   9.630e-01   2.69044e-08  4.10149e-05      -5.61531e+02   1.56426e+03   1.00273e+03      8.000000e-13  1.000000e-05     5065
9.640071   5.02296e-01  5.03712e-01   9.630e-01   2.47251e-08  3.95779e-05      -5.63595e+02   1.56079e+03   9.97196e+02      8.000000e-13  1.000000e-05     5071
9.655383   5.02346e-01  5.03755e-01   9.630e-01   2.52603e-08  3.85394e-05      -5.66310e+02   1.55664e+03   9.90335e+02      8.000000e-13  1.000000e-05     5077
9.671486   5.02400e-01  5.03800e-01   9.629e-01   2.56713e-08  3.77134e-05      -5.68474e+02   1.55273e+03   9.84253e+02      8.000000e-13  1.000000e-05     5083
9.687055   5.02461e-01  5.03835e-01   9.629e-01   2.71915e-08  3.78094e-05      -5.72355e+02   1.54888e+03   9.76523e+02      8.000000e-13  1.000000e-05     5089
9.701968   5.02510e-01  5.03878e-01   9.629e-01   2.36131e-08  3.65250e-05      -5.75093e+02   1.54498e+03   9.69890e+02      8.000000e-13  1.000000e-05     5095
9.718047   5.02563e-01  5.03922e-01   9.628e-01   2.14982e-08  3.57174e-05      -5.77459e+02   1.54293e+03   9.65472e+02      8.000000e-13  1.000000e-05     5101
9.733713   5.02613e-01  5.03967e-01   9.628e-01   2.30250e-08  3.63786e-05      -5.81045e+02   1.53788e+03   9.56832e+02      8.000000e-13  1.000000e-05     5107
9.749122   5.02656e-01  5.04014e-01   9.628e-01   2.29456e-08  3.37738e-05      -5.83029e+02   1.53406e+03   9.51029e+02      8.000000e-13  1.000000e-05     5113
9.764110   5.02696e-01  5.04063e-01   9.627e-01   2.29708e-08  3.30486e-05      -5.86480e+02   1.53000e+03   9.43518e+02      8.000000e-13  1.000000e-05     5119
9.778869   5.02739e-01  5.04107e-01   9.627e-01   2.68005e-08  3.39195e-05      -5.87189e+02   1.52672e+03   9.39534e+02      8.000000e-13  1.000000e-05     5125
9.794333   5.02784e-01  5.04154e-01   9.626e-01   2.67825e-08  3.25685e-05      -5.90149e+02   1.52222e+03   9.32067e+02      8.000000e-13  1.000000e-05     5131
9.810922   5.02822e-01  5.04212e-01   9.626e-01   3.04557e-08  3.21663e-05      -5.94868e+02   1.51713e+03   9.22261e+02      8.000000e-13  1.000000e-05     5137
9.826657   5.02877e-01  5.04248e-01   9.625e-01   2.89012e-08  3.12719e-05      -5.98231e+02   1.51356e+03   9.15332e+02      8.000000e-13  1.000000e-05     5143
9.842427   5.02921e-01  5.04295e-01   9.625e-01   2.88485e-08  3.04859e-05      -6.01666e+02   1.50928e+03   9.07613e+02      8.000000e-13  1.000000e-05     5149
9.858113   5.02963e-01  5.04345e-01   9.624e-01   3.04064e-08  2.96339e-05      -6.04886e+02   1.50419e+03   8.99303e+02      8.000000e-13  1.000000e-05     5155
9.873579   5.02999e-01  5.04397e-01   9.624e-01   3.20889e-08  2.89671e-05      -6.07592e+02   1.49956e+03   8.91968e+02      8.000000e-13  1.000000e-05     5161
9.889561   5.03043e-01  5.04441e-01   9.624e-01   3.31985e-08  2.81578e-05      -6.12061e+02   1.49433e+03   8.82268e+02      8.000000e-13  1.000000e-05     5167
9.905591   5.03084e-01  5.04487e-01   9.624e-01   3.16429e-08  2.77823e-05      -6.15874e+02   1.49012e+03   8.74246e+02      8.000000e-13  1.000000e-05     5173
9.921492   5.03127e-01  5.04532e-01   9.623e-01   2.30460e-08  2.70073e-05      -6.20844e+02   1.48362e+03   8.62774e+02      8.000000e-13  1.000000e-05     5179
9.937342   5.03173e-01  5.04574e-01   9.623e-01   2.16200e-08  2.63754e-05      -6.25025e+02   1.47909e+03   8.54069e+02      8.000000e-13  1.000000e-05     5185
9.953642   5.03216e-01  5.04616e-01   9.623e-01   2.59587e-08  2.56247e-05      -6.30604e+02   1.47254e+03   8.41937e+02      8.000000e-13  1.000000e-05     5191
9.968710   5.03254e-01  5.04658e-01   9.623e-01   2.57662e-08  2.52223e-05      -6.33015e+02   1.46875e+03   8.35737e+02      8.000000e-13  1.000000e-05     5197
9.984458   5.03291e-01  5.04703e-01   9.623e-01   2.57811e-08  2.43849e-05      -6.38075e+02   1.46328e+03   8.25207e+02      8.000000e-13  1.000000e-05     5203
10.000669   5.03338e-01  5.04737e-01   9.622e-01   2.59346e-08  2.34463e-05      -6.46307e+02   1.45543e+03   8.09120e+02      8.000000e-13  1.000000e-05     5209
10.015493   5.03372e-01  5.04780e-01   9.621e-01   2.67611e-08  2.31768e-05      -6.51136e+02   1.44893e+03   7.97794e+02      8.000000e-13  1.000000e-05     5215
10.029124   5.03403e-01  5.04817e-01   9.621e-01   2.51776e-08  2.26053e-05      -6.53455e+02   1.44574e+03   7.92283e+02      8.000000e-13  1.000000e-05     5221
10.043831   5.03434e-01  5.04857e-01   9.621e-01   2.95019e-08  2.58630e-05      -6.57275e+02   1.44075e+03   7.83476e+02      8.000000e-13  1.000000e-05     5227
10.058179   5.03461e-01  5.04896e-01   9.621e-01   2.78593e-08  2.36461e-05      -6.59500e+02   1.43785e+03   7.78354e+02      8.000000e-13  1.000000e-05     5233
10.072568   5.03491e-01  5.04932e-01   9.620e-01   2.67893e-08  2.19354e-05      -6.63117e+02   1.43428e+03   7.71165e+02      8.000000e-13  1.000000e-05     5239
10.087204   5.03522e-01  5.04973e-01   9.620e-01   2.67420e-08  2.09124e-05      -6.66321e+02   1.43003e+03   7.63712e+02      8.000000e-13  1.000000e-05     5245
10.102853   5.03559e-01  5.05009e-01   9.620e-01   2.84269e-08  2.02328e-05      -6.70830e+02   1.42352e+03   7.52693e+02      8.000000e-13  1.000000e-05     5251
10.117712   5.03589e-01  5.05049e-01   9.619e-01   2.98718e-08  1.95359e-05      -6.74597e+02   1.41981e+03   7.45210e+02      8.000000e-13  1.000000e-05     5257
10.132455   5.03623e-01  5.05082e-01   9.619e-01   2.66269e-08  1.91574e-05      -6.77334e+02   1.41544e+03   7.38105e+02      8.000000e-13  1.000000e-05     5263
10.147348   5.03662e-01  5.05111e-01   9.619e-01   2.66490e-08  2.05334e-05      -6.81270e+02   1.41305e+03   7.31780e+02      8.000000e-13  1.000000e-05     5269
10.161690   5.03690e-01  5.05148e-01   9.618e-01   2.67647e-08  1.89040e-05      -6.84244e+02   1.40750e+03   7.23258e+02      8.000000e-13  1.000000e-05     5275
10.177113   5.03717e-01  5.05190e-01   9.618e-01   2.73886e-08  1.83771e-05      -6.88800e+02   1.40249e+03   7.13690e+02      8.000000e-13  1.000000e-05     5281
10.192558   5.03749e-01  5.05226e-01   9.617e-01   2.36550e-08  1.79086e-05      -6.93951e+02   1.39679e+03   7.02843e+02      8.000000e-13  1.000000e-05     5287
10.208257   5.03769e-01  5.05272e-01   9.616e-01   2.35460e-08  1.70679e-05      -6.99184e+02   1.39308e+03   6.93895e+02      8.000000e-13  1.000000e-05     5293
10.224145   5.03801e-01  5.05307e-01   9.616e-01   2.14855e-08  1.63725e-05      -7.02546e+02   1.38834e+03   6.85791e+02      8.000000e-13  1.000000e-05     5299
10.240853   5.03846e-01  5.05335e-01   9.616e-01   2.36555e-08  1.86694e-05      -7.06248e+02   1.38289e+03   6.76645e+02      8.000000e-13  1.000000e-05     5305
10.255053   5.03877e-01  5.05360e-01   9.615e-01   2.53110e-08  1.84608e-05      -7.11452e+02   1.37808e+03   6.66630e+02      8.000000e-13  1.000000e-05     5317
10.268643   5.03911e-01  5.05382e-01   9.615e-01   2.88724e-08  1.73055e-05      -7.14691e+02   1.37464e+03   6.59950e+02      8.000000e-13  1.000000e-05     5323
10.282800   5.03943e-01  5.05408e-01   9.614e-01   2.51459e-08  1.54341e-05      -7.18816e+02   1.36924e+03   6.50427e+02      8.000000e-13  1.000000e-05     5329
10.297465   5.03970e-01  5.05440e-01   9.614e-01   2.51083e-08  1.54517e-05      -7.22141e+02   1.36539e+03   6.43253e+02      8.000000e-13  1.000000e-05     5335
10.313706   5.03995e-01  5.05483e-01   9.614e-01   2.44987e-08  1.45629e-05      -7.27179e+02   1.35953e+03   6.32356e+02      8.000000e-13  1.000000e-05     5341
10.329227   5.04024e-01  5.05516e-01   9.613e-01   2.29972e-08  1.36765e-05      -7.31696e+02   1.35425e+03   6.22550e+02      8.000000e-13  1.000000e-05     5347
10.345418   5.04031e-01  5.05561e-01   9.612e-01   2.14754e-08  1.38827e-05      -7.37268e+02   1.34706e+03   6.09793e+02      8.000000e-13  1.000000e-05     5353
10.361346   5.04054e-01  5.05599e-01   9.612e-01   2.52475e-08  1.40439e-05      -7.38749e+02   1.34318e+03   6.04427e+02      8.000000e-13  1.000000e-05     5359
10.376511   5.04078e-01  5.05628e-01   9.612e-01   2.51284e-08  1.30881e-05      -7.43577e+02   1.33851e+03   5.94933e+02      8.000000e-13  1.000000e-05     5365
10.391506   5.04099e-01  5.05660e-01   9.611e-01   2.30881e-08  1.28094e-05      -7.47154e+02   1.33522e+03   5.88063e+02      8.000000e-13  1.000000e-05     5371
10.406359   5.04125e-01  5.05687e-01   9.610e-01   2.73695e-08  1.18429e-05      -7.51910e+02   1.32952e+03   5.77611e+02      8.000000e-13  1.000000e-05     5377
10.421758   5.04150e-01  5.05716e-01   9.610e-01   2.89203e-08  1.14990e-05      -7.55841e+02   1.32525e+03   5.69409e+02      8.000000e-13  1.000000e-05     5383
10.438575   5.04178e-01  5.05748e-01   9.610e-01   2.73028e-08  1.06512e-05      -7.61519e+02   1.31954e+03   5.58025e+02      8.000000e-13  1.000000e-05     5389
10.455204   5.04195e-01  5.05787e-01   9.609e-01   2.73948e-08  1.07484e-05      -7.67403e+02   1.31498e+03   5.47576e+02      8.000000e-13  1.000000e-05     5395
10.471240   5.04231e-01  5.05805e-01   9.609e-01   2.75475e-08  1.03549e-05      -7.72428e+02   1.31092e+03   5.38494e+02      8.000000e-13  1.000000e-05     5401
10.486831   5.04257e-01  5.05829e-01   9.608e-01   2.69782e-08  1.04535e-05      -7.76603e+02   1.30750e+03   5.30896e+02      8.000000e-13  1.000000e-05     5407
10.501931   5.04276e-01  5.05855e-01   9.608e-01   2.46846e-08  9.55880e-06      -7.81093e+02   1.30284e+03   5.21747e+02      8.000000e-13  1.000000e-05     5413
10.517993   5.04306e-01  5.05877e-01   9.607e-01   2.47294e-08  9.14505e-06      -7.86655e+02   1.29632e+03   5.09663e+02      8.000000e-13  1.000000e-05     5419
10.533602   5.04329e-01  5.05902e-01   9.607e-01   2.69650e-08  9.00363e-06      -7.91291e+02   1.29304e+03   5.01753e+02      8.000000e-13  1.000000e-05     5425
10.548610   5.04339e-01  5.05936e-01   9.606e-01   2.89692e-08  8.56445e-06      -7.95425e+02   1.28928e+03   4.93859e+02      8.000000e-13  1.000000e-05     5431
10.562159   5.04360e-01  5.05957e-01   9.606e-01   3.41816e-08  8.32237e-06      -7.98548e+02   1.28578e+03   4.87235e+02      8.000000e-13  1.000000e-05     5437
10.575039   5.04379e-01  5.05976e-01   9.606e-01   3.36195e-08  7.92122e-06      -8.01808e+02   1.28182e+03   4.80015e+02      8.000000e-13  1.000000e-05     5443
10.589850   5.04396e-01  5.06000e-01   9.606e-01   3.36566e-08  7.69604e-06      -8.05304e+02   1.27715e+03   4.71847e+02      8.000000e-13  1.000000e-05     5449
10.605034   5.04419e-01  5.06021e-01   9.605e-01   2.67495e-08  8.71375e-06      -8.09459e+02   1.27319e+03   4.63734e+02      8.000000e-13  1.000000e-05     5455
10.620721   5.04443e-01  5.06041e-01   9.605e-01   2.47223e-08  8.80355e-06      -8.12914e+02   1.26879e+03   4.55874e+02      8.000000e-13  1.000000e-05     5461
10.635848   5.04464e-01  5.06060e-01   9.605e-01   2.69508e-08  8.12484e-06      -8.16670e+02   1.26477e+03   4.48104e+02      8.000000e-13  1.000000e-05     5467
10.650920   5.04484e-01  5.06081e-01   9.604e-01   2.52069e-08  7.24835e-06      -8.22898e+02   1.25799e+03   4.35095e+02      8.000000e-13  1.000000e-05     5473
10.665611   5.04502e-01  5.06101e-01   9.604e-01   2.57081e-08  7.77317e-06      -8.23826e+02   1.25567e+03   4.31845e+02      8.000000e-13  1.000000e-05     5479
10.680097   5.04523e-01  5.06120e-01   9.604e-01   2.57374e-08  6.85957e-06      -8.26119e+02   1.25187e+03   4.25755e+02      8.000000e-13  1.000000e-05     5485
10.694769   5.04538e-01  5.06143e-01   9.603e-01   2.56855e-08  6.97996e-06      -8.29805e+02   1.24795e+03   4.18143e+02      8.000000e-13  1.000000e-05     5491
10.710027   5.04561e-01  5.06160e-01   9.603e-01   2.95286e-08  6.94415e-06      -8.31952e+02   1.24572e+03   4.13765e+02      8.000000e-13  1.000000e-05     5497
10.723703   5.04578e-01  5.06177e-01   9.603e-01   2.72611e-08  6.54784e-06      -8.35785e+02   1.24298e+03   4.07192e+02      8.000000e-13  1.000000e-05     5509
10.737077   5.04597e-01  5.06192e-01   9.603e-01   2.88162e-08  6.11385e-06      -8.39972e+02   1.23911e+03   3.99139e+02      8.000000e-13  1.000000e-05     5515
10.751917   5.04621e-01  5.06205e-01   9.602e-01   2.51068e-08  1.38246e-05      -8.43466e+02   1.23445e+03   3.90980e+02      8.000000e-13  1.000000e-05     5521
10.767377   5.04637e-01  5.06226e-01   9.602e-01   2.14123e-08  7.43409e-06      -8.48013e+02   1.22931e+03   3.81298e+02      8.000000e-13  1.000000e-05     5527
10.783255   5.04656e-01  5.06242e-01   9.602e-01   2.14018e-08  6.08173e-06      -8.52411e+02   1.22502e+03   3.72613e+02      8.000000e-13  1.000000e-05     5533
10.800645   5.04671e-01  5.06264e-01   9.601e-01   2.45991e-08  5.31406e-06      -8.57166e+02   1.22083e+03   3.63665e+02      8.000000e-13  1.000000e-05     5539
10.817737   5.04689e-01  5.06282e-01   9.601e-01   2.82428e-08  8.15788e-06      -8.61330e+02   1.21713e+03   3.55803e+02      8.000000e-13  1.000000e-05     5545
10.834039   5.04708e-01  5.06296e-01   9.600e-01   2.50448e-08  5.14531e-06      -8.64473e+02   1.21409e+03   3.49616e+02      8.000000e-13  1.000000e-05     5551
10.848966   5.04722e-01  5.06315e-01   9.600e-01   2.49307e-08  5.54168e-06      -8.70030e+02   1.21061e+03   3.40575e+02      8.000000e-13  1.000000e-05     5557
10.863424   5.04734e-01  5.06331e-01   9.600e-01   2.50789e-08  4.61611e-06      -8.73925e+02   1.20550e+03   3.31576e+02      8.000000e-13  1.000000e-05     5563
10.879437   5.04756e-01  5.06342e-01   9.600e-01   2.87968e-08  4.82659e-06      -8.78593e+02   1.20026e+03   3.21662e+02      8.000000e-13  1.000000e-05     5569
10.894785   5.04764e-01  5.06363e-01   9.599e-01   3.05278e-08  5.27268e-06      -8.82460e+02   1.19495e+03   3.12492e+02      8.000000e-13  1.000000e-05     5575
10.910153   5.04772e-01  5.06384e-01   9.599e-01   3.05712e-08  3.77250e-06      -8.85955e+02   1.19169e+03   3.05734e+02      8.000000e-13  1.000000e-05     5581
10.925887   5.04786e-01  5.06403e-01   9.598e-01   3.10670e-08  3.45651e-06      -8.90119e+02   1.18842e+03   2.98300e+02      8.000000e-13  1.000000e-05     5587
10.941788   5.04797e-01  5.06418e-01   9.598e-01   3.48160e-08  3.42393e-06      -8.93954e+02   1.18423e+03   2.90275e+02      8.000000e-13  1.000000e-05     5593
10.956839   5.04805e-01  5.06434e-01   9.598e-01   3.05018e-08  3.72291e-06      -8.97565e+02   1.18054e+03   2.82977e+02      8.000000e-13  1.000000e-05     5599
10.972716   5.04823e-01  5.06442e-01   9.597e-01   2.67290e-08  5.49404e-06      -9.00451e+02   1.17744e+03   2.76985e+02      8.000000e-13  1.000000e-05     5605
10.988168   5.04841e-01  5.06450e-01   9.597e-01   2.45055e-08  8.76977e-06      -9.05333e+02   1.17193e+03   2.66595e+02      8.000000e-13  1.000000e-05     5611
11.003442   5.04854e-01  5.06462e-01   9.596e-01   2.66993e-08  6.12981e-06      -9.08866e+02   1.16971e+03   2.60848e+02      8.000000e-13  1.000000e-05     5617
11.019606   5.04873e-01  5.06463e-01   9.596e-01   2.67314e-08  3.72548e-06      -9.12770e+02   1.16527e+03   2.52495e+02      8.000000e-13  1.000000e-05     5623
11.035877   5.04887e-01  5.06472e-01   9.595e-01   2.82681e-08  3.06129e-06      -9.18674e+02   1.16024e+03   2.41564e+02      8.000000e-13  1.000000e-05     5629
11.051370   5.04905e-01  5.06477e-01   9.595e-01   2.67205e-08  3.07388e-06      -9.22349e+02   1.15817e+03   2.35822e+02      8.000000e-13  1.000000e-05     5635
11.066582   5.04922e-01  5.06483e-01   9.595e-01   2.88599e-08  3.20467e-06      -9.24848e+02   1.15552e+03   2.30668e+02      8.000000e-13  1.000000e-05     5641
11.081963   5.04923e-01  5.06501e-01   9.595e-01   2.56732e-08  2.63162e-06      -9.28778e+02   1.15129e+03   2.22508e+02      8.000000e-13  1.000000e-05     5647
11.097779   5.04935e-01  5.06510e-01   9.595e-01   2.14753e-08  2.20117e-06      -9.32755e+02   1.14819e+03   2.15433e+02      8.000000e-13  1.000000e-05     5653
11.113975   5.04954e-01  5.06507e-01   9.594e-01   2.15765e-08  1.89608e-06      -9.39001e+02   1.14166e+03   2.02655e+02      8.000000e-13  1.000000e-05     5659
11.129774   5.04965e-01  5.06513e-01   9.594e-01   2.15966e-08  1.99982e-06      -9.43423e+02   1.13734e+03   1.93912e+02      8.000000e-13  1.000000e-05     5665
11.146310   5.04965e-01  5.06529e-01   9.593e-01   2.33114e-08  2.20320e-06      -9.45990e+02   1.13502e+03   1.89027e+02      8.000000e-13  1.000000e-05     5671
11.162812   5.04972e-01  5.06540e-01   9.593e-01   2.32365e-08  1.89703e-06      -9.48452e+02   1.13179e+03   1.83339e+02      8.000000e-13  1.000000e-05     5677
11.179616   5.04980e-01  5.06550e-01   9.592e-01   2.97326e-08  4.09223e-06      -9.51392e+02   1.12752e+03   1.76132e+02      8.000000e-13  1.000000e-05     5683
11.196046   5.04976e-01  5.06572e-01   9.592e-01   3.06743e-08  4.32873e-06      -9.54076e+02   1.12562e+03   1.71540e+02      8.000000e-13  1.000000e-05     5689
11.211475   5.04971e-01  5.06591e-01   9.591e-01   2.85516e-08  3.16983e-06      -9.60070e+02   1.11993e+03   1.59863e+02      8.000000e-13  1.000000e-05     5695
11.227070   5.04978e-01  5.06598e-01   9.591e-01   3.08298e-08  2.68693e-06      -9.64389e+02   1.11657e+03   1.52180e+02      8.000000e-13  1.000000e-05     5701
11.243246   5.04985e-01  5.06606e-01   9.591e-01   3.07483e-08  2.84913e-06      -9.66050e+02   1.11205e+03   1.45999e+02      8.000000e-13  1.000000e-05     5707
11.258968   5.04998e-01  5.06609e-01   9.590e-01   2.85831e-08  2.65210e-06      -9.68941e+02   1.11073e+03   1.41787e+02      8.000000e-13  1.000000e-05     5713
11.274574   5.05008e-01  5.06612e-01   9.590e-01   2.90876e-08  3.76370e-06      -9.71418e+02   1.10848e+03   1.37065e+02      8.000000e-13  1.000000e-05     5719
11.290800   5.05021e-01  5.06610e-01   9.589e-01   2.89319e-08  1.46017e-06      -9.74295e+02   1.10605e+03   1.31757e+02      8.000000e-13  1.000000e-05     5725
11.306717   5.05030e-01  5.06615e-01   9.589e-01   2.74610e-08  2.15829e-06      -9.78101e+02   1.10348e+03   1.25383e+02      8.000000e-13  1.000000e-05     5731
11.323314   5.05036e-01  5.06619e-01   9.589e-01   2.37195e-08  2.98685e-06      -9.83734e+02   1.09952e+03   1.15782e+02      8.000000e-13  1.000000e-05     5737
11.339386   5.05049e-01  5.06618e-01   9.589e-01   2.59477e-08  2.77633e-06      -9.87474e+02   1.09576e+03   1.08283e+02      8.000000e-13  1.000000e-05     5743
11.355142   5.05052e-01  5.06624e-01   9.588e-01   2.58020e-08  2.26840e-06      -9.90814e+02   1.09345e+03   1.02632e+02      8.000000e-13  1.000000e-05     5749
11.371356   5.05056e-01  5.06631e-01   9.588e-01   2.78221e-08  1.48611e-06      -9.94392e+02   1.09007e+03   9.56765e+01      8.000000e-13  1.000000e-05     5755
11.387838   5.05053e-01  5.06641e-01   9.587e-01   3.36867e-08  1.96570e-06      -9.96499e+02   1.08858e+03   9.20809e+01      8.000000e-13  1.000000e-05     5761
11.403894   5.05050e-01  5.06646e-01   9.587e-01   3.37976e-08  3.40609e-06      -1.00268e+03   1.08283e+03   8.01493e+01      8.000000e-13  1.000000e-05     5767
11.419857   5.05051e-01  5.06652e-01   9.587e-01   3.00175e-08  2.62877e-06      -1.00548e+03   1.07988e+03   7.43998e+01      8.000000e-13  1.000000e-05     5773
11.436755   5.05058e-01  5.06648e-01   9.586e-01   2.59019e-08  1.73078e-06      -1.00923e+03   1.07827e+03   6.90380e+01      8.000000e-13  1.000000e-05     5779
11.452614   5.05064e-01  5.06648e-01   9.586e-01   2.58849e-08  1.56761e-06      -1.01260e+03   1.07533e+03   6.27283e+01      8.000000e-13  1.000000e-05     5785
11.469087   5.05068e-01  5.06651e-01   9.586e-01   2.36386e-08  1.83255e-06      -1.01558e+03   1.07322e+03   5.76323e+01      8.000000e-13  1.000000e-05     5791
11.485251   5.05075e-01  5.06651e-01   9.585e-01   2.57894e-08  1.58759e-06      -1.01720e+03   1.07074e+03   5.35418e+01      8.000000e-13  1.000000e-05     5797
11.501166   5.05074e-01  5.06657e-01   9.585e-01   2.31816e-08  1.37471e-06      -1.01954e+03   1.06853e+03   4.89930e+01      8.000000e-13  1.000000e-05     5803
11.517452   5.05075e-01  5.06655e-01   9.585e-01   2.30455e-08  1.71415e-06      -1.02345e+03   1.06612e+03   4.26659e+01      8.000000e-13  1.000000e-05     5809
11.533795   5.05076e-01  5.06659e-01   9.584e-01   2.36774e-08  1.13710e-06      -1.02445e+03   1.06451e+03   4.00641e+01      8.000000e-13  1.000000e-05     5815
11.549912   5.05075e-01  5.06658e-01   9.584e-01   2.73744e-08  1.00614e-06      -1.02794e+03   1.06172e+03   3.37892e+01      8.000000e-13  1.000000e-05     5821
11.566102   5.05085e-01  5.06652e-01   9.583e-01   2.69953e-08  2.18932e-06      -1.03210e+03   1.05858e+03   2.64775e+01      8.000000e-13  1.000000e-05     5827
11.582314   5.05090e-01  5.06647e-01   9.583e-01   3.10613e-08  4.19372e-06      -1.03514e+03   1.05605e+03   2.09118e+01      8.000000e-13  1.000000e-05     5833
11.598382   5.05087e-01  5.06651e-01   9.583e-01   2.74494e-08  1.47576e-06      -1.03900e+03   1.05318e+03   1.41853e+01      8.000000e-13  1.000000e-05     5839
11.613996   5.05091e-01  5.06648e-01   9.582e-01   2.53202e-08  2.12670e-06      -1.04186e+03   1.05068e+03   8.82046e+00      8.000000e-13  1.000000e-05     5845
11.629708   5.05089e-01  5.06648e-01   9.582e-01   2.53406e-08  3.07014e-06      -1.04399e+03   1.04896e+03   4.96535e+00      8.000000e-13  1.000000e-05     5851
11.645646   5.05083e-01  5.06655e-01   9.582e-01   2.85707e-08  1.35803e-06      -1.04561e+03   1.04631e+03   6.90808e-01      8.000000e-13  1.000000e-05     5857
11.661316   5.05081e-01  5.06655e-01   9.581e-01   3.22371e-08  1.95210e-06      -1.04863e+03   1.04408e+03  -4.54464e+00      8.000000e-13  1.000000e-05     5863
11.676469   5.05080e-01  5.06656e-01   9.581e-01   2.70802e-08  3.76982e-06      -1.05053e+03   1.04199e+03  -8.54303e+00      8.000000e-13  1.000000e-05     5869
11.692513   5.05074e-01  5.06659e-01   9.581e-01   2.91351e-08  1.86673e-06      -1.05295e+03   1.04016e+03  -1.27941e+01      8.000000e-13  1.000000e-05     5875
11.709254   5.05074e-01  5.06656e-01   9.580e-01   2.86446e-08  1.63590e-06      -1.05595e+03   1.03852e+03  -1.74331e+01      8.000000e-13  1.000000e-05     5881
11.726350   5.05075e-01  5.06649e-01   9.580e-01   2.75606e-08  1.28421e-06      -1.06125e+03   1.03714e+03  -2.41139e+01      8.000000e-13  1.000000e-05     5887
11.742986   5.05080e-01  5.06641e-01   9.579e-01   2.74595e-08  1.89687e-06      -1.06366e+03   1.03553e+03  -2.81304e+01      8.000000e-13  1.000000e-05     5893
11.760344   5.05074e-01  5.06643e-01   9.579e-01   2.90115e-08  1.21579e-06      -1.06679e+03   1.03302e+03  -3.37741e+01      8.000000e-13  1.000000e-05     5899
11.775485   5.05069e-01  5.06643e-01   9.579e-01   2.91006e-08  1.69229e-06      -1.07040e+03   1.02984e+03  -4.05602e+01      8.000000e-13  1.000000e-05     5911
11.790396   5.05069e-01  5.06638e-01   9.578e-01   2.90907e-08  1.38392e-06      -1.07279e+03   1.02804e+03  -4.47535e+01      8.000000e-13  1.000000e-05     5917
11.805997   5.05071e-01  5.06632e-01   9.578e-01   3.07008e-08  1.98413e-06      -1.07461e+03   1.02692e+03  -4.76849e+01      8.000000e-13  1.000000e-05     5923
11.822492   5.05068e-01  5.06628e-01   9.578e-01   2.69132e-08  1.42020e-06      -1.07839e+03   1.02515e+03  -5.32377e+01      8.000000e-13  1.000000e-05     5929
11.839153   5.05067e-01  5.06624e-01   9.578e-01   2.64788e-08  1.36071e-06      -1.07947e+03   1.02424e+03  -5.52323e+01      8.000000e-13  1.000000e-05     5935
11.855654   5.05068e-01  5.06618e-01   9.577e-01   2.69876e-08  6.07985e-06      -1.08544e+03   1.01965e+03  -6.57873e+01      8.000000e-13  1.000000e-05     5941
11.870776   5.05064e-01  5.06615e-01   9.577e-01   2.71609e-08  3.81277e-06      -1.08634e+03   1.01941e+03  -6.69292e+01      8.000000e-13  1.000000e-05     5947
11.886473   5.05065e-01  5.06606e-01   9.576e-01   2.69843e-08  5.22783e-06      -1.08845e+03   1.01774e+03  -7.07054e+01      8.000000e-13  1.000000e-05     5953
11.902322   5.05058e-01  5.06603e-01   9.576e-01   2.37196e-08  1.84036e-06      -1.08945e+03   1.01666e+03  -7.27922e+01      8.000000e-13  1.000000e-05     5959
11.918246   5.05056e-01  5.06598e-01   9.576e-01   2.57923e-08  3.77095e-06      -1.09251e+03   1.01589e+03  -7.66210e+01      8.000000e-13  1.000000e-05     5965
11.934017   5.05049e-01  5.06597e-01   9.575e-01   3.00152e-08  2.16564e-06      -1.09377e+03   1.01490e+03  -7.88760e+01      8.000000e-13  1.000000e-05     5971
11.950350   5.05044e-01  5.06593e-01   9.575e-01   2.78738e-08  1.88029e-06      -1.09521e+03   1.01372e+03  -8.14906e+01      8.000000e-13  1.000000e-05     5977
11.967124   5.05040e-01  5.06587e-01   9.574e-01   2.60025e-08  1.54000e-06      -1.09689e+03   1.01253e+03  -8.43652e+01      8.000000e-13  1.000000e-05     5983
11.983084   5.05031e-01  5.06584e-01   9.574e-01   2.52666e-08  1.13357e-06      -1.09904e+03   1.01109e+03  -8.79505e+01      8.000000e-13  1.000000e-05     5989
11.999100   5.05033e-01  5.06577e-01   9.574e-01   2.74674e-08  2.00569e-06      -1.10083e+03   1.00925e+03  -9.15820e+01      8.000000e-13  1.000000e-05     5995
12.015233   5.05037e-01  5.06563e-01   9.573e-01   2.88857e-08  2.54557e-06      -1.10319e+03   1.00762e+03  -9.55683e+01      8.000000e-13  1.000000e-05     6001
12.031724   5.05039e-01  5.06552e-01   9.573e-01   2.69530e-08  2.36063e-06      -1.10528e+03   1.00632e+03  -9.89550e+01      8.000000e-13  1.000000e-05     6007
12.047510   5.05032e-01  5.06545e-01   9.573e-01   3.43534e-08  1.83906e-06      -1.10793e+03   1.00453e+03  -1.03397e+02      8.000000e-13  1.000000e-05     6013
12.064086   5.05032e-01  5.06535e-01   9.572e-01   3.27266e-08  1.40300e-06      -1.11043e+03   1.00340e+03  -1.07029e+02      8.000000e-13  1.000000e-05     6019
12.080773   5.05021e-01  5.06535e-01   9.572e-01   3.70549e-08  2.67578e-06      -1.11275e+03   1.00134e+03  -1.11411e+02      8.000000e-13  1.000000e-05     6025
12.096527   5.05016e-01  5.06531e-01   9.572e-01   2.74919e-08  2.34629e-06      -1.11531e+03   1.00055e+03  -1.14760e+02      8.000000e-13  1.000000e-05     6031
12.112782   5.05011e-01  5.06526e-01   9.571e-01   2.78796e-08  2.15050e-06      -1.11571e+03   9.99838e+02  -1.15868e+02      8.000000e-13  1.000000e-05     6037
12.129307   5.05002e-01  5.06521e-01   9.571e-01   2.78684e-08  2.41485e-06      -1.11837e+03   9.97361e+02  -1.21013e+02      8.000000e-13  1.000000e-05     6043
12.145026   5.04997e-01  5.06514e-01   9.570e-01   2.78003e-08  1.73581e-06      -1.11943e+03   9.97078e+02  -1.22348e+02      8.000000e-13  1.000000e-05     6049
12.160103   5.04989e-01  5.06510e-01   9.570e-01   2.36212e-08  1.54300e-06      -1.12050e+03   9.97428e+02  -1.23075e+02      8.000000e-13  1.000000e-05     6055
12.175888   5.04986e-01  5.06502e-01   9.569e-01   2.58623e-08  4.11844e-06      -1.12239e+03   9.96796e+02  -1.25598e+02      8.000000e-13  1.000000e-05     6061
12.191382   5.04974e-01  5.06503e-01   9.569e-01   2.80746e-08  4.42374e-06      -1.12338e+03   9.95484e+02  -1.27893e+02      8.000000e-13  1.000000e-05     6067
12.206576   5.04971e-01  5.06495e-01   9.569e-01   2.59761e-08  2.57860e-06      -1.12418e+03   9.94731e+02  -1.29446e+02      8.000000e-13  1.000000e-05     6073
12.222431   5.04973e-01  5.06477e-01   9.568e-01   2.80974e-08  3.20180e-06      -1.12701e+03   9.92239e+02  -1.34771e+02      8.000000e-13  1.000000e-05     6079
12.238440   5.04968e-01  5.06466e-01   9.568e-01   2.69988e-08  2.36319e-06      -1.12902e+03   9.91242e+02  -1.37780e+02      8.000000e-13  1.000000e-05     6085
12.253942   5.04969e-01  5.06453e-01   9.568e-01   2.90033e-08  2.01158e-06      -1.12962e+03   9.91489e+02  -1.38128e+02      8.000000e-13  1.000000e-05     6091
12.270554   5.04955e-01  5.06451e-01   9.567e-01   3.02607e-08  1.60606e-06      -1.13206e+03   9.90603e+02  -1.41457e+02      8.000000e-13  1.000000e-05     6097
12.287130   5.04954e-01  5.06439e-01   9.567e-01   2.99552e-08  3.02533e-06      -1.13226e+03   9.91364e+02  -1.40893e+02      8.000000e-13  1.000000e-05     6103
12.303979   5.04946e-01  5.06432e-01   9.567e-01   2.77886e-08  1.44167e-06      -1.13463e+03   9.90181e+02  -1.44451e+02      8.000000e-13  1.000000e-05     6109
12.320770   5.04942e-01  5.06419e-01   9.566e-01   2.95168e-08  2.83582e-06      -1.13773e+03   9.87992e+02  -1.49741e+02      8.000000e-13  1.000000e-05     6115
12.338026   5.04937e-01  5.06409e-01   9.566e-01   2.58185e-08  3.46889e-06      -1.13954e+03   9.86617e+02  -1.52926e+02      8.000000e-13  1.000000e-05     6121
12.355448   5.04921e-01  5.06404e-01   9.565e-01   2.36273e-08  2.34100e-06      -1.14282e+03   9.84873e+02  -1.57944e+02      8.000000e-13  1.000000e-05     6127
12.372982   5.04914e-01  5.06395e-01   9.565e-01   2.78609e-08  2.03108e-06      -1.14261e+03   9.84774e+02  -1.57838e+02      8.000000e-13  1.000000e-05     6133
12.390086   5.04904e-01  5.06389e-01   9.564e-01   3.22057e-08  1.60640e-06      -1.14370e+03   9.84322e+02  -1.59380e+02      8.000000e-13  1.000000e-05     6139
12.406454   5.04897e-01  5.06377e-01   9.564e-01   3.02073e-08  1.64607e-06      -1.14461e+03   9.84207e+02  -1.60408e+02      8.000000e-13  1.000000e-05     6145
12.423258   5.04887e-01  5.06369e-01   9.564e-01   2.94937e-08  3.27299e-06      -1.14263e+03   9.86698e+02  -1.55936e+02      8.000000e-13  1.000000e-05     6151
12.439479   5.04876e-01  5.06359e-01   9.564e-01   2.58195e-08  2.84269e-06      -1.14333e+03   9.87882e+02  -1.55450e+02      8.000000e-13  1.000000e-05     6157
12.454807   5.04865e-01  5.06355e-01   9.563e-01   2.58284e-08  2.11715e-06      -1.14479e+03   9.88053e+02  -1.56732e+02      8.000000e-13  1.000000e-05     6163
12.470750   5.04853e-01  5.06352e-01   9.563e-01   2.73689e-08  3.69105e-06      -1.14691e+03   9.86828e+02  -1.60077e+02      8.000000e-13  1.000000e-05     6169
12.487519   5.04846e-01  5.06342e-01   9.563e-01   2.57172e-08  2.64278e-06      -1.14808e+03   9.87173e+02  -1.60911e+02      8.000000e-13  1.000000e-05     6175
12.504798   5.04841e-01  5.06331e-01   9.563e-01   2.37637e-08  1.75825e-06      -1.14936e+03   9.88417e+02  -1.60939e+02      8.000000e-13  1.000000e-05     6181
12.522697   5.04833e-01  5.06319e-01   9.562e-01   2.16960e-08  3.13614e-06      -1.15077e+03   9.87680e+02  -1.63090e+02      8.000000e-13  1.000000e-05     6187
12.539222   5.04833e-01  5.06305e-01   9.562e-01   2.16817e-08  2.84209e-06      -1.15098e+03   9.86932e+02  -1.64051e+02      8.000000e-13  1.000000e-05     6193
12.556315   5.04816e-01  5.06304e-01   9.562e-01   2.32261e-08  2.39471e-06      -1.15154e+03   9.87733e+02  -1.63808e+02      8.000000e-13  1.000000e-05     6199
12.572668   5.04793e-01  5.06309e-01   9.561e-01   2.30932e-08  2.73946e-06      -1.15256e+03   9.88017e+02  -1.64543e+02      8.000000e-13  1.000000e-05     6205
12.588554   5.04779e-01  5.06305e-01   9.561e-01   2.67313e-08  4.84308e-06      -1.15318e+03   9.88869e+02  -1.64312e+02      8.000000e-13  1.000000e-05     6211
12.605226   5.04760e-01  5.06305e-01   9.560e-01   2.51654e-08  2.20318e-06      -1.15323e+03   9.88440e+02  -1.64789e+02      8.000000e-13  1.000000e-05     6217
12.622568   5.04748e-01  5.06299e-01   9.560e-01   2.29976e-08  1.84404e-06      -1.15574e+03   9.86321e+02  -1.69418e+02      8.000000e-13  1.000000e-05     6223
12.639914   5.04730e-01  5.06297e-01   9.560e-01   2.30374e-08  2.40954e-06      -1.15591e+03   9.87576e+02  -1.68331e+02      8.000000e-13  1.000000e-05     6229
12.655907   5.04711e-01  5.06297e-01   9.560e-01   2.46452e-08  1.69370e-06      -1.15668e+03   9.86494e+02  -1.70181e+02      8.000000e-13  1.000000e-05     6235
12.672481   5.04708e-01  5.06281e-01   9.559e-01   2.31682e-08  4.82338e-06      -1.15962e+03   9.84468e+02  -1.75147e+02      8.000000e-13  1.000000e-05     6241
12.687593   5.04695e-01  5.06275e-01   9.559e-01   2.48071e-08  4.92678e-06      -1.15844e+03   9.85447e+02  -1.72998e+02      8.000000e-13  1.000000e-05     6247
12.703653   5.04684e-01  5.06267e-01   9.559e-01   2.63847e-08  4.45871e-06      -1.15743e+03   9.87674e+02  -1.69756e+02      8.000000e-13  1.000000e-05     6253
12.719878   5.04679e-01  5.06256e-01   9.558e-01   2.63219e-08  2.55093e-06      -1.15799e+03   9.88661e+02  -1.69330e+02      8.000000e-13  1.000000e-05     6259
12.736579   5.04675e-01  5.06240e-01   9.558e-01   2.83915e-08  2.71095e-06      -1.15802e+03   9.90212e+02  -1.67808e+02      8.000000e-13  1.000000e-05     6265
12.752533   5.04664e-01  5.06233e-01   9.558e-01   2.67583e-08  3.46539e-06      -1.15843e+03   9.90796e+02  -1.67637e+02      8.000000e-13  1.000000e-05     6271
12.768930   5.04664e-01  5.06216e-01   9.557e-01   2.57066e-08  2.77896e-06      -1.15858e+03   9.91662e+02  -1.66918e+02      8.000000e-13  1.000000e-05     6277
12.784577   5.04657e-01  5.06206e-01   9.557e-01   2.29666e-08  2.16941e-06      -1.15940e+03   9.92448e+02  -1.66955e+02      8.000000e-13  1.000000e-05     6283
12.800601   5.04646e-01  5.06199e-01   9.557e-01   2.51777e-08  1.85949e-06      -1.15994e+03   9.91924e+02  -1.68021e+02      8.000000e-13  1.000000e-05     6289
12.816156   5.04631e-01  5.06197e-01   9.556e-01   2.57886e-08  1.07572e-05      -1.16025e+03   9.92835e+02  -1.67415e+02      8.000000e-13  1.000000e-05     6295
12.831271   5.04619e-01  5.06192e-01   9.556e-01   2.57168e-08  7.26267e-06      -1.16025e+03   9.92974e+02  -1.67276e+02      8.000000e-13  1.000000e-05     6301
12.847958   5.04610e-01  5.06183e-01   9.555e-01   2.36868e-08  4.60719e-06      -1.15994e+03   9.94106e+02  -1.65831e+02      8.000000e-13  1.000000e-05     6307
12.865581   5.04588e-01  5.06188e-01   9.555e-01   2.15526e-08  2.85724e-06      -1.15914e+03   9.95407e+02  -1.63733e+02      8.000000e-13  1.000000e-05     6313
12.882290   5.04576e-01  5.06182e-01   9.555e-01   2.36171e-08  1.69987e-06      -1.15918e+03   9.95264e+02  -1.63921e+02      8.000000e-13  1.000000e-05     6319
12.899883   5.04565e-01  5.06176e-01   9.555e-01   2.36457e-08  2.30924e-06      -1.15957e+03   9.96644e+02  -1.62922e+02      8.000000e-13  1.000000e-05     6325
12.916538   5.04554e-01  5.06168e-01   9.554e-01   2.90813e-08  2.07295e-06      -1.16024e+03   9.96811e+02  -1.63429e+02      8.000000e-13  1.000000e-05     6331
12.933944   5.04542e-01  5.06158e-01   9.554e-01   3.12604e-08  2.06724e-06      -1.16089e+03   9.96539e+02  -1.64352e+02      8.000000e-13  1.000000e-05     6337
12.950260   5.04533e-01  5.06149e-01   9.553e-01   2.52819e-08  1.88565e-06      -1.16183e+03   9.96643e+02  -1.65187e+02      8.000000e-13  1.000000e-05     6343
12.967031   5.04523e-01  5.06141e-01   9.553e-01   3.11877e-08  1.66115e-06      -1.16189e+03   9.96568e+02  -1.65327e+02      8.000000e-13  1.000000e-05     6349
12.981916   5.04513e-01  5.06138e-01   9.552e-01   2.90392e-08  2.71463e-06      -1.16136e+03   9.97507e+02  -1.63858e+02      8.000000e-13  1.000000e-05     6361
12.996195   5.04510e-01  5.06126e-01   9.552e-01   3.32682e-08  5.08430e-06      -1.16132e+03   9.97602e+02  -1.63722e+02      8.000000e-13  1.000000e-05     6367
13.011310   5.04497e-01  5.06122e-01   9.552e-01   3.12236e-08  3.37141e-06      -1.16034e+03   9.98797e+02  -1.61541e+02      8.000000e-13  1.000000e-05     6373
13.026864   5.04486e-01  5.06116e-01   9.552e-01   3.13696e-08  2.38626e-06      -1.16073e+03   9.98605e+02  -1.62123e+02      8.000000e-13  1.000000e-05     6379
13.044156   5.04482e-01  5.06097e-01   9.551e-01   2.70983e-08  2.35997e-06      -1.16159e+03   9.97538e+02  -1.64050e+02      8.000000e-13  1.000000e-05     6385
13.061526   5.04476e-01  5.06084e-01   9.551e-01   2.50503e-08  1.65586e-06      -1.16194e+03   9.97778e+02  -1.64161e+02      8.000000e-13  1.000000e-05     6391
13.078649   5.04467e-01  5.06073e-01   9.551e-01   2.55257e-08  2.07737e-06      -1.16145e+03   9.99113e+02  -1.62335e+02      8.000000e-13  1.000000e-05     6397
13.094331   5.04457e-01  5.06067e-01   9.550e-01   2.70959e-08  1.67049e-06      -1.16151e+03   9.99693e+02  -1.61817e+02      8.000000e-13  1.000000e-05     6403
13.110364   5.04445e-01  5.06062e-01   9.550e-01   2.38581e-08  1.28195e-06      -1.16034e+03   1.00068e+03  -1.59659e+02      8.000000e-13  1.000000e-05     6409
13.127581   5.04431e-01  5.06055e-01   9.550e-01   2.37289e-08  1.19577e-06      -1.16074e+03   1.00242e+03  -1.58318e+02      8.000000e-13  1.000000e-05     6415
13.144569   5.04422e-01  5.06047e-01   9.549e-01   2.37908e-08  1.40524e-06      -1.15984e+03   1.00451e+03  -1.55329e+02      8.000000e-13  1.000000e-05     6421
13.160974   5.04410e-01  5.06044e-01   9.549e-01   2.38154e-08  1.50568e-06      -1.15834e+03   1.00667e+03  -1.51675e+02      8.000000e-13  1.000000e-05     6427
13.177041   5.04398e-01  5.06040e-01   9.549e-01   2.80283e-08  1.53730e-06      -1.16002e+03   1.00756e+03  -1.52466e+02      8.000000e-13  1.000000e-05     6433
13.193310   5.04394e-01  5.06030e-01   9.548e-01   2.95104e-08  1.59503e-06      -1.16083e+03   1.00703e+03  -1.53803e+02      8.000000e-13  1.000000e-05     6439
13.210096   5.04383e-01  5.06026e-01   9.548e-01   2.90712e-08  1.20565e-06      -1.15986e+03   1.00997e+03  -1.49886e+02      8.000000e-13  1.000000e-05     6445
13.226936   5.04371e-01  5.06020e-01   9.547e-01   3.16839e-08  1.80597e-06      -1.16172e+03   1.00814e+03  -1.53579e+02      8.000000e-13  1.000000e-05     6451
13.244311   5.04371e-01  5.06005e-01   9.547e-01   3.38646e-08  2.59451e-06      -1.15948e+03   1.00950e+03  -1.49981e+02      8.000000e-13  1.000000e-05     6457
13.255894   5.04368e-01  5.05995e-01   9.547e-01   2.79905e-08  8.68883e-06      -1.15968e+03   1.01068e+03  -1.49003e+02      8.000000e-13  1.000000e-05     6469
13.266536   5.04362e-01  5.05992e-01   9.547e-01   2.78741e-08  3.97186e-06      -1.16000e+03   1.01076e+03  -1.49242e+02      8.000000e-13  1.000000e-05     6475
13.280040   5.04354e-01  5.05986e-01   9.547e-01   2.57413e-08  2.46944e-06      -1.15964e+03   1.01078e+03  -1.48860e+02      8.000000e-13  1.000000e-05     6481
13.294860   5.04343e-01  5.05980e-01   9.546e-01   2.16146e-08  1.39823e-06      -1.15934e+03   1.01093e+03  -1.48405e+02      8.000000e-13  1.000000e-05     6487
13.310305   5.04337e-01  5.05973e-01   9.546e-01   2.48711e-08  3.47290e-06      -1.15922e+03   1.01128e+03  -1.47937e+02      8.000000e-13  1.000000e-05     6493
13.326474   5.04324e-01  5.05968e-01   9.546e-01   2.57818e-08  2.98291e-06      -1.15868e+03   1.01142e+03  -1.47261e+02      8.000000e-13  1.000000e-05     6499
13.342835   5.04320e-01  5.05957e-01   9.546e-01   2.73880e-08  2.13229e-06      -1.15902e+03   1.01176e+03  -1.47257e+02      8.000000e-13  1.000000e-05     6505
13.359647   5.04319e-01  5.05943e-01   9.545e-01   2.52246e-08  1.76771e-06      -1.15841e+03   1.01288e+03  -1.45536e+02      8.000000e-13  1.000000e-05     6511
13.377170   5.04313e-01  5.05932e-01   9.545e-01   2.52377e-08  1.32941e-06      -1.15814e+03   1.01294e+03  -1.45199e+02      8.000000e-13  1.000000e-05     6517
13.394726   5.04308e-01  5.05918e-01   9.544e-01   2.36189e-08  1.16261e-06      -1.15830e+03   1.01449e+03  -1.43810e+02      8.000000e-13  1.000000e-05     6523
13.411626   5.04300e-01  5.05907e-01   9.544e-01   2.14095e-08  2.19007e-06      -1.15905e+03   1.01553e+03  -1.43520e+02      8.000000e-13  1.000000e-05     6529
13.426893   5.04294e-01  5.05898e-01   9.543e-01   2.15370e-08  2.32780e-06      -1.16038e+03   1.01610e+03  -1.44282e+02      8.000000e-13  1.000000e-05     6541
13.441475   5.04293e-01  5.05886e-01   9.543e-01   2.15052e-08  2.75671e-06      -1.15898e+03   1.01726e+03  -1.41724e+02      8.000000e-13  1.000000e-05     6547
13.456118   5.04286e-01  5.05879e-01   9.542e-01   2.36938e-08  1.81873e-06      -1.15873e+03   1.01716e+03  -1.41572e+02      8.000000e-13  1.000000e-05     6553
13.471582   5.04273e-01  5.05877e-01   9.542e-01   2.37336e-08  1.71126e-06      -1.15677e+03   1.01918e+03  -1.37593e+02      8.000000e-13  1.000000e-05     6559
13.488022   5.04275e-01  5.05860e-01   9.542e-01   2.75764e-08  1.78158e-06      -1.15670e+03   1.02047e+03  -1.36234e+02      8.000000e-13  1.000000e-05     6565
13.503906   5.04272e-01  5.05850e-01   9.542e-01   2.95873e-08  1.38052e-06      -1.15640e+03   1.02108e+03  -1.35311e+02      8.000000e-13  1.000000e-05     6571
13.520358   5.04268e-01  5.05840e-01   9.541e-01   2.80309e-08  1.01214e-06      -1.15505e+03   1.02338e+03  -1.31678e+02      8.000000e-13  1.000000e-05     6577
13.537996   5.04263e-01  5.05826e-01   9.541e-01   2.81317e-08  1.73916e-06      -1.15514e+03   1.02308e+03  -1.32057e+02      8.000000e-13  1.000000e-05     6583
13.554413   5.04254e-01  5.05821e-01   9.540e-01   2.59250e-08  1.20166e-06      -1.15402e+03   1.02296e+03  -1.31063e+02      8.000000e-13  1.000000e-05     6589
13.570627   5.04247e-01  5.05815e-01   9.540e-01   2.36743e-08  9.93421e-07      -1.15344e+03   1.02452e+03  -1.28923e+02      8.000000e-13  1.000000e-05     6595
13.588051   5.04232e-01  5.05809e-01   9.539e-01   2.37676e-08  2.90889e-06      -1.15372e+03   1.02441e+03  -1.29303e+02      8.000000e-13  1.000000e-05     6601
13.605726   5.04210e-01  5.05817e-01   9.539e-01   2.58154e-08  1.86585e-06      -1.15440e+03   1.02431e+03  -1.30092e+02      8.000000e-13  1.000000e-05     6607
13.622375   5.04198e-01  5.05815e-01   9.538e-01   2.79631e-08  1.92333e-06      -1.15344e+03   1.02554e+03  -1.27893e+02      8.000000e-13  1.000000e-05     6613
13.639522   5.04188e-01  5.05815e-01   9.538e-01   2.59010e-08  2.73290e-06      -1.15049e+03   1.02997e+03  -1.20518e+02      8.000000e-13  1.000000e-05     6619
13.655422   5.04179e-01  5.05811e-01   9.537e-01   2.53700e-08  2.19319e-06      -1.14997e+03   1.03156e+03  -1.18403e+02      8.000000e-13  1.000000e-05     6625
13.672300   5.04173e-01  5.05803e-01   9.537e-01   2.73029e-08  1.54844e-06      -1.14918e+03   1.03292e+03  -1.16257e+02      8.000000e-13  1.000000e-05     6631
13.689907   5.04165e-01  5.05796e-01   9.537e-01   3.15682e-08  1.19686e-06      -1.15001e+03   1.03264e+03  -1.17364e+02      8.000000e-13  1.000000e-05     6637
13.707136   5.04161e-01  5.05788e-01   9.536e-01   3.11105e-08  1.65077e-06      -1.15020e+03   1.03295e+03  -1.17251e+02      8.000000e-13  1.000000e-05     6643
13.724000   5.04150e-01  5.05787e-01   9.536e-01   3.39017e-08  1.34357e-06      -1.14998e+03   1.03459e+03  -1.15394e+02      8.000000e-13  1.000000e-05     6649
13.740539   5.04144e-01  5.05781e-01   9.535e-01   3.02909e-08  1.25542e-06      -1.14968e+03   1.03675e+03  -1.12929e+02      8.000000e-13  1.000000e-05     6655
13.757234   5.04135e-01  5.05777e-01   9.535e-01   3.02675e-08  1.68927e-06      -1.14915e+03   1.03795e+03  -1.11199e+02      8.000000e-13  1.000000e-05     6661
13.773650   5.04132e-01  5.05767e-01   9.534e-01   2.80527e-08  2.18348e-06      -1.14801e+03   1.03910e+03  -1.08913e+02      8.000000e-13  1.000000e-05     6667
13.789978   5.04128e-01  5.05759e-01   9.534e-01   2.97629e-08  2.23538e-06      -1.14594e+03   1.04106e+03  -1.04878e+02      8.000000e-13  1.000000e-05     6673
13.806574   5.04128e-01  5.05750e-01   9.534e-01   2.80422e-08  1.21798e-06      -1.14378e+03   1.04284e+03  -1.00934e+02      8.000000e-13  1.000000e-05     6679
13.823793   5.04114e-01  5.05747e-01   9.533e-01   2.52143e-08  1.96867e-06      -1.14248e+03   1.04359e+03  -9.88928e+01      8.000000e-13  1.000000e-05     6685
13.840724   5.04100e-01  5.05751e-01   9.533e-01   2.13959e-08  1.30326e-06      -1.14230e+03   1.04319e+03  -9.91143e+01      8.000000e-13  1.000000e-05     6691
13.857583   5.04089e-01  5.05752e-01   9.532e-01   2.36638e-08  8.99969e-07      -1.14236e+03   1.04492e+03  -9.74370e+01      8.000000e-13  1.000000e-05     6697
13.874632   5.04086e-01  5.05744e-01   9.532e-01   2.61276e-08  1.25811e-06      -1.14069e+03   1.04773e+03  -9.29617e+01      8.000000e-13  1.000000e-05     6703
13.891330   5.04083e-01  5.05735e-01   9.531e-01   2.46999e-08  4.47676e-06      -1.13943e+03   1.04871e+03  -9.07189e+01      8.000000e-13  1.000000e-05     6709
13.907036   5.04076e-01  5.05734e-01   9.531e-01   2.84494e-08  2.59704e-06      -1.13964e+03   1.04946e+03  -9.01772e+01      8.000000e-13  1.000000e-05     6715
13.922997   5.04070e-01  5.05731e-01   9.531e-01   2.99748e-08  2.27942e-06      -1.13865e+03   1.05052e+03  -8.81254e+01      8.000000e-13  1.000000e-05     6721
13.940064   5.04068e-01  5.05724e-01   9.531e-01   3.31656e-08  1.91312e-06      -1.13961e+03   1.05132e+03  -8.82843e+01      8.000000e-13  1.000000e-05     6727
13.957513   5.04060e-01  5.05723e-01   9.530e-01   3.10080e-08  9.62740e-07      -1.13743e+03   1.05251e+03  -8.49238e+01      8.000000e-13  1.000000e-05     6733
13.974631   5.04056e-01  5.05718e-01   9.530e-01   2.62980e-08  7.27007e-07      -1.13705e+03   1.05339e+03  -8.36558e+01      8.000000e-13  1.000000e-05     6739
13.992725   5.04034e-01  5.05734e-01   9.530e-01   2.47152e-08  3.50777e-06      -1.13660e+03   1.05502e+03  -8.15831e+01      8.000000e-13  1.000000e-05     6745
14.010439   5.04033e-01  5.05726e-01   9.529e-01   2.30660e-08  1.77901e-06      -1.13555e+03   1.05608e+03  -7.94700e+01      8.000000e-13  1.000000e-05     6751
14.029213   5.04024e-01  5.05724e-01   9.528e-01   2.51967e-08  7.57053e-07      -1.13833e+03   1.05650e+03  -8.18250e+01      8.000000e-13  1.000000e-05     6757
14.046312   5.04020e-01  5.05717e-01   9.528e-01   2.74559e-08  9.26446e-07      -1.13828e+03   1.05763e+03  -8.06511e+01      8.000000e-13  1.000000e-05     6763
14.063315   5.04012e-01  5.05716e-01   9.528e-01   2.75316e-08  6.76821e-07      -1.13900e+03   1.05841e+03  -8.05887e+01      8.000000e-13  1.000000e-05     6769
14.079012   5.04013e-01  5.05708e-01   9.528e-01   2.69036e-08  1.20816e-06      -1.13849e+03   1.06026e+03  -7.82294e+01      8.000000e-13  1.000000e-05     6775
14.095266   5.04010e-01  5.05703e-01   9.527e-01   2.69635e-08  9.13193e-07      -1.13739e+03   1.06200e+03  -7.53949e+01      8.000000e-13  1.000000e-05     6781
14.111423   5.04012e-01  5.05695e-01   9.527e-01   2.68647e-08  5.49412e-06      -1.13624e+03   1.06359e+03  -7.26520e+01      8.000000e-13  1.000000e-05     6787
14.127489   5.04004e-01  5.05694e-01   9.527e-01   2.32212e-08  2.16671e-06      -1.13583e+03   1.06396e+03  -7.18698e+01      8.000000e-13  1.000000e-05     6793
14.144109   5.04005e-01  5.05685e-01   9.527e-01   2.31347e-08  1.75492e-06      -1.13605e+03   1.06406e+03  -7.19944e+01      8.000000e-13  1.000000e-05     6799
14.161138   5.04001e-01  5.05679e-01   9.527e-01   2.53184e-08  1.03438e-06      -1.13534e+03   1.06444e+03  -7.09017e+01      8.000000e-13  1.000000e-05     6805
14.177718   5.03997e-01  5.05672e-01   9.526e-01   2.59300e-08  1.40699e-06      -1.13468e+03   1.06558e+03  -6.91008e+01      8.000000e-13  1.000000e-05     6811
14.195179   5.03987e-01  5.05675e-01   9.526e-01   2.16385e-08  8.48928e-07      -1.13403e+03   1.06631e+03  -6.77179e+01      8.000000e-13  1.000000e-05     6817
14.213445   5.03983e-01  5.05668e-01   9.525e-01   2.54776e-08  5.30899e-07      -1.13107e+03   1.06721e+03  -6.38570e+01      8.000000e-13  1.000000e-05     6823
14.230833   5.03985e-01  5.05660e-01   9.525e-01   2.54282e-08  5.10872e-07      -1.12831e+03   1.06844e+03  -5.98699e+01      8.000000e-13  1.000000e-05     6829
14.247402   5.03986e-01  5.05652e-01   9.524e-01   2.89145e-08  5.99939e-06      -1.12820e+03   1.06787e+03  -6.03360e+01      8.000000e-13  1.000000e-05     6835
14.263764   5.03972e-01  5.05653e-01   9.524e-01   2.73700e-08  4.99791e-06      -1.12807e+03   1.06777e+03  -6.02979e+01      8.000000e-13  1.000000e-05     6841
14.279177   5.03968e-01  5.05652e-01   9.523e-01   3.17717e-08  2.40871e-06      -1.12837e+03   1.06795e+03  -6.04180e+01      8.000000e-13  1.000000e-05     6847
14.295091   5.03950e-01  5.05663e-01   9.523e-01   3.71732e-08  1.97651e-06      -1.12809e+03   1.06948e+03  -5.86106e+01      8.000000e-13  1.000000e-05     6853
14.310078   5.03941e-01  5.05665e-01   9.522e-01   2.81803e-08  2.39279e-06      -1.12826e+03   1.07138e+03  -5.68758e+01      8.000000e-13  1.000000e-05     6859
14.325192   5.03937e-01  5.05662e-01   9.522e-01   3.19446e-08  1.42373e-06      -1.12734e+03   1.07242e+03  -5.49201e+01      8.000000e-13  1.000000e-05     6865
14.340228   5.03938e-01  5.05655e-01   9.522e-01   2.77060e-08  7.91335e-07      -1.12770e+03   1.07266e+03  -5.50388e+01      8.000000e-13  1.000000e-05     6871
14.355012   5.03944e-01  5.05647e-01   9.522e-01   2.55482e-08  2.56259e-06      -1.12664e+03   1.07508e+03  -5.15587e+01      8.000000e-13  1.000000e-05     6883
14.369151   5.03946e-01  5.05641e-01   9.522e-01   2.49034e-08  1.68209e-06      -1.12545e+03   1.07617e+03  -4.92855e+01      8.000000e-13  1.000000e-05     6889
14.384204   5.03944e-01  5.05640e-01   9.521e-01   2.70251e-08  1.42200e-06      -1.12394e+03   1.07760e+03  -4.63429e+01      8.000000e-13  1.000000e-05     6895
14.398327   5.03940e-01  5.05636e-01   9.521e-01   2.86388e-08  1.06380e-06      -1.12469e+03   1.07743e+03  -4.72615e+01      8.000000e-13  1.000000e-05     6907
14.411748   5.03940e-01  5.05630e-01   9.521e-01   3.27942e-08  1.42195e-06      -1.12393e+03   1.07908e+03  -4.48479e+01      8.000000e-13  1.000000e-05     6913
14.426675   5.03936e-01  5.05629e-01   9.521e-01   3.06099e-08  2.08809e-06      -1.12274e+03   1.07978e+03  -4.29586e+01      8.000000e-13  1.000000e-05     6919
14.442181   5.03929e-01  5.05629e-01   9.520e-01   2.73497e-08  1.06421e-06      -1.12298e+03   1.08007e+03  -4.29058e+01      8.000000e-13  1.000000e-05     6925
14.457423   5.03926e-01  5.05625e-01   9.520e-01   3.10399e-08  3.84343e-06      -1.12245e+03   1.08094e+03  -4.15183e+01      8.000000e-13  1.000000e-05     6931
14.473263   5.03906e-01  5.05639e-01   9.519e-01   2.74484e-08  2.33989e-06      -1.12353e+03   1.08056e+03  -4.29732e+01      8.000000e-13  1.000000e-05     6937
14.488614   5.03899e-01  5.05641e-01   9.519e-01   2.38089e-08  6.61714e-07      -1.12276e+03   1.08150e+03  -4.12653e+01      8.000000e-13  1.000000e-05     6943
14.503877   5.03895e-01  5.05641e-01   9.519e-01   2.36613e-08  3.04745e-06      -1.12184e+03   1.08171e+03  -4.01264e+01      8.000000e-13  1.000000e-05     6949
14.521881   5.03887e-01  5.05644e-01   9.519e-01   2.74133e-08  3.65954e-06      -1.12074e+03   1.08331e+03  -3.74252e+01      8.000000e-13  1.000000e-05     6955
14.537449   5.03882e-01  5.05644e-01   9.519e-01   2.75159e-08  3.25483e-06      -1.11891e+03   1.08421e+03  -3.46982e+01      8.000000e-13  1.000000e-05     6967
14.552334   5.03874e-01  5.05650e-01   9.518e-01   2.60745e-08  1.61746e-06      -1.11852e+03   1.08536e+03  -3.31517e+01      8.000000e-13  1.000000e-05     6973
14.567365   5.03870e-01  5.05649e-01   9.518e-01   3.13879e-08  4.03036e-07      -1.11841e+03   1.08638e+03  -3.20371e+01      8.000000e-13  1.000000e-05     6979
14.582350   5.03868e-01  5.05648e-01   9.518e-01   2.92040e-08  1.72089e-06      -1.11809e+03   1.08716e+03  -3.09250e+01      8.000000e-13  1.000000e-05     6985
14.598607   5.03861e-01  5.05649e-01   9.518e-01   2.55110e-08  1.71019e-06      -1.11902e+03   1.08685e+03  -3.21682e+01      8.000000e-13  1.000000e-05     6991
14.615719   5.03865e-01  5.05639e-01   9.517e-01   2.39213e-08  9.82398e-07      -1.11754e+03   1.08674e+03  -3.08010e+01      8.000000e-13  1.000000e-05     6997
14.632511   5.03869e-01  5.05634e-01   9.517e-01   2.49532e-08  1.24981e-06      -1.11624e+03   1.08729e+03  -2.89467e+01      8.000000e-13  1.000000e-05     7003
14.650047   5.03864e-01  5.05636e-01   9.517e-01   2.65108e-08  1.28879e-06      -1.11415e+03   1.08841e+03  -2.57402e+01      8.000000e-13  1.000000e-05     7009
14.667367   5.03855e-01  5.05637e-01   9.516e-01   2.32650e-08  2.24398e-06      -1.11347e+03   1.08987e+03  -2.35999e+01      8.000000e-13  1.000000e-05     7015
14.684214   5.03849e-01  5.05639e-01   9.516e-01   2.32312e-08  3.69631e-07      -1.11400e+03   1.08990e+03  -2.40952e+01      8.000000e-13  1.000000e-05     7021
14.699758   5.03845e-01  5.05640e-01   9.516e-01   2.54735e-08  1.53148e-06      -1.11220e+03   1.09153e+03  -2.06764e+01      8.000000e-13  1.000000e-05     7027
14.715892   5.03847e-01  5.05637e-01   9.515e-01   2.54543e-08  1.46326e-06      -1.11230e+03   1.09251e+03  -1.97872e+01      8.000000e-13  1.000000e-05     7033
14.732052   5.03847e-01  5.05634e-01   9.515e-01   3.33630e-08  4.10470e-06      -1.11144e+03   1.09306e+03  -1.83861e+01      8.000000e-13  1.000000e-05     7039
14.749148   5.03838e-01  5.05639e-01   9.515e-01   2.90204e-08  3.77261e-06      -1.11084e+03   1.09553e+03  -1.53126e+01      8.000000e-13  1.000000e-05     7045
14.765839   5.03839e-01  5.05635e-01   9.514e-01   2.90832e-08  4.76329e-06      -1.10956e+03   1.09620e+03  -1.33645e+01      8.000000e-13  1.000000e-05     7051
14.783888   5.03851e-01  5.05624e-01   9.514e-01   2.74598e-08  8.12800e-07      -1.10834e+03   1.09607e+03  -1.22717e+01      8.000000e-13  1.000000e-05     7057
14.800271   5.03851e-01  5.05626e-01   9.513e-01   2.95355e-08  2.27651e-06      -1.10921e+03   1.09610e+03  -1.31102e+01      8.000000e-13  1.000000e-05     7063
14.816533   5.03848e-01  5.05627e-01   9.513e-01   2.57651e-08  4.28020e-06      -1.10903e+03   1.09673e+03  -1.23007e+01      8.000000e-13  1.000000e-05     7069
14.833830   5.03851e-01  5.05624e-01   9.513e-01   2.90248e-08  5.24994e-06      -1.10521e+03   1.10012e+03  -5.08868e+00      8.000000e-13  1.000000e-05     7075
14.850582   5.03852e-01  5.05624e-01   9.512e-01   2.94429e-08  2.58627e-06      -1.10427e+03   1.10137e+03  -2.90213e+00      8.000000e-13  1.000000e-05     7081
14.868107   5.03854e-01  5.05618e-01   9.512e-01   2.51386e-08  1.45468e-06      -1.10357e+03   1.10382e+03   2.41997e-01      8.000000e-13  1.000000e-05     7087
14.885788   5.03850e-01  5.05623e-01   9.511e-01   2.58253e-08  4.46813e-06      -1.10339e+03   1.10452e+03   1.13342e+00      8.000000e-13  1.000000e-05     7093
14.902160   5.03836e-01  5.05636e-01   9.511e-01   2.38159e-08  2.62608e-06      -1.10212e+03   1.10703e+03   4.90749e+00      8.000000e-13  1.000000e-05     7099
14.917498   5.03837e-01  5.05636e-01   9.510e-01   2.31323e-08  1.41180e-06      -1.10200e+03   1.10728e+03   5.28212e+00      8.000000e-13  1.000000e-05     7105
14.933842   5.03832e-01  5.05643e-01   9.510e-01   2.53216e-08  9.30726e-07      -1.10090e+03   1.10655e+03   5.64457e+00      8.000000e-13  1.000000e-05     7111
14.950247   5.03830e-01  5.05644e-01   9.509e-01   2.52860e-08  4.13952e-07      -1.10125e+03   1.10619e+03   4.93282e+00      8.000000e-13  1.000000e-05     7117
14.968327   5.03831e-01  5.05643e-01   9.509e-01   2.74390e-08  2.79446e-06      -1.09933e+03   1.10807e+03   8.74305e+00      8.000000e-13  1.000000e-05     7123
14.985357   5.03829e-01  5.05647e-01   9.509e-01   2.32173e-08  1.66384e-06      -1.09843e+03   1.10857e+03   1.01380e+01      8.000000e-13  1.000000e-05     7129
15.002843   5.03831e-01  5.05645e-01   9.508e-01   2.69066e-08  1.35313e-06      -1.09942e+03   1.10797e+03   8.55092e+00      8.000000e-13  1.000000e-05     7135
15.019963   5.03833e-01  5.05646e-01   9.508e-01   3.11117e-08  9.73637e-06      -1.09768e+03   1.10971e+03   1.20304e+01      8.000000e-13  1.000000e-05     7141
15.036534   5.03830e-01  5.05648e-01   9.507e-01   2.75152e-08  6.19936e-06      -1.09682e+03   1.11150e+03   1.46852e+01      8.000000e-13  1.000000e-05     7147
15.051533   5.03827e-01  5.05652e-01   9.507e-01   2.92077e-08  2.89690e-06      -1.09714e+03   1.11092e+03   1.37762e+01      8.000000e-13  1.000000e-05     7153
15.067673   5.03831e-01  5.05649e-01   9.507e-01   3.66279e-08  1.53183e-06      -1.09587e+03   1.11054e+03   1.46703e+01      8.000000e-13  1.000000e-05     7159
15.084571   5.03825e-01  5.05657e-01   9.506e-01   2.85376e-08  2.96349e-06      -1.09652e+03   1.11005e+03   1.35241e+01      8.000000e-13  1.000000e-05     7165
15.101671   5.03822e-01  5.05659e-01   9.505e-01   3.28320e-08  1.87996e-06      -1.09498e+03   1.11023e+03   1.52443e+01      8.000000e-13  1.000000e-05     7171
15.120364   5.03816e-01  5.05663e-01   9.505e-01   2.70084e-08  1.52231e-06      -1.09507e+03   1.10828e+03   1.32062e+01      8.000000e-13  1.000000e-05     7177
15.138458   5.03822e-01  5.05655e-01   9.504e-01   2.91596e-08  1.08811e-06      -1.09438e+03   1.11008e+03   1.56992e+01      8.000000e-13  1.000000e-05     7183
15.155826   5.03831e-01  5.05649e-01   9.504e-01   2.66532e-08  1.73855e-06      -1.09366e+03   1.11207e+03   1.84024e+01      8.000000e-13  1.000000e-05     7189
15.171747   5.03829e-01  5.05655e-01   9.503e-01   2.49634e-08  1.08167e-06      -1.09187e+03   1.11281e+03   2.09301e+01      8.000000e-13  1.000000e-05     7195
15.189462   5.03833e-01  5.05651e-01   9.503e-01   2.16608e-08  8.21641e-07      -1.09104e+03   1.11313e+03   2.20891e+01      8.000000e-13  1.000000e-05     7201
15.207079   5.03836e-01  5.05652e-01   9.503e-01   2.33117e-08  7.28506e-07      -1.09142e+03   1.11374e+03   2.23167e+01      8.000000e-13  1.000000e-05     7207
15.226166   5.03836e-01  5.05656e-01   9.502e-01   2.31425e-08  1.27696e-06      -1.09195e+03   1.11083e+03   1.88725e+01      8.000000e-13  1.000000e-05     7213
15.245402   5.03837e-01  5.05657e-01   9.502e-01   2.51802e-08  1.08232e-06      -1.09028e+03   1.11042e+03   2.01468e+01      8.000000e-13  1.000000e-05     7219
15.264445   5.03815e-01  5.05678e-01   9.501e-01   2.51677e-08  1.00314e-06      -1.08853e+03   1.11354e+03   2.50186e+01      8.000000e-13  1.000000e-05     7225
15.282438   5.03818e-01  5.05675e-01   9.501e-01   2.51124e-08  4.89549e-07      -1.09053e+03   1.11170e+03   2.11702e+01      8.000000e-13  1.000000e-05     7231
15.299853   5.03816e-01  5.05680e-01   9.501e-01   2.52397e-08  4.15187e-07      -1.09014e+03   1.11215e+03   2.20107e+01      8.000000e-13  1.000000e-05     7237
15.317594   5.03822e-01  5.05678e-01   9.500e-01   2.36669e-08  2.30108e-06      -1.08971e+03   1.11258e+03   2.28712e+01      8.000000e-13  1.000000e-05     7243
15.334826   5.03821e-01  5.05682e-01   9.500e-01   2.53332e-08  1.41134e-06      -1.08908e+03   1.11291e+03   2.38276e+01      8.000000e-13  1.000000e-05     7249
15.351833   5.03816e-01  5.05687e-01   9.500e-01   2.53654e-08  9.43876e-07      -1.08765e+03   1.11392e+03   2.62693e+01      8.000000e-13  1.000000e-05     7255
15.370236   5.03821e-01  5.05684e-01   9.500e-01   2.75181e-08  1.44946e-06      -1.08778e+03   1.11376e+03   2.59868e+01      8.000000e-13  1.000000e-05     7261
15.387680   5.03812e-01  5.05696e-01   9.499e-01   2.76970e-08  1.80833e-06      -1.08911e+03   1.11359e+03   2.44751e+01      8.000000e-13  1.000000e-05     7267
15.403973   5.03814e-01  5.05694e-01   9.499e-01   2.99072e-08  1.18561e-06      -1.08845e+03   1.11301e+03   2.45579e+01      8.000000e-13  1.000000e-05     7273
15.421516   5.03812e-01  5.05697e-01   9.499e-01   2.96118e-08  4.61455e-07      -1.08853e+03   1.11303e+03   2.44968e+01      8.000000e-13  1.000000e-05     7279
15.439931   5.03809e-01  5.05702e-01   9.498e-01   2.90190e-08  3.55347e-07      -1.08795e+03   1.11424e+03   2.62826e+01      8.000000e-13  1.000000e-05     7285
15.459401   5.03812e-01  5.05702e-01   9.498e-01   3.16900e-08  2.66414e-07      -1.08723e+03   1.11394e+03   2.67067e+01      8.000000e-13  1.000000e-05     7291
15.478695   5.03826e-01  5.05694e-01   9.498e-01   3.32464e-08  1.86598e-06      -1.08879e+03   1.11316e+03   2.43742e+01      8.000000e-13  1.000000e-05     7297
15.496597   5.03826e-01  5.05696e-01   9.497e-01   2.52401e-08  2.63849e-06      -1.08713e+03   1.11479e+03   2.76645e+01      8.000000e-13  1.000000e-05     7303
15.514641   5.03831e-01  5.05695e-01   9.497e-01   2.53192e-08  4.89304e-07      -1.08686e+03   1.11682e+03   2.99572e+01      8.000000e-13  1.000000e-05     7309
15.531567   5.03830e-01  5.05697e-01   9.497e-01   2.74590e-08  8.94033e-07      -1.08555e+03   1.11747e+03   3.19178e+01      8.000000e-13  1.000000e-05     7315
15.547859   5.03836e-01  5.05693e-01   9.496e-01   2.74822e-08  6.46859e-07      -1.08563e+03   1.11823e+03   3.25956e+01      8.000000e-13  1.000000e-05     7321
15.564731   5.03841e-01  5.05690e-01   9.496e-01   2.38592e-08  4.30374e-06      -1.08605e+03   1.11785e+03   3.18025e+01      8.000000e-13  1.000000e-05     7327
15.581815   5.03851e-01  5.05685e-01   9.496e-01   2.38757e-08  3.18397e-06      -1.08575e+03   1.11793e+03   3.21797e+01      8.000000e-13  1.000000e-05     7333
15.599583   5.03855e-01  5.05685e-01   9.496e-01   2.59776e-08  2.45924e-06      -1.08403e+03   1.11863e+03   3.46059e+01      8.000000e-13  1.000000e-05     7339
15.618659   5.03870e-01  5.05670e-01   9.495e-01   2.59536e-08  2.99425e-06      -1.08077e+03   1.11978e+03   3.90084e+01      8.000000e-13  1.000000e-05     7345
15.636038   5.03874e-01  5.05671e-01   9.495e-01   2.38187e-08  1.51715e-06      -1.08067e+03   1.11949e+03   3.88222e+01      8.000000e-13  1.000000e-05     7351
15.653875   5.03878e-01  5.05673e-01   9.495e-01   2.32403e-08  1.07509e-06      -1.07820e+03   1.12096e+03   4.27621e+01      8.000000e-13  1.000000e-05     7357
15.669327   5.03878e-01  5.05677e-01   9.494e-01   2.54105e-08  2.00040e-06      -1.07909e+03   1.12025e+03   4.11619e+01      8.000000e-13  1.000000e-05     7369
15.684079   5.03878e-01  5.05678e-01   9.494e-01   2.69331e-08  3.08786e-06      -1.07846e+03   1.12081e+03   4.23499e+01      8.000000e-13  1.000000e-05     7375
15.698251   5.03877e-01  5.05684e-01   9.494e-01   2.75618e-08  1.87699e-06      -1.07911e+03   1.11999e+03   4.08797e+01      8.000000e-13  1.000000e-05     7381
15.714328   5.03869e-01  5.05695e-01   9.494e-01   2.73932e-08  1.07668e-06      -1.07741e+03   1.12129e+03   4.38743e+01      8.000000e-13  1.000000e-05     7387
15.731908   5.03869e-01  5.05696e-01   9.493e-01   2.58755e-08  1.48690e-06      -1.07818e+03   1.12119e+03   4.30045e+01      8.000000e-13  1.000000e-05     7393
15.748818   5.03876e-01  5.05692e-01   9.493e-01   2.70098e-08  6.74903e-07      -1.07732e+03   1.12134e+03   4.40125e+01      8.000000e-13  1.000000e-05     7399
15.764682   5.03877e-01  5.05694e-01   9.492e-01   2.91041e-08  1.51497e-06      -1.07842e+03   1.11955e+03   4.11310e+01      8.000000e-13  1.000000e-05     7405
15.780221   5.03879e-01  5.05695e-01   9.492e-01   2.92808e-08  2.55010e-06      -1.07999e+03   1.11753e+03   3.75405e+01      8.000000e-13  1.000000e-05     7411
15.795518   5.03882e-01  5.05695e-01   9.491e-01   2.55043e-08  1.78493e-06      -1.07945e+03   1.11817e+03   3.87188e+01      8.000000e-13  1.000000e-05     7417
15.811744   5.03886e-01  5.05696e-01   9.491e-01   2.76150e-08  1.24719e-06      -1.07870e+03   1.11860e+03   3.99018e+01      8.000000e-13  1.000000e-05     7423
15.829130   5.03888e-01  5.05697e-01   9.491e-01   3.56710e-08  5.98011e-07      -1.07879e+03   1.11866e+03   3.98638e+01      8.000000e-13  1.000000e-05     7429
15.846366   5.03897e-01  5.05691e-01   9.490e-01   3.13028e-08  1.11301e-06      -1.07877e+03   1.11900e+03   4.02302e+01      8.000000e-13  1.000000e-05     7435
15.863582   5.03901e-01  5.05690e-01   9.490e-01   2.81471e-08  5.77396e-07      -1.07838e+03   1.11922e+03   4.08407e+01      8.000000e-13  1.000000e-05     7441
15.881764   5.03917e-01  5.05678e-01   9.490e-01   2.60275e-08  1.14437e-06      -1.07847e+03   1.11934e+03   4.08687e+01      8.000000e-13  1.000000e-05     7447
15.898740   5.03933e-01  5.05669e-01   9.489e-01   2.59802e-08  6.73592e-07      -1.07744e+03   1.11844e+03   4.09971e+01      8.000000e-13  1.000000e-05     7453
15.914896   5.03940e-01  5.05666e-01   9.489e-01   3.28707e-08  1.88688e-06      -1.07749e+03   1.11897e+03   4.14810e+01      8.000000e-13  1.000000e-05     7465
15.930314   5.03947e-01  5.05662e-01   9.489e-01   3.28944e-08  1.23781e-06      -1.07752e+03   1.11914e+03   4.16225e+01      8.000000e-13  1.000000e-05     7471
15.946432   5.03949e-01  5.05663e-01   9.488e-01   3.12838e-08  1.36873e-06      -1.07612e+03   1.11778e+03   4.16661e+01      8.000000e-13  1.000000e-05     7477
15.962329   5.03951e-01  5.05667e-01   9.488e-01   2.75935e-08  2.90026e-06      -1.07506e+03   1.11780e+03   4.27355e+01      8.000000e-13  1.000000e-05     7483
15.978773   5.03949e-01  5.05671e-01   9.488e-01   2.60358e-08  1.54455e-06      -1.07402e+03   1.11918e+03   4.51614e+01      8.000000e-13  1.000000e-05     7489
15.996644   5.03955e-01  5.05668e-01   9.488e-01   2.60006e-08  5.22707e-07      -1.07430e+03   1.12016e+03   4.58621e+01      8.000000e-13  1.000000e-05     7495
16.012995   5.03957e-01  5.05670e-01   9.487e-01   2.39837e-08  6.54266e-07      -1.07356e+03   1.12046e+03   4.69004e+01      8.000000e-13  1.000000e-05     7501
16.030326   5.03951e-01  5.05679e-01   9.487e-01   2.18011e-08  9.37986e-07      -1.07437e+03   1.12038e+03   4.60138e+01      8.000000e-13  1.000000e-05     7507
16.048631   5.03954e-01  5.05677e-01   9.487e-01   2.38779e-08  1.67867e-06      -1.07343e+03   1.12089e+03   4.74613e+01      8.000000e-13  1.000000e-05     7513
16.065781   5.03950e-01  5.05681e-01   9.487e-01   2.70859e-08  3.48312e-06      -1.07645e+03   1.11860e+03   4.21558e+01      8.000000e-13  1.000000e-05     7519
16.081791   5.03956e-01  5.05680e-01   9.487e-01   2.49411e-08  1.80990e-06      -1.07623e+03   1.11874e+03   4.25035e+01      8.000000e-13  1.000000e-05     7525
16.098633   5.03960e-01  5.05679e-01   9.486e-01   2.71668e-08  2.25104e-06      -1.07737e+03   1.11811e+03   4.07362e+01      8.000000e-13  1.000000e-05     7531
16.115809   5.03961e-01  5.05682e-01   9.486e-01   2.88324e-08  9.96701e-07      -1.07745e+03   1.11806e+03   4.06039e+01      8.000000e-13  1.000000e-05     7537
16.133302   5.03970e-01  5.05677e-01   9.486e-01   3.08200e-08  1.31884e-06      -1.07672e+03   1.11842e+03   4.17001e+01      8.000000e-13  1.000000e-05     7543
16.151149   5.03966e-01  5.05685e-01   9.485e-01   3.13284e-08  8.68084e-07      -1.07690e+03   1.11692e+03   4.00167e+01      8.000000e-13  1.000000e-05     7549
16.168115   5.03971e-01  5.05686e-01   9.485e-01   2.92335e-08  1.56746e-06      -1.07658e+03   1.11860e+03   4.20193e+01      8.000000e-13  1.000000e-05     7555
16.185494   5.03977e-01  5.05684e-01   9.484e-01   3.07780e-08  1.27233e-06      -1.07747e+03   1.11842e+03   4.09412e+01      8.000000e-13  1.000000e-05     7561
16.202284   5.03980e-01  5.05684e-01   9.484e-01   3.62145e-08  9.38146e-07      -1.07703e+03   1.11917e+03   4.21401e+01      8.000000e-13  1.000000e-05     7567
16.219696   5.03981e-01  5.05687e-01   9.484e-01   3.43088e-08  8.45419e-07      -1.07544e+03   1.12058e+03   4.51329e+01      8.000000e-13  1.000000e-05     7573
16.236097   5.03975e-01  5.05696e-01   9.483e-01   3.61042e-08  2.02207e-06      -1.07507e+03   1.12059e+03   4.55245e+01      8.000000e-13  1.000000e-05     7579
16.251739   5.03975e-01  5.05700e-01   9.483e-01   3.08007e-08  1.24442e-06      -1.07434e+03   1.12142e+03   4.70762e+01      8.000000e-13  1.000000e-05     7585
16.268723   5.03976e-01  5.05702e-01   9.483e-01   2.87516e-08  1.24328e-06      -1.07519e+03   1.12005e+03   4.48628e+01      8.000000e-13  1.000000e-05     7591
16.285135   5.03983e-01  5.05701e-01   9.482e-01   2.86309e-08  1.03086e-06      -1.07522e+03   1.11966e+03   4.44360e+01      8.000000e-13  1.000000e-05     7597
16.302294   5.03987e-01  5.05698e-01   9.482e-01   3.07755e-08  8.97099e-07      -1.07570e+03   1.11970e+03   4.40053e+01      8.000000e-13  1.000000e-05     7603
16.318198   5.03986e-01  5.05703e-01   9.482e-01   2.65507e-08  2.37301e-06      -1.07586e+03   1.11930e+03   4.34390e+01      8.000000e-13  1.000000e-05     7609
16.334779   5.03990e-01  5.05702e-01   9.481e-01   2.35559e-08  9.67932e-07      -1.07513e+03   1.11832e+03   4.31883e+01      8.000000e-13  1.000000e-05     7615
16.351963   5.04003e-01  5.05692e-01   9.481e-01   2.34228e-08  6.56098e-07      -1.07568e+03   1.11942e+03   4.37377e+01      8.000000e-13  1.000000e-05     7621
16.368412   5.03997e-01  5.05701e-01   9.481e-01   2.19370e-08  1.35102e-06      -1.07542e+03   1.12080e+03   4.53815e+01      8.000000e-13  1.000000e-05     7627
16.384320   5.04001e-01  5.05701e-01   9.480e-01   2.66138e-08  7.32371e-07      -1.07493e+03   1.11971e+03   4.47850e+01      8.000000e-13  1.000000e-05     7633
16.401638   5.03997e-01  5.05710e-01   9.480e-01   2.55752e-08  7.72811e-07      -1.07506e+03   1.11988e+03   4.48135e+01      8.000000e-13  1.000000e-05     7639
16.419658   5.04005e-01  5.05705e-01   9.480e-01   2.71648e-08  4.73207e-07      -1.07371e+03   1.12136e+03   4.76512e+01      8.000000e-13  1.000000e-05     7645
16.437616   5.04004e-01  5.05706e-01   9.479e-01   2.77014e-08  7.32950e-07      -1.07396e+03   1.12020e+03   4.62454e+01      8.000000e-13  1.000000e-05     7651
16.454993   5.04007e-01  5.05709e-01   9.479e-01   3.13449e-08  8.34557e-07      -1.07555e+03   1.11875e+03   4.32040e+01      8.000000e-13  1.000000e-05     7657
16.472557   5.04006e-01  5.05716e-01   9.478e-01   2.97048e-08  7.98925e-07      -1.07408e+03   1.12029e+03   4.62061e+01      8.000000e-13  1.000000e-05     7663
16.489877   5.04007e-01  5.05718e-01   9.478e-01   2.75974e-08  1.57246e-06      -1.07447e+03   1.11987e+03   4.54023e+01      8.000000e-13  1.000000e-05     7669
16.507313   5.04011e-01  5.05718e-01   9.478e-01   2.59864e-08  8.79752e-07      -1.07369e+03   1.11890e+03   4.52106e+01      8.000000e-13  1.000000e-05     7675
16.525800   5.04017e-01  5.05716e-01   9.477e-01   3.02540e-08  3.84477e-07      -1.07355e+03   1.11772e+03   4.41654e+01      8.000000e-13  1.000000e-05     7681
16.544360   5.04015e-01  5.05723e-01   9.477e-01   3.22911e-08  3.36675e-07      -1.07345e+03   1.11808e+03   4.46224e+01      8.000000e-13  1.000000e-05     7687
16.563927   5.04011e-01  5.05729e-01   9.476e-01   3.92389e-08  3.96996e-07      -1.07628e+03   1.11693e+03   4.06548e+01      8.000000e-13  1.000000e-05     7693
16.581926   5.04006e-01  5.05734e-01   9.476e-01   4.14700e-08  8.36164e-07      -1.07583e+03   1.11723e+03   4.14000e+01      8.000000e-13  1.000000e-05     7699
16.599471   5.04002e-01  5.05742e-01   9.475e-01   3.71240e-08  1.05006e-06      -1.07399e+03   1.11793e+03   4.39396e+01      8.000000e-13  1.000000e-05     7705
16.616638   5.04000e-01  5.05748e-01   9.475e-01   3.18697e-08  6.74740e-07      -1.07338e+03   1.11821e+03   4.48303e+01      8.000000e-13  1.000000e-05     7711
16.633571   5.04008e-01  5.05746e-01   9.475e-01   3.18344e-08  4.43501e-07      -1.07274e+03   1.12060e+03   4.78566e+01      8.000000e-13  1.000000e-05     7717
16.651136   5.04007e-01  5.05754e-01   9.475e-01   2.54096e-08  6.16607e-07      -1.07212e+03   1.12067e+03   4.85445e+01      8.000000e-13  1.000000e-05     7723
16.668479   5.04008e-01  5.05759e-01   9.475e-01   2.59194e-08  2.86235e-06      -1.07286e+03   1.11935e+03   4.64935e+01      8.000000e-13  1.000000e-05     7729
16.684662   5.04003e-01  5.05768e-01   9.474e-01   2.39677e-08  2.12828e-06      -1.07312e+03   1.11854e+03   4.54197e+01      8.000000e-13  1.000000e-05     7741
16.700193   5.04006e-01  5.05767e-01   9.474e-01   2.16777e-08  1.22744e-06      -1.07244e+03   1.11938e+03   4.69416e+01      8.000000e-13  1.000000e-05     7747
16.715667   5.04008e-01  5.05769e-01   9.473e-01   2.17970e-08  1.21974e-06      -1.07226e+03   1.11992e+03   4.76601e+01      8.000000e-13  1.000000e-05     7753
16.732368   5.04017e-01  5.05766e-01   9.473e-01   2.33102e-08  8.27382e-07      -1.07095e+03   1.12045e+03   4.95027e+01      8.000000e-13  1.000000e-05     7759
16.749961   5.04020e-01  5.05766e-01   9.473e-01   2.17608e-08  5.41004e-07      -1.07110e+03   1.11925e+03   4.81466e+01      8.000000e-13  1.000000e-05     7765
16.768316   5.04011e-01  5.05781e-01   9.472e-01   2.33647e-08  5.60417e-06      -1.07212e+03   1.11902e+03   4.69007e+01      8.000000e-13  1.000000e-05     7771
16.785697   5.04014e-01  5.05781e-01   9.472e-01   2.33608e-08  2.72938e-06      -1.07234e+03   1.11900e+03   4.66538e+01      8.000000e-13  1.000000e-05     7777
16.803264   5.04005e-01  5.05793e-01   9.472e-01   2.32683e-08  1.55292e-06      -1.07270e+03   1.11693e+03   4.42356e+01      8.000000e-13  1.000000e-05     7783
16.821131   5.03998e-01  5.05798e-01   9.471e-01   2.33411e-08  1.28378e-06      -1.07533e+03   1.11499e+03   3.96652e+01      8.000000e-13  1.000000e-05     7789
16.838830   5.04004e-01  5.05798e-01   9.471e-01   2.34084e-08  5.61401e-07      -1.07396e+03   1.11707e+03   4.31173e+01      8.000000e-13  1.000000e-05     7795
16.857059   5.04012e-01  5.05796e-01   9.471e-01   2.54433e-08  3.18262e-06      -1.07264e+03   1.11791e+03   4.52696e+01      8.000000e-13  1.000000e-05     7801
16.875688   5.04009e-01  5.05800e-01   9.470e-01   2.91428e-08  1.67791e-06      -1.07142e+03   1.11928e+03   4.78667e+01      8.000000e-13  1.000000e-05     7807
16.894572   5.04008e-01  5.05806e-01   9.470e-01   2.90693e-08  7.50799e-07      -1.07134e+03   1.11870e+03   4.73583e+01      8.000000e-13  1.000000e-05     7813
16.912530   5.04004e-01  5.05814e-01   9.469e-01   2.90428e-08  5.37771e-07      -1.06976e+03   1.12041e+03   5.06484e+01      8.000000e-13  1.000000e-05     7819
16.930872   5.04008e-01  5.05819e-01   9.469e-01   2.38080e-08  8.26990e-07      -1.06971e+03   1.12008e+03   5.03698e+01      8.000000e-13  1.000000e-05     7825
16.949775   5.04021e-01  5.05814e-01   9.469e-01   2.37912e-08  5.48414e-07      -1.06941e+03   1.12092e+03   5.15094e+01      8.000000e-13  1.000000e-05     7831
16.969374   5.04028e-01  5.05811e-01   9.468e-01   2.39760e-08  4.90255e-07      -1.06843e+03   1.12148e+03   5.30481e+01      8.000000e-13  1.000000e-05     7837
16.987992   5.04027e-01  5.05819e-01   9.468e-01   2.61462e-08  4.83385e-07      -1.06898e+03   1.12133e+03   5.23522e+01      8.000000e-13  1.000000e-05     7843
17.006199   5.04033e-01  5.05818e-01   9.468e-01   2.75995e-08  7.20648e-07      -1.07002e+03   1.12072e+03   5.06992e+01      8.000000e-13  1.000000e-05     7849
17.023623   5.04032e-01  5.05823e-01   9.467e-01   2.59385e-08  5.64205e-07      -1.07114e+03   1.11959e+03   4.84460e+01      8.000000e-13  1.000000e-05     7855
17.041509   5.04045e-01  5.05816e-01   9.467e-01   2.38710e-08  9.18904e-07      -1.07088e+03   1.11910e+03   4.82126e+01      8.000000e-13  1.000000e-05     7861
17.059647   5.04050e-01  5.05816e-01   9.467e-01   2.59540e-08  2.15854e-06      -1.06970e+03   1.12121e+03   5.15105e+01      8.000000e-13  1.000000e-05     7867
17.076974   5.04044e-01  5.05827e-01   9.466e-01   2.76498e-08  1.56279e-06      -1.06973e+03   1.12015e+03   5.04150e+01      8.000000e-13  1.000000e-05     7873
17.094182   5.04032e-01  5.05843e-01   9.465e-01   2.56077e-08  1.13989e-06      -1.07112e+03   1.11813e+03   4.70100e+01      8.000000e-13  1.000000e-05     7879
17.109702   5.04028e-01  5.05849e-01   9.464e-01   2.70959e-08  1.02844e-06      -1.07120e+03   1.11734e+03   4.61346e+01      8.000000e-13  1.000000e-05     7885
17.127234   5.04026e-01  5.05852e-01   9.464e-01   2.60325e-08  6.91142e-07      -1.07372e+03   1.11691e+03   4.31909e+01      8.000000e-13  1.000000e-05     7891
17.143786   5.04033e-01  5.05850e-01   9.463e-01   2.38458e-08  3.88155e-07      -1.07373e+03   1.11661e+03   4.28787e+01      8.000000e-13  1.000000e-05     7897
17.161418   5.04033e-01  5.05852e-01   9.463e-01   2.39279e-08  2.56946e-06      -1.07335e+03   1.11483e+03   4.14823e+01      8.000000e-13  1.000000e-05     7903
17.178584   5.04038e-01  5.05851e-01   9.463e-01   2.83140e-08  1.39908e-06      -1.07408e+03   1.11471e+03   4.06274e+01      8.000000e-13  1.000000e-05     7909
17.196038   5.04027e-01  5.05863e-01   9.462e-01   2.99548e-08  2.20220e-06      -1.07274e+03   1.11484e+03   4.20994e+01      8.000000e-13  1.000000e-05     7915
17.212886   5.04026e-01  5.05868e-01   9.462e-01   3.29886e-08  1.97404e-06      -1.07335e+03   1.11471e+03   4.13648e+01      8.000000e-13  1.000000e-05     7921
17.230141   5.04029e-01  5.05867e-01   9.461e-01   2.87743e-08  1.97442e-06      -1.07523e+03   1.11043e+03   3.52050e+01      8.000000e-13  1.000000e-05     7927
17.246851   5.04021e-01  5.05875e-01   9.460e-01   2.71391e-08  1.38105e-06      -1.07645e+03   1.11032e+03   3.38768e+01      8.000000e-13  1.000000e-05     7933
17.262802   5.04014e-01  5.05884e-01   9.460e-01   2.71473e-08  1.48988e-06      -1.07667e+03   1.10989e+03   3.32210e+01      8.000000e-13  1.000000e-05     7939
17.279386   5.04015e-01  5.05886e-01   9.459e-01   2.71710e-08  7.93683e-07      -1.07567e+03   1.11082e+03   3.51489e+01      8.000000e-13  1.000000e-05     7945
17.296668   5.04023e-01  5.05883e-01   9.459e-01   2.92602e-08  5.60164e-07      -1.07527e+03   1.11247e+03   3.72021e+01      8.000000e-13  1.000000e-05     7951
17.313293   5.04020e-01  5.05888e-01   9.459e-01   2.61001e-08  1.25460e-06      -1.07714e+03   1.11105e+03   3.39122e+01      8.000000e-13  1.000000e-05     7957
17.330277   5.04022e-01  5.05890e-01   9.458e-01   2.78288e-08  9.79509e-07      -1.07670e+03   1.11260e+03   3.58993e+01      8.000000e-13  1.000000e-05     7963
17.346376   5.04018e-01  5.05895e-01   9.458e-01   2.93458e-08  5.34046e-07      -1.07590e+03   1.11278e+03   3.68784e+01      8.000000e-13  1.000000e-05     7969
17.362570   5.04023e-01  5.05894e-01   9.458e-01   2.65830e-08  5.95527e-07      -1.07551e+03   1.11197e+03   3.64552e+01      8.000000e-13  1.000000e-05     7975
17.379313   5.04021e-01  5.05900e-01   9.457e-01   2.51077e-08  6.20595e-07      -1.07526e+03   1.11166e+03   3.63957e+01      8.000000e-13  1.000000e-05     7981
17.396052   5.04028e-01  5.05897e-01   9.457e-01   2.50122e-08  5.50933e-07      -1.07629e+03   1.11075e+03   3.44539e+01      8.000000e-13  1.000000e-05     7987
17.412238   5.04036e-01  5.05895e-01   9.457e-01   2.34812e-08  6.45373e-07      -1.07794e+03   1.10991e+03   3.19708e+01      8.000000e-13  1.000000e-05     7993
17.429738   5.04044e-01  5.05890e-01   9.457e-01   2.87370e-08  7.28617e-07      -1.07751e+03   1.10966e+03   3.21493e+01      8.000000e-13  1.000000e-05     7999
17.447559   5.04046e-01  5.05891e-01   9.456e-01   3.07191e-08  5.54393e-07      -1.07621e+03   1.11078e+03   3.45692e+01      8.000000e-13  1.000000e-05     8005
17.465056   5.04048e-01  5.05891e-01   9.456e-01   3.24428e-08  3.08546e-07      -1.07726e+03   1.10890e+03   3.16485e+01      8.000000e-13  1.000000e-05     8011
17.482171   5.04042e-01  5.05900e-01   9.456e-01   2.86983e-08  5.10157e-07      -1.07585e+03   1.11043e+03   3.45858e+01      8.000000e-13  1.000000e-05     8017
17.498949   5.04046e-01  5.05901e-01   9.455e-01   2.92522e-08  6.25143e-07      -1.07627e+03   1.10935e+03   3.30713e+01      8.000000e-13  1.000000e-05     8023
17.515312   5.04039e-01  5.05909e-01   9.455e-01   3.12440e-08  1.82812e-06      -1.07701e+03   1.10806e+03   3.10515e+01      8.000000e-13  1.000000e-05     8029
17.530829   5.04049e-01  5.05903e-01   9.455e-01   3.22879e-08  9.82978e-07      -1.07752e+03   1.10889e+03   3.13725e+01      8.000000e-13  1.000000e-05     8035
17.546141   5.04055e-01  5.05899e-01   9.454e-01   3.44274e-08  9.95362e-07      -1.07927e+03   1.10823e+03   2.89537e+01      8.000000e-13  1.000000e-05     8041
17.561188   5.04061e-01  5.05897e-01   9.454e-01   2.90948e-08  8.33146e-07      -1.07962e+03   1.10851e+03   2.88879e+01      8.000000e-13  1.000000e-05     8047
17.576257   5.04063e-01  5.05897e-01   9.454e-01   2.84348e-08  5.55970e-07      -1.07864e+03   1.10878e+03   3.01414e+01      8.000000e-13  1.000000e-05     8053
17.592977   5.04064e-01  5.05900e-01   9.453e-01   2.17847e-08  1.32762e-06      -1.07800e+03   1.10910e+03   3.11016e+01      8.000000e-13  1.000000e-05     8059
17.610421   5.04066e-01  5.05901e-01   9.453e-01   2.60815e-08  1.29819e-06      -1.07835e+03   1.10832e+03   2.99779e+01      8.000000e-13  1.000000e-05     8065
17.628147   5.04064e-01  5.05908e-01   9.453e-01   2.59993e-08  9.35470e-07      -1.07780e+03   1.10846e+03   3.06550e+01      8.000000e-13  1.000000e-05     8071
17.646015   5.04069e-01  5.05906e-01   9.453e-01   3.02982e-08  7.76651e-07      -1.07692e+03   1.10916e+03   3.22375e+01      8.000000e-13  1.000000e-05     8077
17.664343   5.04076e-01  5.05903e-01   9.452e-01   3.66960e-08  8.38939e-07      -1.07663e+03   1.10903e+03   3.24003e+01      8.000000e-13  1.000000e-05     8083
17.682893   5.04082e-01  5.05900e-01   9.452e-01   3.46615e-08  4.87206e-07      -1.07700e+03   1.10993e+03   3.29231e+01      8.000000e-13  1.000000e-05     8089
17.701020   5.04084e-01  5.05901e-01   9.452e-01   3.09950e-08  6.03649e-07      -1.07591e+03   1.11078e+03   3.48773e+01      8.000000e-13  1.000000e-05     8095
17.718668   5.04082e-01  5.05905e-01   9.451e-01   3.09347e-08  8.61441e-07      -1.07633e+03   1.11195e+03   3.56273e+01      8.000000e-13  1.000000e-05     8101
17.736048   5.04090e-01  5.05899e-01   9.451e-01   2.82430e-08  1.00358e-06      -1.07727e+03   1.11126e+03   3.39892e+01      8.000000e-13  1.000000e-05     8107
17.753596   5.04093e-01  5.05898e-01   9.451e-01   2.51869e-08  5.39431e-07      -1.07767e+03   1.11001e+03   3.23385e+01      8.000000e-13  1.000000e-05     8113
17.772529   5.04092e-01  5.05900e-01   9.450e-01   2.65981e-08  5.50848e-07      -1.07934e+03   1.10857e+03   2.92280e+01      8.000000e-13  1.000000e-05     8119
17.792251   5.04099e-01  5.05896e-01   9.450e-01   2.34803e-08  5.55817e-07      -1.07928e+03   1.10963e+03   3.03515e+01      8.000000e-13  1.000000e-05     8125
17.810217   5.04100e-01  5.05897e-01   9.450e-01   2.19712e-08  6.27117e-07      -1.07940e+03   1.10931e+03   2.99096e+01      8.000000e-13  1.000000e-05     8131
17.827659   5.04107e-01  5.05895e-01   9.449e-01   2.51241e-08  6.29479e-07      -1.07857e+03   1.10844e+03   2.98709e+01      8.000000e-13  1.000000e-05     8137
17.844503   5.04110e-01  5.05895e-01   9.449e-01   2.35520e-08  4.48157e-07      -1.07885e+03   1.10850e+03   2.96446e+01      8.000000e-13  1.000000e-05     8143
17.861774   5.04102e-01  5.05904e-01   9.449e-01   2.34872e-08  6.53441e-07      -1.08040e+03   1.10768e+03   2.72870e+01      8.000000e-13  1.000000e-05     8149
17.878586   5.04093e-01  5.05914e-01   9.448e-01   2.35397e-08  5.49955e-07      -1.08108e+03   1.10708e+03   2.60064e+01      8.000000e-13  1.000000e-05     8155
17.895835   5.04097e-01  5.05913e-01   9.448e-01   2.34731e-08  5.56646e-07      -1.08093e+03   1.10771e+03   2.67842e+01      8.000000e-13  1.000000e-05     8161
17.912688   5.04100e-01  5.05912e-01   9.448e-01   2.39879e-08  4.21851e-07      -1.08120e+03   1.10716e+03   2.59620e+01      8.000000e-13  1.000000e-05     8167
17.931131   5.04103e-01  5.05911e-01   9.447e-01   2.40213e-08  7.25637e-07      -1.08011e+03   1.10810e+03   2.79845e+01      8.000000e-13  1.000000e-05     8173
17.948733   5.04095e-01  5.05927e-01   9.446e-01   2.39728e-08  7.57954e-07      -1.08097e+03   1.10787e+03   2.68950e+01      8.000000e-13  1.000000e-05     8179
17.965710   5.04100e-01  5.05928e-01   9.446e-01   2.39306e-08  9.51831e-07      -1.08072e+03   1.10797e+03   2.72504e+01      8.000000e-13  1.000000e-05     8185
17.983466   5.04097e-01  5.05934e-01   9.446e-01   2.77554e-08  4.42844e-07      -1.08015e+03   1.10800e+03   2.78517e+01      8.000000e-13  1.000000e-05     8191
18.002201   5.04107e-01  5.05928e-01   9.446e-01   2.34305e-08  7.84836e-07      -1.08102e+03   1.10850e+03   2.74812e+01      8.000000e-13  1.000000e-05     8197
18.019567   5.04103e-01  5.05935e-01   9.445e-01   2.48529e-08  5.37265e-07      -1.08021e+03   1.10815e+03   2.79431e+01      8.000000e-13  1.000000e-05     8203
18.037475   5.04109e-01  5.05933e-01   9.445e-01   2.65072e-08  8.52197e-07      -1.08049e+03   1.10921e+03   2.87183e+01      8.000000e-13  1.000000e-05     8209
18.054908   5.04108e-01  5.05936e-01   9.444e-01   2.17706e-08  5.65474e-07      -1.08042e+03   1.10858e+03   2.81540e+01      8.000000e-13  1.000000e-05     8215
18.072895   5.04110e-01  5.05937e-01   9.444e-01   2.18571e-08  4.66378e-07      -1.08158e+03   1.10785e+03   2.62730e+01      8.000000e-13  1.000000e-05     8221
18.090789   5.04111e-01  5.05940e-01   9.444e-01   2.18077e-08  1.12824e-06      -1.08134e+03   1.10699e+03   2.56506e+01      8.000000e-13  1.000000e-05     8227
18.107703   5.04114e-01  5.05938e-01   9.443e-01   2.54514e-08  3.38187e-07      -1.08260e+03   1.10561e+03   2.30113e+01      8.000000e-13  1.000000e-05     8233
18.125405   5.04113e-01  5.05941e-01   9.443e-01   2.56763e-08  4.78424e-07      -1.08239e+03   1.10600e+03   2.36165e+01      8.000000e-13  1.000000e-05     8239
18.144104   5.04107e-01  5.05951e-01   9.443e-01   2.35947e-08  1.45408e-06      -1.08348e+03   1.10574e+03   2.22593e+01      8.000000e-13  1.000000e-05     8245
18.162023   5.04118e-01  5.05943e-01   9.443e-01   2.56255e-08  1.22625e-06      -1.08323e+03   1.10529e+03   2.20663e+01      8.000000e-13  1.000000e-05     8251
18.180081   5.04115e-01  5.05950e-01   9.443e-01   2.56008e-08  7.07668e-07      -1.08277e+03   1.10523e+03   2.24563e+01      8.000000e-13  1.000000e-05     8257
18.197599   5.04117e-01  5.05949e-01   9.442e-01   2.71995e-08  5.00090e-07      -1.08228e+03   1.10488e+03   2.25960e+01      8.000000e-13  1.000000e-05     8263
18.215007   5.04118e-01  5.05948e-01   9.442e-01   2.77569e-08  5.86380e-07      -1.08265e+03   1.10453e+03   2.18815e+01      8.000000e-13  1.000000e-05     8269
18.232456   5.04119e-01  5.05949e-01   9.442e-01   2.98677e-08  5.35141e-07      -1.08359e+03   1.10404e+03   2.04423e+01      8.000000e-13  1.000000e-05     8275
18.250718   5.04119e-01  5.05951e-01   9.442e-01   2.55093e-08  3.83019e-07      -1.08220e+03   1.10524e+03   2.30381e+01      8.000000e-13  1.000000e-05     8281
18.268132   5.04120e-01  5.05951e-01   9.441e-01   2.35287e-08  6.72317e-07      -1.08314e+03   1.10374e+03   2.05976e+01      8.000000e-13  1.000000e-05     8287
18.286160   5.04119e-01  5.05956e-01   9.441e-01   2.50880e-08  5.98105e-07      -1.08256e+03   1.10407e+03   2.15133e+01      8.000000e-13  1.000000e-05     8293
18.304255   5.04124e-01  5.05955e-01   9.440e-01   2.50863e-08  4.48777e-07      -1.08351e+03   1.10300e+03   1.94857e+01      8.000000e-13  1.000000e-05     8299
18.322450   5.04117e-01  5.05964e-01   9.440e-01   2.50441e-08  4.32887e-07      -1.08622e+03   1.10097e+03   1.47546e+01      8.000000e-13  1.000000e-05     8305
18.338900   5.04116e-01  5.05967e-01   9.440e-01   2.55901e-08  5.22681e-07      -1.08700e+03   1.10069e+03   1.36885e+01      8.000000e-13  1.000000e-05     8311
18.356552   5.04122e-01  5.05962e-01   9.440e-01   2.76431e-08  3.12694e-07      -1.08665e+03   1.10048e+03   1.38301e+01      8.000000e-13  1.000000e-05     8317
18.374006   5.04125e-01  5.05959e-01   9.440e-01   2.75857e-08  8.89475e-07      -1.08777e+03   1.10023e+03   1.24618e+01      8.000000e-13  1.000000e-05     8329
18.390771   5.04133e-01  5.05953e-01   9.439e-01   2.70117e-08  6.28056e-07      -1.08844e+03   1.09965e+03   1.12075e+01      8.000000e-13  1.000000e-05     8335
18.409645   5.04128e-01  5.05958e-01   9.439e-01   3.29625e-08  3.47976e-07      -1.08837e+03   1.09928e+03   1.09070e+01      8.000000e-13  1.000000e-05     8341
18.427511   5.04131e-01  5.05956e-01   9.439e-01   3.29133e-08  2.58309e-07      -1.08872e+03   1.09970e+03   1.09773e+01      8.000000e-13  1.000000e-05     8347
18.446308   5.04138e-01  5.05949e-01   9.438e-01   2.34648e-08  4.62461e-07      -1.08906e+03   1.09931e+03   1.02505e+01      8.000000e-13  1.000000e-05     8353
18.464575   5.04141e-01  5.05950e-01   9.438e-01   2.71635e-08  5.31444e-07      -1.08864e+03   1.09966e+03   1.10141e+01      8.000000e-13  1.000000e-05     8359
18.483235   5.04148e-01  5.05943e-01   9.438e-01   2.33118e-08  6.78635e-07      -1.08902e+03   1.09985e+03   1.08287e+01      8.000000e-13  1.000000e-05     8365
18.501983   5.04142e-01  5.05947e-01   9.437e-01   2.19515e-08  5.88502e-07      -1.08895e+03   1.09878e+03   9.82384e+00      8.000000e-13  1.000000e-05     8371
18.520047   5.04138e-01  5.05951e-01   9.437e-01   2.39783e-08  4.07141e-07      -1.08997e+03   1.09683e+03   6.86090e+00      8.000000e-13  1.000000e-05     8377
18.539957   5.04134e-01  5.05952e-01   9.437e-01   2.61014e-08  2.07033e-07      -1.08951e+03   1.09589e+03   6.37547e+00      8.000000e-13  1.000000e-05     8383
18.558454   5.04141e-01  5.05947e-01   9.436e-01   2.76563e-08  9.24890e-07      -1.08874e+03   1.09694e+03   8.19900e+00      8.000000e-13  1.000000e-05     8389
18.578043   5.04141e-01  5.05946e-01   9.436e-01   3.29667e-08  1.35170e-06      -1.08833e+03   1.09630e+03   7.97503e+00      8.000000e-13  1.000000e-05     8395
18.596292   5.04138e-01  5.05951e-01   9.436e-01   3.51048e-08  1.19673e-06      -1.08864e+03   1.09717e+03   8.53639e+00      8.000000e-13  1.000000e-05     8401
18.614422   5.04138e-01  5.05951e-01   9.436e-01   3.23776e-08  5.69708e-07      -1.08843e+03   1.09712e+03   8.69361e+00      8.000000e-13  1.000000e-05     8407
18.632286   5.04141e-01  5.05950e-01   9.436e-01   3.13640e-08  1.43507e-06      -1.08801e+03   1.09694e+03   8.92459e+00      8.000000e-13  1.000000e-05     8413
18.650570   5.04144e-01  5.05948e-01   9.435e-01   2.75536e-08  1.99190e-06      -1.08873e+03   1.09617e+03   7.43541e+00      8.000000e-13  1.000000e-05     8419
18.668934   5.04142e-01  5.05953e-01   9.435e-01   2.50154e-08  1.96153e-06      -1.08800e+03   1.09709e+03   9.09591e+00      8.000000e-13  1.000000e-05     8425
18.687120   5.04140e-01  5.05953e-01   9.434e-01   2.34909e-08  2.50877e-06      -1.08858e+03   1.09637e+03   7.79061e+00      8.000000e-13  1.000000e-05     8431
18.705831   5.04141e-01  5.05951e-01   9.434e-01   2.34822e-08  1.43724e-06      -1.09111e+03   1.09629e+03   5.17635e+00      8.000000e-13  1.000000e-05     8437
18.723096   5.04144e-01  5.05949e-01   9.434e-01   2.73052e-08  2.41365e-06      -1.09152e+03   1.09571e+03   4.18632e+00      8.000000e-13  1.000000e-05     8443
18.741739   5.04144e-01  5.05948e-01   9.434e-01   2.56413e-08  1.41181e-06      -1.09117e+03   1.09587e+03   4.70707e+00      8.000000e-13  1.000000e-05     8449
18.760560   5.04143e-01  5.05946e-01   9.433e-01   2.35799e-08  6.82729e-07      -1.09197e+03   1.09507e+03   3.09618e+00      8.000000e-13  1.000000e-05     8455
18.778981   5.04146e-01  5.05944e-01   9.433e-01   2.35520e-08  5.22936e-07      -1.09193e+03   1.09658e+03   4.65370e+00      8.000000e-13  1.000000e-05     8461
18.795952   5.04138e-01  5.05953e-01   9.432e-01   2.56069e-08  5.34429e-07      -1.09110e+03   1.09769e+03   6.58935e+00      8.000000e-13  1.000000e-05     8467
18.813051   5.04138e-01  5.05955e-01   9.432e-01   2.35377e-08  3.27256e-07      -1.09071e+03   1.09830e+03   7.58832e+00      8.000000e-13  1.000000e-05     8473
18.829054   5.04139e-01  5.05954e-01   9.432e-01   2.57015e-08  8.89269e-07      -1.09166e+03   1.09871e+03   7.04962e+00      8.000000e-13  1.000000e-05     8485
18.844523   5.04143e-01  5.05950e-01   9.431e-01   2.50517e-08  6.79170e-07      -1.09235e+03   1.09811e+03   5.76710e+00      8.000000e-13  1.000000e-05     8491
18.861836   5.04137e-01  5.05956e-01   9.431e-01   2.65705e-08  5.86994e-07      -1.09257e+03   1.09776e+03   5.18588e+00      8.000000e-13  1.000000e-05     8497
18.880353   5.04137e-01  5.05956e-01   9.431e-01   2.18632e-08  3.66352e-07      -1.09279e+03   1.09806e+03   5.26155e+00      8.000000e-13  1.000000e-05     8503
18.899440   5.04128e-01  5.05965e-01   9.430e-01   2.19793e-08  3.37963e-07      -1.09305e+03   1.09700e+03   3.94622e+00      8.000000e-13  1.000000e-05     8509
18.917530   5.04111e-01  5.05981e-01   9.430e-01   2.39666e-08  1.23892e-06      -1.09261e+03   1.10010e+03   7.48572e+00      8.000000e-13  1.000000e-05     8515
18.934027   5.04115e-01  5.05978e-01   9.429e-01   2.33890e-08  5.67851e-07      -1.09351e+03   1.09824e+03   4.72883e+00      8.000000e-13  1.000000e-05     8521
18.951852   5.04120e-01  5.05974e-01   9.429e-01   2.54664e-08  4.35308e-07      -1.09419e+03   1.09751e+03   3.32032e+00      8.000000e-13  1.000000e-05     8527
18.970190   5.04121e-01  5.05967e-01   9.429e-01   2.33019e-08  3.85532e-07      -1.09542e+03   1.09557e+03   1.48995e-01      8.000000e-13  1.000000e-05     8533
18.988643   5.04119e-01  5.05966e-01   9.428e-01   2.96817e-08  3.27122e-07      -1.09583e+03   1.09428e+03  -1.54441e+00      8.000000e-13  1.000000e-05     8539
19.007282   5.04116e-01  5.05966e-01   9.428e-01   3.55156e-08  4.69323e-07      -1.09653e+03   1.09357e+03  -2.96331e+00      8.000000e-13  1.000000e-05     8545
19.024974   5.04119e-01  5.05962e-01   9.428e-01   3.34868e-08  4.05222e-07      -1.09703e+03   1.09280e+03  -4.23032e+00      8.000000e-13  1.000000e-05     8551
19.044433   5.04122e-01  5.05956e-01   9.427e-01   2.38970e-08  6.40046e-07      -1.09758e+03   1.09332e+03  -4.25794e+00      8.000000e-13  1.000000e-05     8557
19.063699   5.04125e-01  5.05953e-01   9.427e-01   2.81394e-08  5.93573e-07      -1.09716e+03   1.09417e+03  -2.99159e+00      8.000000e-13  1.000000e-05     8563
19.080794   5.04124e-01  5.05955e-01   9.427e-01   2.75792e-08  1.00191e-06      -1.09622e+03   1.09583e+03  -3.91905e-01      8.000000e-13  1.000000e-05     8575
19.097176   5.04119e-01  5.05956e-01   9.426e-01   2.98467e-08  6.99234e-07      -1.09395e+03   1.09733e+03   3.37924e+00      8.000000e-13  1.000000e-05     8581
19.113542   5.04121e-01  5.05952e-01   9.426e-01   2.51813e-08  1.12290e-06      -1.09505e+03   1.09707e+03   2.01457e+00      8.000000e-13  1.000000e-05     8587
19.129886   5.04121e-01  5.05952e-01   9.426e-01   2.52779e-08  1.91965e-06      -1.09499e+03   1.09696e+03   1.96724e+00      8.000000e-13  1.000000e-05     8593
19.147575   5.04121e-01  5.05951e-01   9.425e-01   2.52121e-08  6.02963e-07      -1.09430e+03   1.09805e+03   3.75165e+00      8.000000e-13  1.000000e-05     8599
19.163712   5.04125e-01  5.05948e-01   9.425e-01   2.88580e-08  9.55358e-07      -1.09381e+03   1.09859e+03   4.78205e+00      8.000000e-13  1.000000e-05     8605
19.181140   5.04126e-01  5.05947e-01   9.425e-01   2.55411e-08  5.16711e-07      -1.09414e+03   1.09814e+03   3.99934e+00      8.000000e-13  1.000000e-05     8611
19.200008   5.04125e-01  5.05949e-01   9.425e-01   2.54593e-08  4.85612e-07      -1.09334e+03   1.09923e+03   5.89357e+00      8.000000e-13  1.000000e-05     8617
19.219163   5.04126e-01  5.05949e-01   9.425e-01   2.61400e-08  3.80789e-07      -1.09423e+03   1.09848e+03   4.25463e+00      8.000000e-13  1.000000e-05     8623
19.238090   5.04124e-01  5.05951e-01   9.424e-01   2.60621e-08  5.65076e-07      -1.09352e+03   1.09753e+03   4.01177e+00      8.000000e-13  1.000000e-05     8629
19.256967   5.04122e-01  5.05954e-01   9.423e-01   2.39285e-08  1.14731e-06      -1.09335e+03   1.09784e+03   4.48673e+00      8.000000e-13  1.000000e-05     8635
19.275605   5.04122e-01  5.05956e-01   9.423e-01   2.39986e-08  5.57898e-07      -1.09358e+03   1.09685e+03   3.27494e+00      8.000000e-13  1.000000e-05     8641
19.294740   5.04118e-01  5.05958e-01   9.423e-01   2.17423e-08  8.48940e-07      -1.09428e+03   1.09544e+03   1.16147e+00      8.000000e-13  1.000000e-05     8647
19.312751   5.04112e-01  5.05958e-01   9.423e-01   2.17156e-08  3.56785e-06      -1.09627e+03   1.09446e+03  -1.81517e+00      8.000000e-13  1.000000e-05     8653
19.326295   5.04113e-01  5.05958e-01   9.423e-01   2.53992e-08  1.30435e-06      -1.09612e+03   1.09296e+03  -3.15921e+00      8.000000e-13  1.000000e-05     8665
19.339070   5.04110e-01  5.05960e-01   9.423e-01   2.49084e-08  3.02124e-07      -1.09597e+03   1.09324e+03  -2.72798e+00      8.000000e-13  1.000000e-05     8671
19.354935   5.04112e-01  5.05957e-01   9.423e-01   2.70296e-08  6.13216e-07      -1.09676e+03   1.09250e+03  -4.25610e+00      8.000000e-13  1.000000e-05     8677
19.372928   5.04111e-01  5.05960e-01   9.423e-01   2.69926e-08  7.24617e-07      -1.09741e+03   1.09196e+03  -5.45293e+00      8.000000e-13  1.000000e-05     8683
19.389755   5.04107e-01  5.05963e-01   9.422e-01   3.28811e-08  1.25230e-06      -1.09774e+03   1.09242e+03  -5.31859e+00      8.000000e-13  1.000000e-05     8689
19.408880   5.04095e-01  5.05970e-01   9.422e-01   2.86430e-08  1.57078e-06      -1.09897e+03   1.09146e+03  -7.51110e+00      8.000000e-13  1.000000e-05     8695
19.427984   5.04092e-01  5.05970e-01   9.422e-01   3.02345e-08  8.21931e-07      -1.09730e+03   1.09226e+03  -5.03280e+00      8.000000e-13  1.000000e-05     8701
19.446986   5.04096e-01  5.05965e-01   9.421e-01   2.70632e-08  1.01560e-06      -1.09743e+03   1.09237e+03  -5.05947e+00      8.000000e-13  1.000000e-05     8707
19.466120   5.04095e-01  5.05965e-01   9.421e-01   2.91265e-08  5.25852e-07      -1.09910e+03   1.09093e+03  -8.16859e+00      8.000000e-13  1.000000e-05     8713
19.485822   5.04107e-01  5.05950e-01   9.421e-01   3.08274e-08  9.04391e-07      -1.09873e+03   1.09142e+03  -7.30783e+00      8.000000e-13  1.000000e-05     8719
19.505828   5.04110e-01  5.05947e-01   9.420e-01   3.13829e-08  8.79316e-07      -1.09827e+03   1.09076e+03  -7.50994e+00      8.000000e-13  1.000000e-05     8725
19.524846   5.04110e-01  5.05945e-01   9.420e-01   3.13958e-08  8.52868e-07      -1.09758e+03   1.09273e+03  -4.84419e+00      8.000000e-13  1.000000e-05     8731
19.543877   5.04114e-01  5.05940e-01   9.419e-01   2.80745e-08  5.13725e-07      -1.09810e+03   1.09306e+03  -5.04812e+00      8.000000e-13  1.000000e-05     8737
19.562711   5.04117e-01  5.05936e-01   9.419e-01   2.75153e-08  3.29538e-07      -1.09862e+03   1.09256e+03  -6.05657e+00      8.000000e-13  1.000000e-05     8743
19.582264   5.04118e-01  5.05933e-01   9.419e-01   2.76270e-08  7.14129e-07      -1.09859e+03   1.09301e+03  -5.57998e+00      8.000000e-13  1.000000e-05     8749
19.601888   5.04116e-01  5.05932e-01   9.418e-01   2.72102e-08  5.34013e-07      -1.09859e+03   1.09297e+03  -5.61760e+00      8.000000e-13  1.000000e-05     8755
19.621822   5.04117e-01  5.05932e-01   9.418e-01   2.66335e-08  5.89426e-07      -1.09770e+03   1.09198e+03  -5.71601e+00      8.000000e-13  1.000000e-05     8761
19.641022   5.04122e-01  5.05921e-01   9.417e-01   2.50064e-08  3.33589e-07      -1.09634e+03   1.09463e+03  -1.70574e+00      8.000000e-13  1.000000e-05     8767
19.660521   5.04118e-01  5.05923e-01   9.417e-01   2.86084e-08  2.17406e-07      -1.09732e+03   1.09460e+03  -2.71816e+00      8.000000e-13  1.000000e-05     8773
19.680614   5.04120e-01  5.05921e-01   9.417e-01   2.70704e-08  7.56456e-07      -1.09772e+03   1.09522e+03  -2.49682e+00      8.000000e-13  1.000000e-05     8779
19.700822   5.04108e-01  5.05932e-01   9.416e-01   2.33391e-08  4.26600e-07      -1.09573e+03   1.09657e+03   8.36685e-01      8.000000e-13  1.000000e-05     8785
19.721656   5.04095e-01  5.05939e-01   9.415e-01   2.60948e-08  4.69884e-07      -1.09685e+03   1.09449e+03  -2.36027e+00      8.000000e-13  1.000000e-05     8791
19.741285   5.04097e-01  5.05935e-01   9.415e-01   2.39162e-08  3.03040e-07      -1.09685e+03   1.09571e+03  -1.13747e+00      8.000000e-13  1.000000e-05     8797
19.761225   5.04091e-01  5.05940e-01   9.415e-01   2.17561e-08  3.53445e-07      -1.09632e+03   1.09685e+03   5.28728e-01      8.000000e-13  1.000000e-05     8803
19.781456   5.04087e-01  5.05945e-01   9.414e-01   2.17011e-08  2.41444e-07      -1.09703e+03   1.09724e+03   2.08696e-01      8.000000e-13  1.000000e-05     8809
19.801835   5.04091e-01  5.05941e-01   9.414e-01   2.39204e-08  3.25966e-07      -1.09569e+03   1.09743e+03   1.74262e+00      8.000000e-13  1.000000e-05     8815
19.821431   5.04103e-01  5.05926e-01   9.413e-01   2.83233e-08  2.81564e-07      -1.09575e+03   1.09706e+03   1.31881e+00      8.000000e-13  1.000000e-05     8821
19.840754   5.04096e-01  5.05931e-01   9.413e-01   2.61392e-08  7.81829e-07      -1.09675e+03   1.09685e+03   1.02496e-01      8.000000e-13  1.000000e-05     8827
19.858958   5.04090e-01  5.05940e-01   9.413e-01   2.60390e-08  2.02880e-06      -1.09452e+03   1.09952e+03   5.00003e+00      8.000000e-13  1.000000e-05     8833
19.875957   5.04099e-01  5.05931e-01   9.412e-01   2.61371e-08  1.16572e-06      -1.09466e+03   1.09943e+03   4.76481e+00      8.000000e-13  1.000000e-05     8839
19.892612   5.04105e-01  5.05925e-01   9.412e-01   3.19457e-08  6.41278e-07      -1.09518e+03   1.09984e+03   4.66710e+00      8.000000e-13  1.000000e-05     8845
19.909699   5.04105e-01  5.05923e-01   9.412e-01   2.98909e-08  3.49110e-07      -1.09421e+03   1.10019e+03   5.98223e+00      8.000000e-13  1.000000e-05     8851
19.928447   5.04108e-01  5.05921e-01   9.411e-01   3.28214e-08  4.03433e-07      -1.09364e+03   1.10040e+03   6.75300e+00      8.000000e-13  1.000000e-05     8857
19.946709   5.04103e-01  5.05925e-01   9.411e-01   2.85077e-08  5.18421e-07      -1.09422e+03   1.09998e+03   5.76089e+00      8.000000e-13  1.000000e-05     8863
19.964738   5.04107e-01  5.05916e-01   9.410e-01   2.78896e-08  1.15596e-06      -1.09324e+03   1.09988e+03   6.63251e+00      8.000000e-13  1.000000e-05     8869
19.981844   5.04110e-01  5.05913e-01   9.410e-01   2.59061e-08  9.19130e-07      -1.09330e+03   1.09918e+03   5.88272e+00      8.000000e-13  1.000000e-05     8875
20.000551   5.04112e-01  5.05912e-01   9.410e-01   2.37138e-08  4.57033e-07      -1.09394e+03   1.09942e+03   5.48841e+00      8.000000e-13  1.000000e-05     8881
20.018786   5.04116e-01  5.05909e-01   9.409e-01   2.93526e-08  3.71297e-07      -1.09432e+03   1.09995e+03   5.63457e+00      8.000000e-13  1.000000e-05     8887
20.037209   5.04117e-01  5.05909e-01   9.409e-01   2.51017e-08  5.13728e-07      -1.09450e+03   1.09961e+03   5.10529e+00      8.000000e-13  1.000000e-05     8893
20.056865   5.04117e-01  5.05908e-01   9.409e-01   2.72920e-08  5.54173e-07      -1.09510e+03   1.09913e+03   4.03663e+00      8.000000e-13  1.000000e-05     8899
20.075237   5.04117e-01  5.05909e-01   9.408e-01   3.37100e-08  5.24523e-07      -1.09561e+03   1.09874e+03   3.13283e+00      8.000000e-13  1.000000e-05     8905
20.094477   5.04113e-01  5.05912e-01   9.408e-01   3.80686e-08  3.50866e-07      -1.09394e+03   1.10010e+03   6.15836e+00      8.000000e-13  1.000000e-05     8911
20.112919   5.04112e-01  5.05914e-01   9.408e-01   3.60251e-08  4.98852e-07      -1.09527e+03   1.09795e+03   2.67805e+00      8.000000e-13  1.000000e-05     8917
20.130512   5.04115e-01  5.05911e-01   9.407e-01   3.23461e-08  3.36876e-07      -1.09439e+03   1.09890e+03   4.50728e+00      8.000000e-13  1.000000e-05     8923
20.148559   5.04121e-01  5.05902e-01   9.407e-01   3.29337e-08  3.06369e-07      -1.09294e+03   1.09996e+03   7.02331e+00      8.000000e-13  1.000000e-05     8929
20.164837   5.04121e-01  5.05903e-01   9.407e-01   3.06993e-08  2.17733e-07      -1.09295e+03   1.09959e+03   6.64560e+00      8.000000e-13  1.000000e-05     8935
20.183349   5.04123e-01  5.05901e-01   9.407e-01   2.85361e-08  4.27103e-07      -1.09368e+03   1.09968e+03   5.99279e+00      8.000000e-13  1.000000e-05     8941
20.201931   5.04117e-01  5.05900e-01   9.406e-01   2.63826e-08  5.97211e-07      -1.09567e+03   1.09677e+03   1.09530e+00      8.000000e-13  1.000000e-05     8947
20.220383   5.04113e-01  5.05901e-01   9.406e-01   2.41914e-08  2.98042e-07      -1.09680e+03   1.09636e+03  -4.32111e-01      8.000000e-13  1.000000e-05     8953
20.239183   5.04111e-01  5.05900e-01   9.406e-01   2.20847e-08  3.52785e-07      -1.09562e+03   1.09678e+03   1.16437e+00      8.000000e-13  1.000000e-05     8959
20.258019   5.04113e-01  5.05896e-01   9.405e-01   2.18861e-08  4.69078e-07      -1.09486e+03   1.09723e+03   2.37216e+00      8.000000e-13  1.000000e-05     8965
20.278421   5.04106e-01  5.05897e-01   9.405e-01   2.40845e-08  4.72427e-07      -1.09416e+03   1.09748e+03   3.31705e+00      8.000000e-13  1.000000e-05     8971
20.297646   5.04111e-01  5.05890e-01   9.404e-01   2.63231e-08  3.72437e-07      -1.09402e+03   1.09764e+03   3.62618e+00      8.000000e-13  1.000000e-05     8977
20.317571   5.04115e-01  5.05884e-01   9.404e-01   2.84118e-08  4.23424e-07      -1.09413e+03   1.09710e+03   2.97189e+00      8.000000e-13  1.000000e-05     8983
20.336094   5.04110e-01  5.05888e-01   9.404e-01   2.78763e-08  3.14761e-07      -1.09358e+03   1.09825e+03   4.66664e+00      8.000000e-13  1.000000e-05     8989
20.356467   5.04102e-01  5.05896e-01   9.403e-01   3.53093e-08  2.56480e-07      -1.09179e+03   1.09920e+03   7.41129e+00      8.000000e-13  1.000000e-05     8995
20.373318   5.04105e-01  5.05891e-01   9.402e-01   3.15729e-08  1.16441e-06      -1.09189e+03   1.09891e+03   7.02307e+00      8.000000e-13  1.000000e-05     9007
20.389465   5.04110e-01  5.05886e-01   9.402e-01   2.94463e-08  8.76129e-07      -1.09120e+03   1.10076e+03   9.55997e+00      8.000000e-13  1.000000e-05     9013
20.405489   5.04113e-01  5.05884e-01   9.402e-01   2.52379e-08  9.30516e-07      -1.09215e+03   1.10050e+03   8.34749e+00      8.000000e-13  1.000000e-05     9019
20.423882   5.04115e-01  5.05884e-01   9.402e-01   2.51949e-08  4.47680e-07      -1.09219e+03   1.10123e+03   9.03327e+00      8.000000e-13  1.000000e-05     9025
20.443946   5.04117e-01  5.05882e-01   9.401e-01   2.58030e-08  3.01293e-07      -1.09277e+03   1.09995e+03   7.17742e+00      8.000000e-13  1.000000e-05     9031
20.465121   5.04116e-01  5.05884e-01   9.401e-01   2.95335e-08  3.02721e-07      -1.09388e+03   1.09991e+03   6.02500e+00      8.000000e-13  1.000000e-05     9037
20.486358   5.04111e-01  5.05888e-01   9.400e-01   2.88968e-08  4.94316e-07      -1.09448e+03   1.10005e+03   5.56470e+00      8.000000e-13  1.000000e-05     9043
20.506544   5.04109e-01  5.05892e-01   9.400e-01   3.05155e-08  3.64720e-07      -1.09216e+03   1.10220e+03   1.00411e+01      8.000000e-13  1.000000e-05     9049
20.526099   5.04103e-01  5.05898e-01   9.400e-01   2.94101e-08  6.49477e-07      -1.09100e+03   1.10355e+03   1.25489e+01      8.000000e-13  1.000000e-05     9055
20.544224   5.04099e-01  5.05902e-01   9.399e-01   2.88862e-08  4.08262e-07      -1.09217e+03   1.10304e+03   1.08745e+01      8.000000e-13  1.000000e-05     9061
20.561160   5.04097e-01  5.05902e-01   9.399e-01   2.74314e-08  5.97909e-07      -1.09298e+03   1.10256e+03   9.58695e+00      8.000000e-13  1.000000e-05     9067
20.577920   5.04099e-01  5.05899e-01   9.399e-01   2.37987e-08  5.64796e-07      -1.09298e+03   1.10183e+03   8.84386e+00      8.000000e-13  1.000000e-05     9073
20.594986   5.04097e-01  5.05902e-01   9.399e-01   2.36621e-08  3.45479e-07      -1.09276e+03   1.10261e+03   9.84841e+00      8.000000e-13  1.000000e-05     9079
20.611161   5.04097e-01  5.05902e-01   9.398e-01   2.20651e-08  3.90984e-07      -1.09257e+03   1.10266e+03   1.00825e+01      8.000000e-13  1.000000e-05     9085
20.628122   5.04094e-01  5.05909e-01   9.398e-01   2.80073e-08  8.47253e-07      -1.09132e+03   1.10409e+03   1.27662e+01      8.000000e-13  1.000000e-05     9091
20.645664   5.04098e-01  5.05905e-01   9.398e-01   2.79834e-08  5.99636e-07      -1.09120e+03   1.10532e+03   1.41184e+01      8.000000e-13  1.000000e-05     9097
20.663085   5.04096e-01  5.05908e-01   9.398e-01   2.79838e-08  3.82782e-07      -1.09118e+03   1.10429e+03   1.31088e+01      8.000000e-13  1.000000e-05     9103
20.680224   5.04094e-01  5.05911e-01   9.397e-01   2.56753e-08  4.77440e-07      -1.09167e+03   1.10424e+03   1.25638e+01      8.000000e-13  1.000000e-05     9109
20.698799   5.04081e-01  5.05927e-01   9.397e-01   2.72359e-08  8.97015e-07      -1.08970e+03   1.10269e+03   1.29934e+01      8.000000e-13  1.000000e-05     9115
20.717330   5.04087e-01  5.05925e-01   9.397e-01   3.03798e-08  8.72503e-07      -1.09016e+03   1.10279e+03   1.26314e+01      8.000000e-13  1.000000e-05     9121
20.736212   5.04091e-01  5.05920e-01   9.397e-01   2.87962e-08  5.00334e-07      -1.09156e+03   1.10157e+03   1.00078e+01      8.000000e-13  1.000000e-05     9127
20.755510   5.04099e-01  5.05912e-01   9.396e-01   2.66478e-08  1.24824e-06      -1.09096e+03   1.10328e+03   1.23226e+01      8.000000e-13  1.000000e-05     9133
20.773205   5.04097e-01  5.05916e-01   9.396e-01   3.04436e-08  1.01094e-06      -1.09244e+03   1.10246e+03   1.00195e+01      8.000000e-13  1.000000e-05     9139
20.790124   5.04094e-01  5.05919e-01   9.396e-01   2.88577e-08  5.66948e-07      -1.09304e+03   1.10134e+03   8.29970e+00      8.000000e-13  1.000000e-05     9145
20.807626   5.04094e-01  5.05918e-01   9.396e-01   3.20157e-08  3.87420e-07      -1.09290e+03   1.10102e+03   8.12492e+00      8.000000e-13  1.000000e-05     9151
20.826418   5.04093e-01  5.05919e-01   9.395e-01   3.30125e-08  1.12439e-06      -1.09132e+03   1.10279e+03   1.14631e+01      8.000000e-13  1.000000e-05     9157
20.845013   5.04093e-01  5.05922e-01   9.395e-01   2.92921e-08  9.71607e-07      -1.09363e+03   1.10040e+03   6.76391e+00      8.000000e-13  1.000000e-05     9163
20.863602   5.04089e-01  5.05925e-01   9.395e-01   2.77813e-08  8.07096e-07      -1.09419e+03   1.09942e+03   5.23370e+00      8.000000e-13  1.000000e-05     9169
20.881083   5.04092e-01  5.05920e-01   9.395e-01   2.92976e-08  5.82878e-07      -1.09309e+03   1.09923e+03   6.14006e+00      8.000000e-13  1.000000e-05     9175
20.898998   5.04093e-01  5.05921e-01   9.395e-01   2.99689e-08  5.04402e-07      -1.09224e+03   1.09917e+03   6.92761e+00      8.000000e-13  1.000000e-05     9181
20.917721   5.04094e-01  5.05924e-01   9.394e-01   3.20588e-08  3.56964e-07      -1.09188e+03   1.10113e+03   9.25841e+00      8.000000e-13  1.000000e-05     9187
20.935997   5.04088e-01  5.05930e-01   9.394e-01   3.21109e-08  2.69475e-07      -1.09227e+03   1.10079e+03   8.51483e+00      8.000000e-13  1.000000e-05     9193
20.954001   5.04075e-01  5.05942e-01   9.394e-01   3.38919e-08  5.51167e-07      -1.09243e+03   1.10015e+03   7.72146e+00      8.000000e-13  1.000000e-05     9199
20.971360   5.04077e-01  5.05939e-01   9.393e-01   3.55692e-08  5.32199e-07      -1.09225e+03   1.10146e+03   9.21139e+00      8.000000e-13  1.000000e-05     9205
20.988975   5.04072e-01  5.05943e-01   9.393e-01   2.95750e-08  3.81166e-07      -1.09302e+03   1.10189e+03   8.86705e+00      8.000000e-13  1.000000e-05     9211
21.005665   5.04074e-01  5.05939e-01   9.393e-01   2.95624e-08  3.88238e-07      -1.09315e+03   1.10067e+03   7.51391e+00      8.000000e-13  1.000000e-05     9223
21.021691   5.04076e-01  5.05937e-01   9.392e-01   3.15089e-08  4.79484e-07      -1.09321e+03   1.10142e+03   8.20862e+00      8.000000e-13  1.000000e-05     9229
21.038499   5.04073e-01  5.05939e-01   9.392e-01   2.94162e-08  3.88749e-07      -1.09352e+03   1.10091e+03   7.38114e+00      8.000000e-13  1.000000e-05     9235
21.057145   5.04078e-01  5.05938e-01   9.392e-01   2.78490e-08  4.08855e-07      -1.09397e+03   1.10032e+03   6.34853e+00      8.000000e-13  1.000000e-05     9241
21.075848   5.04073e-01  5.05946e-01   9.392e-01   2.77458e-08  3.31899e-07      -1.09197e+03   1.10145e+03   9.47377e+00      8.000000e-13  1.000000e-05     9247
21.094944   5.04080e-01  5.05937e-01   9.391e-01   2.78335e-08  2.83951e-07      -1.09300e+03   1.10131e+03   8.30677e+00      8.000000e-13  1.000000e-05     9253
21.113200   5.04080e-01  5.05941e-01   9.391e-01   2.61628e-08  4.65004e-07      -1.09336e+03   1.10148e+03   8.11978e+00      8.000000e-13  1.000000e-05     9259
21.130754   5.04081e-01  5.05943e-01   9.391e-01   2.60648e-08  3.33917e-07      -1.09271e+03   1.10253e+03   9.81902e+00      8.000000e-13  1.000000e-05     9265
21.149197   5.04089e-01  5.05936e-01   9.390e-01   2.40148e-08  1.99074e-07      -1.09284e+03   1.10221e+03   9.37700e+00      8.000000e-13  1.000000e-05     9271
21.168128   5.04092e-01  5.05932e-01   9.390e-01   2.50634e-08  3.76196e-07      -1.09094e+03   1.10373e+03   1.27919e+01      8.000000e-13  1.000000e-05     9277
21.185508   5.04082e-01  5.05943e-01   9.389e-01   2.36503e-08  4.64548e-07      -1.09307e+03   1.10131e+03   8.23140e+00      8.000000e-13  1.000000e-05     9283
21.203308   5.04089e-01  5.05937e-01   9.389e-01   2.51002e-08  1.07193e-06      -1.09260e+03   1.10101e+03   8.40982e+00      8.000000e-13  1.000000e-05     9289
21.220458   5.04090e-01  5.05935e-01   9.389e-01   2.51108e-08  1.22279e-06      -1.09145e+03   1.10273e+03   1.12811e+01      8.000000e-13  1.000000e-05     9295
21.237428   5.04096e-01  5.05930e-01   9.388e-01   2.57714e-08  1.27549e-06      -1.09130e+03   1.10220e+03   1.08945e+01      8.000000e-13  1.000000e-05     9301
21.255102   5.04102e-01  5.05926e-01   9.388e-01   2.73564e-08  5.51153e-07      -1.09163e+03   1.10164e+03   1.00068e+01      8.000000e-13  1.000000e-05     9307
21.275271   5.04101e-01  5.05926e-01   9.388e-01   2.94409e-08  4.83603e-07      -1.09104e+03   1.10308e+03   1.20385e+01      8.000000e-13  1.000000e-05     9313
21.294407   5.04101e-01  5.05926e-01   9.387e-01   2.61966e-08  2.80594e-07      -1.09272e+03   1.10238e+03   9.65770e+00      8.000000e-13  1.000000e-05     9319
21.315539   5.04083e-01  5.05942e-01   9.387e-01   2.82803e-08  6.46086e-07      -1.09069e+03   1.10462e+03   1.39299e+01      8.000000e-13  1.000000e-05     9325
21.336013   5.04081e-01  5.05944e-01   9.387e-01   2.84213e-08  9.00216e-07      -1.09345e+03   1.10366e+03   1.02095e+01      8.000000e-13  1.000000e-05     9331
21.355673   5.04078e-01  5.05952e-01   9.386e-01   3.21046e-08  6.68357e-07      -1.09365e+03   1.10495e+03   1.12979e+01      8.000000e-13  1.000000e-05     9337
21.374903   5.04076e-01  5.05954e-01   9.385e-01   3.31184e-08  6.87672e-07      -1.09583e+03   1.10291e+03   7.07564e+00      8.000000e-13  1.000000e-05     9343
21.393473   5.04078e-01  5.05954e-01   9.385e-01   3.52560e-08  3.95323e-07      -1.09731e+03   1.10131e+03   4.00057e+00      8.000000e-13  1.000000e-05     9349
21.411709   5.04088e-01  5.05943e-01   9.385e-01   3.15780e-08  3.56443e-07      -1.09754e+03   1.10180e+03   4.26140e+00      8.000000e-13  1.000000e-05     9355
21.428617   5.04091e-01  5.05941e-01   9.384e-01   3.26298e-08  3.02842e-07      -1.09798e+03   1.10150e+03   3.52203e+00      8.000000e-13  1.000000e-05     9361
21.447803   5.04089e-01  5.05942e-01   9.384e-01   3.09732e-08  2.33382e-07      -1.09812e+03   1.10169e+03   3.56780e+00      8.000000e-13  1.000000e-05     9367
21.466747   5.04085e-01  5.05947e-01   9.384e-01   2.72696e-08  5.65196e-07      -1.09836e+03   1.10079e+03   2.43127e+00      8.000000e-13  1.000000e-05     9373
21.486683   5.04079e-01  5.05954e-01   9.383e-01   2.57375e-08  4.81361e-07      -1.09834e+03   1.09978e+03   1.44602e+00      8.000000e-13  1.000000e-05     9379
21.504832   5.04085e-01  5.05950e-01   9.383e-01   2.57242e-08  3.27167e-07      -1.09713e+03   1.10019e+03   3.06175e+00      8.000000e-13  1.000000e-05     9385
21.523300   5.04091e-01  5.05944e-01   9.383e-01   2.82674e-08  2.76339e-07      -1.09628e+03   1.10067e+03   4.39016e+00      8.000000e-13  1.000000e-05     9391
21.541220   5.04087e-01  5.05946e-01   9.382e-01   2.66803e-08  2.82569e-07      -1.09710e+03   1.10027e+03   3.16857e+00      8.000000e-13  1.000000e-05     9397
21.559045   5.04084e-01  5.05948e-01   9.382e-01   2.35792e-08  2.11940e-07      -1.09728e+03   1.09923e+03   1.95196e+00      8.000000e-13  1.000000e-05     9403
21.577547   5.04083e-01  5.05951e-01   9.382e-01   2.78117e-08  3.30728e-07      -1.09821e+03   1.09929e+03   1.08361e+00      8.000000e-13  1.000000e-05     9409
21.595717   5.04084e-01  5.05949e-01   9.381e-01   2.88173e-08  3.95546e-07      -1.09590e+03   1.10149e+03   5.59454e+00      8.000000e-13  1.000000e-05     9415
21.612225   5.04078e-01  5.05952e-01   9.381e-01   2.56870e-08  9.59488e-07      -1.09509e+03   1.09940e+03   4.31441e+00      8.000000e-13  1.000000e-05     9421
21.627334   5.04078e-01  5.05951e-01   9.380e-01   2.68487e-08  1.19460e-06      -1.09526e+03   1.09941e+03   4.14812e+00      8.000000e-13  1.000000e-05     9427
21.644853   5.04078e-01  5.05950e-01   9.380e-01   2.52564e-08  5.23631e-07      -1.09637e+03   1.09918e+03   2.81000e+00      8.000000e-13  1.000000e-05     9433
21.664038   5.04087e-01  5.05942e-01   9.380e-01   2.36227e-08  5.72762e-07      -1.09628e+03   1.09983e+03   3.55361e+00      8.000000e-13  1.000000e-05     9439
21.683289   5.04088e-01  5.05942e-01   9.380e-01   2.35012e-08  6.52788e-07      -1.09588e+03   1.10007e+03   4.18455e+00      8.000000e-13  1.000000e-05     9445
21.702731   5.04083e-01  5.05947e-01   9.380e-01   2.55677e-08  7.55954e-07      -1.09623e+03   1.09993e+03   3.69636e+00      8.000000e-13  1.000000e-05     9451
21.723265   5.04087e-01  5.05943e-01   9.379e-01   2.56149e-08  6.96009e-07      -1.09492e+03   1.10239e+03   7.47124e+00      8.000000e-13  1.000000e-05     9457
21.742645   5.04082e-01  5.05946e-01   9.378e-01   2.19078e-08  5.98909e-07      -1.09570e+03   1.10187e+03   6.17234e+00      8.000000e-13  1.000000e-05     9463
21.761839   5.04083e-01  5.05947e-01   9.378e-01   2.18412e-08  4.62098e-07      -1.09628e+03   1.10075e+03   4.47010e+00      8.000000e-13  1.000000e-05     9469
21.781490   5.04072e-01  5.05957e-01   9.378e-01   2.19230e-08  7.07488e-07      -1.09784e+03   1.10001e+03   2.16798e+00      8.000000e-13  1.000000e-05     9475
21.800477   5.04078e-01  5.05947e-01   9.377e-01   2.19028e-08  4.82610e-07      -1.09964e+03   1.09818e+03  -1.46007e+00      8.000000e-13  1.000000e-05     9481
21.819735   5.04085e-01  5.05945e-01   9.377e-01   2.40154e-08  5.91720e-07      -1.09874e+03   1.09772e+03  -1.02297e+00      8.000000e-13  1.000000e-05     9487
21.837293   5.04088e-01  5.05941e-01   9.377e-01   2.60738e-08  3.06777e-07      -1.09790e+03   1.09829e+03   3.89742e-01      8.000000e-13  1.000000e-05     9493
21.855863   5.04094e-01  5.05937e-01   9.376e-01   2.56173e-08  2.94278e-07      -1.09869e+03   1.09879e+03   1.01079e-01      8.000000e-13  1.000000e-05     9499
21.876159   5.04090e-01  5.05941e-01   9.376e-01   2.35762e-08  2.07898e-07      -1.09958e+03   1.09702e+03  -2.55847e+00      8.000000e-13  1.000000e-05     9505
21.897391   5.04097e-01  5.05933e-01   9.376e-01   2.78460e-08  5.48821e-07      -1.09926e+03   1.09614e+03  -3.11976e+00      8.000000e-13  1.000000e-05     9511
21.917350   5.04096e-01  5.05933e-01   9.376e-01   2.95230e-08  3.57517e-07      -1.10113e+03   1.09476e+03  -6.36497e+00      8.000000e-13  1.000000e-05     9517
21.937109   5.04098e-01  5.05930e-01   9.376e-01   2.95454e-08  3.18845e-07      -1.10194e+03   1.09353e+03  -8.41096e+00      8.000000e-13  1.000000e-05     9523
21.953822   5.04103e-01  5.05924e-01   9.375e-01   3.11498e-08  4.55070e-07      -1.10085e+03   1.09532e+03  -5.52961e+00      8.000000e-13  1.000000e-05     9535
21.969895   5.04104e-01  5.05923e-01   9.375e-01   2.99620e-08  4.55019e-07      -1.10048e+03   1.09653e+03  -3.94513e+00      8.000000e-13  1.000000e-05     9541
21.986643   5.04103e-01  5.05920e-01   9.375e-01   2.78817e-08  3.07926e-07      -1.10018e+03   1.09583e+03  -4.35344e+00      8.000000e-13  1.000000e-05     9547
22.004477   5.04099e-01  5.05922e-01   9.375e-01   2.58862e-08  5.55687e-07      -1.10116e+03   1.09510e+03  -6.06070e+00      8.000000e-13  1.000000e-05     9553
22.021513   5.04095e-01  5.05924e-01   9.374e-01   2.63800e-08  1.02295e-06      -1.10077e+03   1.09535e+03  -5.41944e+00      8.000000e-13  1.000000e-05     9559
22.038421   5.04103e-01  5.05916e-01   9.374e-01   2.78308e-08  6.54222e-07      -1.09971e+03   1.09640e+03  -3.30880e+00      8.000000e-13  1.000000e-05     9565
22.056832   5.04100e-01  5.05917e-01   9.374e-01   2.72649e-08  5.41454e-07      -1.09986e+03   1.09612e+03  -3.73455e+00      8.000000e-13  1.000000e-05     9571
22.075294   5.04099e-01  5.05916e-01   9.374e-01   2.79035e-08  4.02887e-07      -1.09966e+03   1.09687e+03  -2.79064e+00      8.000000e-13  1.000000e-05     9577
22.092937   5.04099e-01  5.05917e-01   9.374e-01   2.77838e-08  2.39866e-07      -1.10016e+03   1.09825e+03  -1.90871e+00      8.000000e-13  1.000000e-05     9583
22.109342   5.04105e-01  5.05908e-01   9.374e-01   2.42125e-08  2.48832e-07      -1.10048e+03   1.09798e+03  -2.50721e+00      8.000000e-13  1.000000e-05     9589
22.126256   5.04104e-01  5.05908e-01   9.373e-01   2.41366e-08  5.51883e-07      -1.09939e+03   1.09829e+03  -1.09811e+00      8.000000e-13  1.000000e-05     9595
22.144699   5.04104e-01  5.05907e-01   9.373e-01   2.41651e-08  3.32357e-07      -1.09845e+03   1.09918e+03   7.32582e-01      8.000000e-13  1.000000e-05     9601
22.165032   5.04099e-01  5.05912e-01   9.373e-01   2.42580e-08  7.55427e-07      -1.09836e+03   1.09928e+03   9.24160e-01      8.000000e-13  1.000000e-05     9607
22.185712   5.04093e-01  5.05914e-01   9.372e-01   2.20903e-08  2.68630e-07      -1.09750e+03   1.09905e+03   1.54452e+00      8.000000e-13  1.000000e-05     9613
22.205673   5.04091e-01  5.05915e-01   9.372e-01   2.62369e-08  3.68147e-07      -1.09741e+03   1.09816e+03   7.50135e-01      8.000000e-13  1.000000e-05     9619
22.226139   5.04093e-01  5.05913e-01   9.372e-01   2.82870e-08  2.09441e-07      -1.09790e+03   1.09721e+03  -6.88607e-01      8.000000e-13  1.000000e-05     9625
22.247440   5.04101e-01  5.05909e-01   9.372e-01   3.00172e-08  4.34612e-07      -1.09558e+03   1.09702e+03   1.44557e+00      8.000000e-13  1.000000e-05     9631
22.267206   5.04100e-01  5.05911e-01   9.372e-01   3.41799e-08  3.50340e-07      -1.09533e+03   1.09886e+03   3.52367e+00      8.000000e-13  1.000000e-05     9637
22.288013   5.04097e-01  5.05915e-01   9.372e-01   3.00121e-08  3.79457e-07      -1.09719e+03   1.09731e+03   1.16998e-01      8.000000e-13  1.000000e-05     9643
22.308912   5.04092e-01  5.05917e-01   9.372e-01   2.84728e-08  6.52372e-07      -1.09772e+03   1.09734e+03  -3.80820e-01      8.000000e-13  1.000000e-05     9649
22.328284   5.04095e-01  5.05913e-01   9.371e-01   3.00641e-08  4.61290e-07      -1.09827e+03   1.09706e+03  -1.21103e+00      8.000000e-13  1.000000e-05     9655
22.348576   5.04095e-01  5.05914e-01   9.371e-01   2.94560e-08  2.10359e-07      -1.09764e+03   1.09789e+03   2.53525e-01      8.000000e-13  1.000000e-05     9661
22.367264   5.04090e-01  5.05917e-01   9.371e-01   2.42144e-08  3.23021e-07      -1.09772e+03   1.09965e+03   1.93613e+00      8.000000e-13  1.000000e-05     9667
22.385889   5.04091e-01  5.05915e-01   9.370e-01   2.41569e-08  2.82892e-07      -1.09779e+03   1.09880e+03   1.00293e+00      8.000000e-13  1.000000e-05     9673
22.403616   5.04095e-01  5.05910e-01   9.370e-01   2.19948e-08  2.30111e-07      -1.09836e+03   1.09854e+03   1.76288e-01      8.000000e-13  1.000000e-05     9679
22.422319   5.04090e-01  5.05916e-01   9.370e-01   2.35239e-08  4.43433e-07      -1.09809e+03   1.09893e+03   8.41275e-01      8.000000e-13  1.000000e-05     9685
22.441047   5.04081e-01  5.05922e-01   9.369e-01   2.35807e-08  3.73470e-07      -1.09879e+03   1.09884e+03   5.01593e-02      8.000000e-13  1.000000e-05     9691
22.460092   5.04083e-01  5.05917e-01   9.369e-01   2.66709e-08  2.40548e-07      -1.09863e+03   1.09948e+03   8.48975e-01      8.000000e-13  1.000000e-05     9697
22.479714   5.04078e-01  5.05921e-01   9.369e-01   2.50567e-08  5.05331e-07      -1.09883e+03   1.09989e+03   1.05814e+00      8.000000e-13  1.000000e-05     9703
22.499230   5.04081e-01  5.05920e-01   9.368e-01   2.72163e-08  1.34537e-06      -1.09705e+03   1.10080e+03   3.74675e+00      8.000000e-13  1.000000e-05     9709
22.514568   5.04080e-01  5.05919e-01   9.368e-01   2.72820e-08  7.78472e-07      -1.09666e+03   1.10186e+03   5.20156e+00      8.000000e-13  1.000000e-05     9721
22.529211   5.04079e-01  5.05921e-01   9.368e-01   2.39839e-08  1.20233e-06      -1.09632e+03   1.10162e+03   5.30050e+00      8.000000e-13  1.000000e-05     9727
22.545005   5.04081e-01  5.05919e-01   9.368e-01   2.77183e-08  7.16543e-07      -1.09605e+03   1.10218e+03   6.13024e+00      8.000000e-13  1.000000e-05     9733
22.562240   5.04082e-01  5.05918e-01   9.368e-01   3.15896e-08  4.60553e-07      -1.09627e+03   1.10130e+03   5.02716e+00      8.000000e-13  1.000000e-05     9739
22.580872   5.04076e-01  5.05925e-01   9.367e-01   3.43126e-08  3.24170e-07      -1.09665e+03   1.10011e+03   3.46293e+00      8.000000e-13  1.000000e-05     9745
22.600818   5.04075e-01  5.05925e-01   9.367e-01   3.90273e-08  4.19259e-07      -1.09621e+03   1.10042e+03   4.21201e+00      8.000000e-13  1.000000e-05     9751
22.620971   5.04076e-01  5.05926e-01   9.367e-01   3.52125e-08  3.98914e-07      -1.09586e+03   1.10004e+03   4.17596e+00      8.000000e-13  1.000000e-05     9757
22.640041   5.04069e-01  5.05931e-01   9.367e-01   3.04691e-08  4.03199e-07      -1.09652e+03   1.10002e+03   3.50622e+00      8.000000e-13  1.000000e-05     9763
22.660065   5.04066e-01  5.05935e-01   9.366e-01   2.86998e-08  2.63378e-07      -1.09550e+03   1.10045e+03   4.94710e+00      8.000000e-13  1.000000e-05     9769
22.677236   5.04065e-01  5.05936e-01   9.366e-01   2.71958e-08  5.65578e-07      -1.09598e+03   1.10133e+03   5.34501e+00      8.000000e-13  1.000000e-05     9781
22.693665   5.04065e-01  5.05936e-01   9.366e-01   3.03344e-08  4.46139e-07      -1.09544e+03   1.10150e+03   6.06878e+00      8.000000e-13  1.000000e-05     9787
22.712171   5.04063e-01  5.05937e-01   9.366e-01   3.19006e-08  2.59371e-07      -1.09512e+03   1.10151e+03   6.38642e+00      8.000000e-13  1.000000e-05     9793
22.732608   5.04070e-01  5.05933e-01   9.365e-01   3.05315e-08  2.44176e-07      -1.09634e+03   1.10110e+03   4.76406e+00      8.000000e-13  1.000000e-05     9799
22.752939   5.04047e-01  5.05953e-01   9.365e-01   3.20378e-08  6.58179e-07      -1.09571e+03   1.10040e+03   4.69308e+00      8.000000e-13  1.000000e-05     9805
22.773060   5.04042e-01  5.05956e-01   9.364e-01   3.19591e-08  3.76640e-07      -1.09717e+03   1.10021e+03   3.03505e+00      8.000000e-13  1.000000e-05     9811
22.793615   5.04045e-01  5.05955e-01   9.364e-01   3.02546e-08  3.25420e-07      -1.09591e+03   1.10066e+03   4.74941e+00      8.000000e-13  1.000000e-05     9817
22.813659   5.04046e-01  5.05951e-01   9.363e-01   2.81474e-08  2.14195e-07      -1.09604e+03   1.09973e+03   3.69450e+00      8.000000e-13  1.000000e-05     9823
22.834319   5.04046e-01  5.05949e-01   9.363e-01   2.50569e-08  1.82592e-07      -1.09656e+03   1.10022e+03   3.66183e+00      8.000000e-13  1.000000e-05     9829
22.854103   5.04049e-01  5.05944e-01   9.362e-01   2.50394e-08  3.63073e-07      -1.09612e+03   1.10062e+03   4.49955e+00      8.000000e-13  1.000000e-05     9835
22.874805   5.04050e-01  5.05945e-01   9.362e-01   2.72525e-08  2.55376e-07      -1.09516e+03   1.10286e+03   7.69781e+00      8.000000e-13  1.000000e-05     9841
22.895028   5.04048e-01  5.05948e-01   9.362e-01   2.88639e-08  1.80773e-07      -1.09389e+03   1.10315e+03   9.26168e+00      8.000000e-13  1.000000e-05     9847
22.916645   5.04051e-01  5.05947e-01   9.362e-01   2.89112e-08  2.73587e-07      -1.08881e+03   1.10563e+03   1.68125e+01      8.000000e-13  1.000000e-05     9853
22.936270   5.04057e-01  5.05942e-01   9.361e-01   2.90451e-08  3.88182e-07      -1.08974e+03   1.10452e+03   1.47742e+01      8.000000e-13  1.000000e-05     9859
22.955871   5.04057e-01  5.05944e-01   9.361e-01   2.68014e-08  2.53955e-07      -1.09157e+03   1.10298e+03   1.14029e+01      8.000000e-13  1.000000e-05     9865
22.977125   5.04054e-01  5.05949e-01   9.360e-01   2.50765e-08  1.99235e-07      -1.09172e+03   1.10333e+03   1.16091e+01      8.000000e-13  1.000000e-05     9871
22.998131   5.04045e-01  5.05959e-01   9.360e-01   2.35255e-08  5.50455e-07      -1.09014e+03   1.10396e+03   1.38169e+01      8.000000e-13  1.000000e-05     9877
23.017667   5.04046e-01  5.05957e-01   9.360e-01   2.34250e-08  3.35378e-07      -1.09077e+03   1.10278e+03   1.20133e+01      8.000000e-13  1.000000e-05     9883
23.038283   5.04045e-01  5.05958e-01   9.359e-01   2.51016e-08  2.20528e-07      -1.09209e+03   1.10186e+03   9.76949e+00      8.000000e-13  1.000000e-05     9889
23.058656   5.04042e-01  5.05961e-01   9.359e-01   2.19467e-08  1.68775e-07      -1.09234e+03   1.10107e+03   8.73077e+00      8.000000e-13  1.000000e-05     9895
23.077388   5.04047e-01  5.05960e-01   9.359e-01   2.19493e-08  3.04277e-07      -1.09255e+03   1.10107e+03   8.52237e+00      8.000000e-13  1.000000e-05     9901
23.096514   5.04052e-01  5.05956e-01   9.358e-01   2.19584e-08  5.47594e-07      -1.09170e+03   1.10148e+03   9.77546e+00      8.000000e-13  1.000000e-05     9907
23.116258   5.04052e-01  5.05957e-01   9.358e-01   2.19944e-08  2.92069e-07      -1.09257e+03   1.10107e+03   8.49368e+00      8.000000e-13  1.000000e-05     9913
23.136434   5.04053e-01  5.05955e-01   9.358e-01   2.40749e-08  5.42865e-07      -1.09378e+03   1.10014e+03   6.36211e+00      8.000000e-13  1.000000e-05     9919
23.155342   5.04053e-01  5.05954e-01   9.357e-01   2.41212e-08  1.03042e-06      -1.09367e+03   1.09989e+03   6.21651e+00      8.000000e-13  1.000000e-05     9925
23.173197   5.04054e-01  5.05954e-01   9.357e-01   2.35810e-08  6.39406e-07      -1.09401e+03   1.09987e+03   5.86431e+00      8.000000e-13  1.000000e-05     9931
23.190992   5.04052e-01  5.05955e-01   9.357e-01   2.78760e-08  5.84932e-07      -1.09423e+03   1.10044e+03   6.20820e+00      8.000000e-13  1.000000e-05     9937
23.207559   5.04056e-01  5.05951e-01   9.357e-01   2.77501e-08  7.73784e-07      -1.09402e+03   1.10083e+03   6.81691e+00      8.000000e-13  1.000000e-05     9943
23.226292   5.04050e-01  5.05959e-01   9.356e-01   2.77725e-08  3.10938e-07      -1.09377e+03   1.10057e+03   6.79335e+00      8.000000e-13  1.000000e-05     9949
23.246003   5.04057e-01  5.05953e-01   9.356e-01   2.72927e-08  1.01279e-06      -1.09126e+03   1.10014e+03   8.87325e+00      8.000000e-13  1.000000e-05     9955
23.263907   5.04059e-01  5.05953e-01   9.356e-01   2.57414e-08  7.11670e-07      -1.09203e+03   1.09986e+03   7.82324e+00      8.000000e-13  1.000000e-05     9961
23.283375   5.04050e-01  5.05962e-01   9.355e-01   2.52886e-08  5.60815e-07      -1.09000e+03   1.10120e+03   1.12044e+01      8.000000e-13  1.000000e-05     9967
23.302312   5.04046e-01  5.05966e-01   9.355e-01   2.69160e-08  3.73267e-07      -1.09041e+03   1.10087e+03   1.04571e+01      8.000000e-13  1.000000e-05     9973
23.322482   5.04039e-01  5.05968e-01   9.354e-01   2.53844e-08  5.00506e-07      -1.08529e+03   1.10453e+03   1.92411e+01      8.000000e-13  1.000000e-05     9979
23.341227   5.04042e-01  5.05962e-01   9.354e-01   2.36937e-08  4.02518e-07      -1.08398e+03   1.10462e+03   2.06470e+01      8.000000e-13  1.000000e-05     9985
23.359360   5.04037e-01  5.05969e-01   9.353e-01   2.64299e-08  9.49222e-07      -1.08407e+03   1.10473e+03   2.06613e+01      8.000000e-13  1.000000e-05     9991
23.378203   5.04042e-01  5.05965e-01   9.353e-01   2.63226e-08  5.90229e-07      -1.08601e+03   1.10422e+03   1.82088e+01      8.000000e-13  1.000000e-05     9997
23.397360   5.04042e-01  5.05967e-01   9.353e-01   2.62827e-08  4.55975e-07      -1.08626e+03   1.10358e+03   1.73161e+01      8.000000e-13  1.000000e-05    10003
23.416161   5.04045e-01  5.05966e-01   9.353e-01   2.56058e-08  3.44463e-07      -1.08631e+03   1.10352e+03   1.72083e+01      8.000000e-13  1.000000e-05    10009
23.435258   5.04049e-01  5.05968e-01   9.353e-01   2.41298e-08  3.88852e-07      -1.08705e+03   1.10280e+03   1.57451e+01      8.000000e-13  1.000000e-05    10015
23.454072   5.04050e-01  5.05967e-01   9.353e-01   2.57394e-08  3.52570e-07      -1.08914e+03   1.10092e+03   1.17817e+01      8.000000e-13  1.000000e-05    10021
23.473083   5.04056e-01  5.05969e-01   9.352e-01   2.57962e-08  6.04492e-07      -1.07945e+03   1.11069e+03   3.12346e+01      8.000000e-13  1.000000e-05    10027
23.490607   5.04058e-01  5.05968e-01   9.352e-01   2.36431e-08  1.15760e-06      -1.08253e+03   1.10747e+03   2.49456e+01      8.000000e-13  1.000000e-05    10033
23.507683   5.04057e-01  5.05971e-01   9.352e-01   2.68683e-08  7.04134e-07      -1.08400e+03   1.10592e+03   2.19146e+01      8.000000e-13  1.000000e-05    10039
23.526904   5.04058e-01  5.05972e-01   9.351e-01   2.89346e-08  2.33805e-07      -1.08556e+03   1.10486e+03   1.93046e+01      8.000000e-13  1.000000e-05    10045
23.547572   5.04060e-01  5.05973e-01   9.351e-01   3.40277e-08  3.51314e-07      -1.08561e+03   1.10460e+03   1.89920e+01      8.000000e-13  1.000000e-05    10051
23.568167   5.04059e-01  5.05977e-01   9.351e-01   3.23912e-08  2.99631e-07      -1.08723e+03   1.10317e+03   1.59393e+01      8.000000e-13  1.000000e-05    10057
23.588633   5.04056e-01  5.05981e-01   9.351e-01   2.86918e-08  2.27265e-07      -1.08793e+03   1.10423e+03   1.63002e+01      8.000000e-13  1.000000e-05    10063
23.609941   5.04051e-01  5.05985e-01   9.350e-01   2.71929e-08  3.05857e-07      -1.08868e+03   1.10341e+03   1.47298e+01      8.000000e-13  1.000000e-05    10069
23.629691   5.04045e-01  5.05992e-01   9.350e-01   2.40018e-08  6.44130e-07      -1.08802e+03   1.10546e+03   1.74403e+01      8.000000e-13  1.000000e-05    10075
23.649879   5.04044e-01  5.05993e-01   9.349e-01   2.62043e-08  5.45096e-07      -1.08805e+03   1.10546e+03   1.74084e+01      8.000000e-13  1.000000e-05    10081
23.669396   5.04037e-01  5.05994e-01   9.349e-01   2.61649e-08  4.58387e-07      -1.08818e+03   1.10462e+03   1.64339e+01      8.000000e-13  1.000000e-05    10087
23.689147   5.04034e-01  5.05999e-01   9.348e-01   2.61597e-08  7.22921e-07      -1.08915e+03   1.10312e+03   1.39712e+01      8.000000e-13  1.000000e-05    10093
23.709433   5.04023e-01  5.06008e-01   9.348e-01   2.82414e-08  3.67541e-07      -1.09022e+03   1.10184e+03   1.16215e+01      8.000000e-13  1.000000e-05    10099
23.729944   5.04029e-01  5.05999e-01   9.347e-01   2.62054e-08  3.40860e-07      -1.09119e+03   1.10142e+03   1.02301e+01      8.000000e-13  1.000000e-05    10105
23.748812   5.04028e-01  5.06000e-01   9.347e-01   2.93214e-08  1.10670e-06      -1.09165e+03   1.10168e+03   1.00350e+01      8.000000e-13  1.000000e-05    10111
23.766693   5.04026e-01  5.06003e-01   9.347e-01   2.50130e-08  1.01079e-06      -1.09217e+03   1.10152e+03   9.35068e+00      8.000000e-13  1.000000e-05    10117
23.785430   5.04032e-01  5.05999e-01   9.346e-01   2.72765e-08  9.62716e-07      -1.09220e+03   1.10189e+03   9.68632e+00      8.000000e-13  1.000000e-05    10123
23.805333   5.04034e-01  5.05996e-01   9.346e-01   2.73201e-08  3.14406e-07      -1.09304e+03   1.10045e+03   7.41033e+00      8.000000e-13  1.000000e-05    10129
23.825988   5.04033e-01  5.05998e-01   9.345e-01   2.36079e-08  6.01857e-07      -1.09244e+03   1.09990e+03   7.45566e+00      8.000000e-13  1.000000e-05    10135
23.845699   5.04033e-01  5.05999e-01   9.345e-01   2.20360e-08  2.50853e-07      -1.09352e+03   1.09943e+03   5.91273e+00      8.000000e-13  1.000000e-05    10141
23.863794   5.04038e-01  5.05994e-01   9.345e-01   2.35504e-08  3.87448e-07      -1.09378e+03   1.09691e+03   3.13365e+00      8.000000e-13  1.000000e-05    10153
23.880959   5.04037e-01  5.05994e-01   9.345e-01   2.36299e-08  2.94676e-07      -1.09324e+03   1.09767e+03   4.42507e+00      8.000000e-13  1.000000e-05    10159
23.897520   5.04038e-01  5.05994e-01   9.345e-01   2.36805e-08  3.81362e-07      -1.09331e+03   1.09791e+03   4.60322e+00      8.000000e-13  1.000000e-05    10165
23.913987   5.04038e-01  5.05992e-01   9.345e-01   2.20307e-08  2.86075e-07      -1.09316e+03   1.09831e+03   5.15116e+00      8.000000e-13  1.000000e-05    10171
23.930760   5.04042e-01  5.05989e-01   9.345e-01   2.79012e-08  2.47650e-07      -1.09375e+03   1.09615e+03   2.39306e+00      8.000000e-13  1.000000e-05    10177
23.947433   5.04028e-01  5.06000e-01   9.345e-01   2.94933e-08  5.15183e-07      -1.09524e+03   1.09637e+03   1.13818e+00      8.000000e-13  1.000000e-05    10183
23.963906   5.04026e-01  5.06000e-01   9.344e-01   2.65942e-08  1.22703e-06      -1.09599e+03   1.09554e+03  -4.57210e-01      8.000000e-13  1.000000e-05    10189
23.981019   5.04024e-01  5.06002e-01   9.344e-01   2.44524e-08  6.12413e-07      -1.09601e+03   1.09494e+03  -1.07020e+00      8.000000e-13  1.000000e-05    10195
23.998378   5.04025e-01  5.06001e-01   9.344e-01   2.64731e-08  3.55754e-07      -1.09451e+03   1.09555e+03   1.03684e+00      8.000000e-13  1.000000e-05    10201
24.017882   5.04026e-01  5.05999e-01   9.344e-01   2.64010e-08  3.57171e-07      -1.09474e+03   1.09468e+03  -5.42168e-02      8.000000e-13  1.000000e-05    10207
24.038044   5.04027e-01  5.05997e-01   9.343e-01   2.65221e-08  4.08149e-07      -1.09468e+03   1.09542e+03   7.41001e-01      8.000000e-13  1.000000e-05    10213
24.058474   5.04029e-01  5.05996e-01   9.343e-01   2.36558e-08  5.46761e-07      -1.09507e+03   1.09614e+03   1.07217e+00      8.000000e-13  1.000000e-05    10219
24.078340   5.04029e-01  5.05995e-01   9.343e-01   2.77567e-08  2.86726e-07      -1.09438e+03   1.09683e+03   2.45902e+00      8.000000e-13  1.000000e-05    10225
24.096989   5.04031e-01  5.05993e-01   9.343e-01   2.78862e-08  2.07736e-07      -1.09329e+03   1.09739e+03   4.09701e+00      8.000000e-13  1.000000e-05    10231
24.114721   5.04032e-01  5.05993e-01   9.343e-01   2.95383e-08  1.42977e-07      -1.09348e+03   1.09708e+03   3.60361e+00      8.000000e-13  1.000000e-05    10237
24.133643   5.04031e-01  5.05996e-01   9.343e-01   3.10942e-08  1.45429e-07      -1.09307e+03   1.09787e+03   4.79968e+00      8.000000e-13  1.000000e-05    10243
24.154113   5.04033e-01  5.05992e-01   9.342e-01   3.33614e-08  3.61467e-07      -1.09538e+03   1.09622e+03   8.43353e-01      8.000000e-13  1.000000e-05    10249
24.173432   5.04025e-01  5.05996e-01   9.342e-01   3.17128e-08  1.14219e-06      -1.09417e+03   1.09760e+03   3.42981e+00      8.000000e-13  1.000000e-05    10255
24.191049   5.04031e-01  5.05990e-01   9.342e-01   3.16975e-08  6.38532e-07      -1.09290e+03   1.09843e+03   5.53509e+00      8.000000e-13  1.000000e-05    10261
24.209995   5.04033e-01  5.05988e-01   9.341e-01   2.58194e-08  6.78339e-07      -1.09294e+03   1.09671e+03   3.76264e+00      8.000000e-13  1.000000e-05    10267
24.230006   5.04032e-01  5.05990e-01   9.341e-01   2.64449e-08  5.69828e-07      -1.09308e+03   1.09680e+03   3.71890e+00      8.000000e-13  1.000000e-05    10273
24.250957   5.04037e-01  5.05983e-01   9.341e-01   2.58085e-08  6.03083e-07      -1.09324e+03   1.09839e+03   5.15563e+00      8.000000e-13  1.000000e-05    10279
24.271209   5.04040e-01  5.05981e-01   9.341e-01   2.78872e-08  4.28369e-07      -1.09355e+03   1.09724e+03   3.69281e+00      8.000000e-13  1.000000e-05    10285
24.291453   5.04039e-01  5.05983e-01   9.340e-01   2.85787e-08  2.95860e-07      -1.09068e+03   1.10113e+03   1.04508e+01      8.000000e-13  1.000000e-05    10291
24.311452   5.04041e-01  5.05982e-01   9.340e-01   2.43399e-08  4.39877e-07      -1.09193e+03   1.09880e+03   6.86456e+00      8.000000e-13  1.000000e-05    10297
24.330227   5.04041e-01  5.05981e-01   9.340e-01   2.41785e-08  3.59870e-07      -1.09138e+03   1.09857e+03   7.18903e+00      8.000000e-13  1.000000e-05    10303
24.348262   5.04044e-01  5.05981e-01   9.340e-01   2.88763e-08  4.34615e-07      -1.09026e+03   1.09944e+03   9.17465e+00      8.000000e-13  1.000000e-05    10309
24.366843   5.04045e-01  5.05981e-01   9.340e-01   2.73260e-08  2.18500e-07      -1.08914e+03   1.10129e+03   1.21482e+01      8.000000e-13  1.000000e-05    10315
24.384762   5.04040e-01  5.05986e-01   9.339e-01   2.78249e-08  2.73017e-07      -1.08896e+03   1.10153e+03   1.25745e+01      8.000000e-13  1.000000e-05    10321
24.402341   5.04039e-01  5.05988e-01   9.339e-01   2.41233e-08  1.98627e-07      -1.08927e+03   1.10176e+03   1.24932e+01      8.000000e-13  1.000000e-05    10327
24.421357   5.04040e-01  5.05989e-01   9.339e-01   2.35415e-08  1.87290e-07      -1.09072e+03   1.10031e+03   9.59306e+00      8.000000e-13  1.000000e-05    10333
24.440574   5.04039e-01  5.05992e-01   9.339e-01   2.52211e-08  3.13754e-07      -1.09067e+03   1.09953e+03   8.86284e+00      8.000000e-13  1.000000e-05    10339
24.461628   5.04042e-01  5.05989e-01   9.339e-01   2.94664e-08  2.37738e-07      -1.09057e+03   1.09902e+03   8.45098e+00      8.000000e-13  1.000000e-05    10345
24.483131   5.04043e-01  5.05986e-01   9.338e-01   2.80262e-08  6.64856e-07      -1.08999e+03   1.09887e+03   8.87980e+00      8.000000e-13  1.000000e-05    10351
24.505262   5.04041e-01  5.05987e-01   9.338e-01   2.85056e-08  5.69320e-07      -1.08984e+03   1.09835e+03   8.50604e+00      8.000000e-13  1.000000e-05    10357
24.526514   5.04031e-01  5.05993e-01   9.338e-01   2.63325e-08  4.66501e-07      -1.08990e+03   1.09905e+03   9.15003e+00      8.000000e-13  1.000000e-05    10363
24.548608   5.04027e-01  5.05996e-01   9.337e-01   2.78833e-08  6.06640e-07      -1.08995e+03   1.09833e+03   8.38291e+00      8.000000e-13  1.000000e-05    10369
24.569802   5.04020e-01  5.06005e-01   9.337e-01   2.62473e-08  2.74659e-07      -1.08962e+03   1.09854e+03   8.92051e+00      8.000000e-13  1.000000e-05    10375
24.590022   5.04022e-01  5.06003e-01   9.337e-01   2.62154e-08  6.57347e-07      -1.08817e+03   1.09914e+03   1.09682e+01      8.000000e-13  1.000000e-05    10381
24.606345   5.04016e-01  5.06010e-01   9.337e-01   2.41942e-08  8.94430e-07      -1.08573e+03   1.10158e+03   1.58453e+01      8.000000e-13  1.000000e-05    10393
24.621916   5.04017e-01  5.06009e-01   9.336e-01   2.42926e-08  9.11631e-07      -1.08445e+03   1.10277e+03   1.83239e+01      8.000000e-13  1.000000e-05    10399
24.639073   5.04020e-01  5.06007e-01   9.336e-01   2.41999e-08  5.32829e-07      -1.08514e+03   1.10224e+03   1.71046e+01      8.000000e-13  1.000000e-05    10405
24.657181   5.04014e-01  5.06011e-01   9.336e-01   2.78696e-08  4.99509e-07      -1.08679e+03   1.10044e+03   1.36475e+01      8.000000e-13  1.000000e-05    10411
24.674748   5.04013e-01  5.06017e-01   9.336e-01   2.78859e-08  4.28981e-07      -1.08574e+03   1.10091e+03   1.51676e+01      8.000000e-13  1.000000e-05    10417
24.691767   5.04014e-01  5.06018e-01   9.336e-01   2.94829e-08  2.73760e-07      -1.08567e+03   1.10124e+03   1.55717e+01      8.000000e-13  1.000000e-05    10423
24.710102   5.04018e-01  5.06014e-01   9.336e-01   3.00913e-08  3.08070e-07      -1.08651e+03   1.10088e+03   1.43699e+01      8.000000e-13  1.000000e-05    10429
24.729451   5.04025e-01  5.06005e-01   9.335e-01   3.02648e-08  2.58703e-07      -1.08486e+03   1.10288e+03   1.80162e+01      8.000000e-13  1.000000e-05    10435
24.747319   5.04030e-01  5.06002e-01   9.335e-01   2.44177e-08  2.88021e-07      -1.08508e+03   1.10294e+03   1.78594e+01      8.000000e-13  1.000000e-05    10441
24.767051   5.04024e-01  5.06010e-01   9.335e-01   2.64558e-08  4.61974e-07      -1.08667e+03   1.10185e+03   1.51777e+01      8.000000e-13  1.000000e-05    10447
24.786027   5.04026e-01  5.06010e-01   9.335e-01   2.64303e-08  4.89918e-07      -1.08597e+03   1.10243e+03   1.64572e+01      8.000000e-13  1.000000e-05    10453
24.805889   5.04028e-01  5.06009e-01   9.335e-01   2.59510e-08  9.01110e-07      -1.08767e+03   1.10188e+03   1.42078e+01      8.000000e-13  1.000000e-05    10459
24.826275   5.04034e-01  5.06005e-01   9.334e-01   2.42825e-08  7.15425e-07      -1.08931e+03   1.09971e+03   1.04009e+01      8.000000e-13  1.000000e-05    10465
24.845464   5.04039e-01  5.06001e-01   9.334e-01   2.54484e-08  2.71086e-07      -1.08963e+03   1.09975e+03   1.01266e+01      8.000000e-13  1.000000e-05    10471
24.865674   5.04045e-01  5.05997e-01   9.334e-01   2.90312e-08  1.92201e-06      -1.08827e+03   1.10113e+03   1.28576e+01      8.000000e-13  1.000000e-05    10477
24.885013   5.04041e-01  5.06001e-01   9.334e-01   2.69444e-08  1.23679e-06      -1.08778e+03   1.10075e+03   1.29677e+01      8.000000e-13  1.000000e-05    10483
24.906470   5.04042e-01  5.05999e-01   9.333e-01   2.90517e-08  5.18633e-07      -1.08727e+03   1.10128e+03   1.40074e+01      8.000000e-13  1.000000e-05    10489
24.927827   5.04037e-01  5.06003e-01   9.333e-01   2.89486e-08  5.73486e-07      -1.08647e+03   1.10220e+03   1.57256e+01      8.000000e-13  1.000000e-05    10495
24.943842   5.04041e-01  5.06001e-01   9.332e-01   3.16390e-08  4.20121e-07      -1.08704e+03   1.10144e+03   1.44002e+01      8.000000e-13  1.000000e-05    10507
24.958427   5.04042e-01  5.06002e-01   9.332e-01   2.78002e-08  5.26078e-07      -1.08700e+03   1.10125e+03   1.42457e+01      8.000000e-13  1.000000e-05    10513
24.974976   5.04046e-01  5.05999e-01   9.332e-01   2.78613e-08  3.42341e-07      -1.08771e+03   1.10041e+03   1.26927e+01      8.000000e-13  1.000000e-05    10519
24.992843   5.04042e-01  5.06003e-01   9.332e-01   2.78501e-08  5.00836e-07      -1.08849e+03   1.09875e+03   1.02678e+01      8.000000e-13  1.000000e-05    10525
25.011244   5.04039e-01  5.06000e-01   9.331e-01   2.52154e-08  6.38448e-07      -1.08850e+03   1.09878e+03   1.02812e+01      8.000000e-13  1.000000e-05    10531
25.028664   5.04037e-01  5.06001e-01   9.331e-01   2.35290e-08  4.31871e-07      -1.08832e+03   1.09922e+03   1.09002e+01      8.000000e-13  1.000000e-05    10537
25.046947   5.04024e-01  5.06011e-01   9.330e-01   2.20596e-08  7.05544e-07      -1.08971e+03   1.09780e+03   8.08609e+00      8.000000e-13  1.000000e-05    10543
25.064229   5.04024e-01  5.06012e-01   9.330e-01   2.20600e-08  4.93323e-07      -1.08990e+03   1.09855e+03   8.65080e+00      8.000000e-13  1.000000e-05    10549
25.083001   5.04026e-01  5.06009e-01   9.330e-01   2.36083e-08  4.56650e-07      -1.09019e+03   1.09890e+03   8.71631e+00      8.000000e-13  1.000000e-05    10555
25.101320   5.04017e-01  5.06020e-01   9.329e-01   2.73594e-08  2.85101e-07      -1.08933e+03   1.10074e+03   1.14157e+01      8.000000e-13  1.000000e-05    10561
25.120494   5.04014e-01  5.06024e-01   9.329e-01   2.67825e-08  2.57318e-07      -1.08838e+03   1.10243e+03   1.40485e+01      8.000000e-13  1.000000e-05    10567
25.139731   5.04019e-01  5.06018e-01   9.329e-01   2.67608e-08  1.90736e-07      -1.08905e+03   1.10124e+03   1.21868e+01      8.000000e-13  1.000000e-05    10573
25.158943   5.04017e-01  5.06018e-01   9.328e-01   2.67789e-08  3.59169e-07      -1.08886e+03   1.10124e+03   1.23838e+01      8.000000e-13  1.000000e-05    10579
25.178161   5.04021e-01  5.06017e-01   9.328e-01   2.35061e-08  3.10611e-07      -1.08752e+03   1.10227e+03   1.47449e+01      8.000000e-13  1.000000e-05    10585
25.197555   5.04029e-01  5.06008e-01   9.328e-01   2.51336e-08  4.39252e-07      -1.08685e+03   1.10248e+03   1.56304e+01      8.000000e-13  1.000000e-05    10591
25.216698   5.04022e-01  5.06014e-01   9.327e-01   3.00168e-08  4.27686e-07      -1.08678e+03   1.10175e+03   1.49758e+01      8.000000e-13  1.000000e-05    10597
25.234954   5.04024e-01  5.06013e-01   9.327e-01   2.73733e-08  6.69733e-07      -1.08569e+03   1.10259e+03   1.69095e+01      8.000000e-13  1.000000e-05    10603
25.253872   5.04025e-01  5.06016e-01   9.326e-01   2.73769e-08  5.10264e-07      -1.08518e+03   1.10278e+03   1.76039e+01      8.000000e-13  1.000000e-05    10609
25.273633   5.04027e-01  5.06015e-01   9.326e-01   2.21366e-08  4.39433e-07      -1.08626e+03   1.10149e+03   1.52256e+01      8.000000e-13  1.000000e-05    10615
25.294082   5.04030e-01  5.06014e-01   9.326e-01   2.37354e-08  2.18890e-07      -1.08715e+03   1.10012e+03   1.29747e+01      8.000000e-13  1.000000e-05    10621
25.316045   5.04030e-01  5.06016e-01   9.326e-01   2.74638e-08  2.44555e-07      -1.08572e+03   1.10175e+03   1.60307e+01      8.000000e-13  1.000000e-05    10627
25.335350   5.04030e-01  5.06018e-01   9.325e-01   2.59085e-08  4.78879e-07      -1.08774e+03   1.10095e+03   1.32124e+01      8.000000e-13  1.000000e-05    10639
25.351909   5.04030e-01  5.06018e-01   9.325e-01   2.58185e-08  3.11082e-07      -1.08817e+03   1.09997e+03   1.18013e+01      8.000000e-13  1.000000e-05    10651
25.367829   5.04030e-01  5.06018e-01   9.325e-01   2.64538e-08  6.45771e-07      -1.08776e+03   1.10033e+03   1.25657e+01      8.000000e-13  1.000000e-05    10657
25.385691   5.04039e-01  5.06009e-01   9.325e-01   3.01148e-08  1.17047e-06      -1.08845e+03   1.09974e+03   1.12857e+01      8.000000e-13  1.000000e-05    10663
25.403616   5.04039e-01  5.06010e-01   9.325e-01   3.17877e-08  5.37494e-07      -1.08863e+03   1.09943e+03   1.07984e+01      8.000000e-13  1.000000e-05    10669
25.421621   5.04043e-01  5.06005e-01   9.324e-01   3.12432e-08  6.07778e-07      -1.08974e+03   1.09875e+03   9.00563e+00      8.000000e-13  1.000000e-05    10675
25.438749   5.04041e-01  5.06008e-01   9.324e-01   2.80811e-08  6.16398e-07      -1.08910e+03   1.09935e+03   1.02435e+01      8.000000e-13  1.000000e-05    10681
25.456283   5.04039e-01  5.06009e-01   9.324e-01   2.80228e-08  4.24507e-07      -1.08719e+03   1.10129e+03   1.40971e+01      8.000000e-13  1.000000e-05    10687
25.472454   5.04039e-01  5.06011e-01   9.324e-01   2.85429e-08  3.47093e-07      -1.08746e+03   1.10085e+03   1.33917e+01      8.000000e-13  1.000000e-05    10693
25.490732   5.04038e-01  5.06013e-01   9.323e-01   2.84421e-08  3.05622e-07      -1.08464e+03   1.10237e+03   1.77360e+01      8.000000e-13  1.000000e-05    10699
25.510047   5.04051e-01  5.06000e-01   9.323e-01   2.63165e-08  5.09531e-07      -1.08424e+03   1.10196e+03   1.77223e+01      8.000000e-13  1.000000e-05    10705
25.527966   5.04053e-01  5.05999e-01   9.323e-01   2.21598e-08  2.60803e-07      -1.08528e+03   1.10072e+03   1.54403e+01      8.000000e-13  1.000000e-05    10711
25.545587   5.04058e-01  5.05995e-01   9.323e-01   2.42979e-08  7.02949e-07      -1.08652e+03   1.09983e+03   1.33123e+01      8.000000e-13  1.000000e-05    10717
25.564685   5.04057e-01  5.05997e-01   9.323e-01   2.37259e-08  3.03508e-07      -1.08647e+03   1.09926e+03   1.27867e+01      8.000000e-13  1.000000e-05    10723
25.581416   5.04058e-01  5.05997e-01   9.322e-01   2.21958e-08  2.40994e-07      -1.08731e+03   1.09810e+03   1.07918e+01      8.000000e-13  1.000000e-05    10735
25.597230   5.04061e-01  5.05995e-01   9.322e-01   2.59085e-08  3.75419e-07      -1.08753e+03   1.09816e+03   1.06319e+01      8.000000e-13  1.000000e-05    10741
25.614094   5.04068e-01  5.05988e-01   9.322e-01   2.58126e-08  3.41651e-07      -1.08700e+03   1.09888e+03   1.18847e+01      8.000000e-13  1.000000e-05    10747
25.631234   5.04074e-01  5.05984e-01   9.321e-01   2.38096e-08  6.11157e-07      -1.08712e+03   1.09950e+03   1.23775e+01      8.000000e-13  1.000000e-05    10753
25.645595   5.04075e-01  5.05987e-01   9.321e-01   2.38322e-08  4.75822e-07      -1.08718e+03   1.09947e+03   1.22847e+01      8.000000e-13  1.000000e-05    10765
25.659409   5.04075e-01  5.05987e-01   9.321e-01   2.59497e-08  3.20848e-07      -1.08740e+03   1.09947e+03   1.20753e+01      8.000000e-13  1.000000e-05    10771
25.677380   5.04077e-01  5.05986e-01   9.321e-01   2.80607e-08  3.01914e-07      -1.08865e+03   1.09808e+03   9.42709e+00      8.000000e-13  1.000000e-05    10777
25.693641   5.04091e-01  5.05972e-01   9.320e-01   2.74656e-08  2.78449e-07      -1.08834e+03   1.09811e+03   9.76564e+00      8.000000e-13  1.000000e-05    10789
25.709283   5.04088e-01  5.05977e-01   9.320e-01   2.53807e-08  4.18150e-07      -1.08735e+03   1.09847e+03   1.11236e+01      8.000000e-13  1.000000e-05    10795
25.725513   5.04088e-01  5.05978e-01   9.320e-01   2.53402e-08  2.74415e-07      -1.08703e+03   1.09940e+03   1.23770e+01      8.000000e-13  1.000000e-05    10801
25.743636   5.04085e-01  5.05981e-01   9.320e-01   2.36953e-08  2.02820e-07      -1.08842e+03   1.09798e+03   9.55463e+00      8.000000e-13  1.000000e-05    10807
25.762735   5.04085e-01  5.05983e-01   9.320e-01   2.43510e-08  5.42332e-07      -1.08818e+03   1.10057e+03   1.23945e+01      8.000000e-13  1.000000e-05    10813
25.782181   5.04088e-01  5.05979e-01   9.320e-01   2.80118e-08  2.23886e-07      -1.08881e+03   1.10007e+03   1.12634e+01      8.000000e-13  1.000000e-05    10819
25.801074   5.04090e-01  5.05977e-01   9.320e-01   3.01939e-08  1.87878e-07      -1.08772e+03   1.09990e+03   1.21862e+01      8.000000e-13  1.000000e-05    10825
25.819068   5.04095e-01  5.05973e-01   9.320e-01   2.75179e-08  5.22424e-07      -1.08809e+03   1.09976e+03   1.16697e+01      8.000000e-13  1.000000e-05    10831
25.833685   5.04090e-01  5.05978e-01   9.319e-01   2.59523e-08  5.98293e-07      -1.08813e+03   1.10119e+03   1.30636e+01      8.000000e-13  1.000000e-05    10843
25.847755   5.04081e-01  5.05987e-01   9.319e-01   3.23684e-08  6.35399e-07      -1.08795e+03   1.10117e+03   1.32184e+01      8.000000e-13  1.000000e-05    10849
25.863060   5.04081e-01  5.05989e-01   9.319e-01   2.95768e-08  5.29804e-07      -1.08750e+03   1.10154e+03   1.40430e+01      8.000000e-13  1.000000e-05    10855
25.877920   5.04079e-01  5.05992e-01   9.319e-01   2.95551e-08  6.16278e-07      -1.08839e+03   1.10167e+03   1.32774e+01      8.000000e-13  1.000000e-05    10861
25.892828   5.04069e-01  5.06001e-01   9.319e-01   3.16432e-08  5.86398e-07      -1.08900e+03   1.10160e+03   1.25982e+01      8.000000e-13  1.000000e-05    10867
25.907438   5.04063e-01  5.06007e-01   9.318e-01   2.95368e-08  1.11937e-06      -1.08907e+03   1.10134e+03   1.22694e+01      8.000000e-13  1.000000e-05    10873
25.922975   5.04064e-01  5.06008e-01   9.318e-01   3.12166e-08  8.52176e-07      -1.08920e+03   1.10136e+03   1.21566e+01      8.000000e-13  1.000000e-05    10879
25.940480   5.04062e-01  5.06012e-01   9.318e-01   2.81361e-08  2.46254e-07      -1.08902e+03   1.10042e+03   1.13917e+01      8.000000e-13  1.000000e-05    10885
25.958414   5.04060e-01  5.06015e-01   9.318e-01   2.80757e-08  1.76064e-07      -1.08840e+03   1.10092e+03   1.25129e+01      8.000000e-13  1.000000e-05    10891
25.975352   5.04054e-01  5.06020e-01   9.318e-01   2.81083e-08  5.01584e-07      -1.08861e+03   1.10063e+03   1.20168e+01      8.000000e-13  1.000000e-05    10897
25.992358   5.04053e-01  5.06022e-01   9.317e-01   3.03429e-08  3.84052e-07      -1.08910e+03   1.10049e+03   1.13918e+01      8.000000e-13  1.000000e-05    10903
26.009684   5.04048e-01  5.06026e-01   9.317e-01   2.97463e-08  3.11287e-07      -1.08966e+03   1.10080e+03   1.11350e+01      8.000000e-13  1.000000e-05    10909
26.026328   5.04046e-01  5.06027e-01   9.317e-01   2.90766e-08  3.97790e-07      -1.08970e+03   1.09906e+03   9.36407e+00      8.000000e-13  1.000000e-05    10915
26.042557   5.04048e-01  5.06026e-01   9.317e-01   2.79947e-08  3.61452e-07      -1.08942e+03   1.09951e+03   1.00860e+01      8.000000e-13  1.000000e-05    10921
26.062029   5.04051e-01  5.06021e-01   9.317e-01   3.07183e-08  2.26012e-07      -1.08971e+03   1.09904e+03   9.33030e+00      8.000000e-13  1.000000e-05    10927
26.081463   5.04050e-01  5.06022e-01   9.317e-01   2.86207e-08  3.25127e-07      -1.09073e+03   1.09718e+03   6.45050e+00      8.000000e-13  1.000000e-05    10933
26.101746   5.04053e-01  5.06018e-01   9.316e-01   2.59849e-08  6.70676e-07      -1.08988e+03   1.09841e+03   8.52571e+00      8.000000e-13  1.000000e-05    10939
26.122080   5.04063e-01  5.06007e-01   9.316e-01   2.60618e-08  6.13170e-07      -1.09109e+03   1.09687e+03   5.78791e+00      8.000000e-13  1.000000e-05    10945
26.142059   5.04065e-01  5.06007e-01   9.316e-01   2.59489e-08  2.92725e-07      -1.09143e+03   1.09767e+03   6.23804e+00      8.000000e-13  1.000000e-05    10951
26.160901   5.04058e-01  5.06013e-01   9.315e-01   2.60967e-08  2.76295e-07      -1.09109e+03   1.09708e+03   5.99489e+00      8.000000e-13  1.000000e-05    10963
26.178928   5.04055e-01  5.06015e-01   9.315e-01   2.91565e-08  3.55674e-07      -1.09121e+03   1.09679e+03   5.57925e+00      8.000000e-13  1.000000e-05    10969
26.198409   5.04057e-01  5.06014e-01   9.315e-01   2.54438e-08  3.76188e-07      -1.09152e+03   1.09584e+03   4.32064e+00      8.000000e-13  1.000000e-05    10975
26.218518   5.04056e-01  5.06012e-01   9.314e-01   2.38411e-08  2.05736e-06      -1.09097e+03   1.09756e+03   6.59173e+00      8.000000e-13  1.000000e-05    10981
26.238798   5.04057e-01  5.06010e-01   9.314e-01   2.90399e-08  1.49319e-06      -1.09076e+03   1.09731e+03   6.54917e+00      8.000000e-13  1.000000e-05    10987
26.255079   5.04056e-01  5.06012e-01   9.314e-01   2.97328e-08  8.59678e-07      -1.09087e+03   1.09878e+03   7.91119e+00      8.000000e-13  1.000000e-05    10999
26.270517   5.04060e-01  5.06006e-01   9.314e-01   3.18164e-08  4.21448e-07      -1.09166e+03   1.09801e+03   6.35730e+00      8.000000e-13  1.000000e-05    11005
26.286325   5.04057e-01  5.06008e-01   9.313e-01   3.17964e-08  4.86001e-07      -1.09176e+03   1.09787e+03   6.11044e+00      8.000000e-13  1.000000e-05    11011
26.304045   5.04058e-01  5.06009e-01   9.313e-01   2.43356e-08  3.22516e-07      -1.09131e+03   1.09828e+03   6.97122e+00      8.000000e-13  1.000000e-05    11017
26.321171   5.04058e-01  5.06010e-01   9.313e-01   2.64357e-08  5.17585e-07      -1.09101e+03   1.09806e+03   7.05194e+00      8.000000e-13  1.000000e-05    11023
26.339257   5.04057e-01  5.06013e-01   9.313e-01   2.64135e-08  4.05380e-07      -1.09137e+03   1.09819e+03   6.81186e+00      8.000000e-13  1.000000e-05    11029
26.358615   5.04057e-01  5.06013e-01   9.313e-01   2.57984e-08  3.84262e-07      -1.09043e+03   1.10008e+03   9.64470e+00      8.000000e-13  1.000000e-05    11035
26.378505   5.04059e-01  5.06012e-01   9.313e-01   2.80469e-08  1.97131e-07      -1.09003e+03   1.10025e+03   1.02244e+01      8.000000e-13  1.000000e-05    11041
26.396286   5.04052e-01  5.06018e-01   9.312e-01   2.80952e-08  1.80417e-07      -1.09040e+03   1.09995e+03   9.54640e+00      8.000000e-13  1.000000e-05    11053
26.413377   5.04050e-01  5.06022e-01   9.312e-01   3.39418e-08  2.42103e-07      -1.09140e+03   1.09977e+03   8.36976e+00      8.000000e-13  1.000000e-05    11059
26.430233   5.04055e-01  5.06019e-01   9.312e-01   2.81013e-08  8.50466e-07      -1.09063e+03   1.09973e+03   9.09375e+00      8.000000e-13  1.000000e-05    11065
26.448757   5.04068e-01  5.06008e-01   9.312e-01   3.43346e-08  8.33783e-07      -1.09037e+03   1.09824e+03   7.86729e+00      8.000000e-13  1.000000e-05    11071
26.466475   5.04069e-01  5.06010e-01   9.311e-01   2.69228e-08  3.30697e-07      -1.09073e+03   1.09799e+03   7.26071e+00      8.000000e-13  1.000000e-05    11077
26.485993   5.04078e-01  5.06002e-01   9.311e-01   2.75299e-08  9.52316e-07      -1.09156e+03   1.09590e+03   4.34052e+00      8.000000e-13  1.000000e-05    11083
26.506684   5.04076e-01  5.06003e-01   9.311e-01   2.96969e-08  6.41547e-07      -1.09064e+03   1.09663e+03   5.99264e+00      8.000000e-13  1.000000e-05    11089
26.527191   5.04073e-01  5.06008e-01   9.311e-01   2.74980e-08  7.58745e-07      -1.09110e+03   1.09659e+03   5.49329e+00      8.000000e-13  1.000000e-05    11095
26.547538   5.04080e-01  5.06001e-01   9.311e-01   2.97340e-08  5.84670e-07      -1.09096e+03   1.09763e+03   6.67164e+00      8.000000e-13  1.000000e-05    11101
26.568107   5.04087e-01  5.05995e-01   9.310e-01   2.80700e-08  1.63161e-06      -1.09177e+03   1.09757e+03   5.79699e+00      8.000000e-13  1.000000e-05    11107
26.589814   5.04089e-01  5.05993e-01   9.310e-01   2.96352e-08  1.33383e-06      -1.09257e+03   1.09484e+03   2.27683e+00      8.000000e-13  1.000000e-05    11113
26.606762   5.04096e-01  5.05984e-01   9.310e-01   2.91199e-08  6.67318e-07      -1.09099e+03   1.09648e+03   5.49898e+00      8.000000e-13  1.000000e-05    11125
26.622684   5.04095e-01  5.05985e-01   9.310e-01   2.83675e-08  5.88117e-07      -1.09089e+03   1.09708e+03   6.19525e+00      8.000000e-13  1.000000e-05    11131
26.640591   5.04095e-01  5.05984e-01   9.309e-01   2.83932e-08  7.18219e-07      -1.09287e+03   1.09636e+03   3.49154e+00      8.000000e-13  1.000000e-05    11137
26.657958   5.04089e-01  5.05991e-01   9.309e-01   2.66371e-08  8.14379e-07      -1.09230e+03   1.09955e+03   7.24910e+00      8.000000e-13  1.000000e-05    11143
26.674103   5.04089e-01  5.05990e-01   9.308e-01   2.65904e-08  1.39869e-06      -1.09291e+03   1.09891e+03   6.00093e+00      8.000000e-13  1.000000e-05    11149
26.692167   5.04092e-01  5.05987e-01   9.308e-01   2.43438e-08  8.95420e-07      -1.09004e+03   1.09929e+03   9.25036e+00      8.000000e-13  1.000000e-05    11155
26.709843   5.04091e-01  5.05985e-01   9.308e-01   2.43959e-08  6.33420e-07      -1.09009e+03   1.10040e+03   1.03119e+01      8.000000e-13  1.000000e-05    11161
26.727111   5.04094e-01  5.05983e-01   9.308e-01   2.22789e-08  7.66850e-07      -1.09166e+03   1.09856e+03   6.90083e+00      8.000000e-13  1.000000e-05    11167
26.746077   5.04098e-01  5.05978e-01   9.308e-01   2.65494e-08  5.34706e-07      -1.09115e+03   1.09818e+03   7.02478e+00      8.000000e-13  1.000000e-05    11173
26.766118   5.04093e-01  5.05981e-01   9.307e-01   2.65581e-08  4.23926e-07      -1.09139e+03   1.09805e+03   6.65390e+00      8.000000e-13  1.000000e-05    11179
26.786369   5.04094e-01  5.05981e-01   9.307e-01   2.21522e-08  3.16461e-07      -1.09149e+03   1.09854e+03   7.04770e+00      8.000000e-13  1.000000e-05    11185
26.804809   5.04088e-01  5.05985e-01   9.307e-01   2.42539e-08  5.28478e-07      -1.09072e+03   1.09827e+03   7.55688e+00      8.000000e-13  1.000000e-05    11191
26.822961   5.04088e-01  5.05986e-01   9.306e-01   2.95540e-08  4.60172e-07      -1.09007e+03   1.09867e+03   8.59414e+00      8.000000e-13  1.000000e-05    11197
26.841704   5.04093e-01  5.05980e-01   9.306e-01   2.74637e-08  3.17144e-07      -1.09045e+03   1.09905e+03   8.59377e+00      8.000000e-13  1.000000e-05    11203
26.862117   5.04094e-01  5.05978e-01   9.306e-01   2.90478e-08  4.75105e-07      -1.09152e+03   1.09783e+03   6.30950e+00      8.000000e-13  1.000000e-05    11209
26.879822   5.04094e-01  5.05979e-01   9.305e-01   3.06595e-08  1.03204e-06      -1.09074e+03   1.09792e+03   7.18293e+00      8.000000e-13  1.000000e-05    11221
26.896760   5.04095e-01  5.05978e-01   9.305e-01   2.53958e-08  8.43377e-07      -1.08996e+03   1.09845e+03   8.49504e+00      8.000000e-13  1.000000e-05    11227
26.913702   5.04100e-01  5.05976e-01   9.305e-01   2.53900e-08  7.84743e-07      -1.08876e+03   1.09942e+03   1.06534e+01      8.000000e-13  1.000000e-05    11233
26.929989   5.04103e-01  5.05975e-01   9.305e-01   2.54402e-08  5.33416e-07      -1.08958e+03   1.09911e+03   9.52578e+00      8.000000e-13  1.000000e-05    11239
26.947670   5.04095e-01  5.05983e-01   9.305e-01   2.75951e-08  5.60923e-07      -1.08974e+03   1.09869e+03   8.95759e+00      8.000000e-13  1.000000e-05    11245
26.965175   5.04094e-01  5.05983e-01   9.305e-01   2.97070e-08  4.33913e-07      -1.08957e+03   1.09883e+03   9.25225e+00      8.000000e-13  1.000000e-05    11251
26.983836   5.04094e-01  5.05984e-01   9.304e-01   2.54268e-08  2.69133e-07      -1.09051e+03   1.09980e+03   9.29023e+00      8.000000e-13  1.000000e-05    11257
27.001180   5.04095e-01  5.05983e-01   9.304e-01   2.80009e-08  7.68867e-07      -1.09085e+03   1.09920e+03   8.34970e+00      8.000000e-13  1.000000e-05    11263
27.020604   5.04096e-01  5.05984e-01   9.304e-01   2.99690e-08  1.33222e-06      -1.08955e+03   1.09906e+03   9.51420e+00      8.000000e-13  1.000000e-05    11269
27.040275   5.04103e-01  5.05979e-01   9.304e-01   3.01149e-08  8.99471e-07      -1.08845e+03   1.10003e+03   1.15834e+01      8.000000e-13  1.000000e-05    11275
27.059406   5.04100e-01  5.05982e-01   9.303e-01   2.58655e-08  7.09040e-07      -1.08819e+03   1.10085e+03   1.26664e+01      8.000000e-13  1.000000e-05    11281
27.078540   5.04104e-01  5.05980e-01   9.303e-01   2.81001e-08  4.10298e-07      -1.08866e+03   1.10026e+03   1.16029e+01      8.000000e-13  1.000000e-05    11287
27.097596   5.04105e-01  5.05982e-01   9.303e-01   2.38381e-08  3.71241e-07      -1.08916e+03   1.09942e+03   1.02607e+01      8.000000e-13  1.000000e-05    11293
27.118099   5.04108e-01  5.05981e-01   9.303e-01   2.74914e-08  2.19699e-07      -1.09066e+03   1.09898e+03   8.31404e+00      8.000000e-13  1.000000e-05    11299
27.136970   5.04110e-01  5.05978e-01   9.303e-01   2.75670e-08  3.11443e-07      -1.09174e+03   1.09825e+03   6.51194e+00      8.000000e-13  1.000000e-05    11311
27.154982   5.04112e-01  5.05976e-01   9.302e-01   2.91425e-08  1.17843e-06      -1.09016e+03   1.09892e+03   8.76552e+00      8.000000e-13  1.000000e-05    11317
27.174906   5.04119e-01  5.05968e-01   9.302e-01   3.18407e-08  6.53909e-07      -1.09002e+03   1.09908e+03   9.06207e+00      8.000000e-13  1.000000e-05    11323
27.193618   5.04126e-01  5.05964e-01   9.302e-01   3.01600e-08  4.44735e-07      -1.08917e+03   1.09907e+03   9.90556e+00      8.000000e-13  1.000000e-05    11329
27.213792   5.04127e-01  5.05963e-01   9.301e-01   2.64825e-08  4.10600e-07      -1.08866e+03   1.09948e+03   1.08278e+01      8.000000e-13  1.000000e-05    11335
27.232790   5.04127e-01  5.05961e-01   9.301e-01   2.64646e-08  8.65277e-07      -1.08847e+03   1.09882e+03   1.03404e+01      8.000000e-13  1.000000e-05    11347
27.250966   5.04125e-01  5.05965e-01   9.300e-01   2.64499e-08  4.38531e-07      -1.08823e+03   1.09955e+03   1.13161e+01      8.000000e-13  1.000000e-05    11353
27.269989   5.04128e-01  5.05963e-01   9.300e-01   2.44734e-08  1.68879e-07      -1.08912e+03   1.09868e+03   9.55607e+00      8.000000e-13  1.000000e-05    11359
27.290603   5.04121e-01  5.05972e-01   9.300e-01   2.22725e-08  6.23600e-07      -1.08685e+03   1.09984e+03   1.29852e+01      8.000000e-13  1.000000e-05    11365
27.309196   5.04123e-01  5.05974e-01   9.300e-01   2.43312e-08  1.26019e-06      -1.08757e+03   1.09970e+03   1.21324e+01      8.000000e-13  1.000000e-05    11377
27.327110   5.04124e-01  5.05973e-01   9.299e-01   2.43368e-08  5.82296e-07      -1.08697e+03   1.10012e+03   1.31486e+01      8.000000e-13  1.000000e-05    11383
27.345491   5.04120e-01  5.05979e-01   9.299e-01   2.43399e-08  5.04482e-07      -1.08750e+03   1.09956e+03   1.20604e+01      8.000000e-13  1.000000e-05    11389
27.365345   5.04120e-01  5.05978e-01   9.299e-01   2.43305e-08  5.00845e-07      -1.08778e+03   1.09979e+03   1.20052e+01      8.000000e-13  1.000000e-05    11395
27.384675   5.04124e-01  5.05974e-01   9.299e-01   2.44378e-08  4.05598e-07      -1.09002e+03   1.09792e+03   7.89424e+00      8.000000e-13  1.000000e-05    11401
27.404991   5.04129e-01  5.05969e-01   9.298e-01   2.38255e-08  2.53548e-07      -1.08991e+03   1.09837e+03   8.45940e+00      8.000000e-13  1.000000e-05    11407
27.425548   5.04135e-01  5.05965e-01   9.298e-01   2.38408e-08  1.50528e-07      -1.08972e+03   1.09873e+03   9.00454e+00      8.000000e-13  1.000000e-05    11413
27.447311   5.04131e-01  5.05967e-01   9.298e-01   2.37502e-08  1.63228e-07      -1.08944e+03   1.09827e+03   8.82900e+00      8.000000e-13  1.000000e-05    11419
27.467494   5.04123e-01  5.05974e-01   9.297e-01   2.80954e-08  4.09471e-07      -1.09002e+03   1.09724e+03   7.22186e+00      8.000000e-13  1.000000e-05    11425
27.486769   5.04117e-01  5.05982e-01   9.297e-01   2.80819e-08  5.14079e-07      -1.08989e+03   1.09781e+03   7.91988e+00      8.000000e-13  1.000000e-05    11431
27.506152   5.04114e-01  5.05984e-01   9.297e-01   2.75698e-08  2.90337e-07      -1.08922e+03   1.09796e+03   8.74044e+00      8.000000e-13  1.000000e-05    11437
27.525906   5.04116e-01  5.05980e-01   9.297e-01   2.90347e-08  5.89272e-07      -1.09074e+03   1.09639e+03   5.65194e+00      8.000000e-13  1.000000e-05    11443
27.544652   5.04119e-01  5.05975e-01   9.296e-01   2.74808e-08  4.06730e-07      -1.09191e+03   1.09559e+03   3.68704e+00      8.000000e-13  1.000000e-05    11449
27.563750   5.04118e-01  5.05975e-01   9.296e-01   2.69828e-08  2.98668e-07      -1.09136e+03   1.09606e+03   4.70102e+00      8.000000e-13  1.000000e-05    11455
27.580333   5.04119e-01  5.05973e-01   9.296e-01   2.85008e-08  3.62847e-07      -1.09144e+03   1.09571e+03   4.27148e+00      8.000000e-13  1.000000e-05    11467
27.596188   5.04120e-01  5.05973e-01   9.296e-01   2.90420e-08  3.07661e-07      -1.09167e+03   1.09554e+03   3.87381e+00      8.000000e-13  1.000000e-05    11473
27.613550   5.04118e-01  5.05972e-01   9.296e-01   2.90404e-08  4.91375e-07      -1.09231e+03   1.09496e+03   2.64083e+00      8.000000e-13  1.000000e-05    11479
27.630970   5.04121e-01  5.05970e-01   9.296e-01   3.17645e-08  3.23985e-07      -1.09264e+03   1.09587e+03   3.23208e+00      8.000000e-13  1.000000e-05    11485
27.649433   5.04121e-01  5.05971e-01   9.296e-01   3.60633e-08  4.61829e-07      -1.09291e+03   1.09655e+03   3.64386e+00      8.000000e-13  1.000000e-05    11491
27.668305   5.04126e-01  5.05962e-01   9.295e-01   3.16634e-08  5.00215e-07      -1.09423e+03   1.09476e+03   5.32249e-01      8.000000e-13  1.000000e-05    11497
27.685909   5.04124e-01  5.05963e-01   9.295e-01   2.94418e-08  3.01955e-07      -1.09425e+03   1.09465e+03   3.99195e-01      8.000000e-13  1.000000e-05    11503
27.704793   5.04117e-01  5.05970e-01   9.295e-01   2.95766e-08  3.73086e-07      -1.09408e+03   1.09484e+03   7.59932e-01      8.000000e-13  1.000000e-05    11509
27.723325   5.04111e-01  5.05977e-01   9.295e-01   2.95010e-08  5.01956e-07      -1.09277e+03   1.09571e+03   2.93764e+00      8.000000e-13  1.000000e-05    11515
27.741525   5.04110e-01  5.05978e-01   9.295e-01   2.78896e-08  5.05236e-07      -1.09167e+03   1.09642e+03   4.74892e+00      8.000000e-13  1.000000e-05    11521
27.759766   5.04108e-01  5.05981e-01   9.294e-01   2.38737e-08  3.88449e-07      -1.09237e+03   1.09556e+03   3.18515e+00      8.000000e-13  1.000000e-05    11527
27.779420   5.04112e-01  5.05977e-01   9.294e-01   2.70047e-08  3.40530e-07      -1.09137e+03   1.09596e+03   4.58782e+00      8.000000e-13  1.000000e-05    11533
27.798930   5.04114e-01  5.05976e-01   9.294e-01   2.55708e-08  3.56320e-07      -1.09226e+03   1.09547e+03   3.20368e+00      8.000000e-13  1.000000e-05    11539
27.819126   5.04114e-01  5.05977e-01   9.294e-01   2.77237e-08  4.00106e-07      -1.09206e+03   1.09400e+03   1.94691e+00      8.000000e-13  1.000000e-05    11545
27.839349   5.04115e-01  5.05979e-01   9.293e-01   2.80828e-08  7.46895e-07      -1.09253e+03   1.09334e+03   8.13944e-01      8.000000e-13  1.000000e-05    11551
27.858699   5.04116e-01  5.05978e-01   9.293e-01   2.79421e-08  3.91453e-07      -1.08989e+03   1.09473e+03   4.84289e+00      8.000000e-13  1.000000e-05    11557
27.876219   5.04117e-01  5.05975e-01   9.293e-01   3.33007e-08  2.62849e-07      -1.08963e+03   1.09550e+03   5.87027e+00      8.000000e-13  1.000000e-05    11563
27.893311   5.04120e-01  5.05972e-01   9.293e-01   3.38343e-08  2.13698e-07      -1.09050e+03   1.09560e+03   5.09336e+00      8.000000e-13  1.000000e-05    11569
27.912581   5.04117e-01  5.05977e-01   9.293e-01   3.01851e-08  1.90557e-07      -1.08994e+03   1.09688e+03   6.93446e+00      8.000000e-13  1.000000e-05    11575
27.931840   5.04119e-01  5.05975e-01   9.293e-01   2.96572e-08  2.17262e-07      -1.09004e+03   1.09765e+03   7.60837e+00      8.000000e-13  1.000000e-05    11581
27.949523   5.04115e-01  5.05978e-01   9.292e-01   2.91164e-08  2.69722e-07      -1.09099e+03   1.09705e+03   6.06184e+00      8.000000e-13  1.000000e-05    11587
27.969391   5.04118e-01  5.05976e-01   9.292e-01   2.90671e-08  1.40493e-07      -1.09117e+03   1.09671e+03   5.54184e+00      8.000000e-13  1.000000e-05    11593
27.991390   5.04117e-01  5.05978e-01   9.292e-01   3.04258e-08  1.62434e-07      -1.09094e+03   1.09607e+03   5.13478e+00      8.000000e-13  1.000000e-05    11599
28.011441   5.04116e-01  5.05981e-01   9.292e-01   3.03324e-08  2.44181e-07      -1.08945e+03   1.09683e+03   7.37870e+00      8.000000e-13  1.000000e-05    11611
28.030518   5.04117e-01  5.05981e-01   9.292e-01   2.79794e-08  9.10278e-07      -1.09038e+03   1.09696e+03   6.58344e+00      8.000000e-13  1.000000e-05    11617
28.048382   5.04115e-01  5.05984e-01   9.292e-01   2.43458e-08  1.42184e-06      -1.09087e+03   1.09626e+03   5.38867e+00      8.000000e-13  1.000000e-05    11623
28.067468   5.04116e-01  5.05984e-01   9.292e-01   2.22646e-08  8.89369e-07      -1.09152e+03   1.09500e+03   3.48232e+00      8.000000e-13  1.000000e-05    11629
28.086724   5.04120e-01  5.05982e-01   9.291e-01   2.66042e-08  3.30396e-07      -1.09114e+03   1.09592e+03   4.77701e+00      8.000000e-13  1.000000e-05    11635
28.107070   5.04127e-01  5.05977e-01   9.291e-01   3.03197e-08  5.30806e-07      -1.09095e+03   1.09582e+03   4.86564e+00      8.000000e-13  1.000000e-05    11641
28.126343   5.04127e-01  5.05977e-01   9.291e-01   3.01360e-08  3.31326e-07      -1.09142e+03   1.09554e+03   4.12449e+00      8.000000e-13  1.000000e-05    11647
28.146629   5.04129e-01  5.05976e-01   9.291e-01   2.74843e-08  3.78830e-07      -1.09142e+03   1.09491e+03   3.49485e+00      8.000000e-13  1.000000e-05    11653
28.165222   5.04128e-01  5.05980e-01   9.291e-01   2.97106e-08  3.49417e-07      -1.09209e+03   1.09480e+03   2.70986e+00      8.000000e-13  1.000000e-05    11665
28.182908   5.04128e-01  5.05980e-01   9.291e-01   2.61162e-08  8.54149e-07      -1.09269e+03   1.09330e+03   6.08931e-01      8.000000e-13  1.000000e-05    11671
28.199966   5.04129e-01  5.05980e-01   9.290e-01   2.60946e-08  3.83996e-07      -1.09278e+03   1.09323e+03   4.45872e-01      8.000000e-13  1.000000e-05    11677
28.218683   5.04126e-01  5.05984e-01   9.290e-01   3.12781e-08  2.49140e-07      -1.09280e+03   1.09264e+03  -1.65013e-01      8.000000e-13  1.000000e-05    11683
28.236149   5.04125e-01  5.05984e-01   9.290e-01   2.91737e-08  2.30181e-06      -1.09457e+03   1.09037e+03  -4.19982e+00      8.000000e-13  1.000000e-05    11689
28.253960   5.04129e-01  5.05980e-01   9.290e-01   2.44254e-08  1.54711e-06      -1.09433e+03   1.09102e+03  -3.31512e+00      8.000000e-13  1.000000e-05    11695
28.271590   5.04125e-01  5.05983e-01   9.290e-01   2.44092e-08  8.78450e-07      -1.09422e+03   1.09096e+03  -3.26057e+00      8.000000e-13  1.000000e-05    11701
28.289305   5.04123e-01  5.05984e-01   9.290e-01   2.43560e-08  6.73819e-07      -1.09425e+03   1.09102e+03  -3.22093e+00      8.000000e-13  1.000000e-05    11707
28.309048   5.04122e-01  5.05984e-01   9.290e-01   2.64938e-08  3.20612e-07      -1.09471e+03   1.09052e+03  -4.19393e+00      8.000000e-13  1.000000e-05    11713
28.329235   5.04126e-01  5.05978e-01   9.289e-01   2.65718e-08  2.37806e-07      -1.09549e+03   1.09000e+03  -5.48683e+00      8.000000e-13  1.000000e-05    11719
28.347979   5.04126e-01  5.05977e-01   9.289e-01   2.85846e-08  2.96247e-07      -1.09646e+03   1.08930e+03  -7.16131e+00      8.000000e-13  1.000000e-05    11731
28.365636   5.04127e-01  5.05976e-01   9.289e-01   2.43142e-08  2.30413e-07      -1.09698e+03   1.08904e+03  -7.94172e+00      8.000000e-13  1.000000e-05    11737
28.386169   5.04115e-01  5.05986e-01   9.289e-01   2.58717e-08  1.80933e-07      -1.09654e+03   1.09002e+03  -6.52047e+00      8.000000e-13  1.000000e-05    11743
28.406818   5.04104e-01  5.05994e-01   9.288e-01   2.57614e-08  1.71469e-07      -1.09655e+03   1.08942e+03  -7.13005e+00      8.000000e-13  1.000000e-05    11749
28.425805   5.04103e-01  5.05990e-01   9.288e-01   2.41818e-08  1.24650e-07      -1.09610e+03   1.09050e+03  -5.60027e+00      8.000000e-13  1.000000e-05    11755
28.444984   5.04103e-01  5.05990e-01   9.288e-01   2.22239e-08  1.23204e-07      -1.09515e+03   1.09143e+03  -3.71901e+00      8.000000e-13  1.000000e-05    11761
28.463939   5.04101e-01  5.05992e-01   9.288e-01   2.58641e-08  5.10263e-07      -1.09499e+03   1.09250e+03  -2.49339e+00      8.000000e-13  1.000000e-05    11767
28.482732   5.04097e-01  5.05996e-01   9.288e-01   2.58944e-08  4.03554e-07      -1.09557e+03   1.09196e+03  -3.61237e+00      8.000000e-13  1.000000e-05    11773
28.503389   5.04093e-01  5.05999e-01   9.287e-01   2.74536e-08  3.89044e-07      -1.09473e+03   1.09258e+03  -2.14786e+00      8.000000e-13  1.000000e-05    11779
28.524869   5.04092e-01  5.06001e-01   9.287e-01   2.42616e-08  2.05768e-07      -1.09262e+03   1.09450e+03   1.88741e+00      8.000000e-13  1.000000e-05    11785
28.547085   5.04097e-01  5.05997e-01   9.287e-01   2.22093e-08  2.24593e-07      -1.09268e+03   1.09496e+03   2.27454e+00      8.000000e-13  1.000000e-05    11791
28.569172   5.04095e-01  5.05999e-01   9.287e-01   2.37846e-08  1.67729e-07      -1.09297e+03   1.09376e+03   7.85777e-01      8.000000e-13  1.000000e-05    11797
28.589143   5.04093e-01  5.06000e-01   9.287e-01   2.75200e-08  4.33163e-07      -1.09385e+03   1.09148e+03  -2.37847e+00      8.000000e-13  1.000000e-05    11803
28.607204   5.04094e-01  5.05994e-01   9.286e-01   2.37770e-08  3.27162e-07      -1.09564e+03   1.08968e+03  -5.96511e+00      8.000000e-13  1.000000e-05    11809
28.624247   5.04092e-01  5.05994e-01   9.286e-01   2.21853e-08  3.11805e-07      -1.09570e+03   1.08925e+03  -6.44798e+00      8.000000e-13  1.000000e-05    11815
28.643455   5.04090e-01  5.05995e-01   9.286e-01   2.38446e-08  1.38877e-06      -1.09421e+03   1.09106e+03  -3.14958e+00      8.000000e-13  1.000000e-05    11821
28.662496   5.04090e-01  5.05994e-01   9.285e-01   2.37776e-08  1.58504e-06      -1.09352e+03   1.09151e+03  -2.01321e+00      8.000000e-13  1.000000e-05    11827
28.681223   5.04087e-01  5.05995e-01   9.285e-01   2.37659e-08  6.32400e-07      -1.09163e+03   1.09267e+03   1.03990e+00      8.000000e-13  1.000000e-05    11833
28.698581   5.04090e-01  5.05992e-01   9.285e-01   2.37615e-08  3.60337e-07      -1.09173e+03   1.09291e+03   1.18002e+00      8.000000e-13  1.000000e-05    11839
28.715887   5.04081e-01  5.06001e-01   9.285e-01   2.22583e-08  4.95727e-07      -1.09213e+03   1.09267e+03   5.35263e-01      8.000000e-13  1.000000e-05    11845
28.733864   5.04078e-01  5.06005e-01   9.284e-01   2.22526e-08  1.54313e-07      -1.09310e+03   1.09324e+03   1.42353e-01      8.000000e-13  1.000000e-05    11851
28.749195   5.04084e-01  5.05999e-01   9.284e-01   2.22616e-08  1.38491e-07      -1.09358e+03   1.09369e+03   1.12349e-01      8.000000e-13  1.000000e-05    11863
28.763765   5.04085e-01  5.05997e-01   9.284e-01   2.22872e-08  1.13901e-06      -1.09340e+03   1.09370e+03   3.01246e-01      8.000000e-13  1.000000e-05    11869
28.780438   5.04092e-01  5.05990e-01   9.284e-01   2.23599e-08  3.68578e-06      -1.09244e+03   1.09499e+03   2.54473e+00      8.000000e-13  1.000000e-05    11875
28.795739   5.04090e-01  5.05992e-01   9.284e-01   2.55248e-08  8.07737e-07      -1.09251e+03   1.09516e+03   2.64940e+00      8.000000e-13  1.000000e-05    11881
28.812082   5.04087e-01  5.05994e-01   9.284e-01   2.39110e-08  5.41937e-07      -1.09449e+03   1.09301e+03  -1.47012e+00      8.000000e-13  1.000000e-05    11887
28.828130   5.04090e-01  5.05990e-01   9.284e-01   2.22502e-08  4.29638e-07      -1.09589e+03   1.09238e+03  -3.50882e+00      8.000000e-13  1.000000e-05    11893
28.845348   5.04082e-01  5.05997e-01   9.284e-01   2.45307e-08  4.86532e-07      -1.09532e+03   1.09227e+03  -3.04402e+00      8.000000e-13  1.000000e-05    11899
28.863410   5.04081e-01  5.05999e-01   9.283e-01   2.23480e-08  7.96675e-07      -1.09553e+03   1.09156e+03  -3.97061e+00      8.000000e-13  1.000000e-05    11905
28.882896   5.04080e-01  5.05998e-01   9.283e-01   2.38100e-08  6.94645e-07      -1.09577e+03   1.09100e+03  -4.76917e+00      8.000000e-13  1.000000e-05    11911
28.903575   5.04086e-01  5.05991e-01   9.283e-01   2.44036e-08  1.66029e-07      -1.09509e+03   1.09237e+03  -2.72170e+00      8.000000e-13  1.000000e-05    11917
28.924310   5.04087e-01  5.05988e-01   9.283e-01   2.65213e-08  1.84794e-07      -1.09636e+03   1.09114e+03  -5.22195e+00      8.000000e-13  1.000000e-05    11923
28.945447   5.04088e-01  5.05986e-01   9.282e-01   2.36873e-08  1.81988e-07      -1.09556e+03   1.09183e+03  -3.73139e+00      8.000000e-13  1.000000e-05    11929
28.967085   5.04083e-01  5.05989e-01   9.282e-01   2.74189e-08  1.91131e-07      -1.09591e+03   1.09112e+03  -4.78792e+00      8.000000e-13  1.000000e-05    11935
28.989190   5.04086e-01  5.05984e-01   9.282e-01   2.59189e-08  2.15607e-07      -1.09623e+03   1.08938e+03  -6.84248e+00      8.000000e-13  1.000000e-05    11941
29.011582   5.04083e-01  5.05987e-01   9.281e-01   2.43092e-08  1.85165e-07      -1.09526e+03   1.09060e+03  -4.66341e+00      8.000000e-13  1.000000e-05    11947
29.033290   5.04083e-01  5.05985e-01   9.281e-01   2.22836e-08  5.20264e-07      -1.09648e+03   1.08937e+03  -7.11770e+00      8.000000e-13  1.000000e-05    11953
29.055410   5.04081e-01  5.05988e-01   9.280e-01   2.42587e-08  4.88924e-07      -1.09461e+03   1.09061e+03  -4.00016e+00      8.000000e-13  1.000000e-05    11959
29.076883   5.04081e-01  5.05987e-01   9.280e-01   2.58521e-08  2.23976e-07      -1.09515e+03   1.09027e+03  -4.87098e+00      8.000000e-13  1.000000e-05    11965
29.096604   5.04081e-01  5.05985e-01   9.280e-01   2.38930e-08  2.12850e-07      -1.09468e+03   1.09064e+03  -4.03564e+00      8.000000e-13  1.000000e-05    11971
29.116972   5.04078e-01  5.05987e-01   9.280e-01   2.42976e-08  3.26474e-07      -1.09612e+03   1.09024e+03  -5.88064e+00      8.000000e-13  1.000000e-05    11977
29.135812   5.04076e-01  5.05989e-01   9.280e-01   2.59643e-08  4.39055e-07      -1.09662e+03   1.08917e+03  -7.44691e+00      8.000000e-13  1.000000e-05    11983
29.155761   5.04077e-01  5.05986e-01   9.279e-01   2.81781e-08  2.06523e-07      -1.09686e+03   1.08924e+03  -7.62641e+00      8.000000e-13  1.000000e-05    11989
29.176870   5.04078e-01  5.05985e-01   9.279e-01   2.81588e-08  2.52831e-07      -1.09636e+03   1.09006e+03  -6.30056e+00      8.000000e-13  1.000000e-05    11995
29.193290   5.04076e-01  5.05984e-01   9.279e-01   2.76832e-08  1.22167e-06      -1.09560e+03   1.09115e+03  -4.45497e+00      8.000000e-13  1.000000e-05    12007
29.209001   5.04073e-01  5.05986e-01   9.279e-01   2.77346e-08  4.56098e-07      -1.09529e+03   1.09141e+03  -3.87307e+00      8.000000e-13  1.000000e-05    12013
29.226781   5.04074e-01  5.05984e-01   9.279e-01   2.77059e-08  3.46768e-07      -1.09450e+03   1.09199e+03  -2.51289e+00      8.000000e-13  1.000000e-05    12019
29.244427   5.04078e-01  5.05979e-01   9.278e-01   2.62049e-08  4.15205e-07      -1.09567e+03   1.09110e+03  -4.56790e+00      8.000000e-13  1.000000e-05    12025
29.262642   5.04080e-01  5.05974e-01   9.278e-01   2.61146e-08  1.97692e-07      -1.09575e+03   1.09120e+03  -4.55756e+00      8.000000e-13  1.000000e-05    12031
29.280948   5.04085e-01  5.05970e-01   9.278e-01   2.24378e-08  6.08296e-07      -1.09639e+03   1.09013e+03  -6.26359e+00      8.000000e-13  1.000000e-05    12037
29.298096   5.04086e-01  5.05968e-01   9.278e-01   2.56019e-08  7.45733e-07      -1.09796e+03   1.08859e+03  -9.36501e+00      8.000000e-13  1.000000e-05    12049
29.314584   5.04082e-01  5.05968e-01   9.278e-01   2.56747e-08  8.50428e-07      -1.09829e+03   1.08712e+03  -1.11751e+01      8.000000e-13  1.000000e-05    12055
29.329754   5.04082e-01  5.05968e-01   9.277e-01   2.56380e-08  2.72280e-07      -1.09776e+03   1.08798e+03  -9.78188e+00      8.000000e-13  1.000000e-05    12061
29.348206   5.04075e-01  5.05971e-01   9.277e-01   3.15128e-08  2.52029e-07      -1.09786e+03   1.08756e+03  -1.03036e+01      8.000000e-13  1.000000e-05    12067
29.367234   5.04071e-01  5.05974e-01   9.277e-01   2.99383e-08  3.52490e-07      -1.09702e+03   1.08870e+03  -8.32021e+00      8.000000e-13  1.000000e-05    12073
29.384585   5.04074e-01  5.05972e-01   9.277e-01   2.94622e-08  2.49170e-06      -1.09795e+03   1.08901e+03  -8.93526e+00      8.000000e-13  1.000000e-05    12085
29.398944   5.04069e-01  5.05973e-01   9.277e-01   2.72843e-08  3.59682e-07      -1.09752e+03   1.08971e+03  -7.80460e+00      8.000000e-13  1.000000e-05    12097
29.412713   5.04074e-01  5.05968e-01   9.276e-01   2.39416e-08  5.63519e-07      -1.09719e+03   1.09041e+03  -6.77973e+00      8.000000e-13  1.000000e-05    12103
29.425205   5.04074e-01  5.05968e-01   9.276e-01   2.39142e-08  9.76194e-07      -1.09693e+03   1.09079e+03  -6.13872e+00      8.000000e-13  1.000000e-05    12109
29.439545   5.04075e-01  5.05966e-01   9.276e-01   2.76709e-08  4.71180e-07      -1.09632e+03   1.09102e+03  -5.29512e+00      8.000000e-13  1.000000e-05    12115
29.455090   5.04076e-01  5.05964e-01   9.276e-01   2.61634e-08  4.22063e-07      -1.09563e+03   1.09187e+03  -3.75382e+00      8.000000e-13  1.000000e-05    12121
29.472301   5.04063e-01  5.05976e-01   9.276e-01   2.62975e-08  8.54712e-07      -1.09535e+03   1.09094e+03  -4.40517e+00      8.000000e-13  1.000000e-05    12127
29.487061   5.04059e-01  5.05981e-01   9.276e-01   2.77650e-08  8.88715e-07      -1.09475e+03   1.09248e+03  -2.27410e+00      8.000000e-13  1.000000e-05    12139
29.501018   5.04060e-01  5.05981e-01   9.276e-01   2.78279e-08  4.69660e-07      -1.09490e+03   1.09266e+03  -2.24379e+00      8.000000e-13  1.000000e-05    12145
29.517987   5.04061e-01  5.05980e-01   9.276e-01   2.60577e-08  4.68584e-07      -1.09371e+03   1.09325e+03  -4.62709e-01      8.000000e-13  1.000000e-05    12151
29.536062   5.04060e-01  5.05981e-01   9.276e-01   2.40264e-08  3.98841e-07      -1.09300e+03   1.09342e+03   4.21759e-01      8.000000e-13  1.000000e-05    12157
29.552981   5.04065e-01  5.05976e-01   9.275e-01   2.55165e-08  3.72899e-07      -1.09359e+03   1.09254e+03  -1.05631e+00      8.000000e-13  1.000000e-05    12163
29.568840   5.04063e-01  5.05977e-01   9.275e-01   2.76700e-08  9.76094e-07      -1.09433e+03   1.09228e+03  -2.05353e+00      8.000000e-13  1.000000e-05    12169
29.586102   5.04065e-01  5.05975e-01   9.275e-01   2.70384e-08  5.50559e-07      -1.09283e+03   1.09346e+03   6.31647e-01      8.000000e-13  1.000000e-05    12175
29.601147   5.04069e-01  5.05973e-01   9.275e-01   2.70151e-08  5.37828e-07      -1.09326e+03   1.09359e+03   3.35261e-01      8.000000e-13  1.000000e-05    12187
29.615781   5.04069e-01  5.05973e-01   9.275e-01   2.76156e-08  3.80369e-07      -1.09348e+03   1.09301e+03  -4.76337e-01      8.000000e-13  1.000000e-05    12193
29.632217   5.04070e-01  5.05972e-01   9.275e-01   3.07966e-08  3.05321e-07      -1.09322e+03   1.09375e+03   5.29474e-01      8.000000e-13  1.000000e-05    12199
29.650028   5.04073e-01  5.05969e-01   9.275e-01   2.70989e-08  3.48708e-07      -1.09316e+03   1.09396e+03   8.01347e-01      8.000000e-13  1.000000e-05    12205
29.668519   5.04079e-01  5.05963e-01   9.274e-01   3.03932e-08  3.46417e-07      -1.09396e+03   1.09191e+03  -2.04339e+00      8.000000e-13  1.000000e-05    12211
29.686240   5.04085e-01  5.05956e-01   9.273e-01   2.57200e-08  3.03206e-07      -1.09569e+03   1.09241e+03  -3.27710e+00      8.000000e-13  1.000000e-05    12217
29.702339   5.04082e-01  5.05959e-01   9.273e-01   2.41612e-08  3.98045e-07      -1.09533e+03   1.09267e+03  -2.65953e+00      8.000000e-13  1.000000e-05    12223
29.717936   5.04085e-01  5.05956e-01   9.273e-01   2.41507e-08  4.14873e-07      -1.09534e+03   1.09368e+03  -1.66423e+00      8.000000e-13  1.000000e-05    12229
29.733863   5.04088e-01  5.05952e-01   9.273e-01   2.63039e-08  3.49385e-07      -1.09570e+03   1.09300e+03  -2.69653e+00      8.000000e-13  1.000000e-05    12235
29.751116   5.04087e-01  5.05955e-01   9.273e-01   2.64337e-08  7.04908e-07      -1.09338e+03   1.09493e+03   1.54936e+00      8.000000e-13  1.000000e-05    12241
29.768688   5.04095e-01  5.05946e-01   9.273e-01   2.49634e-08  4.20655e-07      -1.09211e+03   1.09497e+03   2.86759e+00      8.000000e-13  1.000000e-05    12247
29.784689   5.04117e-01  5.05932e-01   9.272e-01   2.47914e-08  4.33950e-07      -1.09218e+03   1.09598e+03   3.79721e+00      8.000000e-13  1.000000e-05    12253
29.800053   5.04121e-01  5.05928e-01   9.272e-01   2.41619e-08  6.65420e-07      -1.09302e+03   1.09521e+03   2.19654e+00      8.000000e-13  1.000000e-05    12259
29.817198   5.04114e-01  5.05934e-01   9.272e-01   2.60742e-08  4.65346e-07      -1.09357e+03   1.09457e+03   9.92190e-01      8.000000e-13  1.000000e-05    12265
29.834675   5.04113e-01  5.05934e-01   9.271e-01   2.39409e-08  4.45988e-07      -1.09288e+03   1.09468e+03   1.80565e+00      8.000000e-13  1.000000e-05    12271
29.852707   5.04108e-01  5.05937e-01   9.271e-01   2.44767e-08  2.77995e-07      -1.09382e+03   1.09415e+03   3.37271e-01      8.000000e-13  1.000000e-05    12277
29.870946   5.04107e-01  5.05938e-01   9.271e-01   2.44768e-08  5.11073e-07      -1.09425e+03   1.09450e+03   2.43552e-01      8.000000e-13  1.000000e-05    12283
29.889834   5.04103e-01  5.05941e-01   9.270e-01   2.60472e-08  5.51741e-07      -1.09517e+03   1.09321e+03  -1.95370e+00      8.000000e-13  1.000000e-05    12289
29.909944   5.04104e-01  5.05939e-01   9.270e-01   2.61352e-08  3.58066e-07      -1.09364e+03   1.09399e+03   3.48244e-01      8.000000e-13  1.000000e-05    12295
29.930587   5.04097e-01  5.05944e-01   9.270e-01   2.39374e-08  3.24424e-07      -1.09433e+03   1.09277e+03  -1.56093e+00      8.000000e-13  1.000000e-05    12301
29.949775   5.04100e-01  5.05941e-01   9.270e-01   2.55331e-08  2.23426e-07      -1.09385e+03   1.09336e+03  -4.96929e-01      8.000000e-13  1.000000e-05    12307
29.969022   5.04099e-01  5.05942e-01   9.270e-01   2.61035e-08  3.03349e-07      -1.09416e+03   1.09415e+03  -5.60912e-03      8.000000e-13  1.000000e-05    12313
29.987233   5.04101e-01  5.05941e-01   9.269e-01   2.45355e-08  3.05819e-07      -1.09414e+03   1.09368e+03  -4.58474e-01      8.000000e-13  1.000000e-05    12319
30.000000   5.04101e-01  5.05939e-01   9.269e-01   2.47426e-08  5.85763e-07      -1.09405e+03   1.09366e+03  -3.94826e-01      8.000000e-13  1.000000e-05    12325
