0.002812   1.27817e-01  1.27817e-01   1.000e+00   1.66405e-03  2.54018e-01       1.23126e+02   1.33704e+02   2.56830e+02      1.000000e-10  1.000000e-05       13
0.003984   1.27817e-01  1.27818e-01   1.000e+00   3.89822e-08  2.49654e-01       1.74719e+02   1.89166e+02   3.63884e+02      1.000000e-10  1.000000e-05       49
0.005058   1.27819e-01  1.27819e-01   1.000e+00   3.43580e-08  2.46123e-01       2.21885e+02   2.40045e+02   4.61929e+02      2.000000e-11  1.000000e-05       55
0.007186   1.27822e-01  1.27823e-01   1.000e+00   4.45201e-08  2.39750e-01       3.15374e+02   3.40897e+02   6.56271e+02      2.000000e-10  1.000000e-05       61
0.010904   1.27832e-01  1.27832e-01   1.000e+00   3.75078e-08  2.28727e-01       4.78584e+02   5.16960e+02   9.95544e+02      4.000000e-11  1.000000e-05       67
0.016981   1.27856e-01  1.27857e-01   1.000e+00   3.44806e-08  2.11206e-01       7.45060e+02   8.04427e+02   1.54949e+03      4.000000e-11  1.000000e-05       73
0.018837   1.27866e-01  1.27866e-01   1.000e+00   7.82853e-07  2.06381e-01       8.26425e+02   8.92182e+02   1.71861e+03      8.000000e-07  1.000000e-05       85
0.020692   1.27876e-01  1.27877e-01   1.000e+00   4.08967e-07  2.01583e-01       9.07676e+02   9.79826e+02   1.88750e+03      1.600000e-07  1.000000e-05       91
0.026069   1.27912e-01  1.27912e-01   1.000e+00   2.03165e-07  1.88465e-01       1.14263e+03   1.23331e+03   2.37594e+03      3.200000e-08  1.000000e-05       97
0.037876   1.28019e-01  1.28019e-01   1.000e+00   9.62770e-08  1.62499e-01       1.65602e+03   1.78724e+03   3.44326e+03      6.400000e-09  1.000000e-05      103
0.059140   1.28311e-01  1.28311e-01   1.000e+00   5.32871e-08  1.25323e-01       2.56893e+03   2.77244e+03   5.34137e+03      1.280000e-09  1.000000e-05      109
0.089439   1.28942e-01  1.28943e-01   9.999e-01   3.45655e-08  8.86095e-02       3.83482e+03   4.14030e+03   7.97512e+03      2.560000e-10  1.000000e-05      115
0.114554   1.29649e-01  1.29652e-01   9.999e-01   3.00291e-08  6.86029e-02       4.84649e+03   5.23322e+03   1.00797e+04      5.120000e-11  1.000000e-05      127
0.133504   1.30297e-01  1.30296e-01   9.998e-01   2.61095e-08  5.80265e-02       5.58672e+03   6.03365e+03   1.16204e+04      1.024000e-11  1.000000e-05      139
0.151163   1.30976e-01  1.30976e-01   9.998e-01   3.20997e-08  5.08396e-02       6.25491e+03   6.75539e+03   1.30103e+04      1.024000e-10  1.000000e-05      145
0.168856   1.31733e-01  1.31735e-01   9.998e-01   2.80439e-08  4.57478e-02       6.90521e+03   7.45865e+03   1.43639e+04      2.048000e-11  1.000000e-05      151
0.186997   1.32584e-01  1.32586e-01   9.998e-01   3.49587e-08  4.21623e-02       7.54938e+03   8.15668e+03   1.57061e+04      2.048000e-10  1.000000e-05      157
0.206904   1.33606e-01  1.33607e-01   9.998e-01   3.09167e-08  3.98089e-02       8.23104e+03   8.89566e+03   1.71267e+04      4.096000e-11  1.000000e-05      163
0.222355   1.34456e-01  1.34456e-01   9.998e-01   2.66168e-08  3.88695e-02       8.74278e+03   9.44984e+03   1.81926e+04      8.192000e-12  1.000000e-05      181
0.237006   1.35310e-01  1.35310e-01   9.998e-01   3.50471e-08  3.85443e-02       9.21416e+03   9.96152e+03   1.91757e+04      8.192000e-11  1.000000e-05      187
0.252711   1.36275e-01  1.36276e-01   9.998e-01   2.82336e-08  3.87124e-02       9.70397e+03   1.04938e+04   2.01977e+04      1.638400e-11  1.000000e-05      193
0.263017   1.36935e-01  1.36936e-01   9.997e-01   2.55551e-08  3.90488e-02       1.00162e+04   1.08331e+04   2.08493e+04      3.276800e-12  1.000000e-05      211
0.263421   1.36961e-01  1.36963e-01   9.997e-01   1.74553e-07  3.90651e-02       1.00284e+04   1.08463e+04   2.08747e+04      6.553600e-08  1.000000e-05      241
0.263826   1.36988e-01  1.36989e-01   9.997e-01   8.52748e-08  3.90828e-02       1.00405e+04   1.08595e+04   2.09000e+04      1.310720e-08  1.000000e-05      247
0.265278   1.37083e-01  1.37084e-01   9.997e-01   5.73481e-08  3.91508e-02       1.00840e+04   1.09068e+04   2.09908e+04      2.621440e-09  1.000000e-05      253
0.268987   1.37327e-01  1.37328e-01   9.997e-01   4.33823e-08  3.93291e-02       1.01945e+04   1.10270e+04   2.12215e+04      5.242880e-10  1.000000e-05      259
0.276320   1.37818e-01  1.37819e-01   9.997e-01   3.64241e-08  3.97230e-02       1.04105e+04   1.12620e+04   2.16725e+04      1.048576e-10  1.000000e-05      265
0.287942   1.38618e-01  1.38616e-01   9.997e-01   3.05779e-08  4.04864e-02       1.07461e+04   1.16276e+04   2.23737e+04      2.097152e-11  1.000000e-05      271
0.297222   1.39274e-01  1.39272e-01   9.997e-01   2.64650e-08  4.11991e-02       1.10084e+04   1.19132e+04   2.29215e+04      4.194304e-12  1.000000e-05      295
0.306502   1.39946e-01  1.39943e-01   9.997e-01   3.25644e-08  4.19866e-02       1.12657e+04   1.21936e+04   2.34593e+04      4.194304e-11  1.000000e-05      301
0.316869   1.40714e-01  1.40713e-01   9.997e-01   3.27732e-08  4.29448e-02       1.15465e+04   1.25003e+04   2.40468e+04      8.388608e-12  1.000000e-05      307
0.328777   1.41620e-01  1.41619e-01   9.997e-01   3.84568e-08  4.41326e-02       1.18623e+04   1.28450e+04   2.47073e+04      8.388608e-11  1.000000e-05      313
0.342111   1.42664e-01  1.42664e-01   9.996e-01   3.75323e-08  4.55605e-02       1.22074e+04   1.32215e+04   2.54289e+04      1.677722e-11  1.000000e-05      319
0.345186   1.42909e-01  1.42908e-01   9.996e-01   6.50798e-08  4.58989e-02       1.22855e+04   1.33068e+04   2.55923e+04      3.355443e-09  1.000000e-05      331
0.348261   1.43155e-01  1.43155e-01   9.996e-01   5.60951e-08  4.62450e-02       1.23631e+04   1.33915e+04   2.57546e+04      6.710886e-10  1.000000e-05      337
0.354549   1.43664e-01  1.43663e-01   9.996e-01   5.19105e-08  4.69636e-02       1.25201e+04   1.35632e+04   2.60833e+04      1.342177e-10  1.000000e-05      343
0.364437   1.44477e-01  1.44476e-01   9.996e-01   4.40859e-08  4.81119e-02       1.27629e+04   1.38283e+04   2.65912e+04      2.684355e-11  1.000000e-05      349
0.368133   1.44785e-01  1.44784e-01   9.996e-01   3.76414e-08  4.85456e-02       1.28524e+04   1.39262e+04   2.67786e+04      5.368709e-12  1.000000e-05      373
0.371830   1.45095e-01  1.45094e-01   9.996e-01   4.52267e-08  4.89855e-02       1.29412e+04   1.40233e+04   2.69645e+04      5.368709e-11  1.000000e-05      379
0.376727   1.45509e-01  1.45507e-01   9.996e-01   3.85280e-08  4.95750e-02       1.30577e+04   1.41508e+04   2.72085e+04      1.073742e-11  1.000000e-05      385
0.383360   1.46076e-01  1.46076e-01   9.997e-01   3.34504e-08  5.03801e-02       1.32147e+04   1.43209e+04   2.75357e+04      2.147484e-12  1.000000e-05      391
0.389738   1.46627e-01  1.46627e-01   9.997e-01   4.09869e-08  5.11599e-02       1.33626e+04   1.44829e+04   2.78455e+04      2.147484e-11  1.000000e-05      397
0.396793   1.47244e-01  1.47244e-01   9.996e-01   3.76945e-08  5.20315e-02       1.35238e+04   1.46597e+04   2.81836e+04      4.294967e-12  1.000000e-05      403
0.398332   1.47380e-01  1.47380e-01   9.996e-01   8.22597e-07  5.22223e-02       1.35588e+04   1.46981e+04   2.82569e+04      8.589935e-07  1.000000e-05      415
0.399870   1.47516e-01  1.47516e-01   9.996e-01   3.00081e-07  5.24121e-02       1.35936e+04   1.47362e+04   2.83298e+04      1.717987e-07  1.000000e-05      421
0.404603   1.47936e-01  1.47936e-01   9.996e-01   1.37867e-07  5.30011e-02       1.36997e+04   1.48527e+04   2.85524e+04      3.435974e-08  1.000000e-05      427
0.415763   1.48940e-01  1.48939e-01   9.996e-01   8.54741e-08  5.43984e-02       1.39457e+04   1.51226e+04   2.90683e+04      6.871948e-09  1.000000e-05      433
0.437354   1.50932e-01  1.50929e-01   9.996e-01   5.99101e-08  5.71198e-02       1.44052e+04   1.56274e+04   3.00327e+04      1.374390e-09  1.000000e-05      439
0.468042   1.53870e-01  1.53870e-01   9.996e-01   5.18968e-08  6.09950e-02       1.50235e+04   1.63089e+04   3.13324e+04      2.748779e-10  1.000000e-05      445
0.488411   1.55887e-01  1.55883e-01   9.996e-01   4.61082e-08  6.35397e-02       1.54126e+04   1.67368e+04   3.21494e+04      5.497558e-11  1.000000e-05      457
0.505157   1.57584e-01  1.57586e-01   9.995e-01   4.46263e-08  6.56225e-02       1.57205e+04   1.70774e+04   3.27979e+04      1.099512e-11  1.000000e-05      469
0.514472   1.58548e-01  1.58545e-01   9.995e-01   4.15787e-08  6.67514e-02       1.58845e+04   1.72602e+04   3.31447e+04      2.199023e-12  1.000000e-05      487
0.519812   1.59099e-01  1.59100e-01   9.995e-01   3.94844e-08  6.74055e-02       1.59786e+04   1.73646e+04   3.33432e+04      4.398047e-13  1.000000e-05      505
0.524876   1.59629e-01  1.59624e-01   9.995e-01   4.03906e-08  6.80059e-02       1.60653e+04   1.74618e+04   3.35270e+04      4.398047e-13  1.000000e-05      511
0.529831   1.60148e-01  1.60144e-01   9.995e-01   3.95077e-08  6.86041e-02       1.61507e+04   1.75557e+04   3.37065e+04      4.398047e-13  1.000000e-05      517
0.534988   1.60692e-01  1.60688e-01   9.995e-01   3.65843e-08  6.92248e-02       1.62382e+04   1.76526e+04   3.38908e+04      4.398047e-13  1.000000e-05      523
0.540333   1.61259e-01  1.61255e-01   9.995e-01   3.71507e-08  6.98432e-02       1.63279e+04   1.77520e+04   3.40799e+04      4.398047e-13  1.000000e-05      529
0.545989   1.61863e-01  1.61861e-01   9.994e-01   3.80679e-08  7.05169e-02       1.64234e+04   1.78571e+04   3.42805e+04      4.398047e-13  1.000000e-05      535
0.551912   1.62502e-01  1.62509e-01   9.993e-01   3.40807e-08  7.12265e-02       1.65201e+04   1.79641e+04   3.44842e+04      4.398047e-13  1.000000e-05      541
0.557601   1.63116e-01  1.63122e-01   9.993e-01   3.40216e-08  7.18839e-02       1.66123e+04   1.80667e+04   3.46790e+04      4.398047e-13  1.000000e-05      547
0.558746   1.63240e-01  1.63246e-01   9.993e-01   4.51993e-08  7.20141e-02       1.66307e+04   1.80870e+04   3.47177e+04      4.398047e-11  1.000000e-05      559
0.559892   1.63364e-01  1.63370e-01   9.993e-01   4.56596e-08  7.21462e-02       1.66490e+04   1.81074e+04   3.47563e+04      4.398047e-11  1.000000e-05      565
0.562295   1.63625e-01  1.63631e-01   9.993e-01   4.83649e-08  7.24236e-02       1.66872e+04   1.81498e+04   3.48371e+04      4.398047e-11  1.000000e-05      571
0.566473   1.64080e-01  1.64086e-01   9.993e-01   4.44994e-08  7.29116e-02       1.67533e+04   1.82231e+04   3.49764e+04      4.398047e-11  1.000000e-05      577
0.572971   1.64792e-01  1.64797e-01   9.993e-01   4.55410e-08  7.36420e-02       1.68548e+04   1.83359e+04   3.51906e+04      4.398047e-11  1.000000e-05      583
0.582715   1.65867e-01  1.65872e-01   9.993e-01   5.08553e-08  7.47214e-02       1.70044e+04   1.85022e+04   3.55066e+04      4.398047e-11  1.000000e-05      589
0.595977   1.67346e-01  1.67349e-01   9.993e-01   4.85388e-08  7.61749e-02       1.72028e+04   1.87225e+04   3.59253e+04      4.398047e-11  1.000000e-05      595
0.608309   1.68741e-01  1.68737e-01   9.992e-01   4.71466e-08  7.75281e-02       1.73827e+04   1.89228e+04   3.63055e+04      8.796093e-12  1.000000e-05      613
0.617625   1.69805e-01  1.69791e-01   9.992e-01   4.18336e-08  7.85154e-02       1.75123e+04   1.90674e+04   3.65797e+04      1.759219e-12  1.000000e-05      625
0.622536   1.70367e-01  1.70351e-01   9.992e-01   4.22721e-08  7.90387e-02       1.75815e+04   1.91439e+04   3.67254e+04      1.759219e-12  1.000000e-05      643
0.627135   1.70895e-01  1.70879e-01   9.992e-01   5.33700e-08  7.94890e-02       1.76450e+04   1.92147e+04   3.68597e+04      1.759219e-11  1.000000e-05      649
0.632337   1.71495e-01  1.71478e-01   9.992e-01   4.80241e-08  8.00396e-02       1.77164e+04   1.92944e+04   3.70108e+04      3.518437e-12  1.000000e-05      655
0.637412   1.72083e-01  1.72065e-01   9.992e-01   5.43093e-08  8.05527e-02       1.77850e+04   1.93712e+04   3.71562e+04      3.518437e-11  1.000000e-05      661
0.643494   1.72790e-01  1.72772e-01   9.992e-01   5.50125e-08  8.11609e-02       1.78663e+04   1.94621e+04   3.73284e+04      7.036874e-12  1.000000e-05      667
0.650951   1.73662e-01  1.73643e-01   9.992e-01   5.82241e-08  8.18931e-02       1.79644e+04   1.95719e+04   3.75364e+04      7.036874e-11  1.000000e-05      673
0.659707   1.74692e-01  1.74671e-01   9.992e-01   6.38084e-08  8.27511e-02       1.80776e+04   1.96986e+04   3.77762e+04      7.036874e-11  1.000000e-05      679
0.672431   1.76200e-01  1.76177e-01   9.992e-01   6.44830e-08  8.39736e-02       1.82383e+04   1.98785e+04   3.81169e+04      7.036874e-11  1.000000e-05      685
0.688135   1.78080e-01  1.78056e-01   9.991e-01   6.68921e-08  8.54386e-02       1.84295e+04   2.00936e+04   3.85232e+04      7.036874e-11  1.000000e-05      691
0.706577   1.80308e-01  1.80285e-01   9.991e-01   7.03311e-08  8.71029e-02       1.86463e+04   2.03374e+04   3.89838e+04      7.036874e-11  1.000000e-05      697
0.723486   1.82375e-01  1.82346e-01   9.991e-01   7.40480e-08  8.85371e-02       1.88332e+04   2.05494e+04   3.93826e+04      7.036874e-11  1.000000e-05      709
0.739647   1.84366e-01  1.84342e-01   9.991e-01   7.06143e-08  8.99126e-02       1.90088e+04   2.07482e+04   3.97570e+04      7.036874e-11  1.000000e-05      715
0.756189   1.86431e-01  1.86399e-01   9.991e-01   6.86191e-08  9.12408e-02       1.91809e+04   2.09425e+04   4.01234e+04      7.036874e-11  1.000000e-05      721
0.770638   1.88251e-01  1.88215e-01   9.991e-01   6.59314e-08  9.24117e-02       1.93289e+04   2.11092e+04   4.04381e+04      1.407375e-11  1.000000e-05      733
0.779240   1.89336e-01  1.89298e-01   9.990e-01   6.09660e-08  9.30613e-02       1.94138e+04   2.12035e+04   4.06172e+04      2.814750e-12  1.000000e-05      751
0.787341   1.90366e-01  1.90328e-01   9.990e-01   6.61722e-08  9.36625e-02       1.94910e+04   2.12900e+04   4.07810e+04      2.814750e-12  1.000000e-05      757
0.795376   1.91393e-01  1.91354e-01   9.990e-01   6.52993e-08  9.42536e-02       1.95664e+04   2.13756e+04   4.09420e+04      2.814750e-12  1.000000e-05      763
0.803304   1.92406e-01  1.92376e-01   9.990e-01   6.34468e-08  9.48322e-02       1.96397e+04   2.14578e+04   4.10975e+04      2.814750e-12  1.000000e-05      769
0.810641   1.93349e-01  1.93317e-01   9.990e-01   7.11583e-08  9.52994e-02       1.97021e+04   2.15293e+04   4.12314e+04      2.814750e-12  1.000000e-05      775
0.811659   1.93480e-01  1.93447e-01   9.990e-01   5.84775e-08  9.53684e-02       1.97111e+04   2.15395e+04   4.12506e+04      5.629500e-13  1.000000e-05      817
0.812676   1.93611e-01  1.93578e-01   9.990e-01   5.35502e-08  9.54372e-02       1.97200e+04   2.15497e+04   4.12697e+04      5.629500e-13  1.000000e-05      823
0.812879   1.93638e-01  1.93605e-01   9.990e-01   4.66760e-07  9.54514e-02       1.97217e+04   2.15517e+04   4.12735e+04      5.629500e-07  1.000000e-05      835
0.813083   1.93664e-01  1.93631e-01   9.990e-01   2.33098e-07  9.54669e-02       1.97235e+04   2.15538e+04   4.12773e+04      1.125900e-07  1.000000e-05      841
0.814020   1.93785e-01  1.93752e-01   9.990e-01   1.89162e-07  9.55509e-02       1.97317e+04   2.15632e+04   4.12949e+04      2.251800e-08  1.000000e-05      847
0.816844   1.94149e-01  1.94115e-01   9.990e-01   1.45878e-07  9.57371e-02       1.97562e+04   2.15912e+04   4.13475e+04      4.503600e-09  1.000000e-05      853
0.822986   1.94943e-01  1.94909e-01   9.990e-01   9.49982e-08  9.61356e-02       1.98090e+04   2.16516e+04   4.14606e+04      9.007199e-10  1.000000e-05      859
0.833692   1.96332e-01  1.96296e-01   9.990e-01   8.62275e-08  9.68312e-02       1.98989e+04   2.17547e+04   4.16535e+04      1.801440e-10  1.000000e-05      865
0.849321   1.98371e-01  1.98337e-01   9.990e-01   7.18067e-08  9.77830e-02       2.00253e+04   2.18997e+04   4.19250e+04      3.602880e-11  1.000000e-05      871
0.859620   1.99717e-01  1.99682e-01   9.989e-01   6.76505e-08  9.84101e-02       2.01073e+04   2.19942e+04   4.21015e+04      7.205759e-12  1.000000e-05      889
0.866136   2.00577e-01  2.00539e-01   9.989e-01   5.88579e-08  9.87922e-02       2.01580e+04   2.20514e+04   4.22094e+04      1.441152e-12  1.000000e-05      907
0.872284   2.01389e-01  2.01346e-01   9.989e-01   5.41152e-08  9.91453e-02       2.02051e+04   2.21049e+04   4.23101e+04      1.441152e-12  1.000000e-05      913
0.878411   2.02200e-01  2.02153e-01   9.989e-01   5.75054e-08  9.94881e-02       2.02496e+04   2.21573e+04   4.24068e+04      1.441152e-12  1.000000e-05      919
0.884677   2.03030e-01  2.02981e-01   9.989e-01   5.52430e-08  9.98358e-02       2.02947e+04   2.22090e+04   4.25038e+04      1.441152e-12  1.000000e-05      925
0.890864   2.03851e-01  2.03802e-01   9.989e-01   5.53414e-08  1.00158e-01       2.03379e+04   2.22592e+04   4.25970e+04      1.441152e-12  1.000000e-05      931
0.897236   2.04700e-01  2.04652e-01   9.989e-01   6.09287e-08  1.00516e-01       2.03825e+04   2.23117e+04   4.26942e+04      1.441152e-12  1.000000e-05      937
0.903674   2.05554e-01  2.05515e-01   9.988e-01   5.68518e-08  1.00827e-01       2.04270e+04   2.23628e+04   4.27898e+04      1.441152e-12  1.000000e-05      943
0.910071   2.06414e-01  2.06372e-01   9.988e-01   5.60922e-08  1.01144e-01       2.04688e+04   2.24134e+04   4.28822e+04      1.441152e-12  1.000000e-05      949
0.914394   2.06990e-01  2.06954e-01   9.988e-01   5.76413e-08  1.01356e-01       2.04971e+04   2.24460e+04   4.29431e+04      1.441152e-12  1.000000e-05      967
0.914693   2.07030e-01  2.06994e-01   9.988e-01   4.63880e-08  1.01369e-01       2.04990e+04   2.24483e+04   4.29473e+04      2.882304e-13  1.000000e-05     1021
0.914992   2.07070e-01  2.07034e-01   9.988e-01   4.72960e-08  1.01384e-01       2.05010e+04   2.24506e+04   4.29515e+04      2.882304e-13  1.000000e-05     1027
0.915325   2.07115e-01  2.07079e-01   9.988e-01   4.86733e-08  1.01400e-01       2.05031e+04   2.24531e+04   4.29562e+04      2.882304e-13  1.000000e-05     1033
0.915879   2.07189e-01  2.07153e-01   9.988e-01   4.88159e-08  1.01426e-01       2.05067e+04   2.24573e+04   4.29640e+04      2.882304e-13  1.000000e-05     1039
0.916734   2.07304e-01  2.07267e-01   9.988e-01   5.10377e-08  1.01465e-01       2.05123e+04   2.24637e+04   4.29760e+04      2.882304e-13  1.000000e-05     1045
0.917930   2.07464e-01  2.07428e-01   9.988e-01   5.15090e-08  1.01522e-01       2.05200e+04   2.24727e+04   4.29927e+04      2.882304e-13  1.000000e-05     1051
0.919515   2.07677e-01  2.07641e-01   9.988e-01   4.72655e-08  1.01597e-01       2.05303e+04   2.24846e+04   4.30149e+04      2.882304e-13  1.000000e-05     1057
0.921514   2.07945e-01  2.07909e-01   9.988e-01   4.92509e-08  1.01688e-01       2.05431e+04   2.24995e+04   4.30425e+04      2.882304e-13  1.000000e-05     1063
0.923823   2.08255e-01  2.08220e-01   9.988e-01   5.90381e-08  1.01802e-01       2.05579e+04   2.25168e+04   4.30747e+04      2.882304e-13  1.000000e-05     1069
0.926509   2.08617e-01  2.08581e-01   9.988e-01   5.32614e-08  1.01949e-01       2.05746e+04   2.25364e+04   4.31109e+04      2.882304e-13  1.000000e-05     1075
0.929539   2.09027e-01  2.08988e-01   9.988e-01   4.87757e-08  1.02088e-01       2.05935e+04   2.25586e+04   4.31521e+04      2.882304e-13  1.000000e-05     1081
0.932281   2.09398e-01  2.09358e-01   9.988e-01   5.22774e-08  1.02212e-01       2.06106e+04   2.25786e+04   4.31892e+04      2.882304e-13  1.000000e-05     1093
0.933807   2.09604e-01  2.09564e-01   9.988e-01   4.67766e-08  1.02277e-01       2.06199e+04   2.25895e+04   4.32094e+04      2.882304e-13  1.000000e-05     1111
0.935313   2.09807e-01  2.09767e-01   9.988e-01   4.86875e-08  1.02330e-01       2.06292e+04   2.26002e+04   4.32294e+04      2.882304e-13  1.000000e-05     1117
0.937006   2.10036e-01  2.09996e-01   9.988e-01   4.74138e-08  1.02405e-01       2.06395e+04   2.26123e+04   4.32517e+04      2.882304e-13  1.000000e-05     1123
0.939094   2.10318e-01  2.10278e-01   9.988e-01   4.31808e-08  1.02496e-01       2.06520e+04   2.26269e+04   4.32789e+04      2.882304e-13  1.000000e-05     1129
0.941470   2.10640e-01  2.10599e-01   9.988e-01   4.91645e-08  1.02600e-01       2.06662e+04   2.26435e+04   4.33097e+04      2.882304e-13  1.000000e-05     1135
0.944447   2.11044e-01  2.11002e-01   9.988e-01   5.65727e-08  1.02729e-01       2.06840e+04   2.26646e+04   4.33486e+04      2.882304e-13  1.000000e-05     1141
0.946168   2.11277e-01  2.11235e-01   9.988e-01   5.55639e-08  1.02816e-01       2.06940e+04   2.26763e+04   4.33704e+04      2.882304e-13  1.000000e-05     1165
0.946334   2.11300e-01  2.11258e-01   9.988e-01   9.39617e-08  1.02805e-01       2.06950e+04   2.26775e+04   4.33725e+04      2.882304e-10  1.000000e-05     1183
0.946501   2.11322e-01  2.11280e-01   9.988e-01   8.12188e-08  1.02810e-01       2.06960e+04   2.26786e+04   4.33746e+04      5.764608e-11  1.000000e-05     1189
0.946982   2.11387e-01  2.11345e-01   9.988e-01   8.42983e-08  1.02831e-01       2.06988e+04   2.26819e+04   4.33807e+04      5.764608e-11  1.000000e-05     1195
0.948094   2.11538e-01  2.11496e-01   9.988e-01   7.44424e-08  1.02879e-01       2.07053e+04   2.26895e+04   4.33948e+04      1.152922e-11  1.000000e-05     1201
0.950048   2.11803e-01  2.11760e-01   9.988e-01   6.53140e-08  1.02975e-01       2.07167e+04   2.27029e+04   4.34195e+04      2.305843e-12  1.000000e-05     1207
0.952680   2.12161e-01  2.12117e-01   9.988e-01   5.58068e-08  1.03079e-01       2.07318e+04   2.27206e+04   4.34524e+04      4.611686e-13  1.000000e-05     1213
0.955720   2.12574e-01  2.12531e-01   9.988e-01   5.23487e-08  1.03200e-01       2.07490e+04   2.27406e+04   4.34896e+04      4.611686e-13  1.000000e-05     1219
0.959110   2.13035e-01  2.12989e-01   9.988e-01   5.32828e-08  1.03342e-01       2.07682e+04   2.27634e+04   4.35317e+04      4.611686e-13  1.000000e-05     1225
0.963064   2.13569e-01  2.13535e-01   9.987e-01   5.15619e-08  1.03502e-01       2.07902e+04   2.27879e+04   4.35781e+04      4.611686e-13  1.000000e-05     1231
0.963903   2.13683e-01  2.13649e-01   9.987e-01   5.94839e-08  1.03516e-01       2.07948e+04   2.27934e+04   4.35882e+04      4.611686e-12  1.000000e-05     1243
0.964743   2.13798e-01  2.13763e-01   9.987e-01   6.61281e-08  1.03560e-01       2.07995e+04   2.27988e+04   4.35983e+04      9.223372e-13  1.000000e-05     1249
0.965953   2.13963e-01  2.13928e-01   9.987e-01   5.52261e-08  1.03602e-01       2.08061e+04   2.28067e+04   4.36128e+04      9.223372e-13  1.000000e-05     1255
0.967592   2.14186e-01  2.14151e-01   9.987e-01   5.23719e-08  1.03669e-01       2.08151e+04   2.28172e+04   4.36323e+04      9.223372e-13  1.000000e-05     1261
0.968933   2.14369e-01  2.14334e-01   9.987e-01   5.12445e-08  1.03724e-01       2.08224e+04   2.28258e+04   4.36482e+04      9.223372e-13  1.000000e-05     1273
0.969172   2.14401e-01  2.14366e-01   9.987e-01   7.63608e-08  1.03726e-01       2.08237e+04   2.28273e+04   4.36510e+04      9.223372e-11  1.000000e-05     1291
0.969411   2.14434e-01  2.14399e-01   9.987e-01   6.94066e-08  1.03730e-01       2.08250e+04   2.28289e+04   4.36538e+04      1.844674e-11  1.000000e-05     1297
0.969987   2.14512e-01  2.14477e-01   9.987e-01   6.23442e-08  1.03751e-01       2.08281e+04   2.28325e+04   4.36606e+04      3.689349e-12  1.000000e-05     1303
0.970941   2.14643e-01  2.14607e-01   9.987e-01   5.52389e-08  1.03789e-01       2.08332e+04   2.28386e+04   4.36719e+04      7.378698e-13  1.000000e-05     1309
0.971976   2.14784e-01  2.14748e-01   9.987e-01   4.87867e-08  1.03838e-01       2.08388e+04   2.28452e+04   4.36840e+04      7.378698e-13  1.000000e-05     1315
0.973403   2.14978e-01  2.14942e-01   9.987e-01   4.69612e-08  1.03891e-01       2.08464e+04   2.28542e+04   4.37007e+04      7.378698e-13  1.000000e-05     1321
0.975087   2.15208e-01  2.15172e-01   9.987e-01   5.96777e-08  1.03955e-01       2.08554e+04   2.28648e+04   4.37202e+04      7.378698e-12  1.000000e-05     1327
0.977198   2.15497e-01  2.15460e-01   9.987e-01   4.69685e-08  1.04023e-01       2.08666e+04   2.28781e+04   4.37447e+04      1.475740e-12  1.000000e-05     1333
0.979899   2.15866e-01  2.15828e-01   9.987e-01   3.80245e-08  1.04118e-01       2.08809e+04   2.28949e+04   4.37758e+04      1.475740e-12  1.000000e-05     1339
0.983272   2.16328e-01  2.16289e-01   9.987e-01   4.38269e-08  1.04235e-01       2.08983e+04   2.29154e+04   4.38136e+04      1.475740e-12  1.000000e-05     1345
0.986995   2.16837e-01  2.16798e-01   9.987e-01   5.92065e-08  1.04368e-01       2.09174e+04   2.29380e+04   4.38554e+04      1.475740e-11  1.000000e-05     1351
0.991206   2.17414e-01  2.17374e-01   9.987e-01   5.22999e-08  1.04514e-01       2.09386e+04   2.29629e+04   4.39015e+04      2.951479e-12  1.000000e-05     1357
0.991759   2.17490e-01  2.17449e-01   9.987e-01   6.16331e-08  1.04534e-01       2.09413e+04   2.29662e+04   4.39075e+04      5.902958e-11  1.000000e-05     1375
0.992312   2.17566e-01  2.17525e-01   9.987e-01   5.48443e-08  1.04550e-01       2.09441e+04   2.29695e+04   4.39136e+04      1.180592e-11  1.000000e-05     1381
0.993436   2.17720e-01  2.17679e-01   9.987e-01   4.40909e-08  1.04588e-01       2.09497e+04   2.29761e+04   4.39258e+04      2.361183e-12  1.000000e-05     1387
0.995125   2.17952e-01  2.17910e-01   9.987e-01   4.14840e-08  1.04643e-01       2.09580e+04   2.29860e+04   4.39440e+04      4.722366e-13  1.000000e-05     1393
0.997109   2.18225e-01  2.18182e-01   9.987e-01   5.09734e-08  1.04714e-01       2.09677e+04   2.29977e+04   4.39655e+04      4.722366e-13  1.000000e-05     1399
0.997254   2.18245e-01  2.18202e-01   9.987e-01   1.03368e-07  1.04737e-01       2.09685e+04   2.29986e+04   4.39670e+04      4.722366e-09  1.000000e-05     1423
0.997400   2.18265e-01  2.18222e-01   9.987e-01   8.68993e-08  1.04744e-01       2.09692e+04   2.29994e+04   4.39686e+04      9.444733e-10  1.000000e-05     1429
0.997929   2.18338e-01  2.18294e-01   9.987e-01   6.58414e-08  1.04738e-01       2.09717e+04   2.30025e+04   4.39742e+04      1.888947e-10  1.000000e-05     1435
0.999291   2.18525e-01  2.18481e-01   9.987e-01   6.39986e-08  1.04786e-01       2.09784e+04   2.30104e+04   4.39887e+04      3.777893e-11  1.000000e-05     1441
1.001828   2.18873e-01  2.18829e-01   9.987e-01   6.07408e-08  1.04868e-01       2.09906e+04   2.30249e+04   4.40155e+04      7.555786e-12  1.000000e-05     1447
1.005403   2.19364e-01  2.19320e-01   9.987e-01   4.65459e-08  1.04982e-01       2.10075e+04   2.30452e+04   4.40527e+04      1.511157e-12  1.000000e-05     1453
1.009607   2.19938e-01  2.19899e-01   9.987e-01   4.68083e-08  1.05121e-01       2.10267e+04   2.30670e+04   4.40937e+04      3.022315e-13  1.000000e-05     1459
1.013563   2.20480e-01  2.20442e-01   9.987e-01   4.79175e-08  1.05213e-01       2.10441e+04   2.30876e+04   4.41317e+04      3.022315e-13  1.000000e-05     1465
1.014359   2.20589e-01  2.20552e-01   9.987e-01   1.63959e-07  1.05260e-01       2.10478e+04   2.30920e+04   4.41397e+04      3.022315e-08  1.000000e-05     1477
1.015154   2.20699e-01  2.20661e-01   9.987e-01   1.18106e-07  1.05280e-01       2.10514e+04   2.30963e+04   4.41477e+04      6.044629e-09  1.000000e-05     1483
1.017550   2.21029e-01  2.20991e-01   9.987e-01   1.06148e-07  1.05349e-01       2.10622e+04   2.31093e+04   4.41716e+04      1.208926e-09  1.000000e-05     1489
1.022592   2.21725e-01  2.21686e-01   9.987e-01   8.66839e-08  1.05492e-01       2.10847e+04   2.31363e+04   4.42211e+04      2.417852e-10  1.000000e-05     1495
1.030918   2.22876e-01  2.22835e-01   9.987e-01   6.99541e-08  1.05725e-01       2.11209e+04   2.31800e+04   4.43009e+04      4.835703e-11  1.000000e-05     1501
1.042374   2.24467e-01  2.24412e-01   9.987e-01   7.00614e-08  1.05985e-01       2.11647e+04   2.32379e+04   4.44026e+04      9.671407e-12  1.000000e-05     1507
1.051288   2.25704e-01  2.25652e-01   9.987e-01   5.86880e-08  1.06190e-01       2.12003e+04   2.32779e+04   4.44782e+04      1.934281e-12  1.000000e-05     1519
1.059561   2.26857e-01  2.26803e-01   9.987e-01   5.30815e-08  1.06384e-01       2.12324e+04   2.33167e+04   4.45491e+04      1.934281e-12  1.000000e-05     1525
1.066197   2.27780e-01  2.27730e-01   9.986e-01   5.75501e-08  1.06562e-01       2.12581e+04   2.33485e+04   4.46066e+04      1.934281e-12  1.000000e-05     1537
1.067433   2.27952e-01  2.27902e-01   9.986e-01   4.54575e-07  1.06617e-01       2.12626e+04   2.33540e+04   4.46166e+04      3.868563e-07  1.000000e-05     1549
1.068669   2.28124e-01  2.28074e-01   9.986e-01   2.29584e-07  1.06612e-01       2.12671e+04   2.33595e+04   4.46266e+04      7.737125e-08  1.000000e-05     1555
1.072453   2.28652e-01  2.28601e-01   9.986e-01   1.88095e-07  1.06714e-01       2.12806e+04   2.33761e+04   4.46567e+04      1.547425e-08  1.000000e-05     1561
1.080704   2.29803e-01  2.29751e-01   9.986e-01   1.08814e-07  1.06852e-01       2.13092e+04   2.34112e+04   4.47204e+04      3.094850e-09  1.000000e-05     1567
1.095311   2.31845e-01  2.31792e-01   9.986e-01   1.04917e-07  1.07136e-01       2.13571e+04   2.34705e+04   4.48276e+04      6.189700e-10  1.000000e-05     1573
1.113792   2.34434e-01  2.34384e-01   9.986e-01   7.45684e-08  1.07428e-01       2.14133e+04   2.35412e+04   4.49545e+04      1.237940e-10  1.000000e-05     1579
1.128761   2.36534e-01  2.36478e-01   9.985e-01   7.04045e-08  1.07628e-01       2.14562e+04   2.35931e+04   4.50493e+04      2.475880e-11  1.000000e-05     1591
1.140331   2.38177e-01  2.38100e-01   9.985e-01   6.37907e-08  1.07756e-01       2.14843e+04   2.36299e+04   4.51141e+04      4.951760e-12  1.000000e-05     1603
1.143896   2.38679e-01  2.38603e-01   9.985e-01   5.65853e-08  1.07793e-01       2.14929e+04   2.36410e+04   4.51339e+04      9.903520e-13  1.000000e-05     1627
1.147460   2.39182e-01  2.39104e-01   9.984e-01   6.34562e-08  1.07827e-01       2.15013e+04   2.36516e+04   4.51529e+04      9.903520e-13  1.000000e-05     1633
1.151490   2.39751e-01  2.39671e-01   9.984e-01   6.01973e-08  1.07858e-01       2.15101e+04   2.36632e+04   4.51734e+04      9.903520e-13  1.000000e-05     1639
1.156040   2.40394e-01  2.40313e-01   9.984e-01   5.29529e-08  1.07896e-01       2.15199e+04   2.36760e+04   4.51959e+04      9.903520e-13  1.000000e-05     1645
1.158972   2.40808e-01  2.40726e-01   9.984e-01   5.48637e-08  1.07913e-01       2.15259e+04   2.36840e+04   4.52099e+04      9.903520e-13  1.000000e-05     1663
1.161904   2.41222e-01  2.41140e-01   9.984e-01   5.86511e-08  1.07935e-01       2.15321e+04   2.36920e+04   4.52241e+04      9.903520e-13  1.000000e-05     1669
1.165473   2.41726e-01  2.41644e-01   9.984e-01   5.42409e-08  1.07955e-01       2.15391e+04   2.37015e+04   4.52406e+04      9.903520e-13  1.000000e-05     1675
1.168732   2.42186e-01  2.42103e-01   9.984e-01   5.50681e-08  1.07972e-01       2.15454e+04   2.37098e+04   4.52552e+04      9.903520e-13  1.000000e-05     1693
1.171907   2.42636e-01  2.42551e-01   9.984e-01   5.87244e-08  1.07986e-01       2.15513e+04   2.37178e+04   4.52691e+04      9.903520e-13  1.000000e-05     1699
1.175372   2.43126e-01  2.43040e-01   9.984e-01   5.23877e-08  1.08005e-01       2.15576e+04   2.37263e+04   4.52840e+04      9.903520e-13  1.000000e-05     1705
1.178698   2.43597e-01  2.43512e-01   9.984e-01   5.30515e-08  1.08029e-01       2.15636e+04   2.37346e+04   4.52982e+04      9.903520e-13  1.000000e-05     1711
1.182674   2.44158e-01  2.44074e-01   9.984e-01   5.23142e-08  1.08048e-01       2.15708e+04   2.37444e+04   4.53152e+04      9.903520e-13  1.000000e-05     1717
1.185227   2.44519e-01  2.44435e-01   9.984e-01   5.45897e-08  1.08053e-01       2.15750e+04   2.37502e+04   4.53253e+04      9.903520e-13  1.000000e-05     1741
1.187551   2.44848e-01  2.44764e-01   9.984e-01   5.09381e-08  1.08057e-01       2.15788e+04   2.37554e+04   4.53342e+04      9.903520e-13  1.000000e-05     1747
1.189864   2.45176e-01  2.45090e-01   9.984e-01   5.24951e-08  1.08066e-01       2.15824e+04   2.37605e+04   4.53430e+04      9.903520e-13  1.000000e-05     1753
1.192001   2.45478e-01  2.45393e-01   9.984e-01   5.19615e-08  1.08069e-01       2.15859e+04   2.37653e+04   4.53512e+04      9.903520e-13  1.000000e-05     1765
1.194139   2.45781e-01  2.45695e-01   9.983e-01   4.72716e-08  1.08080e-01       2.15893e+04   2.37699e+04   4.53592e+04      9.903520e-13  1.000000e-05     1771
1.194563   2.45841e-01  2.45755e-01   9.983e-01   2.55058e-07  1.08081e-01       2.15899e+04   2.37708e+04   4.53607e+04      9.903520e-08  1.000000e-05     1783
1.194987   2.45901e-01  2.45815e-01   9.983e-01   1.36685e-07  1.08074e-01       2.15906e+04   2.37717e+04   4.53623e+04      1.980704e-08  1.000000e-05     1789
1.196496   2.46115e-01  2.46029e-01   9.983e-01   1.01183e-07  1.08077e-01       2.15928e+04   2.37749e+04   4.53677e+04      3.961408e-09  1.000000e-05     1795
1.200442   2.46674e-01  2.46587e-01   9.983e-01   8.12844e-08  1.08077e-01       2.15985e+04   2.37830e+04   4.53815e+04      7.922816e-10  1.000000e-05     1801
1.208100   2.47760e-01  2.47672e-01   9.983e-01   6.72765e-08  1.08073e-01       2.16090e+04   2.37981e+04   4.54070e+04      1.584563e-10  1.000000e-05     1807
1.219882   2.49434e-01  2.49342e-01   9.983e-01   5.91168e-08  1.08049e-01       2.16224e+04   2.38185e+04   4.54410e+04      3.169127e-11  1.000000e-05     1813
1.234277   2.51470e-01  2.51378e-01   9.983e-01   5.86414e-08  1.07979e-01       2.16357e+04   2.38398e+04   4.54755e+04      3.169127e-11  1.000000e-05     1819
1.246095   2.53154e-01  2.53065e-01   9.983e-01   5.20516e-08  1.07933e-01       2.16461e+04   2.38591e+04   4.55052e+04      6.338253e-12  1.000000e-05     1831
1.253601   2.54218e-01  2.54136e-01   9.983e-01   4.48021e-08  1.07892e-01       2.16514e+04   2.38688e+04   4.55203e+04      1.267651e-12  1.000000e-05     1849
1.258498   2.54914e-01  2.54833e-01   9.983e-01   5.02136e-08  1.07860e-01       2.16547e+04   2.38745e+04   4.55292e+04      1.267651e-12  1.000000e-05     1867
1.263395   2.55613e-01  2.55529e-01   9.983e-01   5.07070e-08  1.07814e-01       2.16560e+04   2.38783e+04   4.55343e+04      1.267651e-12  1.000000e-05     1873
1.268311   2.56312e-01  2.56227e-01   9.983e-01   4.72115e-08  1.07771e-01       2.16581e+04   2.38829e+04   4.55410e+04      1.267651e-12  1.000000e-05     1879
1.273491   2.57045e-01  2.56971e-01   9.982e-01   7.13741e-08  1.07741e-01       2.16595e+04   2.38878e+04   4.55474e+04      1.267651e-12  1.000000e-05     1885
1.276133   2.57421e-01  2.57346e-01   9.982e-01   5.73644e-08  1.07711e-01       2.16602e+04   2.38897e+04   4.55499e+04      1.267651e-12  1.000000e-05     1903
1.276633   2.57492e-01  2.57417e-01   9.982e-01   9.70669e-08  1.07708e-01       2.16603e+04   2.38901e+04   4.55504e+04      1.267651e-09  1.000000e-05     1915
1.277133   2.57563e-01  2.57488e-01   9.982e-01   8.68995e-08  1.07702e-01       2.16605e+04   2.38905e+04   4.55510e+04      2.535301e-10  1.000000e-05     1921
1.278391   2.57742e-01  2.57666e-01   9.982e-01   8.58287e-08  1.07689e-01       2.16608e+04   2.38915e+04   4.55523e+04      5.070602e-11  1.000000e-05     1927
1.280721   2.58074e-01  2.57998e-01   9.982e-01   5.71734e-08  1.07663e-01       2.16614e+04   2.38932e+04   4.55546e+04      1.014120e-11  1.000000e-05     1933
1.284192   2.58567e-01  2.58491e-01   9.982e-01   5.51008e-08  1.07624e-01       2.16621e+04   2.38954e+04   4.55575e+04      2.028241e-12  1.000000e-05     1939
1.284776   2.58650e-01  2.58574e-01   9.982e-01   4.04277e-08  1.07617e-01       2.16622e+04   2.38958e+04   4.55581e+04      4.056482e-13  1.000000e-05     1963
1.284883   2.58665e-01  2.58589e-01   9.982e-01   1.46489e-07  1.07642e-01       2.16622e+04   2.38959e+04   4.55582e+04      4.056482e-09  1.000000e-05     1975
1.284990   2.58680e-01  2.58604e-01   9.982e-01   1.02168e-07  1.07669e-01       2.16623e+04   2.38960e+04   4.55582e+04      8.112964e-10  1.000000e-05     1981
1.285380   2.58736e-01  2.58659e-01   9.982e-01   8.52183e-08  1.07662e-01       2.16623e+04   2.38962e+04   4.55586e+04      1.622593e-10  1.000000e-05     1987
1.286399   2.58881e-01  2.58804e-01   9.982e-01   7.79853e-08  1.07596e-01       2.16625e+04   2.38969e+04   4.55594e+04      3.245186e-11  1.000000e-05     1993
1.288261   2.59146e-01  2.59069e-01   9.982e-01   6.47824e-08  1.07572e-01       2.16628e+04   2.38980e+04   4.55608e+04      6.490371e-12  1.000000e-05     1999
1.291045   2.59542e-01  2.59464e-01   9.982e-01   5.85666e-08  1.07541e-01       2.16631e+04   2.38996e+04   4.55627e+04      6.490371e-12  1.000000e-05     2005
1.294920   2.60093e-01  2.60016e-01   9.982e-01   6.28367e-08  1.07501e-01       2.16637e+04   2.39019e+04   4.55656e+04      6.490371e-12  1.000000e-05     2011
1.295250   2.60139e-01  2.60063e-01   9.982e-01   1.46769e-07  1.07489e-01       2.16637e+04   2.39020e+04   4.55657e+04      1.298074e-08  1.000000e-05     2029
1.295579   2.60186e-01  2.60109e-01   9.982e-01   1.37007e-07  1.07519e-01       2.16637e+04   2.39022e+04   4.55659e+04      2.596148e-09  1.000000e-05     2035
1.296593   2.60331e-01  2.60254e-01   9.982e-01   8.26875e-08  1.07506e-01       2.16637e+04   2.39027e+04   4.55664e+04      5.192297e-10  1.000000e-05     2041
1.298976   2.60670e-01  2.60592e-01   9.982e-01   8.05132e-08  1.07478e-01       2.16637e+04   2.39038e+04   4.55675e+04      1.038459e-10  1.000000e-05     2047
1.303061   2.61251e-01  2.61173e-01   9.982e-01   6.93075e-08  1.07419e-01       2.16635e+04   2.39054e+04   4.55689e+04      2.076919e-11  1.000000e-05     2053
1.308181   2.61977e-01  2.61902e-01   9.982e-01   5.72135e-08  1.07324e-01       2.16630e+04   2.39070e+04   4.55700e+04      4.153837e-12  1.000000e-05     2065
1.309144   2.62114e-01  2.62039e-01   9.982e-01   6.41560e-08  1.07331e-01       2.16628e+04   2.39072e+04   4.55700e+04      8.307675e-13  1.000000e-05     2095
1.310106   2.62251e-01  2.62175e-01   9.982e-01   8.07908e-08  1.07317e-01       2.16626e+04   2.39075e+04   4.55701e+04      8.307675e-12  1.000000e-05     2101
1.311423   2.62438e-01  2.62362e-01   9.982e-01   5.38518e-08  1.07299e-01       2.16624e+04   2.39079e+04   4.55703e+04      1.661535e-12  1.000000e-05     2107
1.312978   2.62660e-01  2.62583e-01   9.982e-01   5.42477e-08  1.07250e-01       2.16621e+04   2.39082e+04   4.55703e+04      1.661535e-12  1.000000e-05     2113
1.315107   2.62963e-01  2.62886e-01   9.982e-01   6.07563e-08  1.07239e-01       2.16617e+04   2.39087e+04   4.55704e+04      1.661535e-12  1.000000e-05     2119
1.315323   2.62993e-01  2.62917e-01   9.982e-01   2.65902e-07  1.07220e-01       2.16616e+04   2.39088e+04   4.55704e+04      1.661535e-07  1.000000e-05     2143
1.315538   2.63024e-01  2.62947e-01   9.982e-01   1.90285e-07  1.07214e-01       2.16616e+04   2.39088e+04   4.55704e+04      3.323070e-08  1.000000e-05     2149
1.316412   2.63148e-01  2.63072e-01   9.982e-01   1.08278e-07  1.07200e-01       2.16613e+04   2.39089e+04   4.55703e+04      6.646140e-09  1.000000e-05     2155
1.318899   2.63503e-01  2.63425e-01   9.982e-01   9.65181e-08  1.07161e-01       2.16607e+04   2.39093e+04   4.55700e+04      1.329228e-09  1.000000e-05     2161
1.324315   2.64273e-01  2.64195e-01   9.982e-01   7.30888e-08  1.07072e-01       2.16589e+04   2.39098e+04   4.55687e+04      2.658456e-10  1.000000e-05     2167
1.333330   2.65557e-01  2.65476e-01   9.982e-01   5.73190e-08  1.06917e-01       2.16553e+04   2.39093e+04   4.55646e+04      5.316912e-11  1.000000e-05     2173
1.345765   2.67335e-01  2.67233e-01   9.982e-01   5.56784e-08  1.06707e-01       2.16477e+04   2.39078e+04   4.55555e+04      1.063382e-11  1.000000e-05     2179
1.358070   2.69088e-01  2.68977e-01   9.981e-01   5.65520e-08  1.06451e-01       2.16357e+04   2.39038e+04   4.55396e+04      1.063382e-11  1.000000e-05     2185
1.360754   2.69470e-01  2.69359e-01   9.982e-01   5.18794e-08  1.06392e-01       2.16336e+04   2.39026e+04   4.55362e+04      2.126765e-12  1.000000e-05     2215
1.361251   2.69540e-01  2.69429e-01   9.982e-01   3.46281e-07  1.06381e-01       2.16332e+04   2.39023e+04   4.55355e+04      4.253530e-07  1.000000e-05     2227
1.361748   2.69611e-01  2.69500e-01   9.982e-01   2.04363e-07  1.06373e-01       2.16328e+04   2.39021e+04   4.55349e+04      8.507059e-08  1.000000e-05     2233
1.363668   2.69884e-01  2.69773e-01   9.982e-01   1.48839e-07  1.06335e-01       2.16311e+04   2.39011e+04   4.55322e+04      1.701412e-08  1.000000e-05     2239
1.368519   2.70574e-01  2.70461e-01   9.982e-01   1.12369e-07  1.06232e-01       2.16267e+04   2.38983e+04   4.55250e+04      3.402824e-09  1.000000e-05     2245
1.378316   2.71966e-01  2.71852e-01   9.982e-01   9.87992e-08  1.06010e-01       2.16169e+04   2.38917e+04   4.55085e+04      6.805647e-10  1.000000e-05     2251
1.394234   2.74224e-01  2.74114e-01   9.981e-01   8.26116e-08  1.05634e-01       2.15980e+04   2.38781e+04   4.54761e+04      1.361129e-10  1.000000e-05     2257
1.410438   2.76514e-01  2.76414e-01   9.981e-01   7.95015e-08  1.05215e-01       2.15757e+04   2.38581e+04   4.54338e+04      2.722259e-11  1.000000e-05     2269
1.420534   2.77950e-01  2.77848e-01   9.981e-01   6.64709e-08  1.04935e-01       2.15595e+04   2.38446e+04   4.54041e+04      5.444518e-12  1.000000e-05     2287
1.422968   2.78296e-01  2.78193e-01   9.981e-01   6.41919e-08  1.04870e-01       2.15556e+04   2.38414e+04   4.53969e+04      1.088904e-12  1.000000e-05     2317
1.425402   2.78641e-01  2.78537e-01   9.981e-01   7.95183e-08  1.04803e-01       2.15516e+04   2.38381e+04   4.53896e+04      1.088904e-11  1.000000e-05     2323
1.426837   2.78844e-01  2.78740e-01   9.981e-01   5.92776e-08  1.04752e-01       2.15493e+04   2.38361e+04   4.53854e+04      2.177807e-12  1.000000e-05     2335
1.428272   2.79047e-01  2.78944e-01   9.981e-01   6.91503e-08  1.04710e-01       2.15468e+04   2.38341e+04   4.53809e+04      2.177807e-11  1.000000e-05     2341
1.430207   2.79321e-01  2.79218e-01   9.981e-01   5.93024e-08  1.04656e-01       2.15435e+04   2.38313e+04   4.53749e+04      4.355614e-12  1.000000e-05     2347
1.432782   2.79686e-01  2.79581e-01   9.981e-01   4.90354e-08  1.04584e-01       2.15390e+04   2.38275e+04   4.53665e+04      8.711229e-13  1.000000e-05     2353
1.435548   2.80078e-01  2.79973e-01   9.981e-01   4.38373e-08  1.04504e-01       2.15342e+04   2.38234e+04   4.53575e+04      8.711229e-13  1.000000e-05     2359
1.438897   2.80552e-01  2.80447e-01   9.981e-01   4.40012e-08  1.04445e-01       2.15281e+04   2.38181e+04   4.53462e+04      8.711229e-13  1.000000e-05     2365
1.442374   2.81044e-01  2.80939e-01   9.981e-01   4.23186e-08  1.04341e-01       2.15218e+04   2.38128e+04   4.53346e+04      8.711229e-13  1.000000e-05     2371
1.443192   2.81160e-01  2.81055e-01   9.981e-01   4.74088e-08  1.04287e-01       2.15203e+04   2.38115e+04   4.53318e+04      8.711229e-13  1.000000e-05     2401
1.444011   2.81276e-01  2.81171e-01   9.981e-01   4.49909e-08  1.04262e-01       2.15188e+04   2.38101e+04   4.53289e+04      8.711229e-13  1.000000e-05     2407
1.444174   2.81299e-01  2.81194e-01   9.981e-01   1.01324e-07  1.04257e-01       2.15184e+04   2.38099e+04   4.53283e+04      8.711229e-10  1.000000e-05     2425
1.444336   2.81322e-01  2.81217e-01   9.981e-01   7.24717e-08  1.04253e-01       2.15181e+04   2.38096e+04   4.53277e+04      1.742246e-10  1.000000e-05     2431
1.444853   2.81396e-01  2.81290e-01   9.981e-01   7.11770e-08  1.04270e-01       2.15172e+04   2.38087e+04   4.53259e+04      3.484491e-11  1.000000e-05     2437
1.445070   2.81426e-01  2.81320e-01   9.981e-01   2.99261e-06  1.04266e-01       2.15168e+04   2.38084e+04   4.53251e+04      6.968983e-06  1.000000e-05     2449
1.445287   2.81457e-01  2.81351e-01   9.981e-01   1.13228e-06  1.04288e-01       2.15163e+04   2.38080e+04   4.53244e+04      1.393797e-06  1.000000e-05     2455
1.446343   2.81606e-01  2.81500e-01   9.981e-01   5.03008e-07  1.04226e-01       2.15143e+04   2.38063e+04   4.53206e+04      2.787593e-07  1.000000e-05     2461
1.449721   2.82085e-01  2.81978e-01   9.981e-01   2.97300e-07  1.04117e-01       2.15078e+04   2.38006e+04   4.53084e+04      5.575186e-08  1.000000e-05     2467
1.457565   2.83194e-01  2.83086e-01   9.981e-01   1.18165e-07  1.03848e-01       2.14921e+04   2.37868e+04   4.52789e+04      1.115037e-08  1.000000e-05     2473
1.472264   2.85273e-01  2.85159e-01   9.981e-01   9.33192e-08  1.03402e-01       2.14610e+04   2.37589e+04   4.52199e+04      2.230075e-09  1.000000e-05     2479
1.493934   2.88331e-01  2.88210e-01   9.981e-01   8.23194e-08  1.02677e-01       2.14106e+04   2.37134e+04   4.51240e+04      4.460149e-10  1.000000e-05     2485
1.516858   2.91562e-01  2.91416e-01   9.980e-01   7.73665e-08  1.01831e-01       2.13488e+04   2.36549e+04   4.50037e+04      8.920298e-11  1.000000e-05     2491
1.529839   2.93380e-01  2.93231e-01   9.980e-01   6.99226e-08  1.01341e-01       2.13115e+04   2.36204e+04   4.49319e+04      1.784060e-11  1.000000e-05     2509
1.542002   2.95089e-01  2.94930e-01   9.980e-01   7.41896e-08  1.00857e-01       2.12741e+04   2.35849e+04   4.48590e+04      1.784060e-10  1.000000e-05     2515
1.555125   2.96925e-01  2.96763e-01   9.980e-01   5.97940e-08  1.00350e-01       2.12345e+04   2.35471e+04   4.47816e+04      3.568119e-11  1.000000e-05     2521
1.558653   2.97419e-01  2.97256e-01   9.980e-01   5.72835e-08  1.00206e-01       2.12234e+04   2.35365e+04   4.47599e+04      7.136238e-12  1.000000e-05     2557
1.562180   2.97912e-01  2.97748e-01   9.980e-01   7.11998e-08  1.00063e-01       2.12123e+04   2.35257e+04   4.47380e+04      7.136238e-11  1.000000e-05     2563
1.566692   2.98542e-01  2.98377e-01   9.980e-01   7.08529e-08  9.98810e-02       2.11978e+04   2.35116e+04   4.47094e+04      1.427248e-11  1.000000e-05     2569
1.567892   2.98710e-01  2.98544e-01   9.980e-01   1.03777e-06  9.98311e-02       2.11939e+04   2.35079e+04   4.47018e+04      2.854495e-06  1.000000e-05     2581
1.569091   2.98877e-01  2.98711e-01   9.980e-01   4.90436e-07  9.97805e-02       2.11900e+04   2.35041e+04   4.46941e+04      5.708991e-07  1.000000e-05     2587
1.573348   2.99471e-01  2.99305e-01   9.980e-01   4.79682e-07  9.96060e-02       2.11759e+04   2.34904e+04   4.46664e+04      1.141798e-07  1.000000e-05     2593
1.582978   3.00814e-01  3.00645e-01   9.980e-01   2.26946e-07  9.91997e-02       2.11434e+04   2.34588e+04   4.46022e+04      2.283596e-08  1.000000e-05     2599
1.601490   3.03389e-01  3.03217e-01   9.980e-01   1.38258e-07  9.83957e-02       2.10780e+04   2.33944e+04   4.44723e+04      4.567193e-09  1.000000e-05     2605
1.626415   3.06844e-01  3.06670e-01   9.979e-01   9.02051e-08  9.72804e-02       2.09849e+04   2.33005e+04   4.42854e+04      9.134385e-10  1.000000e-05     2611
1.648578   3.09890e-01  3.09731e-01   9.979e-01   8.99101e-08  9.62978e-02       2.09052e+04   2.32148e+04   4.41199e+04      1.826877e-10  1.000000e-05     2623
1.664459   3.12081e-01  3.11920e-01   9.978e-01   8.23549e-08  9.55449e-02       2.08371e+04   2.31466e+04   4.39836e+04      3.653754e-11  1.000000e-05     2635
1.676163   3.13687e-01  3.13509e-01   9.977e-01   6.72679e-08  9.50089e-02       2.07867e+04   2.30974e+04   4.38841e+04      7.307508e-12  1.000000e-05     2647
1.678193   3.13966e-01  3.13787e-01   9.977e-01   6.36034e-08  9.49104e-02       2.07778e+04   2.30886e+04   4.38664e+04      1.461502e-12  1.000000e-05     2683
1.680223   3.14244e-01  3.14064e-01   9.977e-01   6.72538e-08  9.48077e-02       2.07688e+04   2.30797e+04   4.38485e+04      1.461502e-12  1.000000e-05     2689
1.681768   3.14455e-01  3.14275e-01   9.977e-01   8.04174e-08  9.47349e-02       2.07620e+04   2.30729e+04   4.38349e+04      1.461502e-12  1.000000e-05     2701
1.683313   3.14667e-01  3.14487e-01   9.977e-01   6.75837e-08  9.46634e-02       2.07551e+04   2.30661e+04   4.38212e+04      1.461502e-12  1.000000e-05     2707
1.683622   3.14709e-01  3.14529e-01   9.977e-01   8.98992e-07  9.46519e-02       2.07538e+04   2.30647e+04   4.38185e+04      2.923003e-07  1.000000e-05     2719
1.683931   3.14751e-01  3.14571e-01   9.977e-01   3.93219e-07  9.46352e-02       2.07524e+04   2.30633e+04   4.38157e+04      5.846007e-08  1.000000e-05     2725
1.685077   3.14908e-01  3.14728e-01   9.977e-01   1.93398e-07  9.45754e-02       2.07473e+04   2.30583e+04   4.38056e+04      1.169201e-08  1.000000e-05     2731
1.688142   3.15327e-01  3.15146e-01   9.977e-01   1.49145e-07  9.44229e-02       2.07336e+04   2.30446e+04   4.37782e+04      2.338403e-09  1.000000e-05     2737
1.694125   3.16145e-01  3.15963e-01   9.977e-01   1.00493e-07  9.41208e-02       2.07067e+04   2.30177e+04   4.37243e+04      4.676805e-10  1.000000e-05     2743
1.703657   3.17445e-01  3.17262e-01   9.977e-01   1.01896e-07  9.36459e-02       2.06629e+04   2.29741e+04   4.36370e+04      9.353610e-11  1.000000e-05     2749
1.716319   3.19164e-01  3.18981e-01   9.977e-01   8.00805e-08  9.30052e-02       2.06047e+04   2.29152e+04   4.35199e+04      1.870722e-11  1.000000e-05     2755
1.719640   3.19615e-01  3.19432e-01   9.977e-01   7.80599e-08  9.28364e-02       2.05888e+04   2.28993e+04   4.34880e+04      3.741444e-12  1.000000e-05     2779
1.722961   3.20066e-01  3.19882e-01   9.977e-01   9.08627e-08  9.26655e-02       2.05729e+04   2.28833e+04   4.34562e+04      3.741444e-11  1.000000e-05     2785
1.726890   3.20599e-01  3.20415e-01   9.977e-01   6.58903e-08  9.24599e-02       2.05541e+04   2.28643e+04   4.34184e+04      7.482888e-12  1.000000e-05     2791
1.731046   3.21162e-01  3.20978e-01   9.977e-01   9.05164e-08  9.22475e-02       2.05340e+04   2.28440e+04   4.33780e+04      7.482888e-11  1.000000e-05     2797
1.736089   3.21844e-01  3.21659e-01   9.977e-01   7.78405e-08  9.19923e-02       2.05094e+04   2.28193e+04   4.33287e+04      1.496578e-11  1.000000e-05     2803
1.737356   3.22015e-01  3.21831e-01   9.977e-01   1.42619e-06  9.19223e-02       2.05032e+04   2.28130e+04   4.33162e+04      2.993155e-06  1.000000e-05     2815
1.738623   3.22187e-01  3.22002e-01   9.977e-01   5.38291e-07  9.18507e-02       2.04970e+04   2.28067e+04   4.33036e+04      5.986311e-07  1.000000e-05     2821
1.742856   3.22759e-01  3.22573e-01   9.977e-01   3.37239e-07  9.16298e-02       2.04760e+04   2.27855e+04   4.32615e+04      1.197262e-07  1.000000e-05     2827
1.753355   3.24176e-01  3.23988e-01   9.977e-01   1.92211e-07  9.10755e-02       2.04234e+04   2.27322e+04   4.31557e+04      2.394524e-08  1.000000e-05     2833
1.774058   3.26960e-01  3.26768e-01   9.977e-01   1.20118e-07  8.99654e-02       2.03172e+04   2.26244e+04   4.29416e+04      4.789049e-09  1.000000e-05     2839
1.801062   3.30573e-01  3.30374e-01   9.977e-01   1.01037e-07  8.84851e-02       2.01731e+04   2.24788e+04   4.26519e+04      9.578097e-10  1.000000e-05     2851
1.826939   3.34009e-01  3.33808e-01   9.976e-01   8.65925e-08  8.70481e-02       2.00295e+04   2.23306e+04   4.23601e+04      1.915619e-10  1.000000e-05     2857
1.845201   3.36413e-01  3.36213e-01   9.976e-01   8.11059e-08  8.59925e-02       1.99248e+04   2.22191e+04   4.21439e+04      3.831239e-11  1.000000e-05     2869
1.848660   3.36869e-01  3.36668e-01   9.976e-01   8.21594e-08  8.57994e-02       1.99048e+04   2.21985e+04   4.21033e+04      7.662478e-12  1.000000e-05     2905
1.849352   3.36960e-01  3.36758e-01   9.976e-01   1.16864e-06  8.57896e-02       1.99008e+04   2.21944e+04   4.20952e+04      1.532496e-06  1.000000e-05     2917
1.850044   3.37051e-01  3.36849e-01   9.976e-01   7.57872e-07  8.57509e-02       1.98967e+04   2.21903e+04   4.20870e+04      3.064991e-07  1.000000e-05     2923
1.852390   3.37359e-01  3.37157e-01   9.976e-01   3.97846e-07  8.56125e-02       1.98831e+04   2.21763e+04   4.20593e+04      6.129982e-08  1.000000e-05     2929
1.858105   3.38109e-01  3.37906e-01   9.976e-01   2.96018e-07  8.52805e-02       1.98497e+04   2.21419e+04   4.19915e+04      1.225996e-08  1.000000e-05     2935
1.868947   3.39529e-01  3.39323e-01   9.976e-01   2.03079e-07  8.46478e-02       1.97856e+04   2.20760e+04   4.18616e+04      2.451993e-09  1.000000e-05     2941
1.883229   3.41393e-01  3.41187e-01   9.976e-01   1.72610e-07  8.38077e-02       1.96990e+04   2.19869e+04   4.16858e+04      4.903986e-10  1.000000e-05     2953
1.896894   3.43167e-01  3.42966e-01   9.976e-01   1.39177e-07  8.30122e-02       1.96156e+04   2.19012e+04   4.15168e+04      9.807971e-11  1.000000e-05     2959
1.908238   3.44634e-01  3.44426e-01   9.975e-01   1.12195e-07  8.23450e-02       1.95441e+04   2.18287e+04   4.13728e+04      1.961594e-11  1.000000e-05     2977
1.916199   3.45667e-01  3.45444e-01   9.975e-01   9.06321e-08  8.18775e-02       1.94956e+04   2.17766e+04   4.12723e+04      3.923189e-12  1.000000e-05     2989
1.917739   3.45865e-01  3.45642e-01   9.975e-01   1.19332e-07  8.18006e-02       1.94859e+04   2.17666e+04   4.12526e+04      7.846377e-10  1.000000e-05     3001
1.919280   3.46064e-01  3.45840e-01   9.975e-01   1.12500e-07  8.17218e-02       1.94763e+04   2.17566e+04   4.12328e+04      1.569275e-10  1.000000e-05     3007
1.922198   3.46439e-01  3.46215e-01   9.975e-01   9.86801e-08  8.15365e-02       1.94579e+04   2.17375e+04   4.11954e+04      3.138551e-11  1.000000e-05     3013
1.922690   3.46503e-01  3.46278e-01   9.975e-01   2.18674e-07  8.15069e-02       1.94547e+04   2.17343e+04   4.11891e+04      6.277102e-09  1.000000e-05     3031
1.923183   3.46566e-01  3.46342e-01   9.975e-01   1.65088e-07  8.14749e-02       1.94516e+04   2.17311e+04   4.11827e+04      1.255420e-09  1.000000e-05     3037
1.924517   3.46738e-01  3.46513e-01   9.975e-01   1.21670e-07  8.13862e-02       1.94432e+04   2.17223e+04   4.11655e+04      2.510841e-10  1.000000e-05     3043
1.927195   3.47082e-01  3.46857e-01   9.975e-01   1.01349e-07  8.12264e-02       1.94262e+04   2.17047e+04   4.11309e+04      5.021681e-11  1.000000e-05     3049
1.931410   3.47622e-01  3.47397e-01   9.975e-01   9.21630e-08  8.09716e-02       1.93992e+04   2.16766e+04   4.10758e+04      1.004336e-11  1.000000e-05     3055
1.932171   3.47720e-01  3.47495e-01   9.975e-01   8.44332e-08  8.09277e-02       1.93944e+04   2.16715e+04   4.10659e+04      2.008673e-12  1.000000e-05     3085
1.932933   3.47818e-01  3.47592e-01   9.975e-01   7.06787e-08  8.08793e-02       1.93895e+04   2.16665e+04   4.10560e+04      4.017345e-13  1.000000e-05     3091
1.934011   3.47956e-01  3.47730e-01   9.975e-01   6.96306e-08  8.08152e-02       1.93826e+04   2.16594e+04   4.10420e+04      4.017345e-13  1.000000e-05     3097
1.935399   3.48134e-01  3.47908e-01   9.975e-01   6.18074e-08  8.07281e-02       1.93737e+04   2.16501e+04   4.10239e+04      4.017345e-13  1.000000e-05     3103
1.937142   3.48357e-01  3.48131e-01   9.975e-01   6.81595e-08  8.06232e-02       1.93625e+04   2.16385e+04   4.10011e+04      4.017345e-13  1.000000e-05     3109
1.939272   3.48630e-01  3.48403e-01   9.975e-01   6.88823e-08  8.05129e-02       1.93489e+04   2.16244e+04   4.09733e+04      4.017345e-13  1.000000e-05     3115
1.941464   3.48910e-01  3.48683e-01   9.975e-01   7.18571e-08  8.03992e-02       1.93350e+04   2.16099e+04   4.09449e+04      4.017345e-13  1.000000e-05     3121
1.943945   3.49228e-01  3.49000e-01   9.975e-01   6.95831e-08  8.02550e-02       1.93191e+04   2.15934e+04   4.09125e+04      4.017345e-13  1.000000e-05     3127
1.946655   3.49574e-01  3.49345e-01   9.975e-01   6.27003e-08  8.01024e-02       1.93016e+04   2.15753e+04   4.08769e+04      4.017345e-13  1.000000e-05     3133
1.947288   3.49655e-01  3.49426e-01   9.975e-01   1.02945e-07  8.00252e-02       1.92975e+04   2.15710e+04   4.08685e+04      4.017345e-11  1.000000e-05     3145
1.947920   3.49735e-01  3.49507e-01   9.975e-01   8.09007e-08  7.99892e-02       1.92934e+04   2.15667e+04   4.08601e+04      8.034690e-12  1.000000e-05     3151
1.948957   3.49868e-01  3.49639e-01   9.975e-01   7.06843e-08  7.99362e-02       1.92867e+04   2.15598e+04   4.08464e+04      1.606938e-12  1.000000e-05     3157
1.950353   3.50046e-01  3.49817e-01   9.975e-01   6.18497e-08  7.98522e-02       1.92776e+04   2.15503e+04   4.08279e+04      1.606938e-12  1.000000e-05     3163
1.952212   3.50283e-01  3.50053e-01   9.975e-01   5.31993e-08  7.97316e-02       1.92655e+04   2.15378e+04   4.08033e+04      3.213876e-13  1.000000e-05     3169
1.954249   3.50542e-01  3.50312e-01   9.975e-01   6.02454e-08  7.96101e-02       1.92523e+04   2.15241e+04   4.07764e+04      3.213876e-13  1.000000e-05     3175
1.955457   3.50696e-01  3.50466e-01   9.975e-01   5.37539e-08  7.95348e-02       1.92444e+04   2.15159e+04   4.07603e+04      3.213876e-13  1.000000e-05     3199
1.955698   3.50727e-01  3.50496e-01   9.975e-01   4.71794e-07  7.95207e-02       1.92428e+04   2.15142e+04   4.07571e+04      3.213876e-07  1.000000e-05     3211
1.955940   3.50758e-01  3.50527e-01   9.975e-01   2.50386e-07  7.95077e-02       1.92412e+04   2.15126e+04   4.07538e+04      6.427752e-08  1.000000e-05     3217
1.956963   3.50888e-01  3.50657e-01   9.975e-01   2.22977e-07  7.94445e-02       1.92345e+04   2.15057e+04   4.07402e+04      1.285550e-08  1.000000e-05     3223
1.959746   3.51242e-01  3.51011e-01   9.975e-01   1.60007e-07  7.92866e-02       1.92163e+04   2.14867e+04   4.07030e+04      2.571101e-09  1.000000e-05     3229
1.965399   3.51960e-01  3.51727e-01   9.975e-01   9.56039e-08  7.89351e-02       1.91791e+04   2.14480e+04   4.06272e+04      5.142202e-10  1.000000e-05     3235
1.974591   3.53125e-01  3.52890e-01   9.975e-01   9.03344e-08  7.83801e-02       1.91179e+04   2.13846e+04   4.05026e+04      1.028440e-10  1.000000e-05     3241
1.985919   3.54553e-01  3.54320e-01   9.975e-01   8.46844e-08  7.77101e-02       1.90419e+04   2.13053e+04   4.03472e+04      2.056881e-11  1.000000e-05     3253
1.994457   3.55642e-01  3.55379e-01   9.975e-01   8.36663e-08  7.71835e-02       1.89861e+04   2.12459e+04   4.02320e+04      4.113761e-12  1.000000e-05     3265
2.001373   3.56516e-01  3.56242e-01   9.974e-01   6.45398e-08  7.67551e-02       1.89393e+04   2.11975e+04   4.01368e+04      8.227523e-13  1.000000e-05     3277
2.007839   3.57338e-01  3.57046e-01   9.974e-01   6.71040e-08  7.63699e-02       1.88944e+04   2.11510e+04   4.00454e+04      8.227523e-13  1.000000e-05     3283
2.009119   3.57498e-01  3.57206e-01   9.974e-01   7.25530e-08  7.62965e-02       1.88856e+04   2.11418e+04   4.00274e+04      8.227523e-12  1.000000e-05     3295
2.009724   3.57574e-01  3.57281e-01   9.974e-01   8.36001e-08  7.62655e-02       1.88814e+04   2.11375e+04   4.00189e+04      1.645505e-12  1.000000e-05     3313
2.009845   3.57589e-01  3.57296e-01   9.974e-01   1.22505e-06  7.62569e-02       1.88806e+04   2.11366e+04   4.00172e+04      1.645505e-06  1.000000e-05     3325
2.009965   3.57604e-01  3.57311e-01   9.974e-01   5.87053e-07  7.62467e-02       1.88798e+04   2.11358e+04   4.00155e+04      3.291009e-07  1.000000e-05     3331
2.010586   3.57682e-01  3.57389e-01   9.974e-01   3.61869e-07  7.62145e-02       1.88755e+04   2.11313e+04   4.00068e+04      6.582018e-08  1.000000e-05     3337
2.012653   3.57940e-01  3.57646e-01   9.974e-01   2.25273e-07  7.60877e-02       1.88613e+04   2.11165e+04   3.99777e+04      1.316404e-08  1.000000e-05     3343
2.017689   3.58568e-01  3.58274e-01   9.974e-01   1.76570e-07  7.57834e-02       1.88265e+04   2.10801e+04   3.99066e+04      2.632807e-09  1.000000e-05     3349
2.026987   3.59726e-01  3.59428e-01   9.974e-01   1.27838e-07  7.52101e-02       1.87618e+04   2.10126e+04   3.97744e+04      5.265615e-10  1.000000e-05     3355
2.041139   3.61481e-01  3.61179e-01   9.974e-01   9.76203e-08  7.43555e-02       1.86623e+04   2.09085e+04   3.95708e+04      1.053123e-10  1.000000e-05     3361
2.052366   3.62860e-01  3.62565e-01   9.973e-01   8.50951e-08  7.36730e-02       1.85837e+04   2.08259e+04   3.94096e+04      2.106246e-11  1.000000e-05     3379
2.063593   3.64239e-01  3.63943e-01   9.973e-01   1.27006e-07  7.29851e-02       1.85035e+04   2.07420e+04   3.92455e+04      2.106246e-10  1.000000e-05     3385
2.075928   3.65749e-01  3.65442e-01   9.973e-01   1.19635e-07  7.22128e-02       1.84146e+04   2.06487e+04   3.90632e+04      4.212492e-11  1.000000e-05     3391
2.089025   3.67345e-01  3.67031e-01   9.973e-01   1.16843e-07  7.14079e-02       1.83200e+04   2.05495e+04   3.88695e+04      4.212492e-10  1.000000e-05     3397
2.103266   3.69068e-01  3.68749e-01   9.973e-01   1.17003e-07  7.05279e-02       1.82151e+04   2.04399e+04   3.86550e+04      8.424983e-11  1.000000e-05     3403
2.106435   3.69451e-01  3.69131e-01   9.973e-01   2.57123e-07  7.03335e-02       1.81917e+04   2.04153e+04   3.86070e+04      1.684997e-08  1.000000e-05     3415
2.109605   3.69833e-01  3.69512e-01   9.973e-01   1.64727e-07  7.01395e-02       1.81682e+04   2.03907e+04   3.85589e+04      3.369993e-09  1.000000e-05     3421
2.116119   3.70617e-01  3.70294e-01   9.973e-01   1.65567e-07  6.97390e-02       1.81198e+04   2.03399e+04   3.84598e+04      6.739987e-10  1.000000e-05     3427
2.126406   3.71850e-01  3.71525e-01   9.973e-01   1.29311e-07  6.91009e-02       1.80429e+04   2.02591e+04   3.83020e+04      1.347997e-10  1.000000e-05     3433
2.129139   3.72177e-01  3.71851e-01   9.973e-01   2.34913e-07  6.89341e-02       1.80225e+04   2.02375e+04   3.82600e+04      2.695995e-08  1.000000e-05     3445
2.131873   3.72503e-01  3.72177e-01   9.973e-01   2.18016e-07  6.87672e-02       1.80019e+04   2.02160e+04   3.82179e+04      5.391989e-09  1.000000e-05     3451
2.137697   3.73198e-01  3.72870e-01   9.973e-01   1.51459e-07  6.84047e-02       1.79581e+04   2.01698e+04   3.81280e+04      1.078398e-09  1.000000e-05     3457
2.147567   3.74371e-01  3.74041e-01   9.973e-01   1.36821e-07  6.77973e-02       1.78835e+04   2.00914e+04   3.79749e+04      2.156796e-10  1.000000e-05     3463
2.161583   3.76033e-01  3.75692e-01   9.973e-01   1.07222e-07  6.69250e-02       1.77758e+04   1.99776e+04   3.77534e+04      4.313591e-11  1.000000e-05     3469
2.164445   3.76371e-01  3.76028e-01   9.973e-01   2.45060e-06  6.67501e-02       1.77539e+04   1.99546e+04   3.77085e+04      8.627183e-06  1.000000e-05     3481
2.167307   3.76708e-01  3.76365e-01   9.973e-01   1.04801e-06  6.65734e-02       1.77320e+04   1.99315e+04   3.76635e+04      1.725437e-06  1.000000e-05     3487
2.176073   3.77737e-01  3.77392e-01   9.973e-01   5.68067e-07  6.60342e-02       1.76646e+04   1.98604e+04   3.75250e+04      3.450873e-07  1.000000e-05     3493
2.196803   3.80157e-01  3.79807e-01   9.973e-01   3.60295e-07  6.47580e-02       1.75039e+04   1.96910e+04   3.71949e+04      6.901746e-08  1.000000e-05     3499
2.226899   3.83630e-01  3.83271e-01   9.973e-01   2.69474e-07  6.29132e-02       1.72679e+04   1.94411e+04   3.67090e+04      1.380349e-08  1.000000e-05     3511
2.252431   3.86533e-01  3.86178e-01   9.972e-01   2.01805e-07  6.13696e-02       1.70670e+04   1.92272e+04   3.62942e+04      2.760699e-09  1.000000e-05     3523
2.277111   3.89315e-01  3.88959e-01   9.972e-01   1.44670e-07  5.98730e-02       1.68675e+04   1.90172e+04   3.58847e+04      5.521397e-10  1.000000e-05     3529
2.293706   3.91172e-01  3.90808e-01   9.972e-01   1.11819e-07  5.89014e-02       1.67366e+04   1.88770e+04   3.56135e+04      1.104279e-10  1.000000e-05     3547
2.298001   3.91649e-01  3.91286e-01   9.972e-01   9.80629e-08  5.86505e-02       1.67015e+04   1.88398e+04   3.55414e+04      2.208559e-11  1.000000e-05     3571
2.302297   3.92126e-01  3.91761e-01   9.972e-01   1.35342e-07  5.83873e-02       1.66663e+04   1.88026e+04   3.54689e+04      2.208559e-10  1.000000e-05     3577
2.307879   3.92744e-01  3.92377e-01   9.972e-01   1.20087e-07  5.80481e-02       1.66203e+04   1.87540e+04   3.53743e+04      4.417118e-11  1.000000e-05     3583
2.315148   3.93544e-01  3.93177e-01   9.972e-01   9.00124e-08  5.76095e-02       1.65607e+04   1.86915e+04   3.52522e+04      8.834235e-12  1.000000e-05     3589
2.316702   3.93715e-01  3.93347e-01   9.972e-01   1.18987e-06  5.75154e-02       1.65478e+04   1.86779e+04   3.52257e+04      1.766847e-06  1.000000e-05     3601
2.318256   3.93886e-01  3.93518e-01   9.972e-01   6.24353e-07  5.74257e-02       1.65349e+04   1.86643e+04   3.51992e+04      3.533694e-07  1.000000e-05     3607
2.323121   3.94420e-01  3.94052e-01   9.972e-01   4.19302e-07  5.71329e-02       1.64947e+04   1.86217e+04   3.51163e+04      7.067388e-08  1.000000e-05     3613
2.334131   3.95624e-01  3.95254e-01   9.972e-01   2.84468e-07  5.64722e-02       1.64032e+04   1.85249e+04   3.49281e+04      1.413478e-08  1.000000e-05     3619
2.353734   3.97753e-01  3.97380e-01   9.972e-01   1.95570e-07  5.52987e-02       1.62395e+04   1.83516e+04   3.45910e+04      2.826955e-09  1.000000e-05     3625
2.377378   4.00288e-01  3.99911e-01   9.971e-01   1.50102e-07  5.38922e-02       1.60380e+04   1.81365e+04   3.41745e+04      5.653911e-10  1.000000e-05     3637
2.396445   4.02319e-01  4.01925e-01   9.972e-01   1.27100e-07  5.27801e-02       1.58767e+04   1.79669e+04   3.38436e+04      1.130782e-10  1.000000e-05     3649
2.408060   4.03544e-01  4.03152e-01   9.971e-01   1.20337e-07  5.21073e-02       1.57786e+04   1.78625e+04   3.36411e+04      2.261564e-11  1.000000e-05     3667
2.410283   4.03777e-01  4.03386e-01   9.971e-01   1.85877e-06  5.19783e-02       1.57597e+04   1.78424e+04   3.36021e+04      4.523128e-06  1.000000e-05     3679
2.412507   4.04011e-01  4.03618e-01   9.971e-01   1.01330e-06  5.18533e-02       1.57408e+04   1.78223e+04   3.35631e+04      9.046257e-07  1.000000e-05     3685
2.419068   4.04697e-01  4.04304e-01   9.971e-01   5.25150e-07  5.14721e-02       1.56849e+04   1.77630e+04   3.34480e+04      1.809251e-07  1.000000e-05     3691
2.433923   4.06243e-01  4.05847e-01   9.971e-01   3.82132e-07  5.06153e-02       1.55581e+04   1.76284e+04   3.31865e+04      3.618503e-08  1.000000e-05     3697
2.460968   4.09026e-01  4.08626e-01   9.971e-01   2.69106e-07  4.90706e-02       1.53257e+04   1.73819e+04   3.27076e+04      7.237006e-09  1.000000e-05     3703
2.493972   4.12361e-01  4.11965e-01   9.971e-01   1.75710e-07  4.72214e-02       1.50415e+04   1.70791e+04   3.21207e+04      1.447401e-09  1.000000e-05     3709
2.518610   4.14802e-01  4.14419e-01   9.970e-01   1.49974e-07  4.58726e-02       1.48286e+04   1.68544e+04   3.16830e+04      2.894802e-10  1.000000e-05     3721
2.535710   4.16488e-01  4.16097e-01   9.970e-01   1.23142e-07  4.49522e-02       1.46824e+04   1.66961e+04   3.13786e+04      5.789604e-11  1.000000e-05     3733
2.546139   4.17510e-01  4.17103e-01   9.970e-01   1.07736e-07  4.43851e-02       1.45921e+04   1.66016e+04   3.11937e+04      1.157921e-11  1.000000e-05     3751
2.548933   4.17782e-01  4.17374e-01   9.970e-01   1.00676e-07  4.42463e-02       1.45675e+04   1.65755e+04   3.11430e+04      2.315842e-12  1.000000e-05     3781
2.550643   4.17948e-01  4.17540e-01   9.970e-01   9.08587e-08  4.41613e-02       1.45524e+04   1.65594e+04   3.11118e+04      4.631684e-13  1.000000e-05     3793
2.550968   4.17980e-01  4.17571e-01   9.970e-01   8.47662e-07  4.41581e-02       1.45496e+04   1.65564e+04   3.11060e+04      4.631684e-07  1.000000e-05     3805
2.551292   4.18011e-01  4.17603e-01   9.970e-01   6.11350e-07  4.41460e-02       1.45467e+04   1.65534e+04   3.11001e+04      9.263367e-08  1.000000e-05     3811
2.552503   4.18129e-01  4.17720e-01   9.970e-01   3.69417e-07  4.40646e-02       1.45360e+04   1.65420e+04   3.10781e+04      1.852673e-08  1.000000e-05     3817
2.555657   4.18435e-01  4.18025e-01   9.970e-01   2.61155e-07  4.38937e-02       1.45083e+04   1.65125e+04   3.10208e+04      3.705347e-09  1.000000e-05     3823
2.562001   4.19048e-01  4.18638e-01   9.970e-01   1.74404e-07  4.35364e-02       1.44524e+04   1.64531e+04   3.09055e+04      7.410694e-10  1.000000e-05     3829
2.572168   4.20026e-01  4.19616e-01   9.970e-01   1.59797e-07  4.29882e-02       1.43628e+04   1.63574e+04   3.07202e+04      1.482139e-10  1.000000e-05     3835
2.585725   4.21318e-01  4.20907e-01   9.969e-01   1.25990e-07  4.22647e-02       1.42441e+04   1.62294e+04   3.04735e+04      2.964277e-11  1.000000e-05     3841
2.596078   4.22300e-01  4.21882e-01   9.969e-01   9.05629e-08  4.17173e-02       1.41533e+04   1.61319e+04   3.02851e+04      5.928555e-12  1.000000e-05     3853
2.601691   4.22835e-01  4.22403e-01   9.969e-01   9.04162e-08  4.14267e-02       1.41048e+04   1.60804e+04   3.01852e+04      1.185711e-12  1.000000e-05     3871
2.602706   4.22931e-01  4.22498e-01   9.969e-01   9.94253e-07  4.13847e-02       1.40958e+04   1.60709e+04   3.01666e+04      1.185711e-06  1.000000e-05     3883
2.603720   4.23027e-01  4.22594e-01   9.969e-01   7.78197e-07  4.13334e-02       1.40868e+04   1.60613e+04   3.01481e+04      2.371422e-07  1.000000e-05     3889
2.606990   4.23334e-01  4.22901e-01   9.969e-01   4.15574e-07  4.11599e-02       1.40578e+04   1.60305e+04   3.00883e+04      4.742844e-08  1.000000e-05     3895
2.614562   4.24044e-01  4.23610e-01   9.969e-01   3.09301e-07  4.07600e-02       1.39906e+04   1.59591e+04   2.99498e+04      9.485688e-09  1.000000e-05     3901
2.628363   4.25330e-01  4.24893e-01   9.969e-01   2.21510e-07  4.00428e-02       1.38681e+04   1.58288e+04   2.96969e+04      1.897138e-09  1.000000e-05     3907
2.649058   4.27240e-01  4.26795e-01   9.969e-01   1.52510e-07  3.89789e-02       1.36832e+04   1.56336e+04   2.93168e+04      3.794275e-10  1.000000e-05     3913
2.663949   4.28589e-01  4.28148e-01   9.969e-01   1.28276e-07  3.82311e-02       1.35506e+04   1.54941e+04   2.90446e+04      7.588550e-11  1.000000e-05     3931
2.678839   4.29933e-01  4.29489e-01   9.969e-01   1.63051e-07  3.74839e-02       1.34179e+04   1.53528e+04   2.87707e+04      7.588550e-10  1.000000e-05     3937
2.695492   4.31416e-01  4.30981e-01   9.969e-01   1.34913e-07  3.66575e-02       1.32691e+04   1.51951e+04   2.84641e+04      1.517710e-10  1.000000e-05     3943
2.699327   4.31757e-01  4.31321e-01   9.969e-01   4.81167e-07  3.64695e-02       1.32349e+04   1.51586e+04   2.83935e+04      3.035420e-07  1.000000e-05     3955
2.703162   4.32096e-01  4.31660e-01   9.969e-01   3.23772e-07  3.62810e-02       1.32007e+04   1.51221e+04   2.83228e+04      6.070840e-08  1.000000e-05     3961
2.712530   4.32923e-01  4.32485e-01   9.969e-01   2.97990e-07  3.58324e-02       1.31172e+04   1.50330e+04   2.81502e+04      1.214168e-08  1.000000e-05     3967
2.729643   4.34419e-01  4.33979e-01   9.969e-01   1.82212e-07  3.49983e-02       1.29645e+04   1.48701e+04   2.78347e+04      2.428336e-09  1.000000e-05     3973
2.746323   4.35862e-01  4.35419e-01   9.969e-01   1.45899e-07  3.42033e-02       1.28160e+04   1.47120e+04   2.75280e+04      4.856672e-10  1.000000e-05     3991
2.762235   4.37221e-01  4.36781e-01   9.968e-01   1.26985e-07  3.34504e-02       1.26715e+04   1.45591e+04   2.72307e+04      9.713344e-11  1.000000e-05     3997
2.771599   4.38017e-01  4.37578e-01   9.968e-01   1.09686e-07  3.30179e-02       1.25872e+04   1.44697e+04   2.70569e+04      1.942669e-11  1.000000e-05     4015
2.780044   4.38730e-01  4.38287e-01   9.968e-01   1.40736e-07  3.26317e-02       1.25122e+04   1.43891e+04   2.69014e+04      1.942669e-10  1.000000e-05     4021
2.789449   4.39519e-01  4.39073e-01   9.968e-01   1.18003e-07  3.22034e-02       1.24283e+04   1.42996e+04   2.67279e+04      3.885338e-11  1.000000e-05     4027
2.791557   4.39695e-01  4.39248e-01   9.968e-01   2.91711e-06  3.21067e-02       1.24095e+04   1.42795e+04   2.66890e+04      7.770676e-06  1.000000e-05     4039
2.793665   4.39870e-01  4.39424e-01   9.968e-01   1.20967e-06  3.20127e-02       1.23907e+04   1.42594e+04   2.66501e+04      1.554135e-06  1.000000e-05     4045
2.800393   4.40429e-01  4.39981e-01   9.968e-01   5.92826e-07  3.17020e-02       1.23307e+04   1.41953e+04   2.65260e+04      3.108270e-07  1.000000e-05     4051
2.816534   4.41759e-01  4.41309e-01   9.968e-01   3.62870e-07  3.09748e-02       1.21869e+04   1.40416e+04   2.62284e+04      6.216540e-08  1.000000e-05     4057
2.846447   4.44184e-01  4.43729e-01   9.968e-01   3.31593e-07  2.96552e-02       1.19203e+04   1.37573e+04   2.56777e+04      1.243308e-08  1.000000e-05     4063
2.873501   4.46337e-01  4.45868e-01   9.968e-01   2.14076e-07  2.84901e-02       1.16789e+04   1.34993e+04   2.51783e+04      2.486616e-09  1.000000e-05     4069
2.898992   4.48320e-01  4.47851e-01   9.967e-01   1.65034e-07  2.74250e-02       1.14526e+04   1.32578e+04   2.47104e+04      4.973232e-10  1.000000e-05     4075
2.919714   4.49903e-01  4.49439e-01   9.967e-01   1.29392e-07  2.65748e-02       1.12681e+04   1.30621e+04   2.43303e+04      9.946465e-11  1.000000e-05     4087
2.933825   4.50974e-01  4.50502e-01   9.967e-01   1.03218e-07  2.60062e-02       1.11438e+04   1.29290e+04   2.40728e+04      1.989293e-11  1.000000e-05     4099
2.936374   4.51165e-01  4.50693e-01   9.967e-01   2.41065e-06  2.59174e-02       1.11212e+04   1.29048e+04   2.40261e+04      3.978586e-06  1.000000e-05     4111
2.938922   4.51356e-01  4.50883e-01   9.967e-01   1.13368e-06  2.58121e-02       1.10987e+04   1.28808e+04   2.39795e+04      7.957172e-07  1.000000e-05     4117
2.946064   4.51890e-01  4.51416e-01   9.967e-01   5.84841e-07  2.55233e-02       1.10357e+04   1.28134e+04   2.38491e+04      1.591434e-07  1.000000e-05     4123
2.962140   4.53080e-01  4.52604e-01   9.967e-01   3.69042e-07  2.48891e-02       1.08938e+04   1.26620e+04   2.35558e+04      3.182869e-08  1.000000e-05     4129
2.990025   4.55109e-01  4.54630e-01   9.967e-01   2.40305e-07  2.38102e-02       1.06487e+04   1.23999e+04   2.30486e+04      6.365737e-09  1.000000e-05     4135
3.019554   4.57212e-01  4.56727e-01   9.967e-01   1.99729e-07  2.27097e-02       1.03914e+04   1.21246e+04   2.25161e+04      1.273147e-09  1.000000e-05     4147
3.032740   4.58135e-01  4.57647e-01   9.967e-01   1.57666e-07  2.22304e-02       1.02757e+04   1.20009e+04   2.22765e+04      2.546295e-10  1.000000e-05     4165
3.045014   4.58984e-01  4.58498e-01   9.967e-01   1.38350e-07  2.17865e-02       1.01680e+04   1.18866e+04   2.20546e+04      5.092590e-11  1.000000e-05     4171
3.047831   4.59178e-01  4.58692e-01   9.967e-01   5.39609e-07  2.16903e-02       1.01434e+04   1.18604e+04   2.20038e+04      1.018518e-07  1.000000e-05     4183
3.050649   4.59372e-01  4.58885e-01   9.967e-01   3.76883e-07  2.15964e-02       1.01188e+04   1.18342e+04   2.19530e+04      2.037036e-08  1.000000e-05     4189
3.057175   4.59818e-01  4.59331e-01   9.967e-01   2.77325e-07  2.13612e-02       1.00620e+04   1.17736e+04   2.18355e+04      4.074072e-09  1.000000e-05     4195
3.068726   4.60603e-01  4.60113e-01   9.967e-01   2.06062e-07  2.09517e-02       9.96151e+03   1.16665e+04   2.16280e+04      8.148144e-10  1.000000e-05     4201
3.085084   4.61701e-01  4.61206e-01   9.967e-01   1.55711e-07  2.03851e-02       9.82029e+03   1.15156e+04   2.13359e+04      1.629629e-10  1.000000e-05     4207
3.100399   4.62697e-01  4.62226e-01   9.966e-01   1.15084e-07  1.98648e-02       9.68595e+03   1.13731e+04   2.10591e+04      3.259258e-11  1.000000e-05     4219
3.112934   4.63518e-01  4.63039e-01   9.966e-01   1.44156e-07  1.94468e-02       9.57780e+03   1.12574e+04   2.08352e+04      3.259258e-10  1.000000e-05     4231
3.124800   4.64283e-01  4.63810e-01   9.966e-01   1.28135e-07  1.90586e-02       9.47546e+03   1.11487e+04   2.06242e+04      6.518515e-11  1.000000e-05     4237
3.128727   4.64537e-01  4.64061e-01   9.966e-01   1.45343e-07  1.89484e-02       9.44183e+03   1.11129e+04   2.05548e+04      1.303703e-11  1.000000e-05     4267
3.132372   4.64771e-01  4.64294e-01   9.966e-01   1.74446e-07  1.88165e-02       9.41058e+03   1.10796e+04   2.04902e+04      1.303703e-10  1.000000e-05     4273
3.136769   4.65051e-01  4.64575e-01   9.966e-01   1.48131e-07  1.87066e-02       9.37278e+03   1.10394e+04   2.04122e+04      2.607406e-11  1.000000e-05     4279
3.141649   4.65362e-01  4.64885e-01   9.966e-01   1.87702e-07  1.85328e-02       9.33099e+03   1.09950e+04   2.03260e+04      2.607406e-10  1.000000e-05     4285
3.147647   4.65742e-01  4.65263e-01   9.966e-01   1.52452e-07  1.83502e-02       9.27964e+03   1.09403e+04   2.02200e+04      5.214812e-11  1.000000e-05     4291
3.149184   4.65839e-01  4.65360e-01   9.966e-01   2.54897e-07  1.82884e-02       9.26651e+03   1.09264e+04   2.01929e+04      1.042962e-09  1.000000e-05     4303
3.150721   4.65936e-01  4.65457e-01   9.966e-01   1.95726e-07  1.82374e-02       9.25339e+03   1.09124e+04   2.01658e+04      2.085925e-10  1.000000e-05     4309
3.153513   4.66111e-01  4.65632e-01   9.966e-01   1.67079e-07  1.81465e-02       9.22958e+03   1.08870e+04   2.01166e+04      4.171850e-11  1.000000e-05     4315
3.154316   4.66162e-01  4.65683e-01   9.966e-01   4.00990e-06  1.81209e-02       9.22272e+03   1.08797e+04   2.01024e+04      8.343699e-06  1.000000e-05     4327
3.155118   4.66212e-01  4.65733e-01   9.966e-01   1.55579e-06  1.81027e-02       9.21588e+03   1.08724e+04   2.00883e+04      1.668740e-06  1.000000e-05     4333
3.158127   4.66401e-01  4.65921e-01   9.966e-01   9.95244e-07  1.80119e-02       9.19023e+03   1.08451e+04   2.00353e+04      3.337480e-07  1.000000e-05     4339
3.165857   4.66883e-01  4.66403e-01   9.966e-01   6.61727e-07  1.77642e-02       9.12443e+03   1.07750e+04   1.98995e+04      6.674959e-08  1.000000e-05     4345
3.181400   4.67842e-01  4.67361e-01   9.966e-01   3.87244e-07  1.72755e-02       8.99238e+03   1.06346e+04   1.96270e+04      1.334992e-08  1.000000e-05     4351
3.201525   4.69065e-01  4.68580e-01   9.966e-01   2.62528e-07  1.66589e-02       8.82190e+03   1.04537e+04   1.92756e+04      2.669984e-09  1.000000e-05     4363
3.221228   4.70243e-01  4.69752e-01   9.966e-01   2.26339e-07  1.60783e-02       8.65573e+03   1.02782e+04   1.89339e+04      5.339968e-10  1.000000e-05     4369
3.240448   4.71366e-01  4.70876e-01   9.966e-01   1.77072e-07  1.55216e-02       8.49314e+03   1.01053e+04   1.85984e+04      1.067994e-10  1.000000e-05     4381
3.254380   4.72156e-01  4.71694e-01   9.965e-01   1.46692e-07  1.51218e-02       8.37551e+03   9.97779e+03   1.83533e+04      2.135987e-11  1.000000e-05     4393
3.260962   4.72533e-01  4.72070e-01   9.964e-01   1.28746e-07  1.49415e-02       8.32127e+03   9.91953e+03   1.82408e+04      4.271974e-12  1.000000e-05     4417
3.267239   4.72892e-01  4.72422e-01   9.964e-01   1.23489e-07  1.47678e-02       8.26866e+03   9.86422e+03   1.81329e+04      4.271974e-12  1.000000e-05     4423
3.273221   4.73229e-01  4.72757e-01   9.964e-01   1.22527e-07  1.46036e-02       8.21970e+03   9.81183e+03   1.80315e+04      4.271974e-12  1.000000e-05     4435
3.279203   4.73568e-01  4.73091e-01   9.964e-01   1.12256e-07  1.44422e-02       8.17107e+03   9.76016e+03   1.79312e+04      4.271974e-12  1.000000e-05     4441
3.283724   4.73821e-01  4.73343e-01   9.964e-01   1.16277e-07  1.43201e-02       8.13388e+03   9.72071e+03   1.78546e+04      4.271974e-12  1.000000e-05     4459
3.288245   4.74072e-01  4.73594e-01   9.964e-01   1.05906e-07  1.42024e-02       8.09665e+03   9.68142e+03   1.77781e+04      4.271974e-12  1.000000e-05     4465
3.292975   4.74334e-01  4.73854e-01   9.964e-01   1.25637e-07  1.40774e-02       8.05761e+03   9.64002e+03   1.76976e+04      4.271974e-12  1.000000e-05     4471
3.297898   4.74607e-01  4.74123e-01   9.964e-01   1.15787e-07  1.39437e-02       8.01781e+03   9.59766e+03   1.76155e+04      4.271974e-12  1.000000e-05     4477
3.298870   4.74660e-01  4.74177e-01   9.964e-01   2.25253e-07  1.39215e-02       8.00984e+03   9.58920e+03   1.75990e+04      4.271974e-09  1.000000e-05     4489
3.299842   4.74714e-01  4.74230e-01   9.964e-01   1.88356e-07  1.38984e-02       8.00187e+03   9.58074e+03   1.75826e+04      8.543948e-10  1.000000e-05     4495
3.302035   4.74834e-01  4.74350e-01   9.964e-01   1.73541e-07  1.38500e-02       7.98388e+03   9.56166e+03   1.75455e+04      1.708790e-10  1.000000e-05     4501
3.305795   4.75040e-01  4.74555e-01   9.964e-01   1.43119e-07  1.37534e-02       7.95304e+03   9.52896e+03   1.74820e+04      3.417579e-11  1.000000e-05     4507
3.305974   4.75049e-01  4.74565e-01   9.964e-01   2.93795e-06  1.37543e-02       7.95157e+03   9.52741e+03   1.74790e+04      6.835159e-06  1.000000e-05     4537
3.306152   4.75059e-01  4.74575e-01   9.964e-01   1.25070e-06  1.37386e-02       7.95011e+03   9.52586e+03   1.74760e+04      1.367032e-06  1.000000e-05     4543
3.307061   4.75109e-01  4.74624e-01   9.964e-01   6.20379e-07  1.37144e-02       7.94268e+03   9.51797e+03   1.74606e+04      2.734063e-07  1.000000e-05     4549
3.310143   4.75277e-01  4.74792e-01   9.964e-01   4.47488e-07  1.36342e-02       7.91746e+03   9.49121e+03   1.74087e+04      5.468127e-08  1.000000e-05     4555
3.317548   4.75678e-01  4.75192e-01   9.964e-01   3.01790e-07  1.34401e-02       7.85697e+03   9.42703e+03   1.72840e+04      1.093625e-08  1.000000e-05     4561
3.331337   4.76417e-01  4.75931e-01   9.964e-01   2.24161e-07  1.30854e-02       7.74468e+03   9.30781e+03   1.70525e+04      2.187251e-09  1.000000e-05     4567
3.352018   4.77504e-01  4.77018e-01   9.963e-01   1.65681e-07  1.25706e-02       7.57698e+03   9.13041e+03   1.67074e+04      4.374501e-10  1.000000e-05     4573
3.368032   4.78315e-01  4.77857e-01   9.963e-01   1.38317e-07  1.21825e-02       7.44753e+03   8.99375e+03   1.64413e+04      8.749003e-11  1.000000e-05     4591
3.379266   4.78890e-01  4.78433e-01   9.963e-01   1.32173e-07  1.19189e-02       7.35599e+03   8.89870e+03   1.62547e+04      1.749801e-11  1.000000e-05     4603
3.383805   4.79120e-01  4.78661e-01   9.963e-01   1.24249e-07  1.18124e-02       7.31895e+03   8.85963e+03   1.61786e+04      3.499601e-12  1.000000e-05     4615
3.388344   4.79349e-01  4.78890e-01   9.963e-01   1.45061e-07  1.17062e-02       7.28261e+03   8.82104e+03   1.61036e+04      3.499601e-11  1.000000e-05     4621
3.392426   4.79553e-01  4.79095e-01   9.963e-01   1.32219e-07  1.16096e-02       7.25002e+03   8.78639e+03   1.60364e+04      6.999202e-12  1.000000e-05     4633
3.396311   4.79748e-01  4.79288e-01   9.963e-01   1.20553e-07  1.15205e-02       7.21913e+03   8.75352e+03   1.59727e+04      6.999202e-12  1.000000e-05     4639
3.400680   4.79965e-01  4.79505e-01   9.963e-01   1.20959e-07  1.14191e-02       7.18427e+03   8.71664e+03   1.59009e+04      6.999202e-12  1.000000e-05     4645
3.405040   4.80181e-01  4.79721e-01   9.963e-01   1.70625e-07  1.13257e-02       7.14952e+03   8.67981e+03   1.58293e+04      6.999202e-11  1.000000e-05     4651
3.409207   4.80386e-01  4.79927e-01   9.963e-01   1.31226e-07  1.12263e-02       7.11652e+03   8.64475e+03   1.57613e+04      1.399840e-11  1.000000e-05     4663
3.413374   4.80590e-01  4.80131e-01   9.963e-01   1.09967e-07  1.11304e-02       7.08413e+03   8.61036e+03   1.56945e+04      2.799681e-12  1.000000e-05     4669
3.417999   4.80817e-01  4.80357e-01   9.963e-01   1.12041e-07  1.10298e-02       7.04765e+03   8.57149e+03   1.56191e+04      2.799681e-12  1.000000e-05     4675
3.423101   4.81064e-01  4.80606e-01   9.963e-01   1.02233e-07  1.09129e-02       7.00696e+03   8.52845e+03   1.55354e+04      2.799681e-12  1.000000e-05     4681
3.428684   4.81339e-01  4.80871e-01   9.963e-01   1.28989e-07  1.07931e-02       6.96368e+03   8.48290e+03   1.54466e+04      2.799681e-12  1.000000e-05     4687
3.429799   4.81392e-01  4.80925e-01   9.963e-01   2.00864e-06  1.07757e-02       6.95489e+03   8.47358e+03   1.54285e+04      2.799681e-06  1.000000e-05     4699
3.430915   4.81446e-01  4.80978e-01   9.963e-01   1.06173e-06  1.07471e-02       6.94611e+03   8.46426e+03   1.54104e+04      5.599362e-07  1.000000e-05     4705
3.434484   4.81617e-01  4.81149e-01   9.963e-01   5.34987e-07  1.06652e-02       6.91805e+03   8.43450e+03   1.53525e+04      1.119872e-07  1.000000e-05     4711
3.443214   4.82034e-01  4.81565e-01   9.963e-01   3.26788e-07  1.04719e-02       6.84954e+03   8.36185e+03   1.52114e+04      2.239745e-08  1.000000e-05     4717
3.460059   4.82827e-01  4.82357e-01   9.963e-01   2.48254e-07  1.01127e-02       6.71816e+03   8.22272e+03   1.49409e+04      4.479489e-09  1.000000e-05     4723
3.483603   4.83915e-01  4.83437e-01   9.963e-01   1.97272e-07  9.62515e-03       6.53484e+03   8.02927e+03   1.45641e+04      8.958979e-10  1.000000e-05     4729
3.500027   4.84663e-01  4.84170e-01   9.962e-01   1.70181e-07  9.30373e-03       6.40898e+03   7.89562e+03   1.43046e+04      1.791796e-10  1.000000e-05     4741
3.515084   4.85318e-01  4.84845e-01   9.962e-01   1.34469e-07  9.00885e-03       6.29251e+03   7.77155e+03   1.40641e+04      3.583592e-11  1.000000e-05     4747
3.530006   4.85974e-01  4.85487e-01   9.962e-01   1.86537e-07  8.73371e-03       6.18152e+03   7.65372e+03   1.38352e+04      3.583592e-10  1.000000e-05     4753
3.544587   4.86590e-01  4.86115e-01   9.962e-01   1.65646e-07  8.46285e-03       6.07351e+03   7.53892e+03   1.36124e+04      7.167183e-11  1.000000e-05     4759
3.560505   4.87259e-01  4.86778e-01   9.961e-01   2.18418e-07  8.17953e-03       5.95455e+03   7.41421e+03   1.33688e+04      7.167183e-10  1.000000e-05     4765
3.577050   4.87942e-01  4.87458e-01   9.961e-01   1.90177e-07  7.89221e-03       5.82914e+03   7.28213e+03   1.31113e+04      1.433437e-10  1.000000e-05     4771
3.591772   4.88540e-01  4.88063e-01   9.961e-01   1.53382e-07  7.63886e-03       5.71992e+03   7.16663e+03   1.28866e+04      2.866873e-11  1.000000e-05     4783
3.600931   4.88909e-01  4.88426e-01   9.960e-01   1.39543e-07  7.48075e-03       5.65373e+03   7.09598e+03   1.27497e+04      5.733747e-12  1.000000e-05     4801
3.609638   4.89269e-01  4.88768e-01   9.960e-01   1.29460e-07  7.32742e-03       5.58880e+03   7.02840e+03   1.26172e+04      5.733747e-12  1.000000e-05     4807
3.618271   4.89616e-01  4.89086e-01   9.959e-01   1.23508e-07  7.18593e-03       5.52479e+03   6.96127e+03   1.24861e+04      5.733747e-12  1.000000e-05     4813
3.626809   4.89948e-01  4.89416e-01   9.958e-01   1.29381e-07  7.05023e-03       5.46362e+03   6.89653e+03   1.23601e+04      5.733747e-12  1.000000e-05     4819
3.634270   4.90238e-01  4.89702e-01   9.958e-01   1.38215e-07  6.92945e-03       5.40817e+03   6.83958e+03   1.22478e+04      5.733747e-12  1.000000e-05     4831
3.640555   4.90477e-01  4.89941e-01   9.958e-01   1.29346e-07  6.83284e-03       5.36415e+03   6.79313e+03   1.21573e+04      5.733747e-12  1.000000e-05     4843
3.646638   4.90705e-01  4.90172e-01   9.958e-01   1.24918e-07  6.73647e-03       5.32026e+03   6.74687e+03   1.20671e+04      5.733747e-12  1.000000e-05     4849
3.648030   4.90758e-01  4.90225e-01   9.958e-01   2.06038e-07  6.71635e-03       5.31018e+03   6.73625e+03   1.20464e+04      5.733747e-10  1.000000e-05     4861
3.649423   4.90810e-01  4.90277e-01   9.958e-01   1.76681e-07  6.69708e-03       5.30010e+03   6.72564e+03   1.20257e+04      1.146749e-10  1.000000e-05     4867
3.651967   4.90905e-01  4.90372e-01   9.958e-01   1.60391e-07  6.66645e-03       5.28173e+03   6.70630e+03   1.19880e+04      2.293499e-11  1.000000e-05     4873
3.655591   4.91040e-01  4.90508e-01   9.958e-01   1.47254e-07  6.60066e-03       5.25580e+03   6.67890e+03   1.19347e+04      4.586997e-12  1.000000e-05     4879
3.658987   4.91166e-01  4.90634e-01   9.958e-01   1.97249e-07  6.55910e-03       5.23135e+03   6.65316e+03   1.18845e+04      4.586997e-11  1.000000e-05     4885
3.662929   4.91312e-01  4.90780e-01   9.958e-01   1.58564e-07  6.49512e-03       5.20308e+03   6.62340e+03   1.18265e+04      9.173994e-12  1.000000e-05     4891
3.667756   4.91490e-01  4.90958e-01   9.958e-01   1.61500e-07  6.42097e-03       5.16899e+03   6.58723e+03   1.17562e+04      9.173994e-12  1.000000e-05     4897
3.673647   4.91708e-01  4.91169e-01   9.958e-01   1.43471e-07  6.32662e-03       5.12656e+03   6.54217e+03   1.16687e+04      9.173994e-12  1.000000e-05     4903
3.680250   4.91946e-01  4.91410e-01   9.958e-01   1.61146e-07  6.22714e-03       5.07866e+03   6.49171e+03   1.15704e+04      9.173994e-12  1.000000e-05     4909
3.681166   4.91979e-01  4.91443e-01   9.958e-01   1.55729e-07  6.22271e-03       5.07213e+03   6.48485e+03   1.15570e+04      1.834799e-12  1.000000e-05     4951
3.682082   4.92012e-01  4.91476e-01   9.958e-01   1.44534e-07  6.20350e-03       5.06561e+03   6.47801e+03   1.15436e+04      1.834799e-12  1.000000e-05     4957
3.683098   4.92049e-01  4.91513e-01   9.958e-01   1.39970e-07  6.19645e-03       5.05837e+03   6.47040e+03   1.15288e+04      1.834799e-12  1.000000e-05     4963
3.684443   4.92097e-01  4.91561e-01   9.958e-01   1.20096e-07  6.16321e-03       5.04879e+03   6.46034e+03   1.15091e+04      1.834799e-12  1.000000e-05     4969
3.686236   4.92162e-01  4.91625e-01   9.958e-01   1.18506e-07  6.13643e-03       5.03602e+03   6.44694e+03   1.14830e+04      1.834799e-12  1.000000e-05     4975
3.688577   4.92245e-01  4.91709e-01   9.958e-01   1.15298e-07  6.10205e-03       5.01936e+03   6.42944e+03   1.14488e+04      1.834799e-12  1.000000e-05     4981
3.691498   4.92350e-01  4.91813e-01   9.958e-01   1.19099e-07  6.06077e-03       4.99878e+03   6.40782e+03   1.14066e+04      1.834799e-12  1.000000e-05     4987
3.695007   4.92475e-01  4.91936e-01   9.958e-01   1.12888e-07  6.01021e-03       4.97376e+03   6.38167e+03   1.13554e+04      1.834799e-12  1.000000e-05     4993
3.695795   4.92503e-01  4.91964e-01   9.958e-01   1.46971e-06  6.00697e-03       4.96818e+03   6.37582e+03   1.13440e+04      1.834799e-06  1.000000e-05     5005
3.696583   4.92531e-01  4.91992e-01   9.958e-01   8.32276e-07  5.99527e-03       4.96261e+03   6.36997e+03   1.13326e+04      3.669598e-07  1.000000e-05     5011
3.699413   4.92631e-01  4.92092e-01   9.958e-01   5.27049e-07  5.96106e-03       4.94261e+03   6.34898e+03   1.12916e+04      7.339196e-08  1.000000e-05     5017
3.706458   4.92878e-01  4.92339e-01   9.958e-01   3.46133e-07  5.85822e-03       4.89296e+03   6.29688e+03   1.11898e+04      1.467839e-08  1.000000e-05     5023
3.719888   4.93343e-01  4.92804e-01   9.958e-01   2.57770e-07  5.66237e-03       4.79871e+03   6.19802e+03   1.09967e+04      2.935678e-09  1.000000e-05     5029
3.740884   4.94053e-01  4.93518e-01   9.958e-01   2.23533e-07  5.37411e-03       4.65223e+03   6.04439e+03   1.06966e+04      5.871356e-10  1.000000e-05     5035
3.758502   4.94637e-01  4.94096e-01   9.958e-01   1.90494e-07  5.14867e-03       4.53292e+03   5.91777e+03   1.04507e+04      1.174271e-10  1.000000e-05     5047
3.771828   4.95055e-01  4.94550e-01   9.958e-01   1.70113e-07  4.98262e-03       4.44484e+03   5.82690e+03   1.02717e+04      2.348543e-11  1.000000e-05     5059
3.773075   4.95095e-01  4.94590e-01   9.958e-01   2.92815e-07  4.96795e-03       4.43632e+03   5.81799e+03   1.02543e+04      4.697085e-09  1.000000e-05     5077
3.774321   4.95135e-01  4.94630e-01   9.958e-01   2.34206e-07  4.95374e-03       4.42781e+03   5.80910e+03   1.02369e+04      9.394170e-10  1.000000e-05     5083
3.777038   4.95222e-01  4.94716e-01   9.958e-01   1.95112e-07  4.91927e-03       4.40927e+03   5.78972e+03   1.01990e+04      1.878834e-10  1.000000e-05     5089
3.781476   4.95363e-01  4.94857e-01   9.958e-01   1.60739e-07  4.86381e-03       4.37911e+03   5.75819e+03   1.01373e+04      3.757668e-11  1.000000e-05     5095
3.782660   4.95400e-01  4.94894e-01   9.958e-01   1.76999e-07  4.84991e-03       4.37106e+03   5.74979e+03   1.01208e+04      7.515336e-11  1.000000e-05     5107
3.783844   4.95438e-01  4.94932e-01   9.958e-01   1.53315e-07  4.83494e-03       4.36302e+03   5.74139e+03   1.01044e+04      1.503067e-11  1.000000e-05     5113
3.785553   4.95492e-01  4.94985e-01   9.958e-01   2.05638e-07  4.81425e-03       4.35143e+03   5.72927e+03   1.00807e+04      1.503067e-10  1.000000e-05     5119
3.788054   4.95570e-01  4.95064e-01   9.958e-01   1.62277e-07  4.78460e-03       4.33445e+03   5.71154e+03   1.00460e+04      3.006135e-11  1.000000e-05     5125
3.788781   4.95593e-01  4.95087e-01   9.958e-01   2.40928e-06  4.77576e-03       4.32952e+03   5.70639e+03   1.00359e+04      6.012269e-06  1.000000e-05     5137
3.789508   4.95616e-01  4.95109e-01   9.958e-01   1.19365e-06  4.76777e-03       4.32459e+03   5.70125e+03   1.00258e+04      1.202454e-06  1.000000e-05     5143
3.792338   4.95704e-01  4.95198e-01   9.958e-01   7.36614e-07  4.73305e-03       4.30545e+03   5.68126e+03   9.98671e+03      2.404908e-07  1.000000e-05     5149
3.800163   4.95947e-01  4.95440e-01   9.958e-01   5.17143e-07  4.63888e-03       4.25269e+03   5.62617e+03   9.87886e+03      4.809815e-08  1.000000e-05     5155
3.816137   4.96434e-01  4.95927e-01   9.958e-01   3.73950e-07  4.45058e-03       4.14566e+03   5.51445e+03   9.66011e+03      9.619630e-09  1.000000e-05     5161
3.842391   4.97198e-01  4.96709e-01   9.957e-01   2.91179e-07  4.15903e-03       3.97437e+03   5.33356e+03   9.30793e+03      1.923926e-09  1.000000e-05     5167
3.864551   4.97843e-01  4.97325e-01   9.957e-01   2.25111e-07  3.92613e-03       3.83110e+03   5.18522e+03   9.01632e+03      3.847852e-10  1.000000e-05     5179
3.875045   4.98135e-01  4.97616e-01   9.957e-01   2.00973e-07  3.82034e-03       3.76515e+03   5.11568e+03   8.88083e+03      7.695704e-11  1.000000e-05     5197
3.876973   4.98188e-01  4.97669e-01   9.957e-01   5.90894e-07  3.80103e-03       3.75267e+03   5.10273e+03   8.85539e+03      1.539141e-07  1.000000e-05     5209
3.878902   4.98241e-01  4.97722e-01   9.957e-01   4.28687e-07  3.78158e-03       3.74020e+03   5.08978e+03   8.82998e+03      3.078282e-08  1.000000e-05     5215
3.883908   4.98378e-01  4.97860e-01   9.957e-01   3.30625e-07  3.73143e-03       3.70791e+03   5.05625e+03   8.76416e+03      6.156563e-09  1.000000e-05     5221
3.893395   4.98636e-01  4.98118e-01   9.957e-01   2.60908e-07  3.63483e-03       3.64696e+03   4.99303e+03   8.63999e+03      1.231313e-09  1.000000e-05     5227
3.907847   4.99021e-01  4.98503e-01   9.957e-01   1.98293e-07  3.49432e-03       3.55475e+03   4.89800e+03   8.45274e+03      2.462625e-10  1.000000e-05     5233
3.925106   4.99494e-01  4.98929e-01   9.956e-01   1.80988e-07  3.33169e-03       3.44544e+03   4.78482e+03   8.23026e+03      4.925251e-11  1.000000e-05     5239
3.933150   4.99699e-01  4.99136e-01   9.956e-01   1.52447e-07  3.25920e-03       3.39607e+03   4.73360e+03   8.12967e+03      9.850502e-12  1.000000e-05     5263
3.940721   4.99891e-01  4.99328e-01   9.956e-01   1.89348e-07  3.19167e-03       3.34908e+03   4.68492e+03   8.03400e+03      9.850502e-11  1.000000e-05     5269
3.948722   5.00085e-01  4.99531e-01   9.956e-01   1.76008e-07  3.11727e-03       3.29660e+03   4.63071e+03   7.92731e+03      1.970100e-11  1.000000e-05     5275
3.955928   5.00255e-01  4.99715e-01   9.956e-01   1.61725e-07  3.05476e-03       3.25222e+03   4.58461e+03   7.83683e+03      3.940201e-12  1.000000e-05     5281
3.962853   5.00431e-01  4.99877e-01   9.956e-01   1.52970e-07  2.99501e-03       3.20926e+03   4.54098e+03   7.75024e+03      3.940201e-12  1.000000e-05     5287
3.969501   5.00596e-01  5.00030e-01   9.955e-01   1.57545e-07  2.94207e-03       3.17001e+03   4.50056e+03   7.67057e+03      3.940201e-12  1.000000e-05     5293
3.976466   5.00767e-01  5.00189e-01   9.955e-01   1.55571e-07  2.88414e-03       3.12794e+03   4.45685e+03   7.58480e+03      3.940201e-12  1.000000e-05     5299
3.982750   5.00913e-01  5.00338e-01   9.955e-01   1.56570e-07  2.83183e-03       3.08926e+03   4.41709e+03   7.50635e+03      3.940201e-12  1.000000e-05     5305
3.987858   5.01037e-01  5.00452e-01   9.955e-01   1.50220e-07  2.79060e-03       3.05796e+03   4.38453e+03   7.44249e+03      3.940201e-12  1.000000e-05     5317
3.992966   5.01158e-01  5.00568e-01   9.955e-01   1.94083e-07  2.75253e-03       3.02749e+03   4.35301e+03   7.38050e+03      3.940201e-11  1.000000e-05     5323
3.998479   5.01291e-01  5.00689e-01   9.955e-01   1.58332e-07  2.70627e-03       2.99374e+03   4.31828e+03   7.31202e+03      7.880401e-12  1.000000e-05     5329
4.004780   5.01433e-01  5.00834e-01   9.955e-01   1.58493e-07  2.65818e-03       2.95697e+03   4.27957e+03   7.23654e+03      7.880401e-12  1.000000e-05     5335
4.010477   5.01561e-01  5.00961e-01   9.955e-01   1.83555e-07  2.61508e-03       2.92316e+03   4.24467e+03   7.16783e+03      7.880401e-12  1.000000e-05     5341
4.015944   5.01685e-01  5.01079e-01   9.955e-01   1.82974e-07  2.57437e-03       2.89096e+03   4.21067e+03   7.10163e+03      7.880401e-12  1.000000e-05     5347
4.021719   5.01811e-01  5.01207e-01   9.955e-01   1.87140e-07  2.53456e-03       2.85708e+03   4.17568e+03   7.03276e+03      7.880401e-12  1.000000e-05     5353
4.028444   5.01960e-01  5.01351e-01   9.954e-01   1.77229e-07  2.48177e-03       2.81803e+03   4.13519e+03   6.95322e+03      7.880401e-12  1.000000e-05     5359
4.035558   5.02114e-01  5.01503e-01   9.954e-01   1.38510e-07  2.43544e-03       2.77662e+03   4.09264e+03   6.86925e+03      7.880401e-12  1.000000e-05     5365
4.037075   5.02146e-01  5.01536e-01   9.954e-01   9.17273e-07  2.42376e-03       2.76779e+03   4.08352e+03   6.85131e+03      7.880401e-07  1.000000e-05     5377
4.038592   5.02179e-01  5.01568e-01   9.954e-01   6.93459e-07  2.41937e-03       2.75897e+03   4.07442e+03   6.83339e+03      1.576080e-07  1.000000e-05     5383
4.042995   5.02272e-01  5.01662e-01   9.954e-01   4.01087e-07  2.38623e-03       2.73342e+03   4.04804e+03   6.78146e+03      3.152160e-08  1.000000e-05     5389
4.052567   5.02473e-01  5.01863e-01   9.954e-01   3.41237e-07  2.31733e-03       2.67810e+03   3.99104e+03   6.66914e+03      6.304321e-09  1.000000e-05     5395
4.068414   5.02798e-01  5.02187e-01   9.954e-01   2.73876e-07  2.20332e-03       2.58715e+03   3.89734e+03   6.48449e+03      1.260864e-09  1.000000e-05     5401
4.079732   5.03023e-01  5.02413e-01   9.954e-01   2.62021e-07  2.12427e-03       2.52389e+03   3.83199e+03   6.35587e+03      2.521728e-10  1.000000e-05     5419
4.090092   5.03230e-01  5.02613e-01   9.954e-01   2.15488e-07  2.05899e-03       2.46530e+03   3.77323e+03   6.23853e+03      5.043457e-11  1.000000e-05     5425
4.097879   5.03381e-01  5.02762e-01   9.954e-01   1.91492e-07  2.01400e-03       2.42349e+03   3.72873e+03   6.15222e+03      1.008691e-11  1.000000e-05     5443
4.098304   5.03389e-01  5.02770e-01   9.954e-01   1.42290e-06  2.01445e-03       2.42110e+03   3.72629e+03   6.14739e+03      2.017383e-06  1.000000e-05     5461
4.098729   5.03397e-01  5.02778e-01   9.954e-01   9.05611e-07  2.01231e-03       2.41872e+03   3.72384e+03   6.14256e+03      4.034765e-07  1.000000e-05     5467
4.100447   5.03430e-01  5.02811e-01   9.954e-01   5.94173e-07  2.00080e-03       2.40911e+03   3.71396e+03   6.12306e+03      8.069531e-08  1.000000e-05     5473
4.105240   5.03521e-01  5.02903e-01   9.954e-01   3.58369e-07  1.96734e-03       2.38233e+03   3.68644e+03   6.06877e+03      1.613906e-08  1.000000e-05     5479
4.115065   5.03705e-01  5.03087e-01   9.954e-01   2.79700e-07  1.90566e-03       2.32768e+03   3.63037e+03   5.95805e+03      3.227812e-09  1.000000e-05     5485
4.131074   5.03995e-01  5.03382e-01   9.954e-01   2.50418e-07  1.81011e-03       2.23907e+03   3.53960e+03   5.77868e+03      6.455625e-10  1.000000e-05     5491
4.150382   5.04317e-01  5.03743e-01   9.954e-01   1.97908e-07  1.69885e-03       2.13090e+03   3.43097e+03   5.56187e+03      1.291125e-10  1.000000e-05     5497
4.164731   5.04594e-01  5.03963e-01   9.953e-01   1.70462e-07  1.62587e-03       2.05794e+03   3.35389e+03   5.41183e+03      2.582250e-11  1.000000e-05     5509
4.167370   5.04638e-01  5.04008e-01   9.953e-01   2.10442e-06  1.61580e-03       2.04385e+03   3.33952e+03   5.38336e+03      5.164500e-06  1.000000e-05     5521
4.170010   5.04682e-01  5.04052e-01   9.953e-01   1.06268e-06  1.60149e-03       2.02979e+03   3.32516e+03   5.35495e+03      1.032900e-06  1.000000e-05     5527
4.178057   5.04815e-01  5.04186e-01   9.953e-01   6.80898e-07  1.55740e-03       1.98712e+03   3.28157e+03   5.26869e+03      2.065800e-07  1.000000e-05     5533
4.196107   5.05106e-01  5.04478e-01   9.953e-01   4.74809e-07  1.46495e-03       1.89230e+03   3.18478e+03   5.07709e+03      4.131600e-08  1.000000e-05     5539
4.228088   5.05595e-01  5.04969e-01   9.953e-01   3.52292e-07  1.31316e-03       1.72714e+03   3.01664e+03   4.74379e+03      8.263200e-09  1.000000e-05     5545
4.261534   5.06071e-01  5.05444e-01   9.953e-01   2.96986e-07  1.16977e-03       1.56168e+03   2.84618e+03   4.40787e+03      1.652640e-09  1.000000e-05     5557
4.281933   5.06341e-01  5.05724e-01   9.952e-01   2.63268e-07  1.09161e-03       1.45887e+03   2.74436e+03   4.20323e+03      3.305280e-10  1.000000e-05     5575
4.298262   5.06554e-01  5.05926e-01   9.951e-01   2.05867e-07  1.02731e-03       1.38030e+03   2.66369e+03   4.04400e+03      6.610560e-11  1.000000e-05     5587
4.307452   5.06675e-01  5.06029e-01   9.951e-01   1.96396e-07  1.00374e-03       1.33594e+03   2.61825e+03   3.95418e+03      1.322112e-11  1.000000e-05     5605
4.316107   5.06776e-01  5.06140e-01   9.951e-01   1.86222e-07  9.70339e-04       1.29346e+03   2.57619e+03   3.86965e+03      1.322112e-11  1.000000e-05     5611
4.325516   5.06892e-01  5.06251e-01   9.951e-01   1.72316e-07  9.31825e-04       1.24919e+03   2.53252e+03   3.78171e+03      1.322112e-11  1.000000e-05     5617
4.334872   5.07006e-01  5.06356e-01   9.950e-01   1.74438e-07  9.07526e-04       1.20463e+03   2.48762e+03   3.69225e+03      1.322112e-11  1.000000e-05     5623
4.344300   5.07107e-01  5.06464e-01   9.950e-01   1.58736e-07  8.75226e-04       1.16168e+03   2.44611e+03   3.60779e+03      1.322112e-11  1.000000e-05     5629
4.353593   5.07207e-01  5.06570e-01   9.950e-01   1.69240e-07  8.49179e-04       1.11616e+03   2.40118e+03   3.51734e+03      1.322112e-11  1.000000e-05     5635
4.362995   5.07310e-01  5.06668e-01   9.949e-01   1.68962e-07  8.17505e-04       1.07655e+03   2.36099e+03   3.43754e+03      1.322112e-11  1.000000e-05     5641
4.371849   5.07400e-01  5.06756e-01   9.949e-01   1.64977e-07  7.90272e-04       1.03829e+03   2.32159e+03   3.35988e+03      1.322112e-11  1.000000e-05     5647
4.379575   5.07480e-01  5.06833e-01   9.949e-01   1.76562e-07  7.71843e-04       1.00625e+03   2.28902e+03   3.29526e+03      1.322112e-11  1.000000e-05     5659
4.386665   5.07556e-01  5.06902e-01   9.949e-01   1.67069e-07  7.52028e-04       9.74454e+02   2.25726e+03   3.23171e+03      1.322112e-11  1.000000e-05     5665
4.394495   5.07638e-01  5.06977e-01   9.949e-01   1.72229e-07  7.31601e-04       9.38379e+02   2.22157e+03   3.15995e+03      1.322112e-11  1.000000e-05     5671
4.402677   5.07718e-01  5.07058e-01   9.949e-01   1.69376e-07  7.06328e-04       9.01817e+02   2.18459e+03   3.08641e+03      1.322112e-11  1.000000e-05     5677
4.411536   5.07805e-01  5.07137e-01   9.949e-01   1.81777e-07  6.83158e-04       8.62217e+02   2.14508e+03   3.00729e+03      1.322112e-11  1.000000e-05     5683
4.420758   5.07893e-01  5.07224e-01   9.948e-01   1.79297e-07  6.57794e-04       8.22393e+02   2.10461e+03   2.92700e+03      1.322112e-11  1.000000e-05     5689
4.428600   5.07964e-01  5.07293e-01   9.948e-01   1.75509e-07  6.37198e-04       7.90644e+02   2.07162e+03   2.86227e+03      1.322112e-11  1.000000e-05     5701
4.436044   5.08029e-01  5.07360e-01   9.948e-01   1.83209e-07  6.22056e-04       7.57421e+02   2.03907e+03   2.79649e+03      1.322112e-11  1.000000e-05     5707
4.444343   5.08104e-01  5.07425e-01   9.948e-01   1.95020e-07  6.09640e-04       7.19680e+02   2.00152e+03   2.72120e+03      1.322112e-11  1.000000e-05     5713
4.453034   5.08172e-01  5.07503e-01   9.948e-01   1.81305e-07  5.86100e-04       6.82528e+02   1.96472e+03   2.64725e+03      1.322112e-11  1.000000e-05     5719
4.454709   5.08186e-01  5.07517e-01   9.948e-01   3.98530e-07  5.77424e-04       6.75409e+02   1.95760e+03   2.63301e+03      2.644224e-08  1.000000e-05     5731
4.456385   5.08200e-01  5.07531e-01   9.948e-01   2.94270e-07  5.72151e-04       6.68290e+02   1.95049e+03   2.61878e+03      5.288448e-09  1.000000e-05     5737
4.460319   5.08231e-01  5.07563e-01   9.948e-01   2.15079e-07  5.63493e-04       6.51620e+02   1.93385e+03   2.58547e+03      1.057690e-09  1.000000e-05     5743
4.467253   5.08286e-01  5.07619e-01   9.948e-01   1.92211e-07  5.52918e-04       6.22405e+02   1.90468e+03   2.52709e+03      2.115379e-10  1.000000e-05     5749
4.476849   5.08364e-01  5.07691e-01   9.948e-01   1.55298e-07  5.27263e-04       5.81639e+02   1.86397e+03   2.44561e+03      4.230758e-11  1.000000e-05     5755
4.486847   5.08453e-01  5.07742e-01   9.948e-01   1.42197e-07  5.06610e-04       5.37037e+02   1.82107e+03   2.35811e+03      8.461516e-12  1.000000e-05     5767
4.496396   5.08525e-01  5.07812e-01   9.947e-01   1.41183e-07  4.87049e-04       4.99628e+02   1.78304e+03   2.28267e+03      8.461516e-12  1.000000e-05     5773
4.501990   5.08570e-01  5.07844e-01   9.947e-01   1.72823e-07  4.75535e-04       4.74517e+02   1.75752e+03   2.23204e+03      8.461516e-12  1.000000e-05     5791
4.507381   5.08610e-01  5.07879e-01   9.947e-01   1.65174e-07  4.71063e-04       4.52435e+02   1.73610e+03   2.18854e+03      8.461516e-12  1.000000e-05     5797
4.513392   5.08651e-01  5.07919e-01   9.947e-01   1.46963e-07  4.61456e-04       4.27729e+02   1.71165e+03   2.13938e+03      8.461516e-12  1.000000e-05     5803
4.519304   5.08689e-01  5.07959e-01   9.946e-01   1.75383e-07  4.55162e-04       4.04293e+02   1.68797e+03   2.09226e+03      8.461516e-12  1.000000e-05     5815
4.524916   5.08726e-01  5.07993e-01   9.946e-01   1.64045e-07  4.40824e-04       3.82450e+02   1.66634e+03   2.04879e+03      8.461516e-12  1.000000e-05     5821
4.530463   5.08772e-01  5.08019e-01   9.946e-01   1.54513e-07  4.28999e-04       3.60730e+02   1.64437e+03   2.00510e+03      1.692303e-12  1.000000e-05     5827
4.535474   5.08799e-01  5.08052e-01   9.946e-01   1.59735e-07  4.22346e-04       3.39960e+02   1.62415e+03   1.96411e+03      1.692303e-12  1.000000e-05     5833
4.540130   5.08842e-01  5.08071e-01   9.946e-01   1.49168e-07  4.13917e-04       3.24275e+02   1.60862e+03   1.93289e+03      1.692303e-12  1.000000e-05     5839
4.543551   5.08863e-01  5.08092e-01   9.946e-01   1.35676e-07  4.08994e-04       3.11020e+02   1.59551e+03   1.90653e+03      1.692303e-12  1.000000e-05     5857
4.546961   5.08882e-01  5.08113e-01   9.946e-01   1.37330e-07  3.98009e-04       2.97729e+02   1.58246e+03   1.88019e+03      1.692303e-12  1.000000e-05     5863
4.550763   5.08904e-01  5.08136e-01   9.946e-01   1.48865e-07  3.94278e-04       2.82870e+02   1.56775e+03   1.85062e+03      1.692303e-12  1.000000e-05     5869
4.554452   5.08926e-01  5.08156e-01   9.946e-01   1.33591e-07  3.91003e-04       2.68598e+02   1.55373e+03   1.82233e+03      1.692303e-12  1.000000e-05     5875
4.558561   5.08953e-01  5.08175e-01   9.946e-01   1.31139e-07  3.83824e-04       2.52970e+02   1.53844e+03   1.79141e+03      1.692303e-12  1.000000e-05     5881
4.563037   5.08981e-01  5.08195e-01   9.946e-01   1.14314e-07  3.76374e-04       2.35740e+02   1.52123e+03   1.75697e+03      1.692303e-12  1.000000e-05     5887
4.567682   5.09009e-01  5.08217e-01   9.946e-01   1.13207e-07  3.67802e-04       2.16979e+02   1.50282e+03   1.71980e+03      1.692303e-12  1.000000e-05     5893
4.567847   5.09009e-01  5.08218e-01   9.946e-01   1.49367e-07  3.65012e-04       2.16357e+02   1.50221e+03   1.71857e+03      1.692303e-10  1.000000e-05     5941
4.568011   5.09010e-01  5.08219e-01   9.946e-01   1.45999e-07  3.65874e-04       2.15736e+02   1.50160e+03   1.71733e+03      3.384607e-11  1.000000e-05     5947
4.568432   5.09013e-01  5.08221e-01   9.946e-01   1.60811e-07  3.65213e-04       2.14152e+02   1.50004e+03   1.71419e+03      3.384607e-11  1.000000e-05     5953
4.569322   5.09017e-01  5.08226e-01   9.946e-01   1.59879e-07  3.64059e-04       2.10796e+02   1.49673e+03   1.70753e+03      3.384607e-11  1.000000e-05     5959
4.570920   5.09026e-01  5.08234e-01   9.946e-01   1.60689e-07  3.62996e-04       2.04783e+02   1.49081e+03   1.69560e+03      6.769213e-12  1.000000e-05     5965
4.573100   5.09037e-01  5.08246e-01   9.946e-01   1.53427e-07  3.64324e-04       1.96592e+02   1.48275e+03   1.67934e+03      6.769213e-12  1.000000e-05     5971
4.575718   5.09050e-01  5.08260e-01   9.946e-01   1.38811e-07  3.53355e-04       1.86772e+02   1.47313e+03   1.65990e+03      6.769213e-12  1.000000e-05     5977
4.578935   5.09067e-01  5.08277e-01   9.946e-01   1.59228e-07  3.48727e-04       1.74710e+02   1.46126e+03   1.63597e+03      6.769213e-11  1.000000e-05     5983
4.582952   5.09087e-01  5.08297e-01   9.946e-01   1.72785e-07  3.48488e-04       1.59749e+02   1.44656e+03   1.60631e+03      6.769213e-11  1.000000e-05     5989
4.588689   5.09115e-01  5.08326e-01   9.946e-01   1.62075e-07  3.34781e-04       1.38685e+02   1.42573e+03   1.56442e+03      6.769213e-11  1.000000e-05     5995
4.596285   5.09152e-01  5.08362e-01   9.946e-01   1.57497e-07  3.23761e-04       1.10730e+02   1.39845e+03   1.50918e+03      6.769213e-11  1.000000e-05     6001
4.606409   5.09200e-01  5.08406e-01   9.945e-01   1.62294e-07  3.10754e-04       7.35541e+01   1.36222e+03   1.43577e+03      6.769213e-11  1.000000e-05     6007
4.618744   5.09258e-01  5.08452e-01   9.945e-01   1.38274e-07  2.95523e-04       2.49259e+01   1.31525e+03   1.34018e+03      1.353843e-11  1.000000e-05     6013
4.630382   5.09298e-01  5.08514e-01   9.945e-01   1.41586e-07  2.80393e-04      -1.85194e+01   1.27400e+03   1.25548e+03      1.353843e-11  1.000000e-05     6019
4.641271   5.09338e-01  5.08557e-01   9.945e-01   1.39658e-07  2.75428e-04      -5.50075e+01   1.23895e+03   1.18394e+03      1.353843e-11  1.000000e-05     6025
4.649937   5.09369e-01  5.08591e-01   9.944e-01   1.38097e-07  2.73242e-04      -8.55723e+01   1.21241e+03   1.12684e+03      1.353843e-11  1.000000e-05     6037
4.657782   5.09396e-01  5.08619e-01   9.944e-01   1.54988e-07  2.63083e-04      -1.12613e+02   1.18571e+03   1.07310e+03      1.353843e-10  1.000000e-05     6043
4.666459   5.09421e-01  5.08649e-01   9.944e-01   1.33851e-07  2.53147e-04      -1.42927e+02   1.15641e+03   1.01349e+03      2.707685e-11  1.000000e-05     6049
4.675109   5.09449e-01  5.08677e-01   9.944e-01   1.46408e-07  2.39651e-04      -1.72112e+02   1.12784e+03   9.55733e+02      2.707685e-11  1.000000e-05     6055
4.684636   5.09477e-01  5.08703e-01   9.944e-01   1.34998e-07  2.29828e-04      -2.03454e+02   1.09780e+03   8.94342e+02      5.415370e-12  1.000000e-05     6061
4.693933   5.09509e-01  5.08723e-01   9.943e-01   1.26189e-07  2.20522e-04      -2.33608e+02   1.06631e+03   8.32699e+02      5.415370e-12  1.000000e-05     6067
4.703633   5.09534e-01  5.08742e-01   9.943e-01   1.35550e-07  2.15766e-04      -2.64926e+02   1.03663e+03   7.71708e+02      5.415370e-12  1.000000e-05     6073
4.712855   5.09556e-01  5.08764e-01   9.942e-01   1.33525e-07  2.10988e-04      -2.95965e+02   1.00862e+03   7.12659e+02      5.415370e-12  1.000000e-05     6079
4.721728   5.09578e-01  5.08783e-01   9.941e-01   1.25861e-07  2.02319e-04      -3.26603e+02   9.78646e+02   6.52042e+02      5.415370e-12  1.000000e-05     6085
4.730779   5.09598e-01  5.08800e-01   9.941e-01   1.20023e-07  1.92919e-04      -3.56696e+02   9.49295e+02   5.92600e+02      5.415370e-12  1.000000e-05     6091
4.739939   5.09618e-01  5.08809e-01   9.941e-01   1.26750e-07  1.86762e-04      -3.85291e+02   9.21037e+02   5.35746e+02      5.415370e-12  1.000000e-05     6097
4.748587   5.09630e-01  5.08826e-01   9.941e-01   1.38695e-07  1.82266e-04      -4.10996e+02   8.96846e+02   4.85850e+02      5.415370e-12  1.000000e-05     6103
4.756706   5.09640e-01  5.08840e-01   9.941e-01   1.60752e-07  1.77476e-04      -4.37171e+02   8.71350e+02   4.34179e+02      5.415370e-11  1.000000e-05     6109
4.764998   5.09651e-01  5.08850e-01   9.941e-01   1.44879e-07  1.71536e-04      -4.62422e+02   8.46746e+02   3.84324e+02      5.415370e-11  1.000000e-05     6115
4.775458   5.09663e-01  5.08862e-01   9.940e-01   1.44682e-07  1.65625e-04      -4.94447e+02   8.16095e+02   3.21648e+02      5.415370e-11  1.000000e-05     6121
4.787117   5.09674e-01  5.08871e-01   9.940e-01   1.43394e-07  1.59090e-04      -5.27760e+02   7.83959e+02   2.56199e+02      5.415370e-11  1.000000e-05     6127
4.800952   5.09681e-01  5.08890e-01   9.940e-01   1.38723e-07  1.53345e-04      -5.67827e+02   7.45053e+02   1.77227e+02      5.415370e-11  1.000000e-05     6133
4.815400   5.09691e-01  5.08891e-01   9.940e-01   1.31441e-07  1.47474e-04      -6.09989e+02   7.05540e+02   9.55514e+01      5.415370e-11  1.000000e-05     6139
4.828313   5.09694e-01  5.08892e-01   9.940e-01   1.37148e-07  1.42766e-04      -6.45972e+02   6.71692e+02   2.57198e+01      5.415370e-11  1.000000e-05     6151
4.840180   5.09694e-01  5.08896e-01   9.939e-01   1.23992e-07  1.38339e-04      -6.76503e+02   6.41909e+02  -3.45941e+01      1.083074e-11  1.000000e-05     6157
4.851565   5.09719e-01  5.08863e-01   9.938e-01   1.37464e-07  1.34573e-04      -7.04231e+02   6.17420e+02  -8.68104e+01      1.083074e-11  1.000000e-05     6163
4.862695   5.09716e-01  5.08863e-01   9.938e-01   1.24011e-07  1.29734e-04      -7.35587e+02   5.88199e+02  -1.47388e+02      1.083074e-11  1.000000e-05     6169
4.873045   5.09712e-01  5.08860e-01   9.938e-01   1.23298e-07  1.28428e-04      -7.65182e+02   5.57389e+02  -2.07794e+02      1.083074e-11  1.000000e-05     6175
4.883239   5.09709e-01  5.08846e-01   9.937e-01   1.15377e-07  1.25357e-04      -7.92480e+02   5.32775e+02  -2.59705e+02      1.083074e-11  1.000000e-05     6181
4.892494   5.09711e-01  5.08830e-01   9.937e-01   1.17943e-07  1.23614e-04      -8.15980e+02   5.10725e+02  -3.05255e+02      1.083074e-11  1.000000e-05     6187
4.898802   5.09706e-01  5.08822e-01   9.937e-01   1.18146e-07  1.22975e-04      -8.34259e+02   4.94209e+02  -3.40050e+02      1.083074e-11  1.000000e-05     6205
4.905083   5.09700e-01  5.08815e-01   9.937e-01   1.21055e-07  1.22239e-04      -8.50592e+02   4.79170e+02  -3.71422e+02      1.083074e-11  1.000000e-05     6211
4.911915   5.09691e-01  5.08808e-01   9.937e-01   1.20646e-07  1.19963e-04      -8.68394e+02   4.62817e+02  -4.05577e+02      1.083074e-11  1.000000e-05     6217
4.919904   5.09680e-01  5.08798e-01   9.937e-01   1.38345e-07  1.18642e-04      -8.88765e+02   4.41753e+02  -4.47012e+02      1.083074e-11  1.000000e-05     6223
4.927193   5.09669e-01  5.08788e-01   9.937e-01   1.32640e-07  1.18830e-04      -9.07425e+02   4.24365e+02  -4.83060e+02      1.083074e-11  1.000000e-05     6229
4.935464   5.09659e-01  5.08770e-01   9.936e-01   1.17867e-07  1.17181e-04      -9.28025e+02   4.05207e+02  -5.22817e+02      1.083074e-11  1.000000e-05     6235
4.944798   5.09647e-01  5.08747e-01   9.936e-01   1.13059e-07  1.15306e-04      -9.51744e+02   3.85490e+02  -5.66254e+02      1.083074e-11  1.000000e-05     6241
4.954152   5.09625e-01  5.08734e-01   9.936e-01   1.26257e-07  1.14395e-04      -9.74818e+02   3.65698e+02  -6.09120e+02      1.083074e-11  1.000000e-05     6247
4.964119   5.09618e-01  5.08702e-01   9.936e-01   1.30098e-07  1.12931e-04      -9.98628e+02   3.43514e+02  -6.55115e+02      1.083074e-11  1.000000e-05     6253
4.973992   5.09598e-01  5.08682e-01   9.936e-01   1.14378e-07  1.14737e-04      -1.02343e+03   3.22832e+02  -7.00594e+02      1.083074e-11  1.000000e-05     6259
4.983960   5.09584e-01  5.08653e-01   9.935e-01   1.22545e-07  1.13721e-04      -1.04609e+03   3.01552e+02  -7.44539e+02      1.083074e-11  1.000000e-05     6265
4.994134   5.09560e-01  5.08632e-01   9.935e-01   1.31585e-07  1.15174e-04      -1.06858e+03   2.81462e+02  -7.87120e+02      1.083074e-11  1.000000e-05     6271
5.003473   5.09537e-01  5.08606e-01   9.935e-01   1.08276e-07  1.16483e-04      -1.08973e+03   2.61130e+02  -8.28596e+02      1.083074e-11  1.000000e-05     6277
5.012612   5.09511e-01  5.08583e-01   9.935e-01   1.13573e-07  1.14982e-04      -1.11073e+03   2.42152e+02  -8.68582e+02      1.083074e-11  1.000000e-05     6283
5.022931   5.09481e-01  5.08555e-01   9.935e-01   1.12125e-07  1.14091e-04      -1.13430e+03   2.19872e+02  -9.14427e+02      1.083074e-11  1.000000e-05     6289
5.033611   5.09459e-01  5.08517e-01   9.935e-01   1.16620e-07  1.12306e-04      -1.15910e+03   1.98135e+02  -9.60965e+02      1.083074e-11  1.000000e-05     6295
5.044554   5.09436e-01  5.08469e-01   9.935e-01   1.37885e-07  1.11547e-04      -1.18318e+03   1.76388e+02  -1.00679e+03      1.083074e-11  1.000000e-05     6301
5.054747   5.09407e-01  5.08433e-01   9.934e-01   1.34096e-07  1.13745e-04      -1.20542e+03   1.56066e+02  -1.04935e+03      1.083074e-11  1.000000e-05     6307
5.062757   5.09380e-01  5.08407e-01   9.934e-01   1.20670e-07  1.13369e-04      -1.21932e+03   1.43325e+02  -1.07599e+03      1.083074e-11  1.000000e-05     6319
5.070187   5.09358e-01  5.08378e-01   9.934e-01   1.21265e-07  1.13595e-04      -1.23501e+03   1.30203e+02  -1.10481e+03      1.083074e-11  1.000000e-05     6325
5.078721   5.09331e-01  5.08344e-01   9.934e-01   1.18532e-07  1.16106e-04      -1.25177e+03   1.16029e+02  -1.13574e+03      1.083074e-11  1.000000e-05     6331
5.087889   5.09297e-01  5.08312e-01   9.934e-01   1.19070e-07  1.15473e-04      -1.27083e+03   9.99460e+01  -1.17088e+03      1.083074e-11  1.000000e-05     6337
5.097616   5.09259e-01  5.08276e-01   9.934e-01   1.11112e-07  1.14577e-04      -1.29151e+03   8.14984e+01  -1.21001e+03      1.083074e-11  1.000000e-05     6343
5.108284   5.09217e-01  5.08237e-01   9.934e-01   1.07133e-07  1.16019e-04      -1.31354e+03   6.18965e+01  -1.25165e+03      1.083074e-11  1.000000e-05     6349
5.118896   5.09188e-01  5.08180e-01   9.933e-01   1.10711e-07  1.20093e-04      -1.33565e+03   4.35599e+01  -1.29209e+03      1.083074e-11  1.000000e-05     6355
5.130038   5.09134e-01  5.08141e-01   9.933e-01   1.00689e-07  1.22383e-04      -1.35701e+03   2.54606e+01  -1.33155e+03      1.083074e-11  1.000000e-05     6361
5.140467   5.09085e-01  5.08104e-01   9.934e-01   1.10274e-07  1.20600e-04      -1.37487e+03   1.10710e+01  -1.36380e+03      1.083074e-11  1.000000e-05     6367
5.150128   5.09047e-01  5.08053e-01   9.934e-01   1.18726e-07  1.27585e-04      -1.39189e+03  -4.84960e+00  -1.39674e+03      1.083074e-11  1.000000e-05     6379
5.159302   5.09004e-01  5.08015e-01   9.934e-01   1.08876e-07  1.24174e-04      -1.40762e+03  -1.80910e+01  -1.42571e+03      1.083074e-11  1.000000e-05     6385
5.169302   5.08960e-01  5.07970e-01   9.934e-01   1.15086e-07  1.26355e-04      -1.42660e+03  -3.46414e+01  -1.46124e+03      1.083074e-11  1.000000e-05     6391
5.178774   5.08910e-01  5.07931e-01   9.934e-01   1.16569e-07  1.25763e-04      -1.44303e+03  -4.84342e+01  -1.49147e+03      1.083074e-11  1.000000e-05     6397
5.189193   5.08869e-01  5.07872e-01   9.934e-01   1.08317e-07  1.27031e-04      -1.46121e+03  -6.30585e+01  -1.52427e+03      1.083074e-11  1.000000e-05     6403
5.200446   5.08815e-01  5.07817e-01   9.934e-01   1.07172e-07  1.27032e-04      -1.48011e+03  -8.02983e+01  -1.56041e+03      1.083074e-11  1.000000e-05     6409
5.212394   5.08761e-01  5.07755e-01   9.934e-01   1.10203e-07  1.29870e-04      -1.50217e+03  -9.90979e+01  -1.60127e+03      1.083074e-11  1.000000e-05     6415
5.222240   5.08720e-01  5.07700e-01   9.933e-01   1.08637e-07  1.32277e-04      -1.51547e+03  -1.11009e+02  -1.62648e+03      1.083074e-11  1.000000e-05     6427
5.231523   5.08678e-01  5.07650e-01   9.933e-01   1.14817e-07  1.33867e-04      -1.53207e+03  -1.21098e+02  -1.65317e+03      1.083074e-11  1.000000e-05     6433
5.240483   5.08636e-01  5.07598e-01   9.933e-01   1.07034e-07  1.36078e-04      -1.54648e+03  -1.32870e+02  -1.67935e+03      1.083074e-11  1.000000e-05     6439
5.250042   5.08585e-01  5.07546e-01   9.932e-01   8.82780e-08  1.36002e-04      -1.56121e+03  -1.45290e+02  -1.70650e+03      1.083074e-11  1.000000e-05     6445
5.259287   5.08532e-01  5.07499e-01   9.932e-01   1.08472e-07  1.40486e-04      -1.57523e+03  -1.57041e+02  -1.73227e+03      1.083074e-11  1.000000e-05     6451
5.269268   5.08478e-01  5.07442e-01   9.932e-01   1.01899e-07  1.41193e-04      -1.59074e+03  -1.70028e+02  -1.76077e+03      1.083074e-11  1.000000e-05     6457
5.277733   5.08428e-01  5.07396e-01   9.932e-01   1.01428e-07  1.42259e-04      -1.60253e+03  -1.79578e+02  -1.78211e+03      1.083074e-11  1.000000e-05     6469
5.286198   5.08380e-01  5.07350e-01   9.932e-01   1.23901e-07  1.44150e-04      -1.61486e+03  -1.89462e+02  -1.80432e+03      1.083074e-10  1.000000e-05     6475
5.295602   5.08327e-01  5.07296e-01   9.932e-01   1.21929e-07  1.45149e-04      -1.62810e+03  -1.99958e+02  -1.82805e+03      1.083074e-10  1.000000e-05     6481
5.308142   5.08254e-01  5.07223e-01   9.932e-01   1.10883e-07  1.45725e-04      -1.64552e+03  -2.13751e+02  -1.85927e+03      1.083074e-10  1.000000e-05     6487
5.324229   5.08161e-01  5.07127e-01   9.931e-01   1.29597e-07  1.46932e-04      -1.66716e+03  -2.30396e+02  -1.89756e+03      1.083074e-10  1.000000e-05     6493
5.342908   5.08050e-01  5.07011e-01   9.931e-01   1.19576e-07  1.50022e-04      -1.69257e+03  -2.51876e+02  -1.94445e+03      1.083074e-10  1.000000e-05     6499
5.360533   5.07938e-01  5.06909e-01   9.931e-01   1.19548e-07  1.52475e-04      -1.71441e+03  -2.68264e+02  -1.98267e+03      1.083074e-10  1.000000e-05     6505
5.378183   5.07830e-01  5.06796e-01   9.931e-01   1.17026e-07  1.55000e-04      -1.73405e+03  -2.83266e+02  -2.01732e+03      1.083074e-10  1.000000e-05     6511
5.396332   5.07719e-01  5.06674e-01   9.931e-01   1.18573e-07  1.59337e-04      -1.75704e+03  -2.99965e+02  -2.05700e+03      1.083074e-10  1.000000e-05     6517
5.415875   5.07592e-01  5.06545e-01   9.931e-01   1.18116e-07  1.60823e-04      -1.77824e+03  -3.15235e+02  -2.09348e+03      1.083074e-10  1.000000e-05     6523
5.434578   5.07475e-01  5.06414e-01   9.930e-01   1.20647e-07  1.63568e-04      -1.79681e+03  -3.25410e+02  -2.12222e+03      1.083074e-10  1.000000e-05     6529
5.453955   5.07346e-01  5.06278e-01   9.930e-01   1.14596e-07  1.65832e-04      -1.81903e+03  -3.38348e+02  -2.15738e+03      1.083074e-10  1.000000e-05     6535
5.472969   5.07226e-01  5.06132e-01   9.929e-01   1.26448e-07  1.69630e-04      -1.83886e+03  -3.48146e+02  -2.18700e+03      1.083074e-10  1.000000e-05     6541
5.488534   5.07112e-01  5.06029e-01   9.929e-01   9.81474e-08  1.71444e-04      -1.85698e+03  -3.59815e+02  -2.21679e+03      2.166148e-11  1.000000e-05     6553
5.502999   5.07013e-01  5.05927e-01   9.929e-01   8.65898e-08  1.77951e-04      -1.86925e+03  -3.68301e+02  -2.23755e+03      2.166148e-11  1.000000e-05     6559
5.517725   5.06906e-01  5.05832e-01   9.929e-01   9.35982e-08  1.75099e-04      -1.87810e+03  -3.71659e+02  -2.24976e+03      2.166148e-11  1.000000e-05     6565
5.531514   5.06812e-01  5.05722e-01   9.928e-01   1.06554e-07  1.77580e-04      -1.89490e+03  -3.83242e+02  -2.27814e+03      2.166148e-11  1.000000e-05     6571
5.544532   5.06720e-01  5.05625e-01   9.928e-01   1.08182e-07  1.78714e-04      -1.90343e+03  -3.88598e+02  -2.29203e+03      2.166148e-11  1.000000e-05     6577
5.557911   5.06624e-01  5.05526e-01   9.928e-01   1.07677e-07  1.79573e-04      -1.91329e+03  -3.94177e+02  -2.30746e+03      2.166148e-11  1.000000e-05     6583
5.572048   5.06515e-01  5.05432e-01   9.927e-01   1.18699e-07  1.84673e-04      -1.91980e+03  -3.96442e+02  -2.31624e+03      2.166148e-11  1.000000e-05     6589
5.585839   5.06412e-01  5.05328e-01   9.927e-01   1.20582e-07  1.82414e-04      -1.92836e+03  -3.98979e+02  -2.32733e+03      2.166148e-11  1.000000e-05     6595
5.599700   5.06314e-01  5.05223e-01   9.926e-01   1.21310e-07  1.79696e-04      -1.93578e+03  -4.01738e+02  -2.33752e+03      2.166148e-11  1.000000e-05     6601
5.613656   5.06203e-01  5.05124e-01   9.926e-01   1.22854e-07  1.82072e-04      -1.94345e+03  -4.02564e+02  -2.34602e+03      2.166148e-11  1.000000e-05     6607
5.627388   5.06110e-01  5.05009e-01   9.925e-01   1.10492e-07  1.80162e-04      -1.95205e+03  -4.05542e+02  -2.35759e+03      2.166148e-11  1.000000e-05     6613
5.639820   5.06020e-01  5.04914e-01   9.925e-01   1.20429e-07  1.81635e-04      -1.95839e+03  -4.08064e+02  -2.36646e+03      2.166148e-11  1.000000e-05     6625
5.651759   5.05939e-01  5.04818e-01   9.925e-01   1.13428e-07  1.81630e-04      -1.96519e+03  -4.11856e+02  -2.37704e+03      2.166148e-11  1.000000e-05     6631
5.664318   5.05836e-01  5.04730e-01   9.925e-01   1.15028e-07  1.89368e-04      -1.96985e+03  -4.13335e+02  -2.38319e+03      2.166148e-11  1.000000e-05     6637
5.676261   5.05755e-01  5.04634e-01   9.925e-01   1.14654e-07  1.87085e-04      -1.97605e+03  -4.17327e+02  -2.39338e+03      2.166148e-11  1.000000e-05     6643
5.688049   5.05661e-01  5.04551e-01   9.925e-01   1.02699e-07  1.82349e-04      -1.98098e+03  -4.17097e+02  -2.39807e+03      2.166148e-11  1.000000e-05     6649
5.701040   5.05564e-01  5.04451e-01   9.924e-01   1.01654e-07  1.84846e-04      -1.98947e+03  -4.20491e+02  -2.40996e+03      2.166148e-11  1.000000e-05     6655
5.714316   5.05464e-01  5.04354e-01   9.925e-01   9.87744e-08  1.84481e-04      -1.99345e+03  -4.19758e+02  -2.41321e+03      2.166148e-11  1.000000e-05     6661
5.728391   5.05364e-01  5.04245e-01   9.924e-01   1.01506e-07  1.92441e-04      -1.99804e+03  -4.18293e+02  -2.41633e+03      2.166148e-11  1.000000e-05     6667
5.742189   5.05257e-01  5.04150e-01   9.924e-01   1.01042e-07  1.88487e-04      -2.00234e+03  -4.18759e+02  -2.42110e+03      2.166148e-11  1.000000e-05     6673
5.755468   5.05157e-01  5.04047e-01   9.924e-01   9.87236e-08  1.93574e-04      -2.00706e+03  -4.18378e+02  -2.42544e+03      2.166148e-11  1.000000e-05     6679
5.769004   5.05058e-01  5.03944e-01   9.924e-01   8.48853e-08  1.88607e-04      -2.01111e+03  -4.17431e+02  -2.42854e+03      2.166148e-11  1.000000e-05     6685
5.783086   5.04950e-01  5.03839e-01   9.923e-01   9.93796e-08  1.88040e-04      -2.01525e+03  -4.16102e+02  -2.43135e+03      2.166148e-11  1.000000e-05     6691
5.797276   5.04841e-01  5.03730e-01   9.923e-01   1.17711e-07  1.90952e-04      -2.01893e+03  -4.14636e+02  -2.43357e+03      2.166148e-10  1.000000e-05     6697
5.812551   5.04725e-01  5.03614e-01   9.923e-01   1.18059e-07  1.92591e-04      -2.02243e+03  -4.12667e+02  -2.43510e+03      2.166148e-10  1.000000e-05     6703
5.831432   5.04590e-01  5.03461e-01   9.923e-01   1.19210e-07  1.85442e-04      -2.02813e+03  -4.09534e+02  -2.43766e+03      2.166148e-10  1.000000e-05     6709
5.852031   5.04422e-01  5.03315e-01   9.923e-01   1.18629e-07  1.84191e-04      -2.03260e+03  -4.06267e+02  -2.43887e+03      2.166148e-10  1.000000e-05     6715
5.873868   5.04256e-01  5.03145e-01   9.922e-01   1.18765e-07  1.87808e-04      -2.03613e+03  -4.01908e+02  -2.43803e+03      2.166148e-10  1.000000e-05     6721
5.895478   5.04093e-01  5.02981e-01   9.922e-01   1.13436e-07  1.84049e-04      -2.03810e+03  -3.95173e+02  -2.43327e+03      2.166148e-10  1.000000e-05     6727
5.919845   5.03911e-01  5.02794e-01   9.922e-01   1.08092e-07  1.82377e-04      -2.03872e+03  -3.85618e+02  -2.42434e+03      2.166148e-10  1.000000e-05     6733
5.944233   5.03722e-01  5.02609e-01   9.922e-01   1.11900e-07  1.81814e-04      -2.04139e+03  -3.79387e+02  -2.42077e+03      2.166148e-10  1.000000e-05     6739
5.964184   5.03566e-01  5.02458e-01   9.921e-01   1.12330e-07  1.78448e-04      -2.04074e+03  -3.70546e+02  -2.41128e+03      4.332296e-11  1.000000e-05     6751
5.982962   5.03423e-01  5.02317e-01   9.921e-01   1.00021e-07  1.78429e-04      -2.04341e+03  -3.67562e+02  -2.41097e+03      4.332296e-11  1.000000e-05     6757
6.000339   5.03296e-01  5.02180e-01   9.921e-01   1.07690e-07  1.76814e-04      -2.04202e+03  -3.59953e+02  -2.40198e+03      4.332296e-11  1.000000e-05     6763
6.014671   5.03188e-01  5.02074e-01   9.920e-01   1.11666e-07  1.86810e-04      -2.04296e+03  -3.54513e+02  -2.39748e+03      4.332296e-11  1.000000e-05     6775
6.028065   5.03083e-01  5.01978e-01   9.920e-01   1.10003e-07  1.81396e-04      -2.04037e+03  -3.46900e+02  -2.38727e+03      4.332296e-11  1.000000e-05     6781
6.042442   5.02968e-01  5.01880e-01   9.920e-01   1.12179e-07  1.81717e-04      -2.03801e+03  -3.40000e+02  -2.37801e+03      4.332296e-11  1.000000e-05     6787
6.056435   5.02869e-01  5.01771e-01   9.920e-01   1.11321e-07  1.76209e-04      -2.03595e+03  -3.33057e+02  -2.36901e+03      4.332296e-11  1.000000e-05     6793
6.071634   5.02763e-01  5.01652e-01   9.920e-01   1.04113e-07  1.71688e-04      -2.03124e+03  -3.23024e+02  -2.35426e+03      4.332296e-11  1.000000e-05     6799
6.087628   5.02645e-01  5.01533e-01   9.919e-01   1.04390e-07  1.70250e-04      -2.02706e+03  -3.14395e+02  -2.34145e+03      4.332296e-11  1.000000e-05     6805
6.103516   5.02529e-01  5.01418e-01   9.919e-01   1.01728e-07  1.67847e-04      -2.02274e+03  -3.03394e+02  -2.32614e+03      4.332296e-11  1.000000e-05     6811
6.117493   5.02425e-01  5.01320e-01   9.919e-01   1.03373e-07  1.65307e-04      -2.01943e+03  -2.93780e+02  -2.31321e+03      4.332296e-11  1.000000e-05     6823
6.130575   5.02329e-01  5.01227e-01   9.919e-01   1.16195e-07  1.63389e-04      -2.01533e+03  -2.84911e+02  -2.30024e+03      4.332296e-10  1.000000e-05     6829
6.145989   5.02219e-01  5.01115e-01   9.919e-01   1.16598e-07  1.61933e-04      -2.01063e+03  -2.75274e+02  -2.28590e+03      8.664593e-11  1.000000e-05     6835
6.161793   5.02106e-01  5.01005e-01   9.919e-01   1.13234e-07  1.63993e-04      -2.00548e+03  -2.64511e+02  -2.26999e+03      8.664593e-11  1.000000e-05     6841
6.178601   5.01986e-01  5.00886e-01   9.919e-01   1.00863e-07  1.59545e-04      -2.00098e+03  -2.53081e+02  -2.25406e+03      8.664593e-11  1.000000e-05     6847
6.196896   5.01856e-01  5.00760e-01   9.919e-01   1.10893e-07  1.56103e-04      -1.99386e+03  -2.39569e+02  -2.23343e+03      8.664593e-10  1.000000e-05     6853
6.218014   5.01702e-01  5.00620e-01   9.918e-01   1.13196e-07  1.54429e-04      -1.98388e+03  -2.23180e+02  -2.20706e+03      1.732919e-10  1.000000e-05     6859
6.230883   5.01613e-01  5.00531e-01   9.918e-01   9.64035e-08  1.52503e-04      -1.97908e+03  -2.13572e+02  -2.19265e+03      3.465837e-11  1.000000e-05     6877
6.243751   5.01529e-01  5.00438e-01   9.918e-01   1.18577e-07  1.48466e-04      -1.97328e+03  -2.02584e+02  -2.17586e+03      3.465837e-10  1.000000e-05     6883
6.258419   5.01433e-01  5.00334e-01   9.918e-01   1.03000e-07  1.46287e-04      -1.96739e+03  -1.91727e+02  -2.15911e+03      6.931674e-11  1.000000e-05     6889
6.274242   5.01326e-01  5.00228e-01   9.918e-01   8.80470e-08  1.43416e-04      -1.96117e+03  -1.78854e+02  -2.14002e+03      6.931674e-11  1.000000e-05     6895
6.290677   5.01216e-01  5.00117e-01   9.918e-01   9.81677e-08  1.42460e-04      -1.95360e+03  -1.65539e+02  -2.11913e+03      6.931674e-11  1.000000e-05     6901
6.309143   5.01094e-01  4.99995e-01   9.918e-01   9.57002e-08  1.39555e-04      -1.94498e+03  -1.49804e+02  -2.09479e+03      6.931674e-11  1.000000e-05     6907
6.327756   5.00976e-01  4.99868e-01   9.917e-01   1.05758e-07  1.36079e-04      -1.93509e+03  -1.32144e+02  -2.06724e+03      6.931674e-11  1.000000e-05     6913
6.346816   5.00857e-01  4.99740e-01   9.917e-01   1.00540e-07  1.33724e-04      -1.92558e+03  -1.14999e+02  -2.04058e+03      6.931674e-11  1.000000e-05     6919
6.364265   5.00746e-01  4.99631e-01   9.917e-01   9.41614e-08  1.30725e-04      -1.91708e+03  -1.00583e+02  -2.01766e+03      6.931674e-11  1.000000e-05     6925
6.382571   5.00637e-01  4.99507e-01   9.917e-01   9.39352e-08  1.27939e-04      -1.90610e+03  -8.39322e+01  -1.99003e+03      6.931674e-11  1.000000e-05     6931
6.401093   5.00506e-01  4.99408e-01   9.917e-01   9.01918e-08  1.25201e-04      -1.89558e+03  -6.76362e+01  -1.96322e+03      6.931674e-11  1.000000e-05     6937
6.419787   5.00381e-01  4.99301e-01   9.916e-01   8.18945e-08  1.22273e-04      -1.88499e+03  -5.05734e+01  -1.93556e+03      6.931674e-11  1.000000e-05     6943
6.439456   5.00262e-01  4.99183e-01   9.916e-01   9.61668e-08  1.19232e-04      -1.87173e+03  -3.20161e+01  -1.90375e+03      6.931674e-11  1.000000e-05     6949
6.459167   5.00142e-01  4.99066e-01   9.916e-01   9.40029e-08  1.17667e-04      -1.85963e+03  -1.18843e+01  -1.87151e+03      6.931674e-11  1.000000e-05     6955
6.462981   5.00119e-01  4.99044e-01   9.916e-01   2.56485e-07  1.17702e-04      -1.85727e+03  -8.30589e+00  -1.86557e+03      1.386335e-07  1.000000e-05     6967
6.466795   5.00097e-01  4.99023e-01   9.916e-01   2.21653e-07  1.18623e-04      -1.85489e+03  -4.71924e+00  -1.85961e+03      2.772670e-08  1.000000e-05     6973
6.475938   5.00043e-01  4.98971e-01   9.916e-01   1.62385e-07  1.16790e-04      -1.84920e+03   3.90457e+00  -1.84529e+03      5.545339e-09  1.000000e-05     6979
6.492755   4.99945e-01  4.98877e-01   9.916e-01   1.33150e-07  1.14757e-04      -1.83850e+03   2.00074e+01  -1.81849e+03      1.109068e-09  1.000000e-05     6985
6.517130   4.99801e-01  4.98743e-01   9.916e-01   1.05366e-07  1.10095e-04      -1.82437e+03   4.14851e+01  -1.78289e+03      2.218136e-10  1.000000e-05     6991
6.534100   4.99705e-01  4.98648e-01   9.915e-01   1.03563e-07  1.07970e-04      -1.81569e+03   5.43466e+01  -1.76134e+03      4.436272e-11  1.000000e-05     7003
6.549494   4.99620e-01  4.98563e-01   9.916e-01   1.19721e-07  1.05726e-04      -1.80514e+03   7.01813e+01  -1.73496e+03      4.436272e-10  1.000000e-05     7009
6.566586   4.99527e-01  4.98471e-01   9.916e-01   1.05647e-07  1.03274e-04      -1.79196e+03   8.79186e+01  -1.70405e+03      8.872543e-11  1.000000e-05     7015
6.583913   4.99434e-01  4.98380e-01   9.915e-01   1.28758e-07  1.07789e-04      -1.78025e+03   1.05060e+02  -1.67519e+03      8.872543e-10  1.000000e-05     7021
6.603386   4.99333e-01  4.98276e-01   9.915e-01   1.02499e-07  1.03890e-04      -1.76736e+03   1.23815e+02  -1.64354e+03      1.774509e-10  1.000000e-05     7027
6.620804   4.99237e-01  4.98196e-01   9.915e-01   9.38373e-08  9.91977e-05      -1.75543e+03   1.41548e+02  -1.61388e+03      3.549017e-11  1.000000e-05     7039
6.636871   4.99152e-01  4.98120e-01   9.915e-01   1.06382e-07  9.60985e-05      -1.74349e+03   1.58735e+02  -1.58475e+03      3.549017e-10  1.000000e-05     7045
6.654338   4.99066e-01  4.98036e-01   9.914e-01   9.92681e-08  9.56410e-05      -1.72984e+03   1.78148e+02  -1.55170e+03      7.098034e-11  1.000000e-05     7051
6.667058   4.99007e-01  4.97973e-01   9.914e-01   9.81813e-08  9.32181e-05      -1.72031e+03   1.91215e+02  -1.52910e+03      1.419607e-11  1.000000e-05     7063
6.679665   4.98948e-01  4.97914e-01   9.914e-01   1.05887e-07  9.14982e-05      -1.71129e+03   2.04431e+02  -1.50686e+03      1.419607e-10  1.000000e-05     7069
6.692863   4.98886e-01  4.97853e-01   9.914e-01   1.07550e-07  8.94635e-05      -1.70157e+03   2.18331e+02  -1.48323e+03      1.419607e-10  1.000000e-05     7075
6.709968   4.98805e-01  4.97777e-01   9.914e-01   1.00259e-07  8.66121e-05      -1.68883e+03   2.36182e+02  -1.45265e+03      1.419607e-10  1.000000e-05     7081
6.730072   4.98715e-01  4.97685e-01   9.914e-01   1.05316e-07  8.41432e-05      -1.67359e+03   2.57502e+02  -1.41609e+03      1.419607e-10  1.000000e-05     7087
6.748716   4.98630e-01  4.97609e-01   9.914e-01   1.07988e-07  8.27011e-05      -1.65947e+03   2.76726e+02  -1.38274e+03      1.419607e-10  1.000000e-05     7099
6.766760   4.98553e-01  4.97529e-01   9.914e-01   1.12482e-07  8.08751e-05      -1.64607e+03   2.94380e+02  -1.35169e+03      1.419607e-10  1.000000e-05     7105
6.787059   4.98477e-01  4.97436e-01   9.913e-01   1.01288e-07  7.83196e-05      -1.63049e+03   3.16728e+02  -1.31376e+03      1.419607e-10  1.000000e-05     7111
6.808213   4.98392e-01  4.97349e-01   9.913e-01   9.64942e-08  7.67812e-05      -1.61447e+03   3.38738e+02  -1.27574e+03      1.419607e-10  1.000000e-05     7117
6.829924   4.98318e-01  4.97250e-01   9.913e-01   1.02567e-07  7.42674e-05      -1.59703e+03   3.63836e+02  -1.23320e+03      1.419607e-10  1.000000e-05     7123
6.852856   4.98244e-01  4.97146e-01   9.913e-01   1.05166e-07  7.31917e-05      -1.57947e+03   3.87994e+02  -1.19147e+03      1.419607e-10  1.000000e-05     7129
6.874466   4.98170e-01  4.97055e-01   9.913e-01   1.11596e-07  7.39552e-05      -1.55739e+03   4.13282e+02  -1.14411e+03      1.419607e-10  1.000000e-05     7135
6.894765   4.98094e-01  4.96989e-01   9.912e-01   1.04197e-07  7.05030e-05      -1.54065e+03   4.35678e+02  -1.10498e+03      1.419607e-10  1.000000e-05     7141
6.898705   4.98079e-01  4.96976e-01   9.912e-01   8.73025e-07  7.01770e-05      -1.53757e+03   4.39818e+02  -1.09775e+03      2.839214e-05  1.000000e-05     7153
6.902646   4.98065e-01  4.96963e-01   9.912e-01   6.55419e-07  6.98382e-05      -1.53450e+03   4.43966e+02  -1.09053e+03      5.678428e-06  1.000000e-05     7159
6.916648   4.98017e-01  4.96918e-01   9.912e-01   4.66950e-07  6.98430e-05      -1.52363e+03   4.58715e+02  -1.06491e+03      1.135686e-06  1.000000e-05     7165
6.952402   4.97897e-01  4.96807e-01   9.912e-01   3.08701e-07  6.49756e-05      -1.49568e+03   4.96338e+02  -9.99341e+02      2.271371e-07  1.000000e-05     7171
7.002507   4.97740e-01  4.96666e-01   9.912e-01   2.04340e-07  6.19390e-05      -1.45684e+03   5.49140e+02  -9.07704e+02      4.542742e-08  1.000000e-05     7177
7.044808   4.97615e-01  4.96561e-01   9.912e-01   1.70410e-07  6.00288e-05      -1.42306e+03   5.92483e+02  -8.30578e+02      9.085484e-09  1.000000e-05     7189
7.079885   4.97519e-01  4.96484e-01   9.912e-01   1.33370e-07  5.83728e-05      -1.39443e+03   6.29895e+02  -7.64539e+02      1.817097e-09  1.000000e-05     7201
7.109544   4.97449e-01  4.96417e-01   9.912e-01   1.23365e-07  5.73240e-05      -1.37052e+03   6.61608e+02  -7.08908e+02      3.634194e-10  1.000000e-05     7213
7.133745   4.97391e-01  4.96370e-01   9.912e-01   1.15842e-07  5.70516e-05      -1.35197e+03   6.86381e+02  -6.65590e+02      3.634194e-10  1.000000e-05     7225
7.156724   4.97338e-01  4.96330e-01   9.912e-01   1.08651e-07  5.63564e-05      -1.33319e+03   7.09408e+02  -6.23777e+02      3.634194e-10  1.000000e-05     7231
7.176898   4.97300e-01  4.96293e-01   9.912e-01   1.03010e-07  5.55051e-05      -1.31751e+03   7.29691e+02  -5.87822e+02      7.268387e-11  1.000000e-05     7243
7.196066   4.97262e-01  4.96264e-01   9.912e-01   1.22672e-07  7.43802e-05      -1.30253e+03   7.49059e+02  -5.53475e+02      7.268387e-10  1.000000e-05     7249
7.216447   4.97226e-01  4.96230e-01   9.912e-01   9.80162e-08  6.49997e-05      -1.28604e+03   7.69526e+02  -5.16511e+02      1.453677e-10  1.000000e-05     7255
7.220489   4.97219e-01  4.96224e-01   9.912e-01   2.41861e-07  5.63692e-05      -1.28283e+03   7.73546e+02  -5.09283e+02      2.907355e-07  1.000000e-05     7267
7.224530   4.97212e-01  4.96218e-01   9.912e-01   2.06927e-07  5.63969e-05      -1.27962e+03   7.77563e+02  -5.02060e+02      5.814710e-08  1.000000e-05     7273
7.234620   4.97196e-01  4.96203e-01   9.912e-01   1.66308e-07  5.59959e-05      -1.27164e+03   7.87572e+02  -4.84065e+02      1.162942e-08  1.000000e-05     7279
7.254124   4.97165e-01  4.96177e-01   9.912e-01   1.36496e-07  5.53826e-05      -1.25632e+03   8.06925e+02  -4.49394e+02      2.325884e-09  1.000000e-05     7285
7.282028   4.97127e-01  4.96144e-01   9.912e-01   1.12480e-07  5.39267e-05      -1.23375e+03   8.34443e+02  -3.99305e+02      4.651768e-10  1.000000e-05     7291
7.287660   4.97119e-01  4.96137e-01   9.912e-01   3.94055e-07  7.18619e-05      -1.22938e+03   8.39882e+02  -3.89500e+02      9.303536e-07  1.000000e-05     7303
7.293292   4.97112e-01  4.96131e-01   9.912e-01   3.45382e-07  6.97982e-05      -1.22502e+03   8.45321e+02  -3.79695e+02      1.860707e-07  1.000000e-05     7309
7.307293   4.97095e-01  4.96116e-01   9.912e-01   2.17071e-07  5.45825e-05      -1.21418e+03   8.58794e+02  -3.55390e+02      3.721414e-08  1.000000e-05     7315
7.334293   4.97061e-01  4.96094e-01   9.911e-01   1.80993e-07  6.10523e-05      -1.19321e+03   8.85033e+02  -3.08179e+02      7.442829e-09  1.000000e-05     7321
7.365174   4.97028e-01  4.96071e-01   9.911e-01   1.32703e-07  5.55487e-05      -1.16994e+03   9.14205e+02  -2.55738e+02      1.488566e-09  1.000000e-05     7327
7.388071   4.97008e-01  4.96056e-01   9.911e-01   1.23370e-07  5.71988e-05      -1.15278e+03   9.35173e+02  -2.17606e+02      2.977131e-10  1.000000e-05     7339
7.404961   4.96990e-01  4.96052e-01   9.912e-01   1.06219e-07  5.65727e-05      -1.14020e+03   9.50873e+02  -1.89330e+02      5.954263e-11  1.000000e-05     7351
7.420920   4.96978e-01  4.96048e-01   9.911e-01   1.22623e-07  5.98873e-05      -1.12763e+03   9.66548e+02  -1.61078e+02      5.954263e-10  1.000000e-05     7357
7.438630   4.96967e-01  4.96042e-01   9.911e-01   1.04690e-07  6.15573e-05      -1.11484e+03   9.81083e+02  -1.33760e+02      1.190853e-10  1.000000e-05     7363
7.453137   4.96971e-01  4.96029e-01   9.911e-01   1.05653e-07  5.63084e-05      -1.10467e+03   9.93342e+02  -1.11331e+02      2.381705e-11  1.000000e-05     7375
7.463896   4.96969e-01  4.96014e-01   9.910e-01   1.03604e-07  5.59419e-05      -1.09386e+03   1.00577e+03  -8.80884e+01      4.763410e-12  1.000000e-05     7387
7.473843   4.96979e-01  4.95995e-01   9.911e-01   9.56980e-08  6.14776e-05      -1.08484e+03   1.01539e+03  -6.94495e+01      4.763410e-12  1.000000e-05     7393
7.475707   4.96979e-01  4.95995e-01   9.911e-01   4.21419e-07  6.02355e-05      -1.08350e+03   1.01705e+03  -6.64541e+01      4.763410e-07  1.000000e-05     7405
7.477571   4.96978e-01  4.95994e-01   9.911e-01   2.81171e-07  6.31292e-05      -1.08216e+03   1.01870e+03  -6.34657e+01      9.526821e-08  1.000000e-05     7411
7.483047   4.96977e-01  4.95994e-01   9.911e-01   2.14368e-07  6.44011e-05      -1.07824e+03   1.02354e+03  -5.47016e+01      1.905364e-08  1.000000e-05     7417
7.494730   4.96974e-01  4.95993e-01   9.911e-01   1.49426e-07  6.01707e-05      -1.06991e+03   1.03383e+03  -3.60793e+01      3.810728e-09  1.000000e-05     7423
7.514613   4.96971e-01  4.95994e-01   9.911e-01   1.19661e-07  5.75800e-05      -1.05580e+03   1.05098e+03  -4.82046e+00      7.621456e-10  1.000000e-05     7429
7.537435   4.96951e-01  4.96013e-01   9.910e-01   9.82779e-08  5.69893e-05      -1.04122e+03   1.06871e+03   2.74919e+01      1.524291e-10  1.000000e-05     7441
7.559378   4.96946e-01  4.96022e-01   9.910e-01   9.64448e-08  5.84646e-05      -1.02611e+03   1.08829e+03   6.21814e+01      1.524291e-10  1.000000e-05     7447
7.581918   4.96945e-01  4.96031e-01   9.910e-01   9.52831e-08  5.88163e-05      -1.01103e+03   1.10574e+03   9.47112e+01      1.524291e-10  1.000000e-05     7453
7.603282   4.96945e-01  4.96046e-01   9.909e-01   1.01088e-07  5.95375e-05      -9.96861e+02   1.12414e+03   1.27275e+02      1.524291e-10  1.000000e-05     7459
7.624013   4.96949e-01  4.96060e-01   9.909e-01   1.02871e-07  6.09923e-05      -9.84657e+02   1.13998e+03   1.55325e+02      1.524291e-10  1.000000e-05     7471
7.643931   4.96961e-01  4.96066e-01   9.909e-01   1.06250e-07  6.14392e-05      -9.71549e+02   1.15623e+03   1.84684e+02      1.524291e-10  1.000000e-05     7477
7.662124   4.96969e-01  4.96080e-01   9.909e-01   9.22400e-08  6.00209e-05      -9.57549e+02   1.17239e+03   2.14843e+02      3.048583e-11  1.000000e-05     7489
7.679835   4.97014e-01  4.96051e-01   9.909e-01   8.87048e-08  5.99342e-05      -9.44488e+02   1.18818e+03   2.43693e+02      3.048583e-11  1.000000e-05     7495
7.695785   4.97026e-01  4.96066e-01   9.909e-01   1.17510e-07  6.08999e-05      -9.33771e+02   1.19993e+03   2.66163e+02      3.048583e-10  1.000000e-05     7501
7.713408   4.97037e-01  4.96085e-01   9.909e-01   1.12363e-07  6.08472e-05      -9.22587e+02   1.21223e+03   2.89640e+02      3.048583e-10  1.000000e-05     7507
7.735405   4.97054e-01  4.96108e-01   9.908e-01   1.11410e-07  6.15618e-05      -9.09855e+02   1.22991e+03   3.20056e+02      3.048583e-10  1.000000e-05     7513
7.759693   4.97059e-01  4.96154e-01   9.907e-01   1.17853e-07  6.80230e-05      -8.92742e+02   1.24828e+03   3.55542e+02      3.048583e-10  1.000000e-05     7519
7.782378   4.97086e-01  4.96180e-01   9.907e-01   1.10597e-07  6.39421e-05      -8.76627e+02   1.26569e+03   3.89064e+02      3.048583e-10  1.000000e-05     7525
7.797833   4.97104e-01  4.96198e-01   9.907e-01   1.00935e-07  6.45865e-05      -8.67245e+02   1.27575e+03   4.08504e+02      6.097165e-11  1.000000e-05     7543
7.813056   4.97122e-01  4.96219e-01   9.907e-01   1.21411e-07  6.46068e-05      -8.57950e+02   1.28611e+03   4.28162e+02      6.097165e-10  1.000000e-05     7549
7.830929   4.97150e-01  4.96239e-01   9.907e-01   1.00720e-07  6.45942e-05      -8.47074e+02   1.29808e+03   4.51008e+02      1.219433e-10  1.000000e-05     7555
7.850648   4.97180e-01  4.96267e-01   9.907e-01   1.21326e-07  6.46613e-05      -8.35593e+02   1.31154e+03   4.75951e+02      1.219433e-09  1.000000e-05     7561
7.873381   4.97208e-01  4.96308e-01   9.906e-01   1.14039e-07  6.77859e-05      -8.24651e+02   1.32601e+03   5.01356e+02      2.438866e-10  1.000000e-05     7567
7.877762   4.97214e-01  4.96315e-01   9.906e-01   2.04511e-07  6.75019e-05      -8.22062e+02   1.32886e+03   5.06798e+02      4.877732e-08  1.000000e-05     7579
7.882143   4.97221e-01  4.96322e-01   9.906e-01   1.79359e-07  6.74728e-05      -8.19488e+02   1.33170e+03   5.12215e+02      9.755464e-09  1.000000e-05     7585
7.891737   4.97236e-01  4.96338e-01   9.906e-01   1.33242e-07  6.73639e-05      -8.13882e+02   1.33787e+03   5.23989e+02      1.951093e-09  1.000000e-05     7591
7.908103   4.97263e-01  4.96365e-01   9.906e-01   1.09907e-07  6.74634e-05      -8.04521e+02   1.34853e+03   5.44005e+02      3.902186e-10  1.000000e-05     7597
7.928350   4.97295e-01  4.96403e-01   9.906e-01   1.03255e-07  6.93091e-05      -7.92918e+02   1.36429e+03   5.71375e+02      7.804371e-11  1.000000e-05     7603
7.932257   4.97301e-01  4.96411e-01   9.906e-01   2.18561e-07  7.02363e-05      -7.90736e+02   1.36661e+03   5.75874e+02      7.804371e-08  1.000000e-05     7615
7.936164   4.97308e-01  4.96418e-01   9.906e-01   1.60188e-07  6.96267e-05      -7.88562e+02   1.36892e+03   5.80362e+02      1.560874e-08  1.000000e-05     7621
7.945260   4.97324e-01  4.96435e-01   9.906e-01   1.63125e-07  6.93335e-05      -7.83526e+02   1.37430e+03   5.90773e+02      3.121749e-09  1.000000e-05     7627
7.960893   4.97353e-01  4.96465e-01   9.906e-01   1.29236e-07  6.86380e-05      -7.74914e+02   1.38359e+03   6.08677e+02      6.243497e-10  1.000000e-05     7633
7.979646   4.97386e-01  4.96506e-01   9.906e-01   9.83420e-08  6.88804e-05      -7.63606e+02   1.39515e+03   6.31544e+02      1.248699e-10  1.000000e-05     7645
7.998399   4.97421e-01  4.96548e-01   9.906e-01   1.27536e-07  6.88542e-05      -7.53417e+02   1.40548e+03   6.52066e+02      1.248699e-09  1.000000e-05     7651
8.020473   4.97460e-01  4.96597e-01   9.906e-01   1.08925e-07  7.08290e-05      -7.42304e+02   1.41722e+03   6.74911e+02      2.497399e-10  1.000000e-05     7657
8.038523   4.97502e-01  4.96636e-01   9.906e-01   8.56285e-08  7.23554e-05      -7.29791e+02   1.42994e+03   7.00152e+02      4.994798e-11  1.000000e-05     7669
8.055667   4.97536e-01  4.96678e-01   9.906e-01   9.20793e-08  7.16007e-05      -7.21942e+02   1.43896e+03   7.17019e+02      4.994798e-10  1.000000e-05     7675
8.075030   4.97580e-01  4.96722e-01   9.906e-01   8.96923e-08  7.12507e-05      -7.12816e+02   1.44959e+03   7.36776e+02      9.989595e-11  1.000000e-05     7681
8.096001   4.97624e-01  4.96776e-01   9.905e-01   1.01713e-07  7.20899e-05      -7.06658e+02   1.45729e+03   7.50628e+02      9.989595e-11  1.000000e-05     7687
8.116884   4.97673e-01  4.96826e-01   9.905e-01   1.23033e-07  7.28754e-05      -6.96852e+02   1.46724e+03   7.70389e+02      9.989595e-10  1.000000e-05     7693
8.140259   4.97736e-01  4.96874e-01   9.905e-01   1.03411e-07  7.33219e-05      -6.85553e+02   1.47851e+03   7.92962e+02      1.997919e-10  1.000000e-05     7699
8.158661   4.97813e-01  4.96889e-01   9.904e-01   9.35345e-08  7.51351e-05      -6.78137e+02   1.48720e+03   8.09062e+02      3.995838e-11  1.000000e-05     7711
8.162084   4.97821e-01  4.96898e-01   9.904e-01   3.04342e-07  7.58606e-05      -6.76733e+02   1.48870e+03   8.11967e+02      7.991676e-07  1.000000e-05     7723
8.165506   4.97829e-01  4.96907e-01   9.904e-01   2.50872e-07  8.18828e-05      -6.75320e+02   1.49021e+03   8.14885e+02      1.598335e-07  1.000000e-05     7729
8.175025   4.97853e-01  4.96932e-01   9.904e-01   1.87575e-07  7.76405e-05      -6.71417e+02   1.49437e+03   8.22950e+02      3.196671e-08  1.000000e-05     7735
8.194429   4.97903e-01  4.96983e-01   9.904e-01   1.61943e-07  7.42131e-05      -6.63627e+02   1.50268e+03   8.39053e+02      6.393341e-09  1.000000e-05     7741
8.225816   4.97984e-01  4.97069e-01   9.904e-01   1.19433e-07  7.41269e-05      -6.51358e+02   1.51544e+03   8.64078e+02      1.278668e-09  1.000000e-05     7747
8.252473   4.98047e-01  4.97147e-01   9.904e-01   1.06146e-07  7.46813e-05      -6.40452e+02   1.52667e+03   8.86222e+02      2.557336e-10  1.000000e-05     7759
8.277461   4.98111e-01  4.97220e-01   9.903e-01   1.02286e-07  7.46511e-05      -6.32107e+02   1.53490e+03   9.02797e+02      2.557336e-10  1.000000e-05     7765
8.282545   4.98125e-01  4.97234e-01   9.903e-01   1.96708e-07  7.74290e-05      -6.30203e+02   1.53689e+03   9.06691e+02      5.114673e-08  1.000000e-05     7777
8.287630   4.98139e-01  4.97249e-01   9.903e-01   1.68413e-07  7.78143e-05      -6.28317e+02   1.53886e+03   9.10547e+02      1.022935e-08  1.000000e-05     7783
8.298412   4.98169e-01  4.97280e-01   9.903e-01   1.41181e-07  7.74744e-05      -6.24402e+02   1.54298e+03   9.18576e+02      2.045869e-09  1.000000e-05     7789
8.315806   4.98218e-01  4.97332e-01   9.903e-01   1.16271e-07  7.57131e-05      -6.18385e+02   1.54937e+03   9.30982e+02      4.091738e-10  1.000000e-05     7795
8.338726   4.98290e-01  4.97391e-01   9.903e-01   8.67788e-08  7.55849e-05      -6.09254e+02   1.55832e+03   9.49066e+02      8.183477e-11  1.000000e-05     7801
8.343122   4.98303e-01  4.97404e-01   9.903e-01   9.67225e-08  7.69899e-05      -6.07750e+02   1.55987e+03   9.52118e+02      1.636695e-10  1.000000e-05     7813
8.347519   4.98316e-01  4.97417e-01   9.903e-01   8.98391e-08  7.62085e-05      -6.06267e+02   1.56138e+03   9.55111e+02      3.273391e-11  1.000000e-05     7819
8.352608   4.98330e-01  4.97433e-01   9.903e-01   1.08703e-07  7.73940e-05      -6.04548e+02   1.56314e+03   9.58592e+02      3.273391e-10  1.000000e-05     7825
8.359567   4.98351e-01  4.97454e-01   9.903e-01   9.93390e-08  7.76449e-05      -6.02280e+02   1.56544e+03   9.63160e+02      6.546781e-11  1.000000e-05     7831
8.367142   4.98374e-01  4.97476e-01   9.903e-01   1.26439e-07  7.67987e-05      -5.99778e+02   1.56801e+03   9.68232e+02      6.546781e-10  1.000000e-05     7837
8.377175   4.98404e-01  4.97507e-01   9.903e-01   1.05229e-07  7.67516e-05      -5.96536e+02   1.57125e+03   9.74718e+02      1.309356e-10  1.000000e-05     7843
8.390858   4.98447e-01  4.97546e-01   9.903e-01   8.73937e-08  7.64840e-05      -5.91725e+02   1.57634e+03   9.84616e+02      2.618712e-11  1.000000e-05     7849
8.405280   4.98489e-01  4.97592e-01   9.903e-01   1.00858e-07  7.60455e-05      -5.86615e+02   1.58100e+03   9.94385e+02      2.618712e-10  1.000000e-05     7855
8.420759   4.98535e-01  4.97642e-01   9.903e-01   9.40835e-08  7.59648e-05      -5.81626e+02   1.58510e+03   1.00347e+03      5.237425e-11  1.000000e-05     7861
8.424037   4.98545e-01  4.97652e-01   9.903e-01   4.49026e-07  7.74708e-05      -5.80709e+02   1.58604e+03   1.00534e+03      1.047485e-05  1.000000e-05     7873
8.427314   4.98556e-01  4.97663e-01   9.903e-01   3.23001e-07  7.72240e-05      -5.79779e+02   1.58700e+03   1.00722e+03      2.094970e-06  1.000000e-05     7879
8.439420   4.98593e-01  4.97702e-01   9.903e-01   3.11998e-07  7.75676e-05      -5.76370e+02   1.59046e+03   1.01409e+03      4.189940e-07  1.000000e-05     7885
8.469124   4.98686e-01  4.97798e-01   9.903e-01   2.24988e-07  7.60090e-05      -5.68285e+02   1.59860e+03   1.03032e+03      8.379880e-08  1.000000e-05     7891
8.517359   4.98839e-01  4.97960e-01   9.903e-01   1.57382e-07  7.53192e-05      -5.55714e+02   1.61035e+03   1.05463e+03      1.675976e-08  1.000000e-05     7897
8.558430   4.98970e-01  4.98103e-01   9.903e-01   1.30985e-07  7.48038e-05      -5.47056e+02   1.61886e+03   1.07180e+03      3.351952e-09  1.000000e-05     7909
8.592370   4.99074e-01  4.98223e-01   9.902e-01   1.10949e-07  7.46570e-05      -5.41521e+02   1.62550e+03   1.08398e+03      6.703904e-10  1.000000e-05     7921
8.612842   4.99148e-01  4.98283e-01   9.902e-01   9.32791e-08  7.55373e-05      -5.35429e+02   1.63054e+03   1.09512e+03      1.340781e-10  1.000000e-05     7939
8.632261   4.99212e-01  4.98352e-01   9.902e-01   1.16191e-07  7.50303e-05      -5.31052e+02   1.63439e+03   1.10334e+03      1.340781e-09  1.000000e-05     7945
8.655077   4.99292e-01  4.98429e-01   9.902e-01   9.75931e-08  7.52020e-05      -5.26186e+02   1.63804e+03   1.11186e+03      2.681562e-10  1.000000e-05     7951
8.681128   4.99363e-01  4.98534e-01   9.901e-01   9.93627e-08  7.39243e-05      -5.26134e+02   1.64267e+03   1.11654e+03      2.681562e-10  1.000000e-05     7957
8.695901   4.99417e-01  4.98582e-01   9.901e-01   1.02199e-07  7.45899e-05      -5.23308e+02   1.64486e+03   1.12155e+03      5.363123e-11  1.000000e-05     7969
8.709955   4.99463e-01  4.98636e-01   9.901e-01   1.13694e-07  7.37687e-05      -5.21146e+02   1.64628e+03   1.12514e+03      5.363123e-10  1.000000e-05     7975
8.726196   4.99518e-01  4.98693e-01   9.901e-01   9.15205e-08  7.35302e-05      -5.20120e+02   1.64636e+03   1.12624e+03      1.072625e-10  1.000000e-05     7981
8.741499   4.99569e-01  4.98749e-01   9.901e-01   9.73833e-08  7.98469e-05      -5.18403e+02   1.64752e+03   1.12912e+03      1.072625e-10  1.000000e-05     7987
8.744881   4.99581e-01  4.98761e-01   9.901e-01   5.78959e-07  7.43689e-05      -5.17847e+02   1.64787e+03   1.13002e+03      2.145249e-05  1.000000e-05     7999
8.748262   4.99592e-01  4.98773e-01   9.901e-01   4.18149e-07  7.29861e-05      -5.17298e+02   1.64821e+03   1.13091e+03      4.290499e-06  1.000000e-05     8005
8.760598   4.99636e-01  4.98816e-01   9.901e-01   2.86180e-07  7.22426e-05      -5.15339e+02   1.64940e+03   1.13406e+03      8.580997e-07  1.000000e-05     8011
8.794151   4.99754e-01  4.98936e-01   9.901e-01   2.32347e-07  7.11533e-05      -5.10505e+02   1.65223e+03   1.14173e+03      1.716199e-07  1.000000e-05     8017
8.833122   4.99893e-01  4.99075e-01   9.901e-01   1.93709e-07  7.28058e-05      -5.05978e+02   1.65489e+03   1.14892e+03      3.432399e-08  1.000000e-05     8029
8.870754   5.00027e-01  4.99212e-01   9.901e-01   1.49861e-07  6.94346e-05      -5.02011e+02   1.65618e+03   1.15417e+03      6.864798e-09  1.000000e-05     8035
8.909852   5.00157e-01  4.99366e-01   9.900e-01   1.02604e-07  6.76860e-05      -4.97936e+02   1.65776e+03   1.15982e+03      1.372960e-09  1.000000e-05     8041
8.936575   5.00242e-01  4.99469e-01   9.900e-01   9.03231e-08  6.96405e-05      -4.96378e+02   1.65744e+03   1.16106e+03      2.745919e-10  1.000000e-05     8053
8.961076   5.00331e-01  4.99557e-01   9.900e-01   8.82222e-08  6.71061e-05      -4.94104e+02   1.65695e+03   1.16285e+03      2.745919e-10  1.000000e-05     8059
8.981452   5.00401e-01  4.99639e-01   9.900e-01   8.69203e-08  7.04412e-05      -4.95580e+02   1.65758e+03   1.16200e+03      5.491838e-11  1.000000e-05     8071
9.000130   5.00477e-01  4.99698e-01   9.899e-01   8.41490e-08  6.82731e-05      -4.92875e+02   1.65779e+03   1.16492e+03      5.491838e-11  1.000000e-05     8077
9.012022   5.00519e-01  4.99743e-01   9.899e-01   9.96873e-08  7.00482e-05      -4.92966e+02   1.65775e+03   1.16479e+03      5.491838e-11  1.000000e-05     8095
9.023320   5.00562e-01  4.99781e-01   9.899e-01   1.06172e-07  6.81259e-05      -4.92479e+02   1.65743e+03   1.16495e+03      5.491838e-11  1.000000e-05     8101
9.036080   5.00606e-01  4.99829e-01   9.899e-01   9.04221e-08  6.65560e-05      -4.92711e+02   1.65747e+03   1.16476e+03      5.491838e-11  1.000000e-05     8107
9.049024   5.00653e-01  4.99876e-01   9.899e-01   1.05948e-07  6.52027e-05      -4.92581e+02   1.65674e+03   1.16416e+03      5.491838e-10  1.000000e-05     8113
9.064554   5.00709e-01  4.99933e-01   9.899e-01   9.22255e-08  6.39478e-05      -4.92507e+02   1.65599e+03   1.16348e+03      1.098368e-10  1.000000e-05     8119
9.083839   5.00785e-01  4.99997e-01   9.898e-01   9.25148e-08  6.34327e-05      -4.93064e+02   1.65466e+03   1.16160e+03      1.098368e-10  1.000000e-05     8125
9.105837   5.00853e-01  5.00087e-01   9.898e-01   9.11101e-08  6.37896e-05      -4.93285e+02   1.65344e+03   1.16016e+03      1.098368e-10  1.000000e-05     8131
9.126690   5.00931e-01  5.00158e-01   9.898e-01   9.46488e-08  6.23629e-05      -4.92400e+02   1.65345e+03   1.16105e+03      1.098368e-10  1.000000e-05     8137
9.146859   5.00963e-01  5.00269e-01   9.897e-01   9.31988e-08  6.14599e-05      -4.93006e+02   1.64999e+03   1.15698e+03      1.098368e-10  1.000000e-05     8143
9.167375   5.01031e-01  5.00347e-01   9.897e-01   9.46938e-08  6.08331e-05      -4.93854e+02   1.64777e+03   1.15392e+03      1.098368e-10  1.000000e-05     8149
9.184799   5.01085e-01  5.00418e-01   9.897e-01   1.05503e-07  6.15723e-05      -4.94477e+02   1.64697e+03   1.15249e+03      1.098368e-10  1.000000e-05     8161
9.201630   5.01144e-01  5.00479e-01   9.897e-01   1.15203e-07  5.92899e-05      -4.95270e+02   1.64530e+03   1.15003e+03      1.098368e-09  1.000000e-05     8167
9.222085   5.01225e-01  5.00544e-01   9.897e-01   9.58614e-08  5.81225e-05      -4.97160e+02   1.64294e+03   1.14578e+03      2.196735e-10  1.000000e-05     8173
9.245766   5.01305e-01  5.00631e-01   9.897e-01   1.01271e-07  5.62958e-05      -4.99042e+02   1.63981e+03   1.14077e+03      2.196735e-10  1.000000e-05     8179
9.271687   5.01404e-01  5.00716e-01   9.896e-01   9.93821e-08  5.53328e-05      -5.01602e+02   1.63649e+03   1.13489e+03      2.196735e-10  1.000000e-05     8185
9.296777   5.01484e-01  5.00806e-01   9.896e-01   1.10185e-07  5.37406e-05      -5.06613e+02   1.63057e+03   1.12396e+03      2.196735e-10  1.000000e-05     8191
9.316262   5.01552e-01  5.00869e-01   9.896e-01   9.38402e-08  5.30974e-05      -5.09303e+02   1.62315e+03   1.11385e+03      4.393471e-11  1.000000e-05     8203
9.326199   5.01590e-01  5.00899e-01   9.895e-01   9.41698e-08  5.25539e-05      -5.08992e+02   1.62150e+03   1.11250e+03      4.393471e-11  1.000000e-05     8221
9.335715   5.01625e-01  5.00930e-01   9.895e-01   1.02424e-07  5.38198e-05      -5.09916e+02   1.62017e+03   1.11025e+03      4.393471e-11  1.000000e-05     8227
9.347158   5.01662e-01  5.00972e-01   9.895e-01   1.00870e-07  5.35363e-05      -5.11400e+02   1.61787e+03   1.10647e+03      4.393471e-11  1.000000e-05     8233
9.360473   5.01708e-01  5.01019e-01   9.895e-01   1.03638e-07  5.19041e-05      -5.12418e+02   1.61599e+03   1.10357e+03      4.393471e-10  1.000000e-05     8239
9.376019   5.01763e-01  5.01070e-01   9.895e-01   9.24321e-08  5.14229e-05      -5.13336e+02   1.61418e+03   1.10084e+03      8.786941e-11  1.000000e-05     8245
9.379837   5.01776e-01  5.01083e-01   9.895e-01   4.74453e-07  5.11117e-05      -5.13663e+02   1.61361e+03   1.09995e+03      1.757388e-05  1.000000e-05     8257
9.383656   5.01789e-01  5.01096e-01   9.895e-01   4.23367e-07  5.40174e-05      -5.13993e+02   1.61304e+03   1.09905e+03      3.514776e-06  1.000000e-05     8263
9.396854   5.01835e-01  5.01141e-01   9.895e-01   2.90115e-07  4.99714e-05      -5.15187e+02   1.61100e+03   1.09581e+03      7.029553e-07  1.000000e-05     8269
9.431398   5.01953e-01  5.01258e-01   9.895e-01   2.13638e-07  4.76233e-05      -5.18722e+02   1.60530e+03   1.08657e+03      1.405911e-07  1.000000e-05     8275
9.478098   5.02115e-01  5.01411e-01   9.895e-01   1.65525e-07  4.60603e-05      -5.25569e+02   1.59752e+03   1.07195e+03      2.811821e-08  1.000000e-05     8287
9.516338   5.02245e-01  5.01535e-01   9.895e-01   1.32934e-07  4.41363e-05      -5.29910e+02   1.59096e+03   1.06105e+03      5.623642e-09  1.000000e-05     8299
9.552753   5.02363e-01  5.01654e-01   9.895e-01   1.07306e-07  4.28206e-05      -5.36255e+02   1.58313e+03   1.04688e+03      1.124728e-09  1.000000e-05     8305
9.576450   5.02438e-01  5.01732e-01   9.895e-01   9.09017e-08  4.74734e-05      -5.40048e+02   1.57836e+03   1.03831e+03      2.249457e-10  1.000000e-05     8317
9.598069   5.02509e-01  5.01802e-01   9.895e-01   9.92056e-08  4.33749e-05      -5.43239e+02   1.57435e+03   1.03111e+03      2.249457e-10  1.000000e-05     8323
9.621572   5.02578e-01  5.01878e-01   9.894e-01   9.74897e-08  4.06430e-05      -5.48256e+02   1.56605e+03   1.01779e+03      2.249457e-10  1.000000e-05     8329
9.639936   5.02636e-01  5.01935e-01   9.894e-01   8.27043e-08  3.94227e-05      -5.52887e+02   1.56519e+03   1.01230e+03      4.498914e-11  1.000000e-05     8341
9.641332   5.02640e-01  5.01939e-01   9.894e-01   1.02539e-07  3.98831e-05      -5.53091e+02   1.56481e+03   1.01172e+03      8.997828e-10  1.000000e-05     8365
9.642728   5.02644e-01  5.01944e-01   9.894e-01   1.11470e-07  4.15786e-05      -5.53296e+02   1.56444e+03   1.01114e+03      1.799566e-10  1.000000e-05     8371
9.645494   5.02653e-01  5.01952e-01   9.894e-01   1.00028e-07  4.17516e-05      -5.53714e+02   1.56369e+03   1.00997e+03      3.599131e-11  1.000000e-05     8377
9.649615   5.02666e-01  5.01965e-01   9.894e-01   9.24131e-08  3.98310e-05      -5.54348e+02   1.56256e+03   1.00821e+03      3.599131e-11  1.000000e-05     8383
9.655361   5.02685e-01  5.01983e-01   9.894e-01   9.58088e-08  3.91805e-05      -5.55229e+02   1.56101e+03   1.00578e+03      3.599131e-11  1.000000e-05     8389
9.656898   5.02690e-01  5.01987e-01   9.894e-01   4.42609e-07  3.91198e-05      -5.55465e+02   1.56060e+03   1.00513e+03      7.198262e-06  1.000000e-05     8401
9.658435   5.02695e-01  5.01992e-01   9.894e-01   4.02491e-07  4.28461e-05      -5.55702e+02   1.56018e+03   1.00448e+03      1.439652e-06  1.000000e-05     8407
9.664370   5.02713e-01  5.02011e-01   9.894e-01   3.22075e-07  4.10339e-05      -5.56624e+02   1.55858e+03   1.00195e+03      2.879305e-07  1.000000e-05     8413
9.680315   5.02764e-01  5.02060e-01   9.894e-01   1.86599e-07  3.84883e-05      -5.59183e+02   1.55426e+03   9.95079e+02      5.758610e-08  1.000000e-05     8419
9.713268   5.02866e-01  5.02161e-01   9.894e-01   1.44501e-07  3.57379e-05      -5.64735e+02   1.54551e+03   9.80773e+02      1.151722e-08  1.000000e-05     8425
9.750287   5.02979e-01  5.02272e-01   9.894e-01   1.16202e-07  3.41848e-05      -5.71634e+02   1.53591e+03   9.64273e+02      2.303444e-09  1.000000e-05     8437
9.779573   5.03078e-01  5.02351e-01   9.894e-01   1.06317e-07  3.35165e-05      -5.75026e+02   1.52888e+03   9.53851e+02      4.606888e-10  1.000000e-05     8449
9.799846   5.03136e-01  5.02413e-01   9.893e-01   9.31375e-08  3.21296e-05      -5.79522e+02   1.52217e+03   9.42650e+02      9.213775e-11  1.000000e-05     8461
9.818612   5.03197e-01  5.02460e-01   9.893e-01   9.72298e-08  3.14173e-05      -5.84927e+02   1.51642e+03   9.31492e+02      9.213775e-11  1.000000e-05     8467
9.838681   5.03250e-01  5.02522e-01   9.893e-01   9.00193e-08  3.04257e-05      -5.89740e+02   1.51038e+03   9.20641e+02      9.213775e-11  1.000000e-05     8473
9.859459   5.03304e-01  5.02589e-01   9.892e-01   8.62282e-08  2.99718e-05      -5.94246e+02   1.50516e+03   9.10918e+02      9.213775e-11  1.000000e-05     8479
9.879803   5.03353e-01  5.02654e-01   9.892e-01   8.34919e-08  2.98667e-05      -5.98796e+02   1.49941e+03   9.00610e+02      9.213775e-11  1.000000e-05     8485
9.900220   5.03409e-01  5.02713e-01   9.892e-01   9.29467e-08  2.86162e-05      -6.03317e+02   1.49441e+03   8.91091e+02      9.213775e-11  1.000000e-05     8491
9.920614   5.03466e-01  5.02770e-01   9.891e-01   9.95262e-08  2.94321e-05      -6.06946e+02   1.48875e+03   8.81800e+02      9.213775e-11  1.000000e-05     8497
9.939342   5.03517e-01  5.02820e-01   9.891e-01   9.59683e-08  2.66744e-05      -6.10970e+02   1.48252e+03   8.71549e+02      9.213775e-11  1.000000e-05     8503
9.958685   5.03570e-01  5.02866e-01   9.891e-01   1.08624e-07  2.60869e-05      -6.14419e+02   1.47760e+03   8.63184e+02      9.213775e-11  1.000000e-05     8509
9.962727   5.03581e-01  5.02877e-01   9.891e-01   4.23544e-07  3.05565e-05      -6.15431e+02   1.47635e+03   8.60915e+02      1.842755e-06  1.000000e-05     8521
9.966770   5.03591e-01  5.02888e-01   9.891e-01   2.89295e-07  2.62570e-05      -6.16436e+02   1.47510e+03   8.58662e+02      3.685510e-07  1.000000e-05     8527
9.978450   5.03623e-01  5.02919e-01   9.891e-01   2.31608e-07  2.62589e-05      -6.19329e+02   1.47148e+03   8.52151e+02      7.371020e-08  1.000000e-05     8533
10.003704   5.03690e-01  5.02985e-01   9.891e-01   1.80060e-07  2.42621e-05      -6.25787e+02   1.46368e+03   8.37894e+02      1.474204e-08  1.000000e-05     8539
10.035287   5.03772e-01  5.03068e-01   9.891e-01   1.19555e-07  2.49344e-05      -6.33509e+02   1.45512e+03   8.21609e+02      2.948408e-09  1.000000e-05     8551
10.065658   5.03851e-01  5.03142e-01   9.891e-01   1.11692e-07  2.20853e-05      -6.41695e+02   1.44455e+03   8.02851e+02      5.896816e-10  1.000000e-05     8557
10.096173   5.03920e-01  5.03220e-01   9.890e-01   1.01838e-07  2.14675e-05      -6.48203e+02   1.43720e+03   7.88993e+02      5.896816e-10  1.000000e-05     8563
10.119276   5.03973e-01  5.03277e-01   9.890e-01   9.32207e-08  2.07043e-05      -6.55328e+02   1.42728e+03   7.71950e+02      1.179363e-10  1.000000e-05     8575
10.140694   5.04025e-01  5.03326e-01   9.890e-01   1.00921e-07  2.02701e-05      -6.59397e+02   1.42425e+03   7.64857e+02      1.179363e-10  1.000000e-05     8581
10.161414   5.04077e-01  5.03373e-01   9.890e-01   1.28951e-07  2.57056e-05      -6.65366e+02   1.41697e+03   7.51607e+02      1.179363e-09  1.000000e-05     8587
10.183376   5.04134e-01  5.03416e-01   9.890e-01   1.00281e-07  2.10250e-05      -6.71019e+02   1.41010e+03   7.39086e+02      2.358727e-10  1.000000e-05     8593
10.208020   5.04187e-01  5.03468e-01   9.890e-01   1.01243e-07  1.91839e-05      -6.78046e+02   1.40096e+03   7.22910e+02      2.358727e-10  1.000000e-05     8599
10.228680   5.04220e-01  5.03525e-01   9.890e-01   9.42783e-08  1.81246e-05      -6.84624e+02   1.39438e+03   7.09756e+02      4.717453e-11  1.000000e-05     8611
10.231568   5.04227e-01  5.03532e-01   9.890e-01   1.73746e-07  2.02982e-05      -6.85371e+02   1.39348e+03   7.08110e+02      4.717453e-08  1.000000e-05     8635
10.234455   5.04233e-01  5.03538e-01   9.890e-01   1.59714e-07  2.06387e-05      -6.86118e+02   1.39258e+03   7.06459e+02      9.434906e-09  1.000000e-05     8641
10.241166   5.04248e-01  5.03553e-01   9.890e-01   1.55791e-07  2.15909e-05      -6.87878e+02   1.39049e+03   7.02608e+02      1.886981e-09  1.000000e-05     8647
10.252755   5.04273e-01  5.03579e-01   9.890e-01   1.23166e-07  1.89745e-05      -6.90777e+02   1.38702e+03   6.96238e+02      3.773962e-10  1.000000e-05     8653
10.269221   5.04310e-01  5.03613e-01   9.889e-01   1.01907e-07  1.67084e-05      -6.94776e+02   1.38220e+03   6.87427e+02      7.547925e-11  1.000000e-05     8659
10.286610   5.04346e-01  5.03650e-01   9.889e-01   1.13152e-07  1.57961e-05      -6.99357e+02   1.37678e+03   6.77427e+02      7.547925e-10  1.000000e-05     8665
10.307110   5.04390e-01  5.03692e-01   9.889e-01   1.07492e-07  1.47562e-05      -7.04983e+02   1.37051e+03   6.65526e+02      7.547925e-10  1.000000e-05     8671
10.334663   5.04441e-01  5.03751e-01   9.889e-01   9.90057e-08  1.37800e-05      -7.12846e+02   1.36176e+03   6.48918e+02      7.547925e-10  1.000000e-05     8677
10.360854   5.04492e-01  5.03804e-01   9.889e-01   9.56396e-08  1.33885e-05      -7.20333e+02   1.35342e+03   6.33088e+02      1.509585e-10  1.000000e-05     8689
10.383255   5.04535e-01  5.03849e-01   9.888e-01   8.97240e-08  1.39595e-05      -7.25328e+02   1.34774e+03   6.22412e+02      1.509585e-10  1.000000e-05     8701
10.404850   5.04576e-01  5.03890e-01   9.888e-01   8.07086e-08  1.36028e-05      -7.31193e+02   1.34053e+03   6.09335e+02      1.509585e-10  1.000000e-05     8707
10.427454   5.04614e-01  5.03937e-01   9.888e-01   8.29152e-08  1.27138e-05      -7.39107e+02   1.33230e+03   5.93190e+02      1.509585e-10  1.000000e-05     8713
10.449202   5.04661e-01  5.03966e-01   9.888e-01   9.71021e-08  1.60346e-05      -7.43143e+02   1.32797e+03   5.84825e+02      1.509585e-10  1.000000e-05     8725
10.469961   5.04692e-01  5.04009e-01   9.888e-01   9.09997e-08  1.43483e-05      -7.49959e+02   1.31984e+03   5.69876e+02      1.509585e-10  1.000000e-05     8731
10.490038   5.04719e-01  5.04051e-01   9.888e-01   8.76670e-08  1.22675e-05      -7.56152e+02   1.31430e+03   5.58148e+02      1.509585e-10  1.000000e-05     8737
10.509650   5.04750e-01  5.04090e-01   9.888e-01   8.58484e-08  1.18443e-05      -7.61570e+02   1.30881e+03   5.47245e+02      1.509585e-10  1.000000e-05     8743
10.530593   5.04782e-01  5.04129e-01   9.888e-01   8.78336e-08  1.03325e-05      -7.66734e+02   1.30205e+03   5.35314e+02      1.509585e-10  1.000000e-05     8749
10.552349   5.04821e-01  5.04164e-01   9.888e-01   8.23381e-08  9.29085e-06      -7.72936e+02   1.29533e+03   5.22396e+02      1.509585e-10  1.000000e-05     8755
10.571288   5.04847e-01  5.04199e-01   9.888e-01   8.47469e-08  9.12985e-06      -7.76428e+02   1.29159e+03   5.15167e+02      1.509585e-10  1.000000e-05     8767
10.589065   5.04876e-01  5.04224e-01   9.888e-01   8.42199e-08  8.74932e-06      -7.80776e+02   1.28612e+03   5.05340e+02      1.509585e-10  1.000000e-05     8773
10.609652   5.04906e-01  5.04258e-01   9.888e-01   9.67912e-08  8.71669e-06      -7.88831e+02   1.28144e+03   4.92612e+02      1.509585e-10  1.000000e-05     8779
10.631575   5.04932e-01  5.04299e-01   9.887e-01   1.04361e-07  8.29711e-06      -7.93689e+02   1.27602e+03   4.82326e+02      1.509585e-10  1.000000e-05     8785
10.653058   5.04964e-01  5.04335e-01   9.887e-01   1.05577e-07  8.41650e-06      -8.00413e+02   1.26772e+03   4.67305e+02      1.509585e-10  1.000000e-05     8791
10.674795   5.04996e-01  5.04368e-01   9.886e-01   9.81691e-08  7.59145e-06      -8.05859e+02   1.26077e+03   4.54912e+02      1.509585e-10  1.000000e-05     8797
10.696408   5.05017e-01  5.04406e-01   9.886e-01   9.67921e-08  7.26258e-06      -8.11932e+02   1.25568e+03   4.43745e+02      1.509585e-10  1.000000e-05     8803
10.714337   5.05043e-01  5.04426e-01   9.886e-01   9.72811e-08  1.31194e-05      -8.16425e+02   1.25005e+03   4.33627e+02      1.509585e-10  1.000000e-05     8815
10.731275   5.05068e-01  5.04446e-01   9.886e-01   9.15109e-08  9.41124e-06      -8.21629e+02   1.24432e+03   4.22695e+02      1.509585e-10  1.000000e-05     8821
10.751721   5.05094e-01  5.04473e-01   9.885e-01   1.06431e-07  7.23224e-06      -8.26081e+02   1.23859e+03   4.12510e+02      1.509585e-10  1.000000e-05     8827
10.772252   5.05127e-01  5.04495e-01   9.885e-01   9.93541e-08  6.48985e-06      -8.31925e+02   1.23335e+03   4.01426e+02      1.509585e-10  1.000000e-05     8833
10.791852   5.05146e-01  5.04520e-01   9.885e-01   9.62490e-08  6.23410e-06      -8.39790e+02   1.22649e+03   3.86697e+02      1.509585e-10  1.000000e-05     8839
10.812195   5.05173e-01  5.04543e-01   9.885e-01   9.26697e-08  8.30628e-06      -8.48768e+02   1.21988e+03   3.71116e+02      1.509585e-10  1.000000e-05     8845
10.832169   5.05190e-01  5.04567e-01   9.885e-01   9.97147e-08  1.04338e-05      -8.51383e+02   1.21523e+03   3.63847e+02      1.509585e-10  1.000000e-05     8851
10.850920   5.05213e-01  5.04586e-01   9.885e-01   8.82121e-08  1.19915e-05      -8.56072e+02   1.21025e+03   3.54183e+02      1.509585e-10  1.000000e-05     8857
10.872606   5.05246e-01  5.04599e-01   9.885e-01   8.48486e-08  4.96915e-06      -8.61855e+02   1.20406e+03   3.42201e+02      1.509585e-10  1.000000e-05     8863
10.895897   5.05270e-01  5.04624e-01   9.885e-01   8.68774e-08  4.95380e-06      -8.67117e+02   1.19768e+03   3.30561e+02      1.509585e-10  1.000000e-05     8869
10.915749   5.05292e-01  5.04640e-01   9.884e-01   9.66442e-08  4.96366e-06      -8.72803e+02   1.19121e+03   3.18403e+02      1.509585e-10  1.000000e-05     8881
10.934452   5.05307e-01  5.04660e-01   9.884e-01   1.05477e-07  7.09308e-06      -8.77230e+02   1.18705e+03   3.09821e+02      1.509585e-10  1.000000e-05     8887
10.954093   5.05326e-01  5.04678e-01   9.884e-01   9.04144e-08  3.71619e-06      -8.81848e+02   1.18225e+03   3.00402e+02      1.509585e-10  1.000000e-05     8893
10.976637   5.05358e-01  5.04684e-01   9.884e-01   9.41676e-08  5.81993e-06      -8.87634e+02   1.17690e+03   2.89265e+02      1.509585e-10  1.000000e-05     8899
10.999269   5.05379e-01  5.04700e-01   9.884e-01   9.46074e-08  4.98902e-06      -8.92546e+02   1.17166e+03   2.79110e+02      1.509585e-10  1.000000e-05     8905
11.021703   5.05390e-01  5.04726e-01   9.883e-01   1.01845e-07  7.19938e-06      -8.98980e+02   1.16657e+03   2.67589e+02      1.509585e-10  1.000000e-05     8911
11.040813   5.05398e-01  5.04749e-01   9.883e-01   9.43203e-08  1.38882e-05      -9.04548e+02   1.16036e+03   2.55807e+02      1.509585e-10  1.000000e-05     8923
11.059286   5.05415e-01  5.04760e-01   9.883e-01   9.75625e-08  8.22584e-06      -9.08636e+02   1.15551e+03   2.46873e+02      1.509585e-10  1.000000e-05     8929
11.080373   5.05444e-01  5.04760e-01   9.883e-01   9.77517e-08  4.59952e-06      -9.13858e+02   1.14995e+03   2.36089e+02      1.509585e-10  1.000000e-05     8935
11.102043   5.05467e-01  5.04766e-01   9.882e-01   9.34049e-08  3.21286e-06      -9.16379e+02   1.14708e+03   2.30698e+02      1.509585e-10  1.000000e-05     8941
11.124721   5.05486e-01  5.04778e-01   9.882e-01   9.22326e-08  4.34889e-06      -9.21508e+02   1.14251e+03   2.21006e+02      1.509585e-10  1.000000e-05     8947
11.148216   5.05491e-01  5.04802e-01   9.882e-01   9.41702e-08  4.03159e-06      -9.26561e+02   1.13785e+03   2.11287e+02      1.509585e-10  1.000000e-05     8953
11.171401   5.05526e-01  5.04796e-01   9.881e-01   9.68146e-08  4.53999e-06      -9.26472e+02   1.13716e+03   2.10687e+02      1.509585e-10  1.000000e-05     8959
11.192490   5.05542e-01  5.04807e-01   9.881e-01   1.11969e-07  3.31206e-06      -9.32831e+02   1.13076e+03   1.97928e+02      1.509585e-09  1.000000e-05     8965
11.216904   5.05548e-01  5.04831e-01   9.881e-01   1.00703e-07  2.32530e-06      -9.39609e+02   1.12552e+03   1.85914e+02      3.019170e-10  1.000000e-05     8971
11.243012   5.05564e-01  5.04844e-01   9.881e-01   9.39344e-08  1.88027e-06      -9.46921e+02   1.11858e+03   1.71663e+02      3.019170e-10  1.000000e-05     8977
11.270278   5.05587e-01  5.04848e-01   9.881e-01   7.96672e-08  2.65393e-06      -9.51558e+02   1.11204e+03   1.60482e+02      3.019170e-10  1.000000e-05     8983
11.298099   5.05607e-01  5.04852e-01   9.881e-01   8.69947e-08  2.97376e-06      -9.60300e+02   1.10354e+03   1.43238e+02      3.019170e-10  1.000000e-05     8989
11.324229   5.05621e-01  5.04861e-01   9.880e-01   9.81060e-08  1.97718e-06      -9.64390e+02   1.09962e+03   1.35232e+02      3.019170e-10  1.000000e-05     8995
11.352204   5.05627e-01  5.04874e-01   9.880e-01   9.23492e-08  1.55077e-06      -9.73475e+02   1.09225e+03   1.18777e+02      3.019170e-10  1.000000e-05     9001
11.376163   5.05623e-01  5.04893e-01   9.880e-01   1.04038e-07  4.05699e-06      -9.78910e+02   1.08808e+03   1.09174e+02      3.019170e-10  1.000000e-05     9013
11.398921   5.05623e-01  5.04907e-01   9.880e-01   1.13347e-07  3.20403e-06      -9.83214e+02   1.08464e+03   1.01424e+02      3.019170e-10  1.000000e-05     9019
11.423393   5.05631e-01  5.04914e-01   9.880e-01   1.28195e-07  1.71152e-06      -9.88191e+02   1.07977e+03   9.15837e+01      3.019170e-09  1.000000e-05     9025
11.452030   5.05635e-01  5.04924e-01   9.879e-01   1.03636e-07  1.28578e-06      -9.92182e+02   1.07506e+03   8.28812e+01      6.038340e-10  1.000000e-05     9031
11.482802   5.05638e-01  5.04938e-01   9.879e-01   9.82248e-08  1.62396e-06      -9.99712e+02   1.07108e+03   7.13715e+01      6.038340e-10  1.000000e-05     9037
11.511837   5.05644e-01  5.04944e-01   9.879e-01   1.02673e-07  1.60569e-06      -1.00567e+03   1.06555e+03   5.98747e+01      6.038340e-10  1.000000e-05     9043
11.541819   5.05653e-01  5.04943e-01   9.879e-01   1.01657e-07  1.30064e-06      -1.01224e+03   1.06008e+03   4.78419e+01      6.038340e-10  1.000000e-05     9049
11.571257   5.05654e-01  5.04948e-01   9.879e-01   1.00259e-07  1.29025e-06      -1.01749e+03   1.05533e+03   3.78445e+01      6.038340e-10  1.000000e-05     9055
11.602424   5.05650e-01  5.04959e-01   9.878e-01   1.02346e-07  1.06818e-06      -1.02362e+03   1.05014e+03   2.65114e+01      6.038340e-10  1.000000e-05     9061
11.631532   5.05650e-01  5.04963e-01   9.878e-01   9.67845e-08  2.07865e-06      -1.02784e+03   1.04512e+03   1.72748e+01      6.038340e-10  1.000000e-05     9067
11.655968   5.05643e-01  5.04969e-01   9.878e-01   1.08847e-07  6.59607e-06      -1.03220e+03   1.04097e+03   8.76455e+00      6.038340e-10  1.000000e-05     9079
11.679540   5.05639e-01  5.04974e-01   9.877e-01   9.22173e-08  2.42620e-06      -1.03726e+03   1.03785e+03   5.84806e-01      1.207668e-10  1.000000e-05     9085
11.697169   5.05629e-01  5.04983e-01   9.878e-01   1.01083e-07  6.52829e-06      -1.03799e+03   1.04094e+03   2.94222e+00      1.207668e-10  1.000000e-05     9097
11.713703   5.05631e-01  5.04982e-01   9.877e-01   8.99736e-08  3.05921e-06      -1.04021e+03   1.03863e+03  -1.57503e+00      1.207668e-10  1.000000e-05     9103
11.733371   5.05624e-01  5.04983e-01   9.877e-01   9.21659e-08  2.27566e-06      -1.04275e+03   1.03683e+03  -5.91633e+00      1.207668e-10  1.000000e-05     9109
11.753774   5.05624e-01  5.04981e-01   9.877e-01   9.39441e-08  1.43287e-06      -1.04617e+03   1.03477e+03  -1.13977e+01      1.207668e-10  1.000000e-05     9115
11.775796   5.05619e-01  5.04984e-01   9.877e-01   1.01894e-07  2.23939e-06      -1.05060e+03   1.03026e+03  -2.03377e+01      1.207668e-10  1.000000e-05     9121
11.795939   5.05611e-01  5.04987e-01   9.877e-01   8.92272e-08  4.05874e-06      -1.05393e+03   1.02816e+03  -2.57670e+01      1.207668e-10  1.000000e-05     9127
11.816477   5.05610e-01  5.04985e-01   9.876e-01   8.41810e-08  4.37035e-06      -1.05639e+03   1.02626e+03  -3.01394e+01      1.207668e-10  1.000000e-05     9133
11.839139   5.05608e-01  5.04983e-01   9.876e-01   1.07218e-07  3.90459e-06      -1.05945e+03   1.02364e+03  -3.58141e+01      1.207668e-09  1.000000e-05     9139
11.865001   5.05613e-01  5.04970e-01   9.876e-01   8.83752e-08  2.91463e-06      -1.06202e+03   1.01993e+03  -4.20926e+01      2.415336e-10  1.000000e-05     9145
11.889607   5.05613e-01  5.04962e-01   9.876e-01   1.01006e-07  1.91149e-06      -1.06460e+03   1.01633e+03  -4.82756e+01      2.415336e-10  1.000000e-05     9151
11.914483   5.05617e-01  5.04944e-01   9.876e-01   9.83360e-08  1.57627e-06      -1.07038e+03   1.01206e+03  -5.83176e+01      2.415336e-10  1.000000e-05     9157
11.938271   5.05622e-01  5.04929e-01   9.875e-01   9.17711e-08  4.31428e-06      -1.07268e+03   1.01224e+03  -6.04462e+01      2.415336e-10  1.000000e-05     9163
11.960904   5.05619e-01  5.04921e-01   9.875e-01   1.06213e-07  2.59110e-06      -1.07481e+03   1.01063e+03  -6.41797e+01      2.415336e-10  1.000000e-05     9169
11.985006   5.05612e-01  5.04915e-01   9.875e-01   1.06981e-07  3.70201e-06      -1.07678e+03   1.00963e+03  -6.71465e+01      2.415336e-10  1.000000e-05     9175
12.008596   5.05606e-01  5.04909e-01   9.874e-01   1.02573e-07  3.54659e-06      -1.07797e+03   1.00882e+03  -6.91442e+01      2.415336e-10  1.000000e-05     9181
12.032022   5.05603e-01  5.04899e-01   9.874e-01   1.07502e-07  3.42022e-06      -1.08208e+03   1.00484e+03  -7.72481e+01      2.415336e-10  1.000000e-05     9187
12.055499   5.05597e-01  5.04888e-01   9.873e-01   9.31546e-08  2.01097e-06      -1.08751e+03   1.00340e+03  -8.41047e+01      2.415336e-10  1.000000e-05     9193
12.076725   5.05584e-01  5.04897e-01   9.873e-01   8.83196e-08  1.30524e-06      -1.08803e+03   1.00481e+03  -8.32240e+01      4.830672e-11  1.000000e-05     9205
12.094982   5.05587e-01  5.04886e-01   9.873e-01   7.74610e-08  2.26342e-06      -1.08530e+03   1.00692e+03  -7.83800e+01      4.830672e-11  1.000000e-05     9217
12.112577   5.05583e-01  5.04880e-01   9.873e-01   8.66757e-08  1.74181e-06      -1.08608e+03   1.00687e+03  -7.92152e+01      4.830672e-11  1.000000e-05     9223
12.130475   5.05575e-01  5.04881e-01   9.873e-01   8.49084e-08  2.62361e-06      -1.08642e+03   1.00595e+03  -8.04712e+01      4.830672e-11  1.000000e-05     9229
12.148954   5.05570e-01  5.04876e-01   9.873e-01   9.99521e-08  1.55372e-06      -1.08936e+03   1.00354e+03  -8.58210e+01      4.830672e-10  1.000000e-05     9235
12.169613   5.05575e-01  5.04856e-01   9.873e-01   9.30479e-08  1.29241e-06      -1.09220e+03   1.00160e+03  -9.06016e+01      9.661344e-11  1.000000e-05     9241
12.173565   5.05575e-01  5.04854e-01   9.873e-01   4.93875e-07  4.58815e-06      -1.09280e+03   1.00117e+03  -9.16300e+01      1.932269e-05  1.000000e-05     9253
12.177517   5.05574e-01  5.04853e-01   9.873e-01   5.42305e-07  1.58478e-05      -1.09340e+03   1.00076e+03  -9.26385e+01      3.864538e-06  1.000000e-05     9259
12.190327   5.05571e-01  5.04848e-01   9.873e-01   3.28540e-07  1.05633e-05      -1.09527e+03   9.99479e+02  -9.57938e+01      7.729075e-07  1.000000e-05     9265
12.223372   5.05563e-01  5.04836e-01   9.873e-01   2.29033e-07  3.32363e-06      -1.09978e+03   9.96509e+02  -1.03273e+02      1.545815e-07  1.000000e-05     9271
12.271858   5.05551e-01  5.04816e-01   9.872e-01   1.60356e-07  1.01257e-06      -1.10526e+03   9.93696e+02  -1.11561e+02      3.091630e-08  1.000000e-05     9277
12.316147   5.05537e-01  5.04796e-01   9.872e-01   1.33966e-07  1.32687e-06      -1.11089e+03   9.92287e+02  -1.18600e+02      6.183260e-09  1.000000e-05     9289
12.351839   5.05523e-01  5.04781e-01   9.872e-01   1.05605e-07  1.42089e-06      -1.11409e+03   9.89413e+02  -1.24673e+02      1.236652e-09  1.000000e-05     9301
12.377939   5.05525e-01  5.04758e-01   9.872e-01   9.35436e-08  3.41654e-06      -1.11622e+03   9.88289e+02  -1.27931e+02      2.473304e-10  1.000000e-05     9313
12.401728   5.05516e-01  5.04748e-01   9.872e-01   8.99540e-08  2.74976e-06      -1.11815e+03   9.88675e+02  -1.29480e+02      2.473304e-10  1.000000e-05     9319
12.426154   5.05513e-01  5.04734e-01   9.872e-01   9.10577e-08  2.41019e-06      -1.11879e+03   9.89426e+02  -1.29363e+02      2.473304e-10  1.000000e-05     9325
12.451967   5.05503e-01  5.04717e-01   9.871e-01   9.04789e-08  1.43776e-06      -1.12066e+03   9.90991e+02  -1.29672e+02      2.473304e-10  1.000000e-05     9331
12.477709   5.05504e-01  5.04692e-01   9.871e-01   9.43827e-08  1.38741e-06      -1.12202e+03   9.89640e+02  -1.32383e+02      2.473304e-10  1.000000e-05     9337
12.504331   5.05495e-01  5.04676e-01   9.871e-01   8.40489e-08  1.16014e-06      -1.12431e+03   9.87988e+02  -1.36322e+02      2.473304e-10  1.000000e-05     9343
12.531844   5.05491e-01  5.04655e-01   9.870e-01   8.52271e-08  1.71764e-06      -1.12473e+03   9.89006e+02  -1.35721e+02      2.473304e-10  1.000000e-05     9349
12.557052   5.05478e-01  5.04636e-01   9.870e-01   8.59301e-08  2.86851e-06      -1.12721e+03   9.84383e+02  -1.42823e+02      2.473304e-10  1.000000e-05     9355
12.582592   5.05476e-01  5.04613e-01   9.869e-01   9.47984e-08  2.01086e-06      -1.13263e+03   9.85095e+02  -1.47538e+02      2.473304e-10  1.000000e-05     9361
12.606484   5.05468e-01  5.04596e-01   9.869e-01   8.20407e-08  1.75849e-06      -1.13677e+03   9.83165e+02  -1.53605e+02      2.473304e-10  1.000000e-05     9367
12.630115   5.05462e-01  5.04578e-01   9.869e-01   9.37424e-08  2.73522e-06      -1.13819e+03   9.83240e+02  -1.54947e+02      2.473304e-10  1.000000e-05     9373
12.654671   5.05460e-01  5.04551e-01   9.869e-01   9.54954e-08  2.20356e-06      -1.13888e+03   9.83704e+02  -1.55179e+02      2.473304e-10  1.000000e-05     9379
12.679502   5.05440e-01  5.04550e-01   9.868e-01   9.82015e-08  7.46147e-06      -1.14037e+03   9.84441e+02  -1.55933e+02      2.473304e-10  1.000000e-05     9385
12.702211   5.05428e-01  5.04539e-01   9.868e-01   9.88302e-08  4.18266e-06      -1.14152e+03   9.84600e+02  -1.56923e+02      2.473304e-10  1.000000e-05     9391
12.723840   5.05404e-01  5.04537e-01   9.868e-01   1.10740e-07  5.67616e-06      -1.14050e+03   9.86438e+02  -1.54059e+02      2.473304e-10  1.000000e-05     9403
12.744699   5.05398e-01  5.04526e-01   9.867e-01   1.06661e-07  7.17704e-06      -1.14119e+03   9.87134e+02  -1.54055e+02      2.473304e-10  1.000000e-05     9409
12.764988   5.05391e-01  5.04514e-01   9.867e-01   1.08524e-07  2.94942e-06      -1.14164e+03   9.87218e+02  -1.54420e+02      2.473304e-10  1.000000e-05     9415
12.789103   5.05380e-01  5.04500e-01   9.867e-01   1.09497e-07  1.73983e-06      -1.14051e+03   9.89166e+02  -1.51349e+02      2.473304e-10  1.000000e-05     9421
12.812713   5.05371e-01  5.04489e-01   9.866e-01   9.52890e-08  1.85188e-06      -1.14262e+03   9.88200e+02  -1.54424e+02      2.473304e-10  1.000000e-05     9427
12.837384   5.05366e-01  5.04470e-01   9.866e-01   9.18799e-08  1.71603e-06      -1.14381e+03   9.88434e+02  -1.55380e+02      2.473304e-10  1.000000e-05     9433
12.862605   5.05348e-01  5.04466e-01   9.866e-01   9.43142e-08  4.59151e-06      -1.14708e+03   9.86419e+02  -1.60660e+02      2.473304e-10  1.000000e-05     9439
12.885749   5.05333e-01  5.04455e-01   9.865e-01   9.24457e-08  4.31971e-06      -1.14844e+03   9.88487e+02  -1.59951e+02      2.473304e-10  1.000000e-05     9445
12.908127   5.05319e-01  5.04449e-01   9.865e-01   1.04577e-07  5.06019e-06      -1.14773e+03   9.89272e+02  -1.58455e+02      2.473304e-10  1.000000e-05     9451
12.929882   5.05305e-01  5.04440e-01   9.865e-01   1.03062e-07  3.59412e-06      -1.14765e+03   9.90919e+02  -1.56728e+02      2.473304e-10  1.000000e-05     9457
12.949942   5.05309e-01  5.04418e-01   9.864e-01   8.44095e-08  2.40468e-06      -1.14457e+03   9.94430e+02  -1.50143e+02      4.946608e-11  1.000000e-05     9469
12.969352   5.05300e-01  5.04408e-01   9.864e-01   1.06496e-07  2.44516e-06      -1.14565e+03   9.94676e+02  -1.50975e+02      4.946608e-10  1.000000e-05     9475
12.990338   5.05294e-01  5.04394e-01   9.864e-01   9.65698e-08  2.48853e-06      -1.14594e+03   9.95157e+02  -1.50784e+02      4.946608e-10  1.000000e-05     9481
13.013849   5.05290e-01  5.04378e-01   9.863e-01   9.70427e-08  1.89992e-06      -1.14874e+03   9.95963e+02  -1.52775e+02      9.893216e-11  1.000000e-05     9487
13.035884   5.05285e-01  5.04359e-01   9.863e-01   8.98704e-08  1.79212e-06      -1.14871e+03   9.96300e+02  -1.52414e+02      9.893216e-11  1.000000e-05     9493
13.056892   5.05282e-01  5.04335e-01   9.862e-01   8.84321e-08  2.36415e-06      -1.14731e+03   9.98838e+02  -1.48473e+02      9.893216e-11  1.000000e-05     9499
13.077930   5.05276e-01  5.04320e-01   9.862e-01   9.92096e-08  5.26509e-06      -1.14852e+03   9.99359e+02  -1.49159e+02      9.893216e-10  1.000000e-05     9505
13.102196   5.05267e-01  5.04307e-01   9.862e-01   1.05209e-07  2.82352e-06      -1.14856e+03   9.99821e+02  -1.48740e+02      9.893216e-10  1.000000e-05     9511
13.126089   5.05252e-01  5.04297e-01   9.862e-01   8.81642e-08  1.69013e-06      -1.14909e+03   1.00071e+03  -1.48375e+02      1.978643e-10  1.000000e-05     9523
13.149423   5.05239e-01  5.04291e-01   9.862e-01   8.52226e-08  4.05642e-06      -1.15069e+03   1.00194e+03  -1.48750e+02      1.978643e-10  1.000000e-05     9529
13.172702   5.05229e-01  5.04280e-01   9.862e-01   8.53248e-08  4.96612e-06      -1.14914e+03   1.00307e+03  -1.46068e+02      1.978643e-10  1.000000e-05     9535
13.194321   5.05221e-01  5.04267e-01   9.862e-01   8.30905e-08  2.82011e-06      -1.15060e+03   1.00224e+03  -1.48356e+02      1.978643e-10  1.000000e-05     9541
13.217970   5.05210e-01  5.04255e-01   9.861e-01   8.17763e-08  1.65316e-06      -1.15057e+03   1.00274e+03  -1.47829e+02      1.978643e-10  1.000000e-05     9547
13.241784   5.05201e-01  5.04237e-01   9.861e-01   8.33603e-08  1.49262e-06      -1.15206e+03   1.00237e+03  -1.49689e+02      1.978643e-10  1.000000e-05     9553
13.266458   5.05201e-01  5.04210e-01   9.861e-01   7.93559e-08  1.70689e-06      -1.15168e+03   1.00243e+03  -1.49248e+02      1.978643e-10  1.000000e-05     9559
13.290196   5.05189e-01  5.04196e-01   9.861e-01   8.62251e-08  3.62662e-06      -1.15310e+03   1.00247e+03  -1.50624e+02      1.978643e-10  1.000000e-05     9565
13.314075   5.05180e-01  5.04181e-01   9.861e-01   9.51622e-08  2.61543e-06      -1.15287e+03   1.00352e+03  -1.49348e+02      1.978643e-10  1.000000e-05     9571
13.337029   5.05169e-01  5.04169e-01   9.860e-01   1.03319e-07  2.02773e-06      -1.15383e+03   1.00465e+03  -1.49183e+02      1.978643e-10  1.000000e-05     9577
13.360956   5.05166e-01  5.04145e-01   9.860e-01   9.29974e-08  2.56489e-06      -1.15377e+03   1.00632e+03  -1.47444e+02      1.978643e-10  1.000000e-05     9583
13.385726   5.05161e-01  5.04127e-01   9.860e-01   9.49253e-08  2.06360e-06      -1.15315e+03   1.00938e+03  -1.43774e+02      1.978643e-10  1.000000e-05     9589
13.408158   5.05155e-01  5.04114e-01   9.860e-01   8.98124e-08  1.93741e-06      -1.15236e+03   1.01075e+03  -1.41609e+02      1.978643e-10  1.000000e-05     9595
13.432260   5.05152e-01  5.04096e-01   9.860e-01   8.98945e-08  1.55588e-06      -1.15318e+03   1.01249e+03  -1.40693e+02      1.978643e-10  1.000000e-05     9601
13.457900   5.05140e-01  5.04086e-01   9.860e-01   8.98968e-08  2.06464e-06      -1.15185e+03   1.01556e+03  -1.36296e+02      1.978643e-10  1.000000e-05     9607
13.476980   5.05127e-01  5.04082e-01   9.860e-01   9.90626e-08  7.02955e-06      -1.15497e+03   1.01497e+03  -1.39999e+02      1.978643e-10  1.000000e-05     9619
13.494819   5.05121e-01  5.04073e-01   9.860e-01   9.67259e-08  5.03343e-06      -1.15417e+03   1.01609e+03  -1.38087e+02      1.978643e-10  1.000000e-05     9625
13.516954   5.05112e-01  5.04063e-01   9.860e-01   9.07136e-08  3.23560e-06      -1.15395e+03   1.01695e+03  -1.36998e+02      1.978643e-10  1.000000e-05     9631
13.541327   5.05070e-01  5.04092e-01   9.858e-01   9.62568e-08  2.36799e-06      -1.15853e+03   1.01915e+03  -1.39376e+02      1.978643e-10  1.000000e-05     9637
13.561116   5.05061e-01  5.04083e-01   9.858e-01   1.03958e-07  1.93060e-06      -1.16007e+03   1.01791e+03  -1.42156e+02      1.978643e-10  1.000000e-05     9649
13.580039   5.05058e-01  5.04066e-01   9.857e-01   9.88164e-08  2.08639e-06      -1.16121e+03   1.01686e+03  -1.44354e+02      1.978643e-10  1.000000e-05     9655
13.600893   5.05052e-01  5.04052e-01   9.857e-01   9.47194e-08  1.64554e-06      -1.16056e+03   1.01834e+03  -1.42216e+02      1.978643e-10  1.000000e-05     9661
13.624159   5.05044e-01  5.04038e-01   9.857e-01   9.16339e-08  1.64997e-06      -1.15889e+03   1.01946e+03  -1.39428e+02      1.978643e-10  1.000000e-05     9667
13.648978   5.05032e-01  5.04019e-01   9.856e-01   8.21159e-08  1.85578e-06      -1.15999e+03   1.01936e+03  -1.40635e+02      1.978643e-10  1.000000e-05     9673
13.674342   5.05031e-01  5.03992e-01   9.856e-01   8.60769e-08  2.46142e-06      -1.16215e+03   1.02057e+03  -1.41580e+02      1.978643e-10  1.000000e-05     9679
13.698280   5.05030e-01  5.03973e-01   9.856e-01   8.37100e-08  2.39677e-06      -1.16070e+03   1.02252e+03  -1.38181e+02      1.978643e-10  1.000000e-05     9685
13.723169   5.05022e-01  5.03960e-01   9.855e-01   8.92555e-08  2.10707e-06      -1.15830e+03   1.02552e+03  -1.32787e+02      1.978643e-10  1.000000e-05     9691
13.748566   5.05010e-01  5.03950e-01   9.855e-01   7.93067e-08  2.35644e-06      -1.15877e+03   1.02657e+03  -1.32196e+02      1.978643e-10  1.000000e-05     9697
13.773131   5.05011e-01  5.03924e-01   9.855e-01   9.08383e-08  1.81764e-06      -1.15831e+03   1.02704e+03  -1.31275e+02      1.978643e-10  1.000000e-05     9703
13.795597   5.05011e-01  5.03903e-01   9.855e-01   8.87425e-08  2.06114e-06      -1.15903e+03   1.02755e+03  -1.31487e+02      1.978643e-10  1.000000e-05     9715
13.817082   5.05010e-01  5.03883e-01   9.855e-01   8.46929e-08  1.67943e-06      -1.15746e+03   1.02875e+03  -1.28705e+02      1.978643e-10  1.000000e-05     9721
13.841777   5.05011e-01  5.03857e-01   9.855e-01   7.97932e-08  3.43991e-06      -1.15788e+03   1.02888e+03  -1.29002e+02      1.978643e-10  1.000000e-05     9727
13.866231   5.05002e-01  5.03850e-01   9.854e-01   8.55214e-08  2.90076e-06      -1.15734e+03   1.02925e+03  -1.28088e+02      1.978643e-10  1.000000e-05     9733
13.889979   5.04991e-01  5.03842e-01   9.854e-01   8.63679e-08  1.74309e-06      -1.15645e+03   1.03064e+03  -1.25804e+02      1.978643e-10  1.000000e-05     9739
13.908938   5.04991e-01  5.03822e-01   9.854e-01   8.74536e-08  1.40084e-05      -1.15404e+03   1.03342e+03  -1.20613e+02      1.978643e-10  1.000000e-05     9751
13.926528   5.04987e-01  5.03813e-01   9.854e-01   8.81184e-08  7.59812e-06      -1.15282e+03   1.03561e+03  -1.17210e+02      1.978643e-10  1.000000e-05     9757
13.946162   5.04983e-01  5.03799e-01   9.854e-01   9.53989e-08  4.49240e-06      -1.15080e+03   1.03845e+03  -1.12344e+02      1.978643e-10  1.000000e-05     9763
13.967447   5.04977e-01  5.03789e-01   9.854e-01   8.78848e-08  2.63194e-06      -1.14907e+03   1.04114e+03  -1.07921e+02      1.978643e-10  1.000000e-05     9769
13.991952   5.04965e-01  5.03787e-01   9.854e-01   8.95597e-08  2.93378e-06      -1.14764e+03   1.04316e+03  -1.04479e+02      1.978643e-10  1.000000e-05     9775
14.016692   5.04954e-01  5.03784e-01   9.854e-01   9.18174e-08  2.14348e-06      -1.14955e+03   1.04479e+03  -1.04759e+02      1.978643e-10  1.000000e-05     9781
14.039389   5.04951e-01  5.03770e-01   9.853e-01   9.02683e-08  1.69727e-06      -1.14794e+03   1.04669e+03  -1.01250e+02      1.978643e-10  1.000000e-05     9787
14.062682   5.04954e-01  5.03751e-01   9.853e-01   8.72523e-08  2.15505e-06      -1.14606e+03   1.04846e+03  -9.75981e+01      1.978643e-10  1.000000e-05     9793
14.087348   5.04956e-01  5.03732e-01   9.853e-01   8.98550e-08  2.66732e-06      -1.14777e+03   1.04696e+03  -1.00812e+02      1.978643e-10  1.000000e-05     9799
14.110726   5.04944e-01  5.03727e-01   9.853e-01   1.09322e-07  2.87428e-06      -1.14591e+03   1.04913e+03  -9.67734e+01      1.978643e-10  1.000000e-05     9805
14.132665   5.04933e-01  5.03725e-01   9.852e-01   9.54402e-08  2.39264e-06      -1.14568e+03   1.05129e+03  -9.43910e+01      1.978643e-10  1.000000e-05     9811
14.156565   5.04934e-01  5.03709e-01   9.852e-01   8.68003e-08  4.20529e-06      -1.14342e+03   1.05282e+03  -9.06029e+01      1.978643e-10  1.000000e-05     9817
14.181991   5.04922e-01  5.03697e-01   9.852e-01   8.31663e-08  1.50777e-06      -1.14124e+03   1.05603e+03  -8.52116e+01      1.978643e-10  1.000000e-05     9823
14.207097   5.04917e-01  5.03685e-01   9.852e-01   8.66903e-08  2.78192e-06      -1.13760e+03   1.06108e+03  -7.65167e+01      1.978643e-10  1.000000e-05     9829
14.230377   5.04915e-01  5.03675e-01   9.851e-01   9.49158e-08  1.94626e-06      -1.13863e+03   1.06539e+03  -7.32379e+01      1.978643e-10  1.000000e-05     9835
14.253626   5.04919e-01  5.03658e-01   9.851e-01   9.75588e-08  2.53461e-06      -1.13803e+03   1.06708e+03  -7.09485e+01      1.978643e-10  1.000000e-05     9841
14.277378   5.04917e-01  5.03649e-01   9.851e-01   1.06349e-07  2.15396e-06      -1.13724e+03   1.06798e+03  -6.92581e+01      1.978643e-10  1.000000e-05     9847
14.300457   5.04919e-01  5.03637e-01   9.850e-01   9.70338e-08  3.49605e-06      -1.14150e+03   1.06496e+03  -7.65369e+01      1.978643e-10  1.000000e-05     9853
14.322084   5.04918e-01  5.03621e-01   9.850e-01   1.03695e-07  3.57550e-06      -1.14124e+03   1.06400e+03  -7.72431e+01      1.978643e-10  1.000000e-05     9859
14.344815   5.04925e-01  5.03603e-01   9.849e-01   1.01585e-07  2.29501e-06      -1.14094e+03   1.06451e+03  -7.64313e+01      1.978643e-10  1.000000e-05     9865
14.368526   5.04940e-01  5.03577e-01   9.849e-01   9.15558e-08  2.00912e-06      -1.14050e+03   1.06623e+03  -7.42676e+01      1.978643e-10  1.000000e-05     9871
14.393061   5.04936e-01  5.03570e-01   9.848e-01   8.16705e-08  1.68095e-06      -1.13772e+03   1.06911e+03  -6.86100e+01      1.978643e-10  1.000000e-05     9877
14.418609   5.04933e-01  5.03561e-01   9.848e-01   9.73580e-08  2.13374e-06      -1.13799e+03   1.06831e+03  -6.96827e+01      1.978643e-10  1.000000e-05     9883
14.438197   5.04913e-01  5.03567e-01   9.847e-01   8.84521e-08  1.60821e-06      -1.13956e+03   1.06758e+03  -7.19789e+01      3.957286e-11  1.000000e-05     9895
14.456667   5.04913e-01  5.03553e-01   9.847e-01   8.64198e-08  6.87693e-06      -1.14046e+03   1.06684e+03  -7.36220e+01      3.957286e-11  1.000000e-05     9901
14.473296   5.04912e-01  5.03543e-01   9.847e-01   1.02908e-07  4.98545e-06      -1.14033e+03   1.06644e+03  -7.38934e+01      3.957286e-10  1.000000e-05     9907
14.491962   5.04906e-01  5.03542e-01   9.847e-01   1.05781e-07  3.51322e-06      -1.13923e+03   1.06816e+03  -7.10778e+01      7.914573e-11  1.000000e-05     9913
14.510550   5.04900e-01  5.03539e-01   9.847e-01   1.24589e-07  6.40481e-06      -1.13878e+03   1.06934e+03  -6.94441e+01      7.914573e-10  1.000000e-05     9919
14.531342   5.04892e-01  5.03537e-01   9.847e-01   1.06293e-07  3.52873e-06      -1.13799e+03   1.07003e+03  -6.79613e+01      1.582915e-10  1.000000e-05     9925
14.552879   5.04892e-01  5.03527e-01   9.847e-01   1.17957e-07  1.91126e-06      -1.13738e+03   1.07064e+03  -6.67369e+01      1.582915e-09  1.000000e-05     9931
14.577507   5.04897e-01  5.03509e-01   9.847e-01   1.00180e-07  1.33989e-06      -1.13732e+03   1.07195e+03  -6.53717e+01      3.165829e-10  1.000000e-05     9937
14.598979   5.04904e-01  5.03489e-01   9.847e-01   8.59387e-08  2.51178e-06      -1.13859e+03   1.06617e+03  -7.24230e+01      6.331658e-11  1.000000e-05     9949
14.618908   5.04899e-01  5.03486e-01   9.847e-01   1.14592e-07  2.32839e-06      -1.13738e+03   1.06820e+03  -6.91881e+01      6.331658e-10  1.000000e-05     9955
14.641053   5.04893e-01  5.03476e-01   9.846e-01   9.71216e-08  2.28763e-06      -1.13691e+03   1.07089e+03  -6.60192e+01      1.266332e-10  1.000000e-05     9961
14.641896   5.04893e-01  5.03476e-01   9.846e-01   5.36741e-07  3.37233e-06      -1.13685e+03   1.07097e+03  -6.58835e+01      2.532663e-05  1.000000e-05     9979
14.642739   5.04893e-01  5.03476e-01   9.846e-01   4.53484e-07  3.73903e-06      -1.13679e+03   1.07104e+03  -6.57484e+01      5.065327e-06  1.000000e-05     9985
14.646915   5.04893e-01  5.03474e-01   9.846e-01   3.18276e-07  3.28310e-06      -1.13650e+03   1.07141e+03  -6.50855e+01      1.013065e-06  1.000000e-05     9991
14.660107   5.04892e-01  5.03470e-01   9.846e-01   2.34500e-07  2.81549e-06      -1.13560e+03   1.07255e+03  -6.30488e+01      2.026131e-07  1.000000e-05     9997
14.691453   5.04889e-01  5.03461e-01   9.846e-01   1.51549e-07  1.54864e-06      -1.13369e+03   1.07511e+03  -5.85778e+01      4.052261e-08  1.000000e-05    10003
14.736850   5.04886e-01  5.03448e-01   9.846e-01   1.23759e-07  9.50849e-07      -1.13131e+03   1.07855e+03  -5.27585e+01      8.104523e-09  1.000000e-05    10009
14.776012   5.04879e-01  5.03442e-01   9.846e-01   1.01521e-07  7.99396e-07      -1.12920e+03   1.08198e+03  -4.72186e+01      1.620905e-09  1.000000e-05    10021
14.799321   5.04866e-01  5.03441e-01   9.846e-01   9.76600e-08  2.95187e-06      -1.13018e+03   1.08252e+03  -4.76559e+01      3.241809e-10  1.000000e-05    10039
14.821744   5.04878e-01  5.03410e-01   9.845e-01   9.11677e-08  1.63701e-06      -1.13319e+03   1.08527e+03  -4.79220e+01      6.483618e-11  1.000000e-05    10045
14.842432   5.04875e-01  5.03403e-01   9.845e-01   9.01290e-08  1.86400e-06      -1.13214e+03   1.08766e+03  -4.44772e+01      6.483618e-11  1.000000e-05    10051
14.861984   5.04871e-01  5.03401e-01   9.844e-01   8.81822e-08  1.72402e-06      -1.13038e+03   1.08953e+03  -4.08418e+01      6.483618e-11  1.000000e-05    10057
14.881159   5.04868e-01  5.03398e-01   9.844e-01   8.48104e-08  3.75227e-06      -1.13157e+03   1.08881e+03  -4.27513e+01      6.483618e-11  1.000000e-05    10063
14.900165   5.04864e-01  5.03394e-01   9.844e-01   8.71622e-08  3.86177e-06      -1.13031e+03   1.08864e+03  -4.16779e+01      6.483618e-11  1.000000e-05    10069
14.903869   5.04864e-01  5.03393e-01   9.844e-01   1.37499e-07  4.05439e-06      -1.13002e+03   1.08886e+03  -4.11620e+01      1.296724e-08  1.000000e-05    10081
14.907573   5.04864e-01  5.03393e-01   9.844e-01   1.18517e-07  2.24948e-06      -1.12973e+03   1.08907e+03  -4.06629e+01      2.593447e-09  1.000000e-05    10087
14.915165   5.04864e-01  5.03391e-01   9.844e-01   9.74862e-08  3.52971e-06      -1.12916e+03   1.08952e+03  -3.96386e+01      5.186894e-10  1.000000e-05    10093
14.927400   5.04864e-01  5.03388e-01   9.844e-01   8.75308e-08  3.58515e-06      -1.12855e+03   1.09002e+03  -3.85290e+01      1.037379e-10  1.000000e-05    10099
14.943416   5.04868e-01  5.03382e-01   9.844e-01   8.15990e-08  2.72404e-06      -1.12685e+03   1.09108e+03  -3.57657e+01      1.037379e-10  1.000000e-05    10105
14.961184   5.04868e-01  5.03379e-01   9.844e-01   8.31851e-08  2.10278e-06      -1.12529e+03   1.09211e+03  -3.31858e+01      1.037379e-10  1.000000e-05    10111
14.980680   5.04864e-01  5.03379e-01   9.844e-01   8.61991e-08  2.83847e-06      -1.12444e+03   1.09163e+03  -3.28093e+01      1.037379e-10  1.000000e-05    10117
15.001443   5.04860e-01  5.03385e-01   9.844e-01   8.29582e-08  2.06232e-06      -1.12177e+03   1.09411e+03  -2.76643e+01      1.037379e-10  1.000000e-05    10123
15.022730   5.04862e-01  5.03384e-01   9.844e-01   8.12305e-08  1.60109e-06      -1.12140e+03   1.09547e+03  -2.59293e+01      1.037379e-10  1.000000e-05    10129
15.041380   5.04887e-01  5.03351e-01   9.843e-01   8.26035e-08  4.13546e-06      -1.11896e+03   1.09961e+03  -1.93451e+01      1.037379e-10  1.000000e-05    10141
15.059061   5.04886e-01  5.03348e-01   9.843e-01   8.67644e-08  1.41307e-06      -1.11827e+03   1.10009e+03  -1.81801e+01      1.037379e-10  1.000000e-05    10147
15.079404   5.04897e-01  5.03333e-01   9.843e-01   8.93511e-08  1.36316e-06      -1.11829e+03   1.10066e+03  -1.76272e+01      1.037379e-10  1.000000e-05    10153
15.098708   5.04898e-01  5.03329e-01   9.842e-01   7.98711e-08  1.38400e-06      -1.11776e+03   1.10107e+03  -1.66921e+01      1.037379e-10  1.000000e-05    10159
15.116341   5.04904e-01  5.03320e-01   9.842e-01   9.20772e-08  2.87978e-06      -1.11833e+03   1.10038e+03  -1.79484e+01      1.037379e-10  1.000000e-05    10171
15.132804   5.04906e-01  5.03315e-01   9.842e-01   9.07595e-08  1.26971e-06      -1.11780e+03   1.10019e+03  -1.76112e+01      1.037379e-10  1.000000e-05    10177
15.151771   5.04911e-01  5.03310e-01   9.842e-01   8.81680e-08  1.87100e-06      -1.11752e+03   1.10043e+03  -1.70895e+01      1.037379e-10  1.000000e-05    10183
15.171632   5.04915e-01  5.03308e-01   9.842e-01   8.82799e-08  1.07960e-06      -1.11745e+03   1.10255e+03  -1.48940e+01      1.037379e-10  1.000000e-05    10189
15.189523   5.04912e-01  5.03306e-01   9.841e-01   9.11248e-08  1.00566e-06      -1.11724e+03   1.10305e+03  -1.41942e+01      1.037379e-10  1.000000e-05    10195
15.210685   5.04912e-01  5.03307e-01   9.841e-01   8.41657e-08  1.77914e-06      -1.11600e+03   1.10674e+03  -9.25638e+00      1.037379e-10  1.000000e-05    10201
15.231320   5.04916e-01  5.03300e-01   9.841e-01   8.77840e-08  1.02364e-06      -1.11598e+03   1.10680e+03  -9.18832e+00      1.037379e-10  1.000000e-05    10207
15.252244   5.04917e-01  5.03299e-01   9.841e-01   9.58241e-08  4.15127e-06      -1.11574e+03   1.10677e+03  -8.96640e+00      1.037379e-09  1.000000e-05    10213
15.276799   5.04913e-01  5.03299e-01   9.840e-01   8.88050e-08  2.60553e-06      -1.11638e+03   1.10650e+03  -9.88513e+00      2.074758e-10  1.000000e-05    10219
15.301341   5.04909e-01  5.03298e-01   9.840e-01   8.75875e-08  2.05490e-06      -1.11650e+03   1.10751e+03  -8.98582e+00      2.074758e-10  1.000000e-05    10225
15.326609   5.04912e-01  5.03294e-01   9.840e-01   8.35198e-08  1.51025e-06      -1.11775e+03   1.10671e+03  -1.10492e+01      2.074758e-10  1.000000e-05    10231
15.350579   5.04919e-01  5.03284e-01   9.840e-01   8.23580e-08  4.02533e-06      -1.11611e+03   1.10708e+03  -9.03038e+00      2.074758e-10  1.000000e-05    10237
15.374418   5.04916e-01  5.03286e-01   9.840e-01   8.49695e-08  2.41422e-06      -1.11419e+03   1.10873e+03  -5.45312e+00      2.074758e-10  1.000000e-05    10243
15.396409   5.04909e-01  5.03291e-01   9.839e-01   9.16009e-08  2.31407e-06      -1.11305e+03   1.11014e+03  -2.91652e+00      2.074758e-10  1.000000e-05    10249
15.419454   5.04909e-01  5.03287e-01   9.839e-01   9.25392e-08  3.32419e-06      -1.11149e+03   1.11182e+03   3.36981e-01      2.074758e-10  1.000000e-05    10255
15.441875   5.04910e-01  5.03286e-01   9.839e-01   1.00568e-07  5.20355e-06      -1.11131e+03   1.11220e+03   8.88768e-01      2.074758e-10  1.000000e-05    10261
15.464078   5.04911e-01  5.03284e-01   9.839e-01   1.10275e-07  3.00250e-06      -1.10918e+03   1.11309e+03   3.90195e+00      2.074758e-10  1.000000e-05    10267
15.487598   5.04923e-01  5.03272e-01   9.838e-01   1.05092e-07  1.35999e-06      -1.10682e+03   1.11463e+03   7.81369e+00      2.074758e-10  1.000000e-05    10273
15.511646   5.04925e-01  5.03269e-01   9.838e-01   9.60651e-08  1.61987e-06      -1.10710e+03   1.11576e+03   8.65539e+00      2.074758e-10  1.000000e-05    10279
15.533736   5.04926e-01  5.03268e-01   9.838e-01   9.58095e-08  5.84008e-06      -1.10705e+03   1.11588e+03   8.82931e+00      2.074758e-10  1.000000e-05    10285
15.557687   5.04901e-01  5.03291e-01   9.837e-01   9.93970e-08  6.73483e-06      -1.10487e+03   1.11615e+03   1.12794e+01      2.074758e-10  1.000000e-05    10291
15.579700   5.04902e-01  5.03290e-01   9.837e-01   8.75829e-08  3.55141e-06      -1.10547e+03   1.11597e+03   1.04987e+01      2.074758e-10  1.000000e-05    10297
15.604589   5.04894e-01  5.03302e-01   9.837e-01   8.67786e-08  2.70775e-06      -1.10519e+03   1.11612e+03   1.09242e+01      2.074758e-10  1.000000e-05    10303
15.629655   5.04894e-01  5.03303e-01   9.837e-01   8.94308e-08  3.37207e-06      -1.10450e+03   1.11821e+03   1.37086e+01      2.074758e-10  1.000000e-05    10309
15.653964   5.04889e-01  5.03306e-01   9.837e-01   9.23799e-08  3.91514e-06      -1.10561e+03   1.11936e+03   1.37557e+01      2.074758e-10  1.000000e-05    10315
15.676906   5.04892e-01  5.03308e-01   9.837e-01   9.76954e-08  2.22937e-06      -1.10648e+03   1.12080e+03   1.43209e+01      2.074758e-10  1.000000e-05    10321
15.700146   5.04899e-01  5.03301e-01   9.837e-01   9.46260e-08  1.59523e-06      -1.10557e+03   1.12164e+03   1.60766e+01      2.074758e-10  1.000000e-05    10327
15.723644   5.04894e-01  5.03308e-01   9.837e-01   9.58022e-08  1.46954e-06      -1.10524e+03   1.12066e+03   1.54187e+01      2.074758e-10  1.000000e-05    10333
15.746943   5.04884e-01  5.03322e-01   9.837e-01   8.88598e-08  1.60610e-06      -1.10670e+03   1.11848e+03   1.17759e+01      2.074758e-10  1.000000e-05    10339
15.768784   5.04881e-01  5.03326e-01   9.837e-01   9.21409e-08  1.09901e-06      -1.10644e+03   1.11894e+03   1.24982e+01      2.074758e-10  1.000000e-05    10345
15.793145   5.04878e-01  5.03328e-01   9.837e-01   9.50494e-08  9.66284e-07      -1.10586e+03   1.12047e+03   1.46052e+01      2.074758e-10  1.000000e-05    10351
15.818181   5.04872e-01  5.03333e-01   9.836e-01   9.42651e-08  1.04551e-06      -1.11025e+03   1.11915e+03   8.89761e+00      2.074758e-10  1.000000e-05    10357
15.842328   5.04884e-01  5.03315e-01   9.836e-01   8.79425e-08  1.58187e-06      -1.11000e+03   1.11934e+03   9.34743e+00      2.074758e-10  1.000000e-05    10363
15.865601   5.04884e-01  5.03318e-01   9.836e-01   9.22517e-08  1.41995e-06      -1.10598e+03   1.12221e+03   1.62266e+01      2.074758e-10  1.000000e-05    10369
15.888393   5.04865e-01  5.03314e-01   9.835e-01   9.85030e-08  1.39107e-06      -1.10986e+03   1.12103e+03   1.11749e+01      2.074758e-10  1.000000e-05    10375
15.909389   5.04867e-01  5.03313e-01   9.835e-01   9.30964e-08  1.81600e-06      -1.10973e+03   1.12079e+03   1.10597e+01      2.074758e-10  1.000000e-05    10381
15.932898   5.04875e-01  5.03303e-01   9.835e-01   9.56209e-08  2.95031e-06      -1.10739e+03   1.11993e+03   1.25330e+01      2.074758e-10  1.000000e-05    10387
15.954381   5.04873e-01  5.03305e-01   9.834e-01   8.05714e-08  2.05772e-06      -1.10653e+03   1.12103e+03   1.44967e+01      2.074758e-10  1.000000e-05    10393
15.979129   5.04869e-01  5.03308e-01   9.834e-01   7.95584e-08  1.19321e-06      -1.10502e+03   1.12259e+03   1.75695e+01      2.074758e-10  1.000000e-05    10399
16.004984   5.04859e-01  5.03323e-01   9.834e-01   7.93378e-08  1.05194e-06      -1.10528e+03   1.12243e+03   1.71534e+01      2.074758e-10  1.000000e-05    10405
16.030225   5.04856e-01  5.03329e-01   9.833e-01   8.21279e-08  3.39344e-06      -1.10619e+03   1.12221e+03   1.60200e+01      2.074758e-10  1.000000e-05    10411
16.054072   5.04872e-01  5.03309e-01   9.833e-01   8.38649e-08  3.65004e-06      -1.10739e+03   1.12144e+03   1.40457e+01      2.074758e-10  1.000000e-05    10417
16.076765   5.04875e-01  5.03310e-01   9.833e-01   9.63807e-08  3.03080e-06      -1.10727e+03   1.12081e+03   1.35447e+01      2.074758e-10  1.000000e-05    10423
16.100218   5.04876e-01  5.03308e-01   9.833e-01   9.38581e-08  2.06398e-06      -1.10630e+03   1.12420e+03   1.78978e+01      2.074758e-10  1.000000e-05    10429
16.124908   5.04878e-01  5.03308e-01   9.832e-01   8.57564e-08  1.15630e-06      -1.10483e+03   1.12528e+03   2.04510e+01      2.074758e-10  1.000000e-05    10435
16.148446   5.04871e-01  5.03309e-01   9.832e-01   8.83598e-08  9.22062e-07      -1.10426e+03   1.12664e+03   2.23800e+01      2.074758e-10  1.000000e-05    10447
16.171109   5.04870e-01  5.03312e-01   9.831e-01   9.57560e-08  1.29790e-06      -1.10344e+03   1.12660e+03   2.31628e+01      2.074758e-10  1.000000e-05    10453
16.192669   5.04871e-01  5.03312e-01   9.831e-01   8.55435e-08  9.83410e-07      -1.10504e+03   1.12645e+03   2.14093e+01      2.074758e-10  1.000000e-05    10465
16.213415   5.04871e-01  5.03314e-01   9.831e-01   9.23701e-08  1.18457e-06      -1.10385e+03   1.12726e+03   2.34101e+01      2.074758e-10  1.000000e-05    10471
16.236191   5.04868e-01  5.03316e-01   9.831e-01   9.56688e-08  2.13609e-06      -1.10455e+03   1.12634e+03   2.17895e+01      2.074758e-10  1.000000e-05    10477
16.258561   5.04858e-01  5.03325e-01   9.830e-01   9.58330e-08  1.68554e-06      -1.10618e+03   1.12642e+03   2.02405e+01      2.074758e-10  1.000000e-05    10483
16.266491   5.04859e-01  5.03325e-01   9.830e-01   8.44464e-08  2.44173e-06      -1.10605e+03   1.12643e+03   2.03759e+01      4.149516e-11  1.000000e-05    10507
16.273756   5.04859e-01  5.03325e-01   9.830e-01   1.03013e-07  2.41624e-06      -1.10575e+03   1.12656e+03   2.08109e+01      4.149516e-10  1.000000e-05    10513
16.283235   5.04859e-01  5.03326e-01   9.830e-01   9.81534e-08  1.95230e-06      -1.10568e+03   1.12658e+03   2.09015e+01      8.299031e-11  1.000000e-05    10519
16.295004   5.04859e-01  5.03328e-01   9.830e-01   1.03913e-07  2.13608e-06      -1.10534e+03   1.12670e+03   2.13627e+01      8.299031e-10  1.000000e-05    10525
16.309533   5.04860e-01  5.03328e-01   9.830e-01   8.77515e-08  1.58944e-06      -1.10554e+03   1.12666e+03   2.11111e+01      1.659806e-10  1.000000e-05    10531
16.328240   5.04853e-01  5.03332e-01   9.830e-01   9.28143e-08  2.56293e-06      -1.10458e+03   1.12724e+03   2.26611e+01      1.659806e-10  1.000000e-05    10537
16.347316   5.04855e-01  5.03329e-01   9.830e-01   9.52438e-08  1.69378e-06      -1.10505e+03   1.12702e+03   2.19716e+01      1.659806e-10  1.000000e-05    10543
16.368997   5.04856e-01  5.03328e-01   9.829e-01   9.20719e-08  1.71990e-06      -1.10405e+03   1.12921e+03   2.51638e+01      1.659806e-10  1.000000e-05    10549
16.389427   5.04854e-01  5.03335e-01   9.829e-01   8.83024e-08  1.46534e-06      -1.10323e+03   1.12962e+03   2.63913e+01      1.659806e-10  1.000000e-05    10555
16.410893   5.04853e-01  5.03336e-01   9.829e-01   8.48468e-08  9.39424e-07      -1.10410e+03   1.12759e+03   2.34924e+01      1.659806e-10  1.000000e-05    10561
16.434408   5.04857e-01  5.03337e-01   9.829e-01   8.56115e-08  9.39234e-07      -1.10409e+03   1.12845e+03   2.43609e+01      1.659806e-10  1.000000e-05    10567
16.455581   5.04849e-01  5.03350e-01   9.828e-01   8.46446e-08  5.00260e-06      -1.10381e+03   1.12958e+03   2.57685e+01      1.659806e-10  1.000000e-05    10579
16.475985   5.04848e-01  5.03354e-01   9.828e-01   8.58680e-08  2.18474e-06      -1.10294e+03   1.12993e+03   2.69822e+01      1.659806e-10  1.000000e-05    10585
16.480641   5.04848e-01  5.03354e-01   9.828e-01   8.94480e-08  2.37650e-06      -1.10286e+03   1.12991e+03   2.70524e+01      3.319612e-10  1.000000e-05    10597
16.485298   5.04849e-01  5.03354e-01   9.828e-01   9.05140e-08  2.07546e-06      -1.10278e+03   1.12991e+03   2.71292e+01      3.319612e-10  1.000000e-05    10603
16.493045   5.04849e-01  5.03355e-01   9.828e-01   8.50978e-08  4.56765e-06      -1.10267e+03   1.12984e+03   2.71772e+01      3.319612e-10  1.000000e-05    10609
16.504876   5.04851e-01  5.03356e-01   9.828e-01   7.85944e-08  3.63854e-06      -1.10214e+03   1.12967e+03   2.75252e+01      6.639225e-11  1.000000e-05    10615
16.519619   5.04852e-01  5.03357e-01   9.828e-01   9.18637e-08  2.89496e-06      -1.10220e+03   1.12961e+03   2.74163e+01      6.639225e-10  1.000000e-05    10621
16.537326   5.04853e-01  5.03359e-01   9.828e-01   8.83863e-08  1.98646e-06      -1.10206e+03   1.12966e+03   2.75970e+01      6.639225e-10  1.000000e-05    10627
16.561742   5.04859e-01  5.03355e-01   9.828e-01   1.01312e-07  1.66898e-06      -1.10375e+03   1.12835e+03   2.46026e+01      6.639225e-10  1.000000e-05    10633
16.587819   5.04862e-01  5.03350e-01   9.827e-01   7.96168e-08  1.35125e-06      -1.10245e+03   1.12907e+03   2.66250e+01      1.327845e-10  1.000000e-05    10639
16.611746   5.04877e-01  5.03333e-01   9.827e-01   8.33009e-08  2.01171e-06      -1.10859e+03   1.12363e+03   1.50428e+01      1.327845e-10  1.000000e-05    10645
16.633858   5.04881e-01  5.03332e-01   9.826e-01   8.92149e-08  1.62879e-06      -1.10788e+03   1.12531e+03   1.74272e+01      1.327845e-10  1.000000e-05    10651
16.654782   5.04884e-01  5.03329e-01   9.826e-01   9.44434e-08  1.47842e-06      -1.10397e+03   1.12692e+03   2.29520e+01      1.327845e-10  1.000000e-05    10657
16.673812   5.04885e-01  5.03328e-01   9.826e-01   9.68944e-08  2.26929e-06      -1.10482e+03   1.12738e+03   2.25602e+01      1.327845e-10  1.000000e-05    10663
16.694235   5.04885e-01  5.03329e-01   9.826e-01   1.18232e-07  2.21938e-06      -1.10401e+03   1.12818e+03   2.41648e+01      1.327845e-09  1.000000e-05    10669
16.718035   5.04879e-01  5.03340e-01   9.826e-01   9.86456e-08  2.60090e-06      -1.10279e+03   1.12920e+03   2.64023e+01      2.655690e-10  1.000000e-05    10675
16.740334   5.04885e-01  5.03338e-01   9.826e-01   1.00425e-07  2.20430e-06      -1.10381e+03   1.12916e+03   2.53522e+01      2.655690e-10  1.000000e-05    10681
16.763818   5.04888e-01  5.03337e-01   9.825e-01   8.69135e-08  1.16962e-06      -1.10312e+03   1.13084e+03   2.77150e+01      2.655690e-10  1.000000e-05    10687
16.788256   5.04884e-01  5.03345e-01   9.825e-01   9.36033e-08  2.63257e-06      -1.10339e+03   1.13074e+03   2.73525e+01      2.655690e-10  1.000000e-05    10693
16.811413   5.04890e-01  5.03341e-01   9.825e-01   9.43671e-08  2.05500e-06      -1.10126e+03   1.13185e+03   3.05831e+01      2.655690e-10  1.000000e-05    10699
16.833309   5.04888e-01  5.03346e-01   9.825e-01   8.57625e-08  1.16386e-06      -1.10055e+03   1.13214e+03   3.15896e+01      2.655690e-10  1.000000e-05    10705
16.855952   5.04887e-01  5.03351e-01   9.824e-01   8.83850e-08  2.21631e-06      -1.10051e+03   1.13354e+03   3.30297e+01      2.655690e-10  1.000000e-05    10711
16.879678   5.04889e-01  5.03353e-01   9.824e-01   9.04087e-08  1.63938e-06      -1.10099e+03   1.13327e+03   3.22740e+01      2.655690e-10  1.000000e-05    10717
16.906212   5.04879e-01  5.03371e-01   9.824e-01   8.13846e-08  1.15892e-06      -1.10152e+03   1.13266e+03   3.11332e+01      2.655690e-10  1.000000e-05    10723
16.932180   5.04884e-01  5.03366e-01   9.824e-01   8.53476e-08  1.29739e-06      -1.10042e+03   1.13402e+03   3.35973e+01      2.655690e-10  1.000000e-05    10729
16.958158   5.04890e-01  5.03365e-01   9.824e-01   8.52900e-08  7.94334e-07      -1.10090e+03   1.13335e+03   3.24531e+01      2.655690e-10  1.000000e-05    10735
16.984901   5.04875e-01  5.03381e-01   9.823e-01   8.86873e-08  1.68320e-06      -1.10336e+03   1.13115e+03   2.77896e+01      2.655690e-10  1.000000e-05    10741
17.007080   5.04880e-01  5.03379e-01   9.823e-01   9.74350e-08  1.43017e-06      -1.10473e+03   1.13244e+03   2.77060e+01      2.655690e-10  1.000000e-05    10753
17.027763   5.04881e-01  5.03380e-01   9.823e-01   1.01740e-07  1.31902e-06      -1.10436e+03   1.13263e+03   2.82636e+01      2.655690e-10  1.000000e-05    10759
17.052157   5.04877e-01  5.03388e-01   9.823e-01   9.23856e-08  2.06201e-06      -1.10288e+03   1.13397e+03   3.10835e+01      2.655690e-10  1.000000e-05    10765
17.074268   5.04875e-01  5.03386e-01   9.822e-01   1.10835e-07  2.88034e-06      -1.10383e+03   1.13486e+03   3.10286e+01      2.655690e-10  1.000000e-05    10771
17.096463   5.04873e-01  5.03389e-01   9.822e-01   9.77155e-08  1.31155e-06      -1.10576e+03   1.13353e+03   2.77691e+01      2.655690e-10  1.000000e-05    10777
17.121078   5.04887e-01  5.03375e-01   9.821e-01   1.05135e-07  1.05562e-06      -1.10636e+03   1.13407e+03   2.77096e+01      2.655690e-10  1.000000e-05    10783
17.143261   5.04885e-01  5.03380e-01   9.821e-01   9.81115e-08  1.95988e-06      -1.10703e+03   1.13361e+03   2.65794e+01      2.655690e-10  1.000000e-05    10795
17.164492   5.04893e-01  5.03375e-01   9.821e-01   9.34436e-08  1.52712e-06      -1.10725e+03   1.13322e+03   2.59738e+01      2.655690e-10  1.000000e-05    10801
17.188828   5.04894e-01  5.03377e-01   9.821e-01   9.60120e-08  9.67785e-07      -1.10637e+03   1.13374e+03   2.73715e+01      2.655690e-10  1.000000e-05    10807
17.215125   5.04891e-01  5.03385e-01   9.820e-01   9.43586e-08  1.86785e-06      -1.10662e+03   1.13426e+03   2.76365e+01      2.655690e-10  1.000000e-05    10813
17.240548   5.04907e-01  5.03371e-01   9.820e-01   9.35163e-08  1.54062e-06      -1.10432e+03   1.13579e+03   3.14714e+01      2.655690e-10  1.000000e-05    10819
17.260316   5.04895e-01  5.03386e-01   9.820e-01   9.30629e-08  3.45775e-06      -1.10490e+03   1.13473e+03   2.98284e+01      5.311380e-11  1.000000e-05    10831
17.278596   5.04877e-01  5.03407e-01   9.819e-01   7.72963e-08  1.38702e-06      -1.10554e+03   1.13529e+03   2.97511e+01      5.311380e-11  1.000000e-05    10837
17.282032   5.04877e-01  5.03407e-01   9.819e-01   4.64818e-07  4.10711e-06      -1.10557e+03   1.13528e+03   2.97152e+01      1.062276e-05  1.000000e-05    10849
17.285468   5.04878e-01  5.03408e-01   9.819e-01   4.24523e-07  4.15384e-06      -1.10560e+03   1.13527e+03   2.96692e+01      2.124552e-06  1.000000e-05    10855
17.297490   5.04878e-01  5.03410e-01   9.819e-01   2.83135e-07  2.13922e-06      -1.10572e+03   1.13522e+03   2.94949e+01      4.249104e-07  1.000000e-05    10861
17.327771   5.04880e-01  5.03414e-01   9.819e-01   2.17417e-07  2.55015e-06      -1.10613e+03   1.13506e+03   2.89296e+01      8.498208e-08  1.000000e-05    10867
17.370518   5.04881e-01  5.03419e-01   9.819e-01   1.70292e-07  7.21421e-07      -1.10614e+03   1.13381e+03   2.76635e+01      1.699642e-08  1.000000e-05    10873
17.406148   5.04875e-01  5.03424e-01   9.818e-01   1.31718e-07  2.38669e-06      -1.10700e+03   1.13439e+03   2.73906e+01      3.399283e-09  1.000000e-05    10885
17.435295   5.04873e-01  5.03432e-01   9.818e-01   1.08515e-07  1.90123e-06      -1.10786e+03   1.13452e+03   2.66543e+01      6.798566e-10  1.000000e-05    10897
17.463381   5.04863e-01  5.03441e-01   9.817e-01   8.28732e-08  1.56255e-06      -1.10897e+03   1.13139e+03   2.24254e+01      1.359713e-10  1.000000e-05    10903
17.486489   5.04867e-01  5.03438e-01   9.817e-01   8.15628e-08  1.45051e-06      -1.11016e+03   1.13141e+03   2.12496e+01      1.359713e-10  1.000000e-05    10915
17.508619   5.04854e-01  5.03453e-01   9.816e-01   8.52506e-08  1.55142e-06      -1.10772e+03   1.13429e+03   2.65673e+01      1.359713e-10  1.000000e-05    10921
17.530263   5.04857e-01  5.03454e-01   9.815e-01   7.89938e-08  8.24282e-07      -1.11215e+03   1.13369e+03   2.15374e+01      1.359713e-10  1.000000e-05    10927
17.552840   5.04865e-01  5.03447e-01   9.815e-01   7.97449e-08  7.93280e-07      -1.11133e+03   1.13488e+03   2.35556e+01      1.359713e-10  1.000000e-05    10933
17.577557   5.04873e-01  5.03430e-01   9.814e-01   7.96160e-08  7.38116e-07      -1.11253e+03   1.13274e+03   2.02046e+01      1.359713e-10  1.000000e-05    10939
17.602190   5.04870e-01  5.03426e-01   9.814e-01   7.65870e-08  1.16632e-06      -1.11053e+03   1.13244e+03   2.19104e+01      1.359713e-10  1.000000e-05    10945
17.626053   5.04867e-01  5.03429e-01   9.813e-01   7.71348e-08  1.38899e-06      -1.10936e+03   1.13383e+03   2.44638e+01      1.359713e-10  1.000000e-05    10951
17.650051   5.04871e-01  5.03425e-01   9.813e-01   7.55688e-08  8.30448e-07      -1.10992e+03   1.13341e+03   2.34880e+01      1.359713e-10  1.000000e-05    10957
17.667287   5.04869e-01  5.03432e-01   9.813e-01   8.23722e-08  3.08473e-06      -1.11040e+03   1.13311e+03   2.27056e+01      1.359713e-10  1.000000e-05    10975
17.683622   5.04871e-01  5.03432e-01   9.813e-01   8.19614e-08  1.28498e-06      -1.11060e+03   1.13317e+03   2.25646e+01      1.359713e-10  1.000000e-05    10981
17.704599   5.04873e-01  5.03428e-01   9.812e-01   8.29438e-08  1.13976e-06      -1.11087e+03   1.13356e+03   2.26910e+01      1.359713e-10  1.000000e-05    10987
17.727806   5.04875e-01  5.03428e-01   9.812e-01   8.20763e-08  2.83706e-06      -1.11055e+03   1.13225e+03   2.16997e+01      1.359713e-10  1.000000e-05    10993
17.749609   5.04879e-01  5.03425e-01   9.812e-01   7.53611e-08  1.64081e-06      -1.11066e+03   1.13312e+03   2.24596e+01      1.359713e-10  1.000000e-05    10999
17.772801   5.04876e-01  5.03428e-01   9.812e-01   7.12284e-08  9.77513e-07      -1.11134e+03   1.13345e+03   2.21125e+01      1.359713e-10  1.000000e-05    11005
17.796572   5.04886e-01  5.03425e-01   9.812e-01   8.18900e-08  4.87270e-06      -1.11097e+03   1.13435e+03   2.33860e+01      1.359713e-10  1.000000e-05    11011
17.818252   5.04889e-01  5.03421e-01   9.811e-01   9.15869e-08  2.87167e-06      -1.10955e+03   1.13415e+03   2.46047e+01      1.359713e-10  1.000000e-05    11017
17.840757   5.04893e-01  5.03416e-01   9.811e-01   8.83325e-08  2.11440e-06      -1.11211e+03   1.13321e+03   2.11024e+01      1.359713e-10  1.000000e-05    11023
17.858966   5.04892e-01  5.03419e-01   9.811e-01   9.28451e-08  2.34107e-06      -1.11297e+03   1.13378e+03   2.08097e+01      1.359713e-10  1.000000e-05    11035
17.876039   5.04893e-01  5.03419e-01   9.810e-01   9.36159e-08  2.02520e-06      -1.11317e+03   1.13407e+03   2.08986e+01      1.359713e-10  1.000000e-05    11041
17.895699   5.04893e-01  5.03422e-01   9.810e-01   1.04323e-07  1.89386e-06      -1.11359e+03   1.13465e+03   2.10541e+01      1.359713e-09  1.000000e-05    11047
17.919223   5.04893e-01  5.03424e-01   9.810e-01   9.31749e-08  1.60609e-06      -1.11436e+03   1.13535e+03   2.09942e+01      2.719427e-10  1.000000e-05    11053
17.940087   5.04890e-01  5.03427e-01   9.810e-01   8.09882e-08  1.93925e-06      -1.11454e+03   1.13298e+03   1.84416e+01      5.438853e-11  1.000000e-05    11065
17.959230   5.04889e-01  5.03428e-01   9.810e-01   9.93051e-08  2.05601e-06      -1.11402e+03   1.13391e+03   1.98894e+01      5.438853e-10  1.000000e-05    11071
17.980425   5.04892e-01  5.03427e-01   9.810e-01   9.66736e-08  1.49881e-06      -1.11443e+03   1.13454e+03   2.01098e+01      5.438853e-10  1.000000e-05    11077
18.006240   5.04886e-01  5.03434e-01   9.810e-01   8.64316e-08  1.01249e-06      -1.11487e+03   1.13437e+03   1.95051e+01      5.438853e-10  1.000000e-05    11083
18.033617   5.04895e-01  5.03427e-01   9.809e-01   8.26582e-08  1.40981e-06      -1.11551e+03   1.13504e+03   1.95332e+01      5.438853e-10  1.000000e-05    11089
18.064102   5.04902e-01  5.03426e-01   9.809e-01   9.13060e-08  1.25159e-06      -1.11485e+03   1.13657e+03   2.17181e+01      5.438853e-10  1.000000e-05    11095
18.094731   5.04895e-01  5.03440e-01   9.809e-01   9.48362e-08  1.08880e-06      -1.11707e+03   1.13692e+03   1.98475e+01      5.438853e-10  1.000000e-05    11101
18.117953   5.04887e-01  5.03447e-01   9.808e-01   8.64265e-08  2.92992e-06      -1.11907e+03   1.13731e+03   1.82376e+01      1.087771e-10  1.000000e-05    11113
18.139455   5.04886e-01  5.03447e-01   9.808e-01   8.85380e-08  1.73281e-06      -1.11827e+03   1.13699e+03   1.87240e+01      1.087771e-10  1.000000e-05    11119
18.160121   5.04898e-01  5.03439e-01   9.808e-01   8.89670e-08  1.69265e-06      -1.11732e+03   1.13840e+03   2.10852e+01      1.087771e-10  1.000000e-05    11125
18.181574   5.04901e-01  5.03438e-01   9.808e-01   8.68067e-08  1.64114e-06      -1.11846e+03   1.13780e+03   1.93377e+01      1.087771e-10  1.000000e-05    11131
18.202324   5.04900e-01  5.03441e-01   9.808e-01   9.83676e-08  2.11473e-06      -1.11917e+03   1.13719e+03   1.80208e+01      1.087771e-10  1.000000e-05    11137
18.223695   5.04894e-01  5.03446e-01   9.807e-01   9.42124e-08  1.63303e-06      -1.11950e+03   1.13713e+03   1.76268e+01      1.087771e-10  1.000000e-05    11143
18.244903   5.04897e-01  5.03442e-01   9.807e-01   1.07238e-07  1.14788e-06      -1.12012e+03   1.13718e+03   1.70650e+01      1.087771e-10  1.000000e-05    11149
18.266954   5.04900e-01  5.03441e-01   9.807e-01   1.04403e-07  1.77921e-06      -1.11956e+03   1.13903e+03   1.94679e+01      1.087771e-10  1.000000e-05    11155
18.288211   5.04904e-01  5.03437e-01   9.807e-01   1.01053e-07  1.82137e-06      -1.12136e+03   1.14013e+03   1.87723e+01      1.087771e-10  1.000000e-05    11161
18.292251   5.04904e-01  5.03438e-01   9.807e-01   1.56446e-07  2.74469e-06      -1.12136e+03   1.14008e+03   1.87174e+01      2.175541e-08  1.000000e-05    11173
18.296291   5.04904e-01  5.03438e-01   9.807e-01   1.43036e-07  2.83523e-06      -1.12137e+03   1.14003e+03   1.86540e+01      4.351082e-09  1.000000e-05    11179
18.304777   5.04904e-01  5.03439e-01   9.807e-01   1.17340e-07  3.01860e-06      -1.12140e+03   1.13990e+03   1.84949e+01      8.702165e-10  1.000000e-05    11185
18.318534   5.04904e-01  5.03440e-01   9.807e-01   1.05122e-07  3.07170e-06      -1.12145e+03   1.13985e+03   1.83998e+01      1.740433e-10  1.000000e-05    11191
18.336330   5.04903e-01  5.03442e-01   9.806e-01   9.85517e-08  1.72745e-06      -1.12211e+03   1.13964e+03   1.75260e+01      1.740433e-10  1.000000e-05    11197
18.356602   5.04907e-01  5.03439e-01   9.806e-01   9.55849e-08  1.12581e-06      -1.12186e+03   1.13951e+03   1.76568e+01      1.740433e-10  1.000000e-05    11203
18.379536   5.04907e-01  5.03441e-01   9.806e-01   1.00735e-07  1.13333e-06      -1.12221e+03   1.13823e+03   1.60238e+01      1.740433e-10  1.000000e-05    11209
18.401962   5.04914e-01  5.03432e-01   9.806e-01   9.77712e-08  1.07367e-06      -1.12210e+03   1.13868e+03   1.65826e+01      1.740433e-10  1.000000e-05    11215
18.425441   5.04926e-01  5.03421e-01   9.806e-01   1.04596e-07  1.10808e-06      -1.12231e+03   1.13811e+03   1.58052e+01      1.740433e-10  1.000000e-05    11221
18.447984   5.04915e-01  5.03432e-01   9.806e-01   1.04842e-07  8.55866e-07      -1.12307e+03   1.13847e+03   1.53950e+01      1.740433e-10  1.000000e-05    11227
18.471447   5.04914e-01  5.03437e-01   9.805e-01   1.02287e-07  1.05031e-06      -1.12046e+03   1.14101e+03   2.05525e+01      1.740433e-10  1.000000e-05    11233
18.493772   5.04920e-01  5.03433e-01   9.805e-01   9.62938e-08  1.00257e-06      -1.12071e+03   1.14188e+03   2.11721e+01      1.740433e-10  1.000000e-05    11239
18.516464   5.04918e-01  5.03438e-01   9.805e-01   8.61140e-08  1.39922e-06      -1.12241e+03   1.14186e+03   1.94431e+01      1.740433e-10  1.000000e-05    11245
18.538394   5.04917e-01  5.03441e-01   9.805e-01   9.16289e-08  6.07438e-06      -1.12464e+03   1.14156e+03   1.69152e+01      1.740433e-10  1.000000e-05    11257
18.559585   5.04919e-01  5.03443e-01   9.805e-01   9.33265e-08  3.52839e-06      -1.12452e+03   1.14157e+03   1.70516e+01      1.740433e-10  1.000000e-05    11263
18.580783   5.04914e-01  5.03450e-01   9.805e-01   9.09770e-08  2.05629e-06      -1.12589e+03   1.14059e+03   1.47006e+01      1.740433e-10  1.000000e-05    11269
18.603121   5.04919e-01  5.03446e-01   9.804e-01   9.60536e-08  1.40913e-06      -1.12643e+03   1.13940e+03   1.29666e+01      1.740433e-10  1.000000e-05    11275
18.625785   5.04916e-01  5.03452e-01   9.804e-01   9.21830e-08  2.21577e-06      -1.12701e+03   1.13792e+03   1.09131e+01      1.740433e-10  1.000000e-05    11281
18.647181   5.04906e-01  5.03461e-01   9.804e-01   9.19461e-08  1.74968e-06      -1.12574e+03   1.13896e+03   1.32277e+01      1.740433e-10  1.000000e-05    11287
18.669172   5.04910e-01  5.03457e-01   9.804e-01   9.88693e-08  1.67919e-06      -1.12538e+03   1.14039e+03   1.50081e+01      1.740433e-10  1.000000e-05    11293
18.691737   5.04912e-01  5.03458e-01   9.804e-01   9.74622e-08  2.30110e-06      -1.12666e+03   1.13989e+03   1.32217e+01      1.740433e-10  1.000000e-05    11299
18.713481   5.04909e-01  5.03463e-01   9.803e-01   8.47522e-08  3.38882e-06      -1.12629e+03   1.14020e+03   1.39036e+01      1.740433e-10  1.000000e-05    11305
18.734603   5.04909e-01  5.03464e-01   9.803e-01   8.52735e-08  2.05378e-06      -1.12799e+03   1.13824e+03   1.02566e+01      1.740433e-10  1.000000e-05    11311
18.739316   5.04909e-01  5.03464e-01   9.803e-01   1.48636e-07  3.11483e-06      -1.12805e+03   1.13824e+03   1.01862e+01      3.480866e-08  1.000000e-05    11323
18.744030   5.04909e-01  5.03465e-01   9.803e-01   1.25407e-07  2.60300e-06      -1.12811e+03   1.13823e+03   1.01156e+01      6.961732e-09  1.000000e-05    11329
18.754215   5.04909e-01  5.03465e-01   9.803e-01   1.08265e-07  1.23898e-06      -1.12827e+03   1.13821e+03   9.93851e+00      1.392346e-09  1.000000e-05    11335
18.771053   5.04910e-01  5.03465e-01   9.803e-01   8.89729e-08  1.07679e-06      -1.12858e+03   1.13821e+03   9.63458e+00      2.784693e-10  1.000000e-05    11341
18.793647   5.04904e-01  5.03470e-01   9.803e-01   9.03529e-08  1.07308e-06      -1.12885e+03   1.13865e+03   9.80080e+00      2.784693e-10  1.000000e-05    11347
18.818774   5.04910e-01  5.03465e-01   9.803e-01   8.91986e-08  7.11171e-07      -1.12888e+03   1.13911e+03   1.02296e+01      2.784693e-10  1.000000e-05    11353
18.845459   5.04910e-01  5.03465e-01   9.803e-01   9.21829e-08  6.06128e-07      -1.12912e+03   1.13785e+03   8.73224e+00      2.784693e-10  1.000000e-05    11359
18.872402   5.04910e-01  5.03456e-01   9.803e-01   1.00860e-07  7.07308e-07      -1.13104e+03   1.13675e+03   5.71074e+00      2.784693e-10  1.000000e-05    11365
18.898907   5.04914e-01  5.03451e-01   9.803e-01   1.06791e-07  2.93544e-06      -1.13049e+03   1.13730e+03   6.81610e+00      2.784693e-10  1.000000e-05    11371
18.923571   5.04915e-01  5.03451e-01   9.803e-01   9.47498e-08  2.75169e-06      -1.13027e+03   1.13849e+03   8.22251e+00      2.784693e-10  1.000000e-05    11377
18.945643   5.04922e-01  5.03445e-01   9.803e-01   9.20845e-08  1.49238e-06      -1.12893e+03   1.13939e+03   1.04559e+01      2.784693e-10  1.000000e-05    11389
18.966264   5.04920e-01  5.03445e-01   9.802e-01   1.02550e-07  1.16782e-06      -1.13177e+03   1.13873e+03   6.96036e+00      2.784693e-10  1.000000e-05    11395
18.988936   5.04917e-01  5.03447e-01   9.802e-01   9.77367e-08  8.13662e-07      -1.13192e+03   1.13870e+03   6.78752e+00      2.784693e-10  1.000000e-05    11401
19.013470   5.04906e-01  5.03457e-01   9.802e-01   9.75841e-08  2.36920e-06      -1.13223e+03   1.13964e+03   7.40527e+00      2.784693e-10  1.000000e-05    11407
19.038148   5.04903e-01  5.03457e-01   9.802e-01   9.35059e-08  1.27086e-06      -1.13370e+03   1.13846e+03   4.76352e+00      2.784693e-10  1.000000e-05    11413
19.064903   5.04899e-01  5.03460e-01   9.802e-01   8.54244e-08  9.90916e-07      -1.13338e+03   1.13873e+03   5.34453e+00      2.784693e-10  1.000000e-05    11419
19.090576   5.04897e-01  5.03462e-01   9.802e-01   9.44629e-08  8.68636e-07      -1.13426e+03   1.13953e+03   5.26564e+00      2.784693e-10  1.000000e-05    11425
19.116129   5.04886e-01  5.03475e-01   9.802e-01   8.96542e-08  7.04214e-07      -1.13623e+03   1.13929e+03   3.05576e+00      2.784693e-10  1.000000e-05    11431
19.141632   5.04904e-01  5.03451e-01   9.801e-01   9.61941e-08  1.69901e-06      -1.13625e+03   1.14059e+03   4.33231e+00      2.784693e-10  1.000000e-05    11437
19.166434   5.04902e-01  5.03453e-01   9.801e-01   9.66502e-08  1.15071e-06      -1.13689e+03   1.14025e+03   3.36493e+00      2.784693e-10  1.000000e-05    11443
19.192508   5.04901e-01  5.03453e-01   9.801e-01   8.33355e-08  1.89387e-06      -1.13543e+03   1.14156e+03   6.13232e+00      2.784693e-10  1.000000e-05    11449
19.219283   5.04899e-01  5.03454e-01   9.801e-01   8.08392e-08  7.61383e-07      -1.13559e+03   1.14260e+03   7.00947e+00      2.784693e-10  1.000000e-05    11455
19.246057   5.04899e-01  5.03455e-01   9.801e-01   8.60502e-08  6.21795e-07      -1.13594e+03   1.14390e+03   7.96565e+00      2.784693e-10  1.000000e-05    11461
19.272487   5.04910e-01  5.03448e-01   9.800e-01   8.90231e-08  8.34756e-07      -1.13480e+03   1.14695e+03   1.21580e+01      2.784693e-10  1.000000e-05    11467
19.297881   5.04930e-01  5.03425e-01   9.800e-01   8.69361e-08  1.10102e-06      -1.13318e+03   1.14886e+03   1.56803e+01      2.784693e-10  1.000000e-05    11473
19.322042   5.04931e-01  5.03426e-01   9.800e-01   7.86099e-08  6.56000e-07      -1.13366e+03   1.14793e+03   1.42772e+01      2.784693e-10  1.000000e-05    11479
19.349710   5.04943e-01  5.03414e-01   9.800e-01   8.02046e-08  6.84187e-06      -1.13237e+03   1.14844e+03   1.60675e+01      2.784693e-10  1.000000e-05    11485
19.375522   5.04951e-01  5.03406e-01   9.800e-01   9.19941e-08  2.98433e-06      -1.13154e+03   1.14933e+03   1.77904e+01      2.784693e-10  1.000000e-05    11491
19.401144   5.04944e-01  5.03412e-01   9.799e-01   9.03854e-08  1.55260e-06      -1.13264e+03   1.14931e+03   1.66691e+01      2.784693e-10  1.000000e-05    11497
19.427484   5.04946e-01  5.03411e-01   9.799e-01   8.40836e-08  2.27985e-06      -1.13452e+03   1.14866e+03   1.41379e+01      2.784693e-10  1.000000e-05    11503
19.452935   5.04955e-01  5.03403e-01   9.799e-01   8.10669e-08  1.55251e-06      -1.13441e+03   1.14936e+03   1.49513e+01      2.784693e-10  1.000000e-05    11509
19.478823   5.04956e-01  5.03403e-01   9.799e-01   8.74521e-08  2.30020e-06      -1.13554e+03   1.14890e+03   1.33668e+01      2.784693e-10  1.000000e-05    11515
19.502854   5.04963e-01  5.03390e-01   9.798e-01   7.01787e-08  1.36336e-06      -1.13456e+03   1.15063e+03   1.60657e+01      5.569386e-11  1.000000e-05    11521
19.524997   5.04936e-01  5.03417e-01   9.797e-01   7.30400e-08  1.34155e-06      -1.13608e+03   1.14879e+03   1.27104e+01      5.569386e-11  1.000000e-05    11527
19.545153   5.04936e-01  5.03419e-01   9.797e-01   7.28309e-08  1.71759e-06      -1.13463e+03   1.15051e+03   1.58712e+01      5.569386e-11  1.000000e-05    11533
19.565414   5.04933e-01  5.03428e-01   9.796e-01   7.91622e-08  4.59774e-06      -1.13389e+03   1.15062e+03   1.67285e+01      5.569386e-11  1.000000e-05    11539
19.584424   5.04927e-01  5.03435e-01   9.796e-01   7.62644e-08  2.87933e-06      -1.13364e+03   1.15188e+03   1.82417e+01      5.569386e-11  1.000000e-05    11545
19.603902   5.04929e-01  5.03429e-01   9.795e-01   7.46679e-08  1.58199e-06      -1.13407e+03   1.15081e+03   1.67376e+01      5.569386e-11  1.000000e-05    11551
19.623509   5.04929e-01  5.03429e-01   9.795e-01   7.45064e-08  9.00171e-07      -1.13643e+03   1.14545e+03   9.01967e+00      5.569386e-11  1.000000e-05    11557
19.642791   5.04953e-01  5.03409e-01   9.795e-01   9.29147e-08  2.47063e-06      -1.13526e+03   1.14670e+03   1.14466e+01      5.569386e-11  1.000000e-05    11563
19.660964   5.04946e-01  5.03413e-01   9.794e-01   9.51300e-08  2.31384e-06      -1.13618e+03   1.15142e+03   1.52395e+01      5.569386e-11  1.000000e-05    11569
19.677616   5.04954e-01  5.03403e-01   9.794e-01   8.92635e-08  1.79006e-06      -1.13623e+03   1.15134e+03   1.51093e+01      5.569386e-11  1.000000e-05    11575
19.695415   5.04960e-01  5.03394e-01   9.794e-01   8.18537e-08  1.38419e-06      -1.13509e+03   1.15171e+03   1.66205e+01      5.569386e-11  1.000000e-05    11581
19.712362   5.04965e-01  5.03389e-01   9.793e-01   8.32022e-08  2.01049e-06      -1.13305e+03   1.15371e+03   2.06600e+01      5.569386e-11  1.000000e-05    11587
19.729556   5.04961e-01  5.03393e-01   9.793e-01   9.65075e-08  1.96538e-06      -1.13420e+03   1.15389e+03   1.96944e+01      5.569386e-11  1.000000e-05    11593
19.747595   5.04973e-01  5.03381e-01   9.793e-01   8.87157e-08  2.00216e-06      -1.13468e+03   1.15498e+03   2.03072e+01      5.569386e-11  1.000000e-05    11599
19.765865   5.04971e-01  5.03388e-01   9.793e-01   9.54132e-08  1.51984e-06      -1.13663e+03   1.15272e+03   1.60847e+01      5.569386e-11  1.000000e-05    11605
19.783919   5.04980e-01  5.03374e-01   9.792e-01   9.01219e-08  1.10086e-06      -1.13899e+03   1.15234e+03   1.33477e+01      5.569386e-11  1.000000e-05    11611
19.802005   5.04984e-01  5.03369e-01   9.792e-01   9.34386e-08  3.54903e-06      -1.13938e+03   1.15193e+03   1.25570e+01      5.569386e-11  1.000000e-05    11617
19.818804   5.04984e-01  5.03371e-01   9.792e-01   1.01493e-07  2.64849e-06      -1.13774e+03   1.15189e+03   1.41495e+01      5.569386e-11  1.000000e-05    11623
19.836272   5.04984e-01  5.03370e-01   9.791e-01   9.40468e-08  1.65180e-06      -1.13630e+03   1.15464e+03   1.83465e+01      5.569386e-11  1.000000e-05    11629
19.853888   5.04984e-01  5.03368e-01   9.791e-01   1.14488e-07  2.50142e-06      -1.13622e+03   1.15529e+03   1.90700e+01      5.569386e-10  1.000000e-05    11635
19.873807   5.04986e-01  5.03368e-01   9.791e-01   1.01869e-07  4.40311e-06      -1.13334e+03   1.15857e+03   2.52355e+01      1.113877e-10  1.000000e-05    11641
19.893058   5.04988e-01  5.03366e-01   9.791e-01   9.10105e-08  1.41243e-06      -1.13344e+03   1.15864e+03   2.51995e+01      1.113877e-10  1.000000e-05    11647
19.913711   5.04987e-01  5.03370e-01   9.791e-01   8.94678e-08  1.00026e-06      -1.13419e+03   1.15886e+03   2.46739e+01      1.113877e-10  1.000000e-05    11653
19.934212   5.04988e-01  5.03366e-01   9.791e-01   8.43677e-08  1.70183e-06      -1.13847e+03   1.15589e+03   1.74191e+01      1.113877e-10  1.000000e-05    11659
19.954386   5.04974e-01  5.03383e-01   9.790e-01   8.86200e-08  1.39043e-06      -1.13661e+03   1.15768e+03   2.10680e+01      1.113877e-10  1.000000e-05    11665
19.975397   5.04972e-01  5.03386e-01   9.790e-01   9.12080e-08  1.53026e-06      -1.13655e+03   1.15708e+03   2.05359e+01      1.113877e-10  1.000000e-05    11671
19.997106   5.04969e-01  5.03392e-01   9.790e-01   8.99229e-08  2.74078e-06      -1.13894e+03   1.15480e+03   1.58681e+01      1.113877e-10  1.000000e-05    11677
20.018005   5.04973e-01  5.03391e-01   9.790e-01   8.75755e-08  1.50965e-06      -1.13819e+03   1.15476e+03   1.65694e+01      1.113877e-10  1.000000e-05    11683
20.040551   5.04968e-01  5.03398e-01   9.790e-01   8.39783e-08  1.00337e-06      -1.13915e+03   1.15504e+03   1.58946e+01      1.113877e-10  1.000000e-05    11689
20.062977   5.04972e-01  5.03396e-01   9.789e-01   8.34193e-08  1.27660e-06      -1.13894e+03   1.15455e+03   1.56118e+01      1.113877e-10  1.000000e-05    11695
20.084255   5.04977e-01  5.03395e-01   9.789e-01   8.94776e-08  1.90233e-06      -1.13703e+03   1.15598e+03   1.89535e+01      1.113877e-10  1.000000e-05    11701
20.105525   5.04975e-01  5.03400e-01   9.789e-01   9.19629e-08  1.27776e-06      -1.13813e+03   1.15584e+03   1.77103e+01      1.113877e-10  1.000000e-05    11707
20.126611   5.04949e-01  5.03421e-01   9.788e-01   9.09470e-08  2.71128e-06      -1.13744e+03   1.15631e+03   1.88698e+01      1.113877e-10  1.000000e-05    11713
20.147636   5.04951e-01  5.03419e-01   9.788e-01   8.99044e-08  2.21811e-06      -1.13741e+03   1.15589e+03   1.84748e+01      1.113877e-10  1.000000e-05    11719
20.166861   5.04947e-01  5.03416e-01   9.787e-01   9.31619e-08  3.35749e-06      -1.13548e+03   1.16116e+03   2.56828e+01      1.113877e-10  1.000000e-05    11731
20.185351   5.04950e-01  5.03417e-01   9.787e-01   9.38652e-08  3.90855e-06      -1.13381e+03   1.16249e+03   2.86809e+01      1.113877e-10  1.000000e-05    11737
20.203911   5.04952e-01  5.03417e-01   9.787e-01   9.46311e-08  3.77766e-06      -1.13600e+03   1.16062e+03   2.46177e+01      1.113877e-10  1.000000e-05    11743
20.225009   5.04942e-01  5.03425e-01   9.787e-01   9.28858e-08  1.49981e-06      -1.13698e+03   1.15876e+03   2.17809e+01      1.113877e-10  1.000000e-05    11749
20.246114   5.04951e-01  5.03420e-01   9.786e-01   8.57612e-08  2.83160e-06      -1.13671e+03   1.15745e+03   2.07371e+01      1.113877e-10  1.000000e-05    11755
20.266958   5.04956e-01  5.03415e-01   9.786e-01   8.31594e-08  1.45762e-06      -1.13941e+03   1.15691e+03   1.74942e+01      1.113877e-10  1.000000e-05    11761
20.289007   5.04958e-01  5.03414e-01   9.786e-01   8.37271e-08  9.48603e-07      -1.13982e+03   1.15654e+03   1.67214e+01      1.113877e-10  1.000000e-05    11767
20.312866   5.04957e-01  5.03416e-01   9.786e-01   7.90620e-08  1.03219e-06      -1.14070e+03   1.15603e+03   1.53367e+01      1.113877e-10  1.000000e-05    11773
20.336124   5.04957e-01  5.03418e-01   9.786e-01   8.13407e-08  6.14066e-07      -1.13939e+03   1.15612e+03   1.67329e+01      1.113877e-10  1.000000e-05    11779
20.359531   5.04960e-01  5.03419e-01   9.785e-01   8.34993e-08  9.37202e-07      -1.13878e+03   1.15606e+03   1.72772e+01      1.113877e-10  1.000000e-05    11785
20.381824   5.04958e-01  5.03421e-01   9.785e-01   8.65847e-08  1.59713e-06      -1.14064e+03   1.15605e+03   1.54010e+01      1.113877e-10  1.000000e-05    11791
20.401322   5.04951e-01  5.03428e-01   9.784e-01   9.44565e-08  3.48652e-06      -1.14091e+03   1.15580e+03   1.48847e+01      1.113877e-10  1.000000e-05    11803
20.419945   5.04956e-01  5.03424e-01   9.784e-01   8.76352e-08  4.56978e-06      -1.14171e+03   1.15439e+03   1.26849e+01      1.113877e-10  1.000000e-05    11809
20.439959   5.04952e-01  5.03424e-01   9.784e-01   9.11932e-08  1.34990e-06      -1.14187e+03   1.15382e+03   1.19516e+01      1.113877e-10  1.000000e-05    11815
20.459610   5.04953e-01  5.03423e-01   9.784e-01   8.74383e-08  2.45298e-06      -1.14291e+03   1.15370e+03   1.07933e+01      1.113877e-10  1.000000e-05    11821
20.481647   5.04955e-01  5.03425e-01   9.783e-01   9.18092e-08  1.03950e-06      -1.14195e+03   1.15454e+03   1.25837e+01      1.113877e-10  1.000000e-05    11827
20.504085   5.04954e-01  5.03422e-01   9.783e-01   9.32292e-08  9.88081e-07      -1.14200e+03   1.15559e+03   1.35929e+01      1.113877e-10  1.000000e-05    11833
20.527041   5.04964e-01  5.03411e-01   9.783e-01   8.20279e-08  2.29911e-06      -1.14277e+03   1.15545e+03   1.26730e+01      1.113877e-10  1.000000e-05    11839
20.543210   5.04962e-01  5.03415e-01   9.783e-01   9.19011e-08  5.04777e-06      -1.13978e+03   1.15793e+03   1.81469e+01      1.113877e-10  1.000000e-05    11857
20.558641   5.04966e-01  5.03411e-01   9.783e-01   9.25009e-08  2.05852e-06      -1.13990e+03   1.15807e+03   1.81671e+01      1.113877e-10  1.000000e-05    11863
20.576840   5.04966e-01  5.03412e-01   9.783e-01   9.00510e-08  1.60549e-06      -1.13985e+03   1.15807e+03   1.82173e+01      1.113877e-10  1.000000e-05    11869
20.597059   5.04962e-01  5.03419e-01   9.782e-01   8.66152e-08  8.02490e-06      -1.14143e+03   1.15494e+03   1.35073e+01      1.113877e-10  1.000000e-05    11875
20.617025   5.04955e-01  5.03426e-01   9.782e-01   8.02258e-08  2.81650e-06      -1.14110e+03   1.15518e+03   1.40779e+01      1.113877e-10  1.000000e-05    11881
20.638564   5.04958e-01  5.03425e-01   9.782e-01   7.87417e-08  1.11039e-06      -1.14098e+03   1.15649e+03   1.55052e+01      1.113877e-10  1.000000e-05    11887
20.662143   5.04954e-01  5.03430e-01   9.781e-01   8.13131e-08  4.04665e-06      -1.14321e+03   1.15271e+03   9.49335e+00      1.113877e-10  1.000000e-05    11893
20.679508   5.04961e-01  5.03424e-01   9.781e-01   8.53983e-08  4.58024e-06      -1.14288e+03   1.15354e+03   1.06586e+01      1.113877e-10  1.000000e-05    11905
20.695542   5.04963e-01  5.03424e-01   9.781e-01   9.26540e-08  2.06082e-06      -1.14374e+03   1.15287e+03   9.12384e+00      1.113877e-10  1.000000e-05    11911
20.714666   5.04961e-01  5.03424e-01   9.781e-01   9.72503e-08  2.38473e-06      -1.14475e+03   1.15118e+03   6.43367e+00      1.113877e-10  1.000000e-05    11917
20.734487   5.04964e-01  5.03421e-01   9.781e-01   8.80055e-08  2.35935e-06      -1.14462e+03   1.15137e+03   6.75641e+00      1.113877e-10  1.000000e-05    11923
20.755059   5.04975e-01  5.03409e-01   9.781e-01   8.40512e-08  1.07970e-06      -1.14441e+03   1.15251e+03   8.09961e+00      1.113877e-10  1.000000e-05    11929
20.776256   5.04970e-01  5.03418e-01   9.781e-01   8.32814e-08  1.15911e-06      -1.14360e+03   1.15331e+03   9.71343e+00      1.113877e-10  1.000000e-05    11935
20.799033   5.04953e-01  5.03435e-01   9.780e-01   9.14985e-08  9.86181e-07      -1.14346e+03   1.15398e+03   1.05183e+01      1.113877e-10  1.000000e-05    11941
20.820645   5.04955e-01  5.03437e-01   9.780e-01   9.27252e-08  1.34505e-06      -1.14379e+03   1.15563e+03   1.18436e+01      1.113877e-10  1.000000e-05    11947
20.838790   5.04957e-01  5.03436e-01   9.780e-01   9.27916e-08  3.05301e-06      -1.14404e+03   1.15624e+03   1.21975e+01      1.113877e-10  1.000000e-05    11959
20.855887   5.04962e-01  5.03430e-01   9.780e-01   9.00666e-08  2.01921e-06      -1.14389e+03   1.15659e+03   1.26969e+01      1.113877e-10  1.000000e-05    11965
20.875768   5.04963e-01  5.03428e-01   9.779e-01   9.71307e-08  1.84544e-06      -1.14341e+03   1.15914e+03   1.57292e+01      1.113877e-10  1.000000e-05    11971
20.894976   5.04965e-01  5.03428e-01   9.779e-01   9.25675e-08  1.35538e-06      -1.14203e+03   1.15969e+03   1.76581e+01      1.113877e-10  1.000000e-05    11977
20.913538   5.04956e-01  5.03437e-01   9.778e-01   9.70544e-08  1.91270e-06      -1.14318e+03   1.15716e+03   1.39805e+01      1.113877e-10  1.000000e-05    11989
20.931327   5.04956e-01  5.03440e-01   9.778e-01   9.82943e-08  1.40687e-06      -1.14248e+03   1.15829e+03   1.58100e+01      1.113877e-10  1.000000e-05    11995
20.950809   5.04950e-01  5.03446e-01   9.778e-01   8.14970e-08  9.31065e-07      -1.14315e+03   1.15741e+03   1.42521e+01      1.113877e-10  1.000000e-05    12001
20.972460   5.04956e-01  5.03445e-01   9.778e-01   8.47787e-08  7.60367e-07      -1.14361e+03   1.15991e+03   1.62914e+01      1.113877e-10  1.000000e-05    12007
20.994147   5.04956e-01  5.03445e-01   9.777e-01   8.48472e-08  6.95699e-07      -1.14401e+03   1.16032e+03   1.63088e+01      1.113877e-10  1.000000e-05    12013
21.016388   5.04955e-01  5.03447e-01   9.776e-01   9.43891e-08  7.82251e-07      -1.14739e+03   1.16051e+03   1.31242e+01      1.113877e-10  1.000000e-05    12019
21.039048   5.04966e-01  5.03438e-01   9.777e-01   9.35963e-08  2.86841e-06      -1.14542e+03   1.16124e+03   1.58175e+01      1.113877e-10  1.000000e-05    12025
21.061106   5.04979e-01  5.03423e-01   9.776e-01   9.00312e-08  2.29909e-06      -1.14554e+03   1.16039e+03   1.48511e+01      1.113877e-10  1.000000e-05    12031
21.082918   5.04987e-01  5.03410e-01   9.776e-01   8.72031e-08  1.81880e-06      -1.14487e+03   1.16026e+03   1.53908e+01      1.113877e-10  1.000000e-05    12037
21.106543   5.04996e-01  5.03401e-01   9.776e-01   9.73039e-08  1.22428e-06      -1.14657e+03   1.15930e+03   1.27292e+01      1.113877e-10  1.000000e-05    12043
21.130361   5.04998e-01  5.03400e-01   9.776e-01   9.22828e-08  7.85826e-07      -1.14761e+03   1.16072e+03   1.31090e+01      1.113877e-10  1.000000e-05    12049
21.153572   5.05010e-01  5.03386e-01   9.775e-01   8.19958e-08  3.15969e-06      -1.14724e+03   1.16036e+03   1.31132e+01      1.113877e-10  1.000000e-05    12055
21.176224   5.05015e-01  5.03383e-01   9.775e-01   8.82813e-08  1.75923e-06      -1.14649e+03   1.15761e+03   1.11182e+01      1.113877e-10  1.000000e-05    12061
21.195362   5.05009e-01  5.03390e-01   9.774e-01   9.03902e-08  1.84903e-06      -1.14695e+03   1.15778e+03   1.08303e+01      1.113877e-10  1.000000e-05    12073
21.213498   5.05013e-01  5.03389e-01   9.774e-01   7.92301e-08  3.88570e-06      -1.14787e+03   1.15681e+03   8.93506e+00      1.113877e-10  1.000000e-05    12079
21.230225   5.05018e-01  5.03386e-01   9.774e-01   8.33471e-08  1.14427e-06      -1.14792e+03   1.15720e+03   9.28303e+00      1.113877e-10  1.000000e-05    12085
21.250001   5.05021e-01  5.03386e-01   9.774e-01   8.57766e-08  1.05190e-06      -1.14760e+03   1.15735e+03   9.75001e+00      1.113877e-10  1.000000e-05    12091
21.271170   5.05018e-01  5.03393e-01   9.774e-01   9.49051e-08  8.61167e-07      -1.14743e+03   1.15730e+03   9.87200e+00      1.113877e-10  1.000000e-05    12097
21.292110   5.05007e-01  5.03408e-01   9.773e-01   8.33169e-08  7.53883e-07      -1.14918e+03   1.15559e+03   6.40877e+00      1.113877e-10  1.000000e-05    12103
21.312897   5.05010e-01  5.03407e-01   9.773e-01   7.90268e-08  1.29215e-06      -1.14862e+03   1.15623e+03   7.61403e+00      1.113877e-10  1.000000e-05    12109
21.333350   5.05012e-01  5.03403e-01   9.773e-01   8.11518e-08  7.64158e-07      -1.14982e+03   1.15521e+03   5.38425e+00      1.113877e-10  1.000000e-05    12115
21.353451   5.05015e-01  5.03401e-01   9.773e-01   8.13738e-08  8.16533e-07      -1.15083e+03   1.15482e+03   3.98429e+00      1.113877e-10  1.000000e-05    12121
21.375843   5.05017e-01  5.03402e-01   9.772e-01   9.07043e-08  7.86396e-07      -1.15134e+03   1.15728e+03   5.93853e+00      1.113877e-10  1.000000e-05    12127
21.396722   5.05016e-01  5.03398e-01   9.772e-01   9.04203e-08  5.54784e-06      -1.15091e+03   1.15655e+03   5.64328e+00      1.113877e-10  1.000000e-05    12133
21.411883   5.05024e-01  5.03388e-01   9.771e-01   8.00441e-08  1.74411e-06      -1.14943e+03   1.15810e+03   8.66714e+00      1.113877e-10  1.000000e-05    12145
21.425547   5.05024e-01  5.03388e-01   9.771e-01   7.93132e-08  9.28232e-07      -1.14946e+03   1.15783e+03   8.37421e+00      1.113877e-10  1.000000e-05    12151
21.442957   5.05023e-01  5.03390e-01   9.771e-01   7.25138e-08  8.82031e-07      -1.15060e+03   1.15684e+03   6.23905e+00      1.113877e-10  1.000000e-05    12157
21.462602   5.05027e-01  5.03385e-01   9.771e-01   7.35771e-08  1.03091e-06      -1.15054e+03   1.15655e+03   6.00877e+00      1.113877e-10  1.000000e-05    12163
21.484602   5.05025e-01  5.03389e-01   9.771e-01   7.10049e-08  9.83960e-07      -1.15093e+03   1.15721e+03   6.27313e+00      1.113877e-10  1.000000e-05    12169
21.506988   5.05030e-01  5.03385e-01   9.771e-01   7.70314e-08  2.48638e-06      -1.14988e+03   1.15740e+03   7.52212e+00      1.113877e-10  1.000000e-05    12175
21.529258   5.05026e-01  5.03389e-01   9.771e-01   7.81874e-08  1.34063e-06      -1.14980e+03   1.15732e+03   7.52437e+00      1.113877e-10  1.000000e-05    12181
21.552276   5.05015e-01  5.03401e-01   9.770e-01   8.09556e-08  1.61012e-06      -1.15222e+03   1.15372e+03   1.50152e+00      1.113877e-10  1.000000e-05    12187
21.570496   5.05009e-01  5.03406e-01   9.770e-01   8.71175e-08  1.38434e-06      -1.15344e+03   1.15317e+03  -2.69884e-01      1.113877e-10  1.000000e-05    12199
21.587624   5.05010e-01  5.03405e-01   9.770e-01   9.41808e-08  5.44895e-06      -1.15239e+03   1.15421e+03   1.81572e+00      1.113877e-10  1.000000e-05    12205
21.607062   5.05011e-01  5.03404e-01   9.770e-01   9.37875e-08  8.20113e-07      -1.15182e+03   1.15485e+03   3.02893e+00      1.113877e-10  1.000000e-05    12211
21.624980   5.05016e-01  5.03401e-01   9.770e-01   9.18222e-08  4.75710e-06      -1.15192e+03   1.15716e+03   5.24347e+00      1.113877e-10  1.000000e-05    12223
21.642151   5.05023e-01  5.03393e-01   9.770e-01   8.73208e-08  7.87165e-06      -1.15124e+03   1.15690e+03   5.65148e+00      1.113877e-10  1.000000e-05    12229
21.659920   5.05028e-01  5.03390e-01   9.769e-01   8.95625e-08  3.54375e-06      -1.15264e+03   1.15695e+03   4.31497e+00      1.113877e-10  1.000000e-05    12235
21.678928   5.05039e-01  5.03371e-01   9.768e-01   9.10499e-08  3.57455e-06      -1.15493e+03   1.15680e+03   1.87480e+00      1.113877e-10  1.000000e-05    12241
21.698716   5.05044e-01  5.03358e-01   9.767e-01   9.12394e-08  3.17516e-06      -1.15532e+03   1.15625e+03   9.34133e-01      1.113877e-10  1.000000e-05    12247
21.718560   5.05028e-01  5.03375e-01   9.767e-01   9.46468e-08  2.96068e-06      -1.15490e+03   1.15517e+03   2.73261e-01      1.113877e-10  1.000000e-05    12253
21.739223   5.05027e-01  5.03376e-01   9.767e-01   8.03162e-08  1.87303e-06      -1.15537e+03   1.15440e+03  -9.73322e-01      1.113877e-10  1.000000e-05    12259
21.760013   5.05025e-01  5.03373e-01   9.767e-01   8.09231e-08  1.27438e-06      -1.15647e+03   1.15306e+03  -3.41307e+00      1.113877e-10  1.000000e-05    12265
21.781491   5.05023e-01  5.03370e-01   9.767e-01   7.41608e-08  8.72890e-07      -1.15534e+03   1.15399e+03  -1.34800e+00      1.113877e-10  1.000000e-05    12271
21.803152   5.05015e-01  5.03374e-01   9.766e-01   8.06506e-08  1.02048e-06      -1.15571e+03   1.15275e+03  -2.96138e+00      1.113877e-10  1.000000e-05    12277
21.825064   5.05012e-01  5.03374e-01   9.766e-01   7.81133e-08  2.77811e-06      -1.15400e+03   1.15415e+03   1.40963e-01      1.113877e-10  1.000000e-05    12283
21.846947   5.05017e-01  5.03362e-01   9.766e-01   8.33945e-08  5.26734e-06      -1.15451e+03   1.15309e+03  -1.42677e+00      1.113877e-10  1.000000e-05    12289
21.865178   5.05018e-01  5.03360e-01   9.765e-01   8.26923e-08  3.70792e-06      -1.15483e+03   1.15349e+03  -1.34421e+00      1.113877e-10  1.000000e-05    12301
21.882288   5.05026e-01  5.03350e-01   9.765e-01   7.64382e-08  3.88058e-06      -1.15471e+03   1.15457e+03  -1.47268e-01      1.113877e-10  1.000000e-05    12307
21.901976   5.05025e-01  5.03353e-01   9.765e-01   8.21144e-08  1.83818e-06      -1.15415e+03   1.15525e+03   1.09736e+00      1.113877e-10  1.000000e-05    12313
21.921704   5.05025e-01  5.03351e-01   9.765e-01   7.57195e-08  4.32444e-06      -1.15594e+03   1.15389e+03  -2.04222e+00      1.113877e-10  1.000000e-05    12325
21.940702   5.05022e-01  5.03347e-01   9.764e-01   8.60684e-08  3.05505e-06      -1.15614e+03   1.15339e+03  -2.75268e+00      1.113877e-10  1.000000e-05    12331
21.960103   5.05018e-01  5.03351e-01   9.764e-01   8.03410e-08  2.36752e-06      -1.15563e+03   1.15293e+03  -2.69915e+00      1.113877e-10  1.000000e-05    12337
21.980876   5.05027e-01  5.03338e-01   9.764e-01   8.00470e-08  3.34234e-06      -1.15467e+03   1.15387e+03  -8.04523e-01      1.113877e-10  1.000000e-05    12343
22.000737   5.05032e-01  5.03329e-01   9.764e-01   8.10090e-08  1.30691e-06      -1.15522e+03   1.15329e+03  -1.93478e+00      1.113877e-10  1.000000e-05    12349
22.022713   5.05041e-01  5.03319e-01   9.763e-01   7.70513e-08  1.32981e-06      -1.15410e+03   1.15453e+03   4.23457e-01      1.113877e-10  1.000000e-05    12355
22.044646   5.05044e-01  5.03316e-01   9.763e-01   8.00558e-08  7.29666e-07      -1.15348e+03   1.15524e+03   1.75378e+00      1.113877e-10  1.000000e-05    12361
22.068254   5.05050e-01  5.03308e-01   9.763e-01   8.20275e-08  1.14970e-06      -1.15698e+03   1.15316e+03  -3.82464e+00      1.113877e-10  1.000000e-05    12367
22.090950   5.05072e-01  5.03286e-01   9.763e-01   7.83146e-08  1.43624e-06      -1.15386e+03   1.15497e+03   1.10432e+00      1.113877e-10  1.000000e-05    12373
22.112486   5.05061e-01  5.03296e-01   9.763e-01   8.19692e-08  2.94278e-06      -1.15344e+03   1.15353e+03   9.01916e-02      1.113877e-10  1.000000e-05    12379
22.133545   5.05059e-01  5.03299e-01   9.763e-01   7.33801e-08  3.29661e-06      -1.15481e+03   1.15218e+03  -2.62684e+00      1.113877e-10  1.000000e-05    12385
22.154177   5.05050e-01  5.03306e-01   9.762e-01   8.03586e-08  1.92698e-06      -1.15400e+03   1.15256e+03  -1.43643e+00      1.113877e-10  1.000000e-05    12391
22.176792   5.05048e-01  5.03310e-01   9.762e-01   7.56728e-08  1.37188e-06      -1.15269e+03   1.15413e+03   1.44841e+00      1.113877e-10  1.000000e-05    12397
22.197218   5.05048e-01  5.03309e-01   9.761e-01   7.70340e-08  2.17497e-06      -1.15266e+03   1.15423e+03   1.56893e+00      1.113877e-10  1.000000e-05    12409
22.217062   5.05051e-01  5.03305e-01   9.761e-01   7.01971e-08  1.33104e-06      -1.15152e+03   1.15431e+03   2.79227e+00      1.113877e-10  1.000000e-05    12415
22.239157   5.05053e-01  5.03302e-01   9.761e-01   7.37989e-08  1.00077e-06      -1.15241e+03   1.15419e+03   1.77040e+00      1.113877e-10  1.000000e-05    12421
22.260573   5.05046e-01  5.03307e-01   9.761e-01   8.13410e-08  7.34651e-07      -1.15299e+03   1.15295e+03  -3.46012e-02      1.113877e-10  1.000000e-05    12427
22.283506   5.05045e-01  5.03311e-01   9.760e-01   8.82003e-08  1.04857e-06      -1.15368e+03   1.15308e+03  -5.97275e-01      1.113877e-10  1.000000e-05    12433
22.304032   5.05034e-01  5.03320e-01   9.760e-01   8.49767e-08  1.02284e-06      -1.15101e+03   1.15581e+03   4.80171e+00      1.113877e-10  1.000000e-05    12445
22.323675   5.05034e-01  5.03321e-01   9.760e-01   8.08479e-08  1.67165e-06      -1.15170e+03   1.15558e+03   3.88280e+00      1.113877e-10  1.000000e-05    12451
22.341522   5.05036e-01  5.03319e-01   9.760e-01   8.50849e-08  1.49133e-06      -1.15119e+03   1.15663e+03   5.43822e+00      1.113877e-10  1.000000e-05    12463
22.358033   5.05036e-01  5.03319e-01   9.760e-01   7.96694e-08  1.02447e-06      -1.15212e+03   1.15593e+03   3.80747e+00      1.113877e-10  1.000000e-05    12469
22.378342   5.05041e-01  5.03314e-01   9.760e-01   8.03205e-08  7.25574e-07      -1.15149e+03   1.15611e+03   4.62573e+00      1.113877e-10  1.000000e-05    12475
22.401149   5.05043e-01  5.03308e-01   9.759e-01   8.35519e-08  9.57445e-07      -1.15419e+03   1.15347e+03  -7.28037e-01      1.113877e-10  1.000000e-05    12481
22.424004   5.05038e-01  5.03314e-01   9.759e-01   7.54013e-08  1.04715e-06      -1.15280e+03   1.15347e+03   6.63165e-01      1.113877e-10  1.000000e-05    12487
22.446878   5.05050e-01  5.03302e-01   9.759e-01   7.58087e-08  1.12948e-06      -1.15236e+03   1.15392e+03   1.56336e+00      1.113877e-10  1.000000e-05    12493
22.469601   5.05056e-01  5.03295e-01   9.759e-01   7.67888e-08  8.49368e-07      -1.15221e+03   1.15320e+03   9.83020e-01      1.113877e-10  1.000000e-05    12499
22.493184   5.05094e-01  5.03247e-01   9.758e-01   7.81389e-08  9.67090e-07      -1.15043e+03   1.15732e+03   6.89598e+00      1.113877e-10  1.000000e-05    12505
22.515318   5.05092e-01  5.03249e-01   9.757e-01   7.33979e-08  8.69376e-07      -1.14859e+03   1.15789e+03   9.30470e+00      1.113877e-10  1.000000e-05    12511
22.538480   5.05103e-01  5.03235e-01   9.757e-01   7.80632e-08  1.22174e-06      -1.14982e+03   1.15594e+03   6.12097e+00      1.113877e-10  1.000000e-05    12517
22.559600   5.05108e-01  5.03232e-01   9.757e-01   7.72084e-08  4.47839e-06      -1.14954e+03   1.15383e+03   4.29027e+00      1.113877e-10  1.000000e-05    12529
22.579659   5.05100e-01  5.03239e-01   9.756e-01   8.54559e-08  2.16142e-06      -1.14844e+03   1.15486e+03   6.42188e+00      1.113877e-10  1.000000e-05    12535
22.600661   5.05098e-01  5.03243e-01   9.756e-01   8.97786e-08  1.51547e-06      -1.14618e+03   1.15951e+03   1.33306e+01      1.113877e-10  1.000000e-05    12541
22.617679   5.05101e-01  5.03241e-01   9.756e-01   8.40405e-08  2.76912e-06      -1.14516e+03   1.15964e+03   1.44781e+01      1.113877e-10  1.000000e-05    12553
22.634191   5.05105e-01  5.03237e-01   9.756e-01   8.09173e-08  1.80463e-06      -1.14572e+03   1.15850e+03   1.27735e+01      1.113877e-10  1.000000e-05    12559
22.654310   5.05111e-01  5.03233e-01   9.756e-01   7.76408e-08  1.94919e-06      -1.14650e+03   1.15782e+03   1.13205e+01      1.113877e-10  1.000000e-05    12565
22.676248   5.05124e-01  5.03212e-01   9.756e-01   7.78183e-08  1.20167e-06      -1.14721e+03   1.15621e+03   9.00530e+00      1.113877e-10  1.000000e-05    12571
22.696014   5.05120e-01  5.03216e-01   9.756e-01   8.09601e-08  9.18242e-06      -1.14909e+03   1.15455e+03   5.46191e+00      1.113877e-10  1.000000e-05    12583
22.715122   5.05122e-01  5.03213e-01   9.755e-01   8.44941e-08  8.33363e-06      -1.14942e+03   1.15523e+03   5.80768e+00      1.113877e-10  1.000000e-05    12589
22.734560   5.05125e-01  5.03209e-01   9.755e-01   8.38368e-08  4.10522e-06      -1.15016e+03   1.15549e+03   5.32974e+00      1.113877e-10  1.000000e-05    12595
22.754966   5.05130e-01  5.03202e-01   9.755e-01   7.96162e-08  1.10201e-06      -1.15188e+03   1.15426e+03   2.38854e+00      1.113877e-10  1.000000e-05    12601
22.774475   5.05128e-01  5.03206e-01   9.755e-01   7.45016e-08  2.57743e-06      -1.15214e+03   1.15446e+03   2.32221e+00      1.113877e-10  1.000000e-05    12607
22.796360   5.05130e-01  5.03205e-01   9.755e-01   7.57060e-08  4.62362e-06      -1.15090e+03   1.15516e+03   4.25741e+00      1.113877e-10  1.000000e-05    12613
22.818817   5.05155e-01  5.03180e-01   9.755e-01   7.71778e-08  9.72879e-06      -1.14703e+03   1.15724e+03   1.02073e+01      1.113877e-10  1.000000e-05    12619
22.839889   5.05157e-01  5.03180e-01   9.754e-01   8.18969e-08  4.64953e-06      -1.14555e+03   1.15991e+03   1.43662e+01      1.113877e-10  1.000000e-05    12625
22.862379   5.05161e-01  5.03178e-01   9.754e-01   7.82456e-08  2.80377e-06      -1.14560e+03   1.15959e+03   1.39948e+01      1.113877e-10  1.000000e-05    12631
22.886286   5.05165e-01  5.03174e-01   9.754e-01   7.54260e-08  1.61952e-06      -1.14462e+03   1.15927e+03   1.46413e+01      1.113877e-10  1.000000e-05    12637
22.907455   5.05155e-01  5.03182e-01   9.753e-01   8.88674e-08  2.16363e-06      -1.14558e+03   1.15754e+03   1.19523e+01      1.113877e-10  1.000000e-05    12649
22.927850   5.05156e-01  5.03181e-01   9.753e-01   8.71245e-08  1.41682e-06      -1.14811e+03   1.15613e+03   8.02309e+00      1.113877e-10  1.000000e-05    12655
22.950114   5.05155e-01  5.03180e-01   9.753e-01   8.90976e-08  1.70166e-06      -1.14770e+03   1.15527e+03   7.57009e+00      1.113877e-10  1.000000e-05    12661
22.971972   5.05166e-01  5.03172e-01   9.753e-01   8.30610e-08  2.16683e-06      -1.14535e+03   1.15743e+03   1.20798e+01      1.113877e-10  1.000000e-05    12667
22.992265   5.05173e-01  5.03167e-01   9.753e-01   8.01741e-08  1.41032e-06      -1.14479e+03   1.15823e+03   1.34376e+01      1.113877e-10  1.000000e-05    12673
23.013877   5.05189e-01  5.03151e-01   9.753e-01   7.99013e-08  1.01483e-06      -1.14458e+03   1.15736e+03   1.27803e+01      1.113877e-10  1.000000e-05    12679
23.036262   5.05180e-01  5.03157e-01   9.752e-01   8.04578e-08  8.35308e-07      -1.14461e+03   1.15836e+03   1.37469e+01      1.113877e-10  1.000000e-05    12685
23.058260   5.05190e-01  5.03146e-01   9.752e-01   8.70861e-08  1.46272e-06      -1.14390e+03   1.15976e+03   1.58577e+01      1.113877e-10  1.000000e-05    12691
23.080676   5.05192e-01  5.03148e-01   9.751e-01   8.43495e-08  4.26845e-06      -1.13819e+03   1.16483e+03   2.66392e+01      1.113877e-10  1.000000e-05    12697
23.101514   5.05196e-01  5.03148e-01   9.751e-01   8.79169e-08  2.59001e-06      -1.14032e+03   1.16352e+03   2.31908e+01      1.113877e-10  1.000000e-05    12703
23.120049   5.05199e-01  5.03149e-01   9.751e-01   9.29048e-08  4.76941e-06      -1.13876e+03   1.16640e+03   2.76465e+01      1.113877e-10  1.000000e-05    12715
23.137700   5.05205e-01  5.03144e-01   9.751e-01   8.57991e-08  2.36019e-06      -1.14026e+03   1.16513e+03   2.48722e+01      1.113877e-10  1.000000e-05    12721
23.158928   5.05211e-01  5.03138e-01   9.751e-01   9.20243e-08  2.69314e-06      -1.14046e+03   1.16476e+03   2.43032e+01      1.113877e-10  1.000000e-05    12727
23.179284   5.05214e-01  5.03133e-01   9.750e-01   8.75364e-08  2.68268e-06      -1.14039e+03   1.16428e+03   2.38944e+01      1.113877e-10  1.000000e-05    12733
23.201581   5.05214e-01  5.03133e-01   9.750e-01   8.67819e-08  1.69674e-06      -1.14294e+03   1.16117e+03   1.82312e+01      1.113877e-10  1.000000e-05    12739
23.224914   5.05217e-01  5.03133e-01   9.750e-01   9.01357e-08  1.97940e-06      -1.14267e+03   1.16212e+03   1.94505e+01      1.113877e-10  1.000000e-05    12745
23.247884   5.05225e-01  5.03122e-01   9.749e-01   7.85106e-08  1.30818e-06      -1.14254e+03   1.16283e+03   2.02820e+01      1.113877e-10  1.000000e-05    12751
23.271544   5.05232e-01  5.03125e-01   9.749e-01   8.12317e-08  1.43742e-06      -1.14289e+03   1.16247e+03   1.95785e+01      1.113877e-10  1.000000e-05    12757
23.294133   5.05237e-01  5.03122e-01   9.748e-01   8.79452e-08  1.49315e-06      -1.14142e+03   1.16343e+03   2.20073e+01      1.113877e-10  1.000000e-05    12763
23.315865   5.05242e-01  5.03120e-01   9.748e-01   8.54155e-08  9.60412e-07      -1.14023e+03   1.16388e+03   2.36476e+01      1.113877e-10  1.000000e-05    12769
23.338496   5.05252e-01  5.03111e-01   9.748e-01   7.88121e-08  1.58593e-06      -1.14008e+03   1.16251e+03   2.24240e+01      1.113877e-10  1.000000e-05    12775
23.360776   5.05262e-01  5.03102e-01   9.747e-01   8.47212e-08  1.89225e-06      -1.13859e+03   1.16394e+03   2.53443e+01      1.113877e-10  1.000000e-05    12781
23.383123   5.05274e-01  5.03090e-01   9.747e-01   7.94616e-08  2.09519e-06      -1.13858e+03   1.16490e+03   2.63138e+01      1.113877e-10  1.000000e-05    12787
23.402930   5.05281e-01  5.03089e-01   9.747e-01   8.15088e-08  1.86946e-06      -1.14097e+03   1.16028e+03   1.93127e+01      1.113877e-10  1.000000e-05    12799
23.421797   5.05284e-01  5.03091e-01   9.746e-01   8.90887e-08  5.59239e-06      -1.13978e+03   1.16090e+03   2.11198e+01      1.113877e-10  1.000000e-05    12805
23.439327   5.05289e-01  5.03088e-01   9.746e-01   8.47707e-08  4.32104e-06      -1.14128e+03   1.15922e+03   1.79468e+01      1.113877e-10  1.000000e-05    12811
23.458318   5.05294e-01  5.03081e-01   9.746e-01   9.56676e-08  3.39400e-06      -1.14067e+03   1.15864e+03   1.79660e+01      1.113877e-10  1.000000e-05    12817
23.476871   5.05300e-01  5.03077e-01   9.746e-01   8.87264e-08  3.08367e-06      -1.14154e+03   1.15867e+03   1.71259e+01      1.113877e-10  1.000000e-05    12823
23.498228   5.05310e-01  5.03072e-01   9.746e-01   8.62931e-08  1.67653e-06      -1.14077e+03   1.16066e+03   1.98887e+01      1.113877e-10  1.000000e-05    12829
23.519059   5.05307e-01  5.03078e-01   9.746e-01   8.30355e-08  1.37731e-06      -1.14200e+03   1.15944e+03   1.74392e+01      1.113877e-10  1.000000e-05    12835
23.540209   5.05311e-01  5.03075e-01   9.746e-01   8.08450e-08  1.12027e-06      -1.14181e+03   1.15986e+03   1.80583e+01      1.113877e-10  1.000000e-05    12841
23.562459   5.05304e-01  5.03075e-01   9.745e-01   7.50554e-08  2.56756e-06      -1.14185e+03   1.16077e+03   1.89215e+01      1.113877e-10  1.000000e-05    12847
23.582917   5.05303e-01  5.03079e-01   9.745e-01   7.61066e-08  3.46514e-06      -1.14243e+03   1.15960e+03   1.71715e+01      1.113877e-10  1.000000e-05    12853
23.604252   5.05307e-01  5.03078e-01   9.744e-01   8.05208e-08  3.10453e-06      -1.14272e+03   1.15967e+03   1.69427e+01      1.113877e-10  1.000000e-05    12859
23.626272   5.05305e-01  5.03082e-01   9.744e-01   8.63864e-08  1.75356e-06      -1.14330e+03   1.15930e+03   1.59956e+01      1.113877e-10  1.000000e-05    12865
23.649217   5.05302e-01  5.03089e-01   9.744e-01   8.77048e-08  1.24365e-06      -1.14226e+03   1.16053e+03   1.82636e+01      1.113877e-10  1.000000e-05    12871
23.672681   5.05301e-01  5.03090e-01   9.744e-01   7.50522e-08  3.64869e-06      -1.14556e+03   1.15660e+03   1.10412e+01      1.113877e-10  1.000000e-05    12877
23.694534   5.05316e-01  5.03076e-01   9.743e-01   8.01239e-08  1.84744e-06      -1.14516e+03   1.15676e+03   1.16053e+01      1.113877e-10  1.000000e-05    12883
23.715695   5.05318e-01  5.03074e-01   9.743e-01   7.53991e-08  2.94537e-06      -1.14554e+03   1.15893e+03   1.33839e+01      1.113877e-10  1.000000e-05    12889
23.731672   5.05320e-01  5.03073e-01   9.743e-01   7.60080e-08  2.24960e-06      -1.14686e+03   1.15796e+03   1.11070e+01      1.113877e-10  1.000000e-05    12907
23.746530   5.05325e-01  5.03069e-01   9.743e-01   8.42656e-08  1.84200e-06      -1.14640e+03   1.15741e+03   1.10121e+01      1.113877e-10  1.000000e-05    12913
23.762970   5.05328e-01  5.03067e-01   9.743e-01   7.74054e-08  1.84490e-06      -1.14608e+03   1.15691e+03   1.08297e+01      1.113877e-10  1.000000e-05    12919
23.783510   5.05332e-01  5.03062e-01   9.742e-01   7.53265e-08  2.63628e-06      -1.14546e+03   1.15669e+03   1.12331e+01      1.113877e-10  1.000000e-05    12925
23.804539   5.05337e-01  5.03057e-01   9.742e-01   8.18814e-08  9.40690e-07      -1.14539e+03   1.15597e+03   1.05809e+01      1.113877e-10  1.000000e-05    12931
23.826195   5.05340e-01  5.03055e-01   9.742e-01   8.16397e-08  1.33804e-06      -1.14598e+03   1.15468e+03   8.70283e+00      1.113877e-10  1.000000e-05    12937
23.849075   5.05342e-01  5.03045e-01   9.742e-01   7.57293e-08  2.05674e-06      -1.14766e+03   1.15261e+03   4.95590e+00      1.113877e-10  1.000000e-05    12943
23.870904   5.05349e-01  5.03035e-01   9.742e-01   7.89245e-08  1.35353e-06      -1.14915e+03   1.15032e+03   1.16506e+00      1.113877e-10  1.000000e-05    12949
23.894666   5.05349e-01  5.03034e-01   9.742e-01   7.77205e-08  9.60629e-07      -1.15008e+03   1.14881e+03  -1.27299e+00      1.113877e-10  1.000000e-05    12955
23.920049   5.05354e-01  5.03031e-01   9.742e-01   7.97784e-08  9.54067e-07      -1.14869e+03   1.14917e+03   4.76174e-01      1.113877e-10  1.000000e-05    12961
23.944808   5.05361e-01  5.03021e-01   9.742e-01   8.46999e-08  1.70033e-06      -1.14988e+03   1.14806e+03  -1.81304e+00      1.113877e-10  1.000000e-05    12967
23.969428   5.05351e-01  5.03030e-01   9.742e-01   7.61728e-08  9.70261e-07      -1.14729e+03   1.14985e+03   2.56148e+00      1.113877e-10  1.000000e-05    12973
23.993279   5.05354e-01  5.03032e-01   9.741e-01   7.11405e-08  9.70165e-07      -1.14577e+03   1.15034e+03   4.57437e+00      1.113877e-10  1.000000e-05    12979
24.013484   5.05345e-01  5.03044e-01   9.741e-01   9.09633e-08  3.73006e-06      -1.14509e+03   1.15024e+03   5.14946e+00      1.113877e-10  1.000000e-05    12991
24.032519   5.05353e-01  5.03034e-01   9.741e-01   8.21535e-08  2.31590e-06      -1.14617e+03   1.14876e+03   2.58851e+00      1.113877e-10  1.000000e-05    12997
24.053719   5.05360e-01  5.03027e-01   9.741e-01   7.65740e-08  1.57648e-06      -1.14870e+03   1.14737e+03  -1.32746e+00      1.113877e-10  1.000000e-05    13003
24.076584   5.05370e-01  5.03017e-01   9.741e-01   7.78513e-08  1.62201e-06      -1.15062e+03   1.14679e+03  -3.82157e+00      1.113877e-10  1.000000e-05    13009
24.099553   5.05372e-01  5.03008e-01   9.740e-01   8.14772e-08  1.29180e-06      -1.14975e+03   1.14850e+03  -1.24409e+00      1.113877e-10  1.000000e-05    13015
24.122342   5.05385e-01  5.02991e-01   9.739e-01   8.40345e-08  1.34009e-06      -1.14690e+03   1.15071e+03   3.80906e+00      1.113877e-10  1.000000e-05    13021
24.144789   5.05382e-01  5.02996e-01   9.739e-01   7.88457e-08  1.01003e-06      -1.14404e+03   1.15358e+03   9.53678e+00      1.113877e-10  1.000000e-05    13027
24.165258   5.05353e-01  5.03025e-01   9.739e-01   9.35761e-08  4.23486e-06      -1.14276e+03   1.15413e+03   1.13718e+01      1.113877e-10  1.000000e-05    13033
24.184407   5.05357e-01  5.03020e-01   9.739e-01   8.37776e-08  2.04705e-06      -1.14500e+03   1.15173e+03   6.72972e+00      1.113877e-10  1.000000e-05    13039
24.205339   5.05366e-01  5.03008e-01   9.739e-01   8.63367e-08  1.86624e-06      -1.14621e+03   1.15028e+03   4.06410e+00      1.113877e-10  1.000000e-05    13045
24.226792   5.05369e-01  5.03005e-01   9.739e-01   7.46546e-08  1.63312e-06      -1.14593e+03   1.15076e+03   4.82335e+00      1.113877e-10  1.000000e-05    13051
24.249795   5.05368e-01  5.03004e-01   9.739e-01   7.26446e-08  1.84651e-06      -1.14767e+03   1.14808e+03   4.04747e-01      1.113877e-10  1.000000e-05    13057
24.273240   5.05375e-01  5.02997e-01   9.739e-01   7.54564e-08  1.31390e-06      -1.14577e+03   1.14987e+03   4.09429e+00      1.113877e-10  1.000000e-05    13063
24.296568   5.05385e-01  5.02986e-01   9.738e-01   7.59289e-08  1.46907e-06      -1.14775e+03   1.14885e+03   1.10117e+00      1.113877e-10  1.000000e-05    13069
24.319541   5.05401e-01  5.02965e-01   9.738e-01   7.62016e-08  1.84320e-06      -1.15022e+03   1.14567e+03  -4.55021e+00      1.113877e-10  1.000000e-05    13075
24.342791   5.05404e-01  5.02964e-01   9.738e-01   8.34590e-08  1.59421e-06      -1.14959e+03   1.14541e+03  -4.17365e+00      1.113877e-10  1.000000e-05    13081
24.365955   5.05435e-01  5.02934e-01   9.737e-01   8.40945e-08  1.38198e-06      -1.15065e+03   1.14388e+03  -6.76826e+00      1.113877e-10  1.000000e-05    13087
24.389149   5.05432e-01  5.02934e-01   9.737e-01   8.77252e-08  1.03964e-06      -1.15531e+03   1.14073e+03  -1.45762e+01      1.113877e-10  1.000000e-05    13093
24.410293   5.05438e-01  5.02921e-01   9.737e-01   7.86696e-08  3.80908e-06      -1.15679e+03   1.13762e+03  -1.91761e+01      1.113877e-10  1.000000e-05    13099
24.428794   5.05437e-01  5.02923e-01   9.737e-01   7.76147e-08  2.88115e-06      -1.15326e+03   1.13992e+03  -1.33419e+01      1.113877e-10  1.000000e-05    13111
24.446089   5.05444e-01  5.02914e-01   9.736e-01   8.48265e-08  3.13862e-06      -1.15403e+03   1.13915e+03  -1.48748e+01      1.113877e-10  1.000000e-05    13117
24.466384   5.05445e-01  5.02908e-01   9.736e-01   8.93734e-08  2.17232e-06      -1.15344e+03   1.13986e+03  -1.35821e+01      1.113877e-10  1.000000e-05    13123
24.485581   5.05445e-01  5.02905e-01   9.736e-01   9.31793e-08  5.96113e-06      -1.15317e+03   1.13869e+03  -1.44808e+01      1.113877e-10  1.000000e-05    13129
24.505681   5.05457e-01  5.02892e-01   9.736e-01   9.43074e-08  1.75937e-06      -1.15216e+03   1.14016e+03  -1.19993e+01      1.113877e-10  1.000000e-05    13135
24.526271   5.05459e-01  5.02886e-01   9.736e-01   8.42423e-08  1.57324e-06      -1.15244e+03   1.13989e+03  -1.25508e+01      1.113877e-10  1.000000e-05    13141
24.547066   5.05484e-01  5.02831e-01   9.733e-01   8.53962e-08  9.91881e-06      -1.15654e+03   1.14075e+03  -1.57920e+01      1.113877e-10  1.000000e-05    13147
24.566231   5.05486e-01  5.02823e-01   9.733e-01   8.91458e-08  8.40798e-06      -1.15701e+03   1.14125e+03  -1.57555e+01      1.113877e-10  1.000000e-05    13153
24.586875   5.05493e-01  5.02812e-01   9.732e-01   8.52865e-08  3.89067e-06      -1.15577e+03   1.14293e+03  -1.28429e+01      1.113877e-10  1.000000e-05    13159
24.606711   5.05501e-01  5.02800e-01   9.731e-01   9.11507e-08  4.83744e-06      -1.15598e+03   1.14180e+03  -1.41726e+01      1.113877e-10  1.000000e-05    13165
24.626868   5.05503e-01  5.02793e-01   9.731e-01   8.71698e-08  3.27938e-06      -1.15482e+03   1.14281e+03  -1.20120e+01      1.113877e-10  1.000000e-05    13171
24.646260   5.05511e-01  5.02779e-01   9.731e-01   8.31592e-08  4.65978e-06      -1.15394e+03   1.14266e+03  -1.12757e+01      1.113877e-10  1.000000e-05    13177
24.667166   5.05513e-01  5.02774e-01   9.731e-01   7.82932e-08  2.85797e-06      -1.15290e+03   1.14352e+03  -9.37945e+00      1.113877e-10  1.000000e-05    13183
24.686780   5.05517e-01  5.02766e-01   9.730e-01   8.17351e-08  1.92131e-06      -1.15167e+03   1.14424e+03  -7.43122e+00      1.113877e-10  1.000000e-05    13189
24.707966   5.05521e-01  5.02759e-01   9.730e-01   7.86962e-08  2.05109e-06      -1.15002e+03   1.14401e+03  -6.01869e+00      1.113877e-10  1.000000e-05    13195
24.728745   5.05526e-01  5.02753e-01   9.730e-01   7.56613e-08  2.14836e-06      -1.14959e+03   1.14403e+03  -5.55570e+00      1.113877e-10  1.000000e-05    13201
24.751828   5.05525e-01  5.02754e-01   9.730e-01   7.34973e-08  1.50222e-06      -1.15089e+03   1.14297e+03  -7.91669e+00      1.113877e-10  1.000000e-05    13207
24.774589   5.05525e-01  5.02755e-01   9.729e-01   7.66876e-08  1.18192e-06      -1.15177e+03   1.14104e+03  -1.07234e+01      1.113877e-10  1.000000e-05    13213
24.799048   5.05541e-01  5.02736e-01   9.729e-01   6.88261e-08  9.47457e-07      -1.15222e+03   1.14122e+03  -1.10046e+01      1.113877e-10  1.000000e-05    13219
24.818894   5.05531e-01  5.02745e-01   9.729e-01   8.44470e-08  1.81744e-05      -1.14906e+03   1.14156e+03  -7.50034e+00      1.113877e-10  1.000000e-05    13231
24.837421   5.05533e-01  5.02742e-01   9.729e-01   7.95178e-08  3.61145e-06      -1.14899e+03   1.14100e+03  -7.98795e+00      1.113877e-10  1.000000e-05    13237
24.857244   5.05525e-01  5.02748e-01   9.728e-01   6.82685e-08  1.06732e-06      -1.14883e+03   1.14040e+03  -8.43668e+00      1.113877e-10  1.000000e-05    13243
24.876684   5.05528e-01  5.02742e-01   9.728e-01   8.11925e-08  1.13501e-06      -1.14909e+03   1.13981e+03  -9.27941e+00      1.113877e-10  1.000000e-05    13249
24.897101   5.05531e-01  5.02733e-01   9.728e-01   9.01710e-08  4.48264e-06      -1.14796e+03   1.14070e+03  -7.25564e+00      1.113877e-10  1.000000e-05    13261
24.914828   5.05535e-01  5.02725e-01   9.728e-01   7.78632e-08  1.01136e-06      -1.14646e+03   1.14229e+03  -4.16575e+00      1.113877e-10  1.000000e-05    13273
24.931942   5.05541e-01  5.02720e-01   9.728e-01   8.32000e-08  8.91259e-07      -1.14552e+03   1.14292e+03  -2.60764e+00      1.113877e-10  1.000000e-05    13279
24.952395   5.05546e-01  5.02715e-01   9.728e-01   8.92209e-08  1.13150e-06      -1.14499e+03   1.14280e+03  -2.19227e+00      1.113877e-10  1.000000e-05    13285
24.974398   5.05542e-01  5.02715e-01   9.727e-01   8.02254e-08  1.01938e-06      -1.14442e+03   1.14489e+03   4.63988e-01      1.113877e-10  1.000000e-05    13291
24.996809   5.05553e-01  5.02706e-01   9.727e-01   8.00211e-08  1.55649e-06      -1.14282e+03   1.14630e+03   3.47096e+00      1.113877e-10  1.000000e-05    13297
25.018659   5.05560e-01  5.02696e-01   9.726e-01   8.03765e-08  1.49618e-06      -1.14501e+03   1.14408e+03  -9.38219e-01      1.113877e-10  1.000000e-05    13303
25.037215   5.05566e-01  5.02687e-01   9.726e-01   8.31987e-08  8.63062e-06      -1.14495e+03   1.14426e+03  -6.89552e-01      1.113877e-10  1.000000e-05    13315
25.054704   5.05570e-01  5.02685e-01   9.726e-01   7.80310e-08  8.54479e-06      -1.14496e+03   1.14363e+03  -1.33591e+00      1.113877e-10  1.000000e-05    13321
25.074979   5.05574e-01  5.02680e-01   9.726e-01   7.91644e-08  2.91623e-06      -1.14432e+03   1.14380e+03  -5.18766e-01      1.113877e-10  1.000000e-05    13327
25.095986   5.05570e-01  5.02685e-01   9.725e-01   7.62255e-08  1.71756e-06      -1.14520e+03   1.14298e+03  -2.22757e+00      1.113877e-10  1.000000e-05    13333
25.119463   5.05581e-01  5.02672e-01   9.726e-01   7.69268e-08  9.31419e-07      -1.14569e+03   1.14209e+03  -3.59800e+00      1.113877e-10  1.000000e-05    13339
25.143907   5.05580e-01  5.02676e-01   9.726e-01   7.58025e-08  7.74256e-07      -1.14379e+03   1.14367e+03  -1.19002e-01      1.113877e-10  1.000000e-05    13345
25.164778   5.05585e-01  5.02670e-01   9.726e-01   8.43413e-08  8.67169e-07      -1.14284e+03   1.14419e+03   1.35208e+00      1.113877e-10  1.000000e-05    13357
25.183902   5.05590e-01  5.02666e-01   9.726e-01   7.42764e-08  1.43258e-06      -1.14445e+03   1.14291e+03  -1.53685e+00      1.113877e-10  1.000000e-05    13363
25.202275   5.05597e-01  5.02658e-01   9.726e-01   7.86553e-08  6.15676e-06      -1.14364e+03   1.14292e+03  -7.18158e-01      1.113877e-10  1.000000e-05    13375
25.219845   5.05601e-01  5.02655e-01   9.725e-01   7.71547e-08  3.45688e-06      -1.14352e+03   1.14236e+03  -1.16534e+00      1.113877e-10  1.000000e-05    13381
25.239537   5.05616e-01  5.02639e-01   9.725e-01   8.05962e-08  2.26199e-06      -1.14269e+03   1.14095e+03  -1.73816e+00      1.113877e-10  1.000000e-05    13387
25.257393   5.05626e-01  5.02629e-01   9.725e-01   8.13638e-08  2.84793e-06      -1.14400e+03   1.13979e+03  -4.21598e+00      1.113877e-10  1.000000e-05    13393
25.278592   5.05633e-01  5.02620e-01   9.725e-01   7.43727e-08  1.61381e-06      -1.14400e+03   1.13955e+03  -4.44822e+00      1.113877e-10  1.000000e-05    13399
25.301170   5.05630e-01  5.02621e-01   9.725e-01   7.56789e-08  1.11495e-06      -1.14452e+03   1.13807e+03  -6.45459e+00      1.113877e-10  1.000000e-05    13405
25.325109   5.05638e-01  5.02608e-01   9.724e-01   7.47552e-08  3.17255e-06      -1.14413e+03   1.14051e+03  -3.61656e+00      1.113877e-10  1.000000e-05    13411
25.348328   5.05642e-01  5.02605e-01   9.724e-01   7.61580e-08  1.83753e-06      -1.14244e+03   1.14007e+03  -2.37154e+00      1.113877e-10  1.000000e-05    13417
25.372284   5.05629e-01  5.02620e-01   9.723e-01   7.53135e-08  1.92287e-06      -1.14233e+03   1.13927e+03  -3.06115e+00      1.113877e-10  1.000000e-05    13423
25.395998   5.05638e-01  5.02610e-01   9.723e-01   6.68919e-08  2.76119e-06      -1.14216e+03   1.13877e+03  -3.39021e+00      1.113877e-10  1.000000e-05    13429
25.418621   5.05640e-01  5.02608e-01   9.723e-01   7.49104e-08  1.40587e-06      -1.14338e+03   1.13713e+03  -6.25019e+00      1.113877e-10  1.000000e-05    13435
25.436872   5.05648e-01  5.02598e-01   9.723e-01   7.87208e-08  1.41047e-06      -1.14425e+03   1.13551e+03  -8.73723e+00      1.113877e-10  1.000000e-05    13447
25.454110   5.05654e-01  5.02591e-01   9.723e-01   7.63261e-08  1.63103e-06      -1.14434e+03   1.13522e+03  -9.12333e+00      1.113877e-10  1.000000e-05    13453
25.474450   5.05657e-01  5.02587e-01   9.723e-01   6.96674e-08  1.32862e-06      -1.14394e+03   1.13547e+03  -8.47265e+00      1.113877e-10  1.000000e-05    13459
25.492778   5.05670e-01  5.02568e-01   9.723e-01   7.77537e-08  1.68381e-06      -1.14372e+03   1.13656e+03  -7.16238e+00      1.113877e-10  1.000000e-05    13465
25.512715   5.05671e-01  5.02564e-01   9.723e-01   8.29980e-08  2.61335e-06      -1.14478e+03   1.13408e+03  -1.06953e+01      1.113877e-10  1.000000e-05    13471
25.534069   5.05676e-01  5.02555e-01   9.722e-01   7.86018e-08  1.04304e-06      -1.14551e+03   1.13412e+03  -1.13973e+01      1.113877e-10  1.000000e-05    13477
25.556694   5.05678e-01  5.02552e-01   9.722e-01   7.98461e-08  9.02105e-07      -1.14346e+03   1.13592e+03  -7.54051e+00      1.113877e-10  1.000000e-05    13483
25.578615   5.05678e-01  5.02551e-01   9.722e-01   7.13767e-08  1.76716e-06      -1.14454e+03   1.13513e+03  -9.40523e+00      1.113877e-10  1.000000e-05    13489
25.600942   5.05695e-01  5.02531e-01   9.721e-01   7.89229e-08  1.40388e-06      -1.14454e+03   1.13577e+03  -8.77209e+00      1.113877e-10  1.000000e-05    13495
25.622860   5.05698e-01  5.02530e-01   9.721e-01   7.66879e-08  1.27416e-06      -1.14544e+03   1.13509e+03  -1.03544e+01      1.113877e-10  1.000000e-05    13501
25.644940   5.05704e-01  5.02523e-01   9.721e-01   7.49195e-08  1.23883e-06      -1.14541e+03   1.13533e+03  -1.00787e+01      1.113877e-10  1.000000e-05    13507
25.668762   5.05691e-01  5.02530e-01   9.720e-01   6.59204e-08  6.22819e-06      -1.14825e+03   1.13131e+03  -1.69351e+01      1.113877e-10  1.000000e-05    13513
25.691203   5.05690e-01  5.02530e-01   9.720e-01   7.38650e-08  9.09859e-07      -1.14774e+03   1.13332e+03  -1.44225e+01      1.113877e-10  1.000000e-05    13519
25.714384   5.05700e-01  5.02520e-01   9.720e-01   7.21978e-08  1.91562e-06      -1.14909e+03   1.13122e+03  -1.78670e+01      1.113877e-10  1.000000e-05    13525
25.737748   5.05706e-01  5.02508e-01   9.719e-01   6.73795e-08  1.27042e-06      -1.14954e+03   1.13092e+03  -1.86138e+01      1.113877e-10  1.000000e-05    13531
25.761625   5.05708e-01  5.02497e-01   9.719e-01   7.51367e-08  1.05003e-06      -1.15163e+03   1.12836e+03  -2.32751e+01      1.113877e-10  1.000000e-05    13537
25.783343   5.05717e-01  5.02485e-01   9.719e-01   7.60507e-08  1.27926e-06      -1.15186e+03   1.12806e+03  -2.37980e+01      1.113877e-10  1.000000e-05    13543
25.806938   5.05736e-01  5.02460e-01   9.718e-01   8.26325e-08  2.42423e-06      -1.15141e+03   1.12818e+03  -2.32253e+01      1.113877e-10  1.000000e-05    13549
25.830235   5.05744e-01  5.02445e-01   9.718e-01   7.81355e-08  1.42018e-05      -1.15660e+03   1.12247e+03  -3.41344e+01      1.113877e-10  1.000000e-05    13555
25.851844   5.05747e-01  5.02430e-01   9.717e-01   8.21237e-08  7.07070e-06      -1.15308e+03   1.12612e+03  -2.69597e+01      1.113877e-10  1.000000e-05    13561
25.872432   5.05750e-01  5.02422e-01   9.716e-01   8.08482e-08  4.43961e-06      -1.15407e+03   1.12700e+03  -2.70741e+01      1.113877e-10  1.000000e-05    13567
25.891731   5.05754e-01  5.02416e-01   9.716e-01   7.99784e-08  3.65854e-06      -1.15265e+03   1.12750e+03  -2.51447e+01      1.113877e-10  1.000000e-05    13573
25.909212   5.05756e-01  5.02412e-01   9.716e-01   7.39504e-08  2.22945e-06      -1.15193e+03   1.12832e+03  -2.36027e+01      1.113877e-10  1.000000e-05    13579
25.929825   5.05768e-01  5.02388e-01   9.716e-01   7.09117e-08  1.77898e-06      -1.15194e+03   1.12760e+03  -2.43350e+01      1.113877e-10  1.000000e-05    13585
25.951268   5.05781e-01  5.02366e-01   9.716e-01   7.74595e-08  1.35329e-06      -1.15105e+03   1.12985e+03  -2.11962e+01      1.113877e-10  1.000000e-05    13591
25.972260   5.05790e-01  5.02356e-01   9.716e-01   7.73368e-08  2.89619e-06      -1.14819e+03   1.13245e+03  -1.57323e+01      1.113877e-10  1.000000e-05    13597
25.991890   5.05807e-01  5.02335e-01   9.716e-01   7.04657e-08  1.85900e-06      -1.14783e+03   1.13283e+03  -1.50050e+01      1.113877e-10  1.000000e-05    13603
26.013414   5.05790e-01  5.02349e-01   9.716e-01   7.58313e-08  1.33561e-06      -1.14910e+03   1.13178e+03  -1.73157e+01      1.113877e-10  1.000000e-05    13609
26.031346   5.05788e-01  5.02353e-01   9.716e-01   8.47586e-08  5.99049e-06      -1.14807e+03   1.13183e+03  -1.62409e+01      1.113877e-10  1.000000e-05    13621
26.048340   5.05791e-01  5.02348e-01   9.715e-01   7.95374e-08  3.36489e-06      -1.14890e+03   1.13085e+03  -1.80544e+01      1.113877e-10  1.000000e-05    13627
26.068474   5.05793e-01  5.02343e-01   9.715e-01   7.62884e-08  3.20069e-06      -1.14901e+03   1.12930e+03  -1.97077e+01      1.113877e-10  1.000000e-05    13633
26.083601   5.05796e-01  5.02337e-01   9.715e-01   9.04891e-08  1.77278e-06      -1.14843e+03   1.12927e+03  -1.91555e+01      1.113877e-10  1.000000e-05    13651
26.098216   5.05797e-01  5.02334e-01   9.715e-01   8.72166e-08  2.36996e-06      -1.14820e+03   1.12960e+03  -1.86002e+01      1.113877e-10  1.000000e-05    13657
26.115584   5.05803e-01  5.02325e-01   9.715e-01   8.81866e-08  2.13798e-06      -1.14858e+03   1.12936e+03  -1.92215e+01      1.113877e-10  1.000000e-05    13663
26.134497   5.05805e-01  5.02320e-01   9.715e-01   7.77728e-08  1.44192e-06      -1.14772e+03   1.12953e+03  -1.81856e+01      1.113877e-10  1.000000e-05    13669
26.155938   5.05796e-01  5.02325e-01   9.715e-01   7.57345e-08  1.06623e-06      -1.14683e+03   1.12988e+03  -1.69474e+01      1.113877e-10  1.000000e-05    13675
26.175032   5.05794e-01  5.02324e-01   9.715e-01   8.18925e-08  2.97249e-06      -1.14611e+03   1.12970e+03  -1.64101e+01      1.113877e-10  1.000000e-05    13687
26.193020   5.05796e-01  5.02321e-01   9.714e-01   7.85520e-08  1.81830e-06      -1.14678e+03   1.12922e+03  -1.75578e+01      1.113877e-10  1.000000e-05    13693
26.214149   5.05798e-01  5.02321e-01   9.714e-01   7.89795e-08  1.98740e-06      -1.14515e+03   1.13011e+03  -1.50361e+01      1.113877e-10  1.000000e-05    13699
26.235476   5.05802e-01  5.02312e-01   9.714e-01   8.05760e-08  1.21148e-06      -1.14596e+03   1.12831e+03  -1.76454e+01      1.113877e-10  1.000000e-05    13705
26.255144   5.05805e-01  5.02307e-01   9.714e-01   8.08281e-08  1.12041e-06      -1.14528e+03   1.12916e+03  -1.61206e+01      1.113877e-10  1.000000e-05    13711
26.274136   5.05812e-01  5.02298e-01   9.713e-01   7.91690e-08  6.49961e-06      -1.14261e+03   1.13111e+03  -1.14976e+01      1.113877e-10  1.000000e-05    13723
26.292423   5.05820e-01  5.02287e-01   9.713e-01   7.67647e-08  2.39269e-06      -1.14310e+03   1.13151e+03  -1.15941e+01      1.113877e-10  1.000000e-05    13729
26.313223   5.05822e-01  5.02282e-01   9.713e-01   8.14829e-08  5.57503e-06      -1.13995e+03   1.13304e+03  -6.91081e+00      1.113877e-10  1.000000e-05    13735
26.332549   5.05820e-01  5.02281e-01   9.713e-01   7.09584e-08  1.83438e-06      -1.13916e+03   1.13363e+03  -5.53534e+00      1.113877e-10  1.000000e-05    13741
26.353760   5.05823e-01  5.02278e-01   9.713e-01   7.55269e-08  1.60977e-06      -1.13807e+03   1.13458e+03  -3.49056e+00      1.113877e-10  1.000000e-05    13747
26.372692   5.05823e-01  5.02278e-01   9.713e-01   8.17717e-08  1.44045e-06      -1.13974e+03   1.13315e+03  -6.59236e+00      1.113877e-10  1.000000e-05    13759
26.390737   5.05828e-01  5.02269e-01   9.712e-01   7.26804e-08  6.24728e-06      -1.14087e+03   1.13186e+03  -9.01434e+00      1.113877e-10  1.000000e-05    13765
26.409698   5.05827e-01  5.02272e-01   9.712e-01   7.92695e-08  3.91613e-06      -1.14152e+03   1.13186e+03  -9.66134e+00      1.113877e-10  1.000000e-05    13771
26.429303   5.05830e-01  5.02267e-01   9.712e-01   7.65813e-08  4.10154e-06      -1.14203e+03   1.13246e+03  -9.57578e+00      1.113877e-10  1.000000e-05    13777
26.450462   5.05827e-01  5.02265e-01   9.712e-01   7.74744e-08  1.79512e-06      -1.14370e+03   1.13195e+03  -1.17513e+01      1.113877e-10  1.000000e-05    13783
26.473244   5.05823e-01  5.02268e-01   9.711e-01   7.57653e-08  1.12783e-06      -1.14359e+03   1.13281e+03  -1.07718e+01      1.113877e-10  1.000000e-05    13789
26.496074   5.05826e-01  5.02257e-01   9.711e-01   7.15467e-08  1.22200e-06      -1.14535e+03   1.13031e+03  -1.50459e+01      1.113877e-10  1.000000e-05    13795
26.519128   5.05840e-01  5.02236e-01   9.711e-01   8.02388e-08  2.90614e-06      -1.14735e+03   1.12641e+03  -2.09466e+01      1.113877e-10  1.000000e-05    13801
26.541055   5.05848e-01  5.02224e-01   9.711e-01   7.72870e-08  2.88959e-06      -1.14694e+03   1.12633e+03  -2.06163e+01      1.113877e-10  1.000000e-05    13807
26.562923   5.05855e-01  5.02212e-01   9.711e-01   8.37150e-08  2.00885e-06      -1.14628e+03   1.12813e+03  -1.81478e+01      1.113877e-10  1.000000e-05    13813
26.584100   5.05858e-01  5.02206e-01   9.711e-01   8.19679e-08  4.15688e-06      -1.14679e+03   1.12726e+03  -1.95312e+01      1.113877e-10  1.000000e-05    13819
26.604223   5.05863e-01  5.02199e-01   9.710e-01   8.38825e-08  1.58268e-06      -1.14683e+03   1.12728e+03  -1.95582e+01      1.113877e-10  1.000000e-05    13825
26.626335   5.05869e-01  5.02187e-01   9.710e-01   8.08639e-08  2.97056e-06      -1.14738e+03   1.12703e+03  -2.03482e+01      1.113877e-10  1.000000e-05    13831
26.647467   5.05863e-01  5.02193e-01   9.709e-01   8.46351e-08  1.95480e-06      -1.14361e+03   1.12984e+03  -1.37703e+01      1.113877e-10  1.000000e-05    13837
26.668490   5.05867e-01  5.02185e-01   9.709e-01   9.40532e-08  1.37725e-06      -1.14321e+03   1.12972e+03  -1.34921e+01      1.113877e-10  1.000000e-05    13843
26.690067   5.05877e-01  5.02168e-01   9.709e-01   1.01133e-07  1.20861e-06      -1.14407e+03   1.12859e+03  -1.54843e+01      1.113877e-10  1.000000e-05    13849
26.711232   5.05874e-01  5.02169e-01   9.708e-01   9.82626e-08  1.23622e-06      -1.14534e+03   1.12781e+03  -1.75236e+01      1.113877e-10  1.000000e-05    13855
26.733596   5.05877e-01  5.02165e-01   9.708e-01   9.61534e-08  9.49381e-07      -1.14649e+03   1.12783e+03  -1.86546e+01      1.113877e-10  1.000000e-05    13861
26.754955   5.05869e-01  5.02160e-01   9.707e-01   8.79265e-08  8.21811e-07      -1.14717e+03   1.12711e+03  -2.00523e+01      1.113877e-10  1.000000e-05    13867
26.777087   5.05888e-01  5.02138e-01   9.707e-01   8.64013e-08  8.84132e-07      -1.14823e+03   1.12604e+03  -2.21908e+01      1.113877e-10  1.000000e-05    13873
26.796133   5.05896e-01  5.02125e-01   9.707e-01   8.70714e-08  1.09256e-06      -1.14692e+03   1.12669e+03  -2.02388e+01      1.113877e-10  1.000000e-05    13885
26.813995   5.05899e-01  5.02120e-01   9.707e-01   8.26257e-08  1.32732e-06      -1.14651e+03   1.12643e+03  -2.00835e+01      1.113877e-10  1.000000e-05    13891
26.834965   5.05909e-01  5.02106e-01   9.706e-01   8.12005e-08  2.87738e-06      -1.14641e+03   1.12597e+03  -2.04361e+01      1.113877e-10  1.000000e-05    13897
26.857769   5.05924e-01  5.02085e-01   9.706e-01   8.56969e-08  1.85205e-06      -1.14499e+03   1.12713e+03  -1.78605e+01      1.113877e-10  1.000000e-05    13903
26.880475   5.05920e-01  5.02087e-01   9.706e-01   7.99928e-08  1.42668e-06      -1.14387e+03   1.12879e+03  -1.50794e+01      1.113877e-10  1.000000e-05    13909
26.902825   5.05913e-01  5.02090e-01   9.706e-01   7.59037e-08  1.25433e-06      -1.14204e+03   1.12902e+03  -1.30162e+01      1.113877e-10  1.000000e-05    13915
26.926581   5.05928e-01  5.02069e-01   9.705e-01   7.61189e-08  1.00729e-06      -1.14292e+03   1.12763e+03  -1.52999e+01      1.113877e-10  1.000000e-05    13921
26.950426   5.05944e-01  5.02050e-01   9.704e-01   6.97917e-08  7.54894e-07      -1.14249e+03   1.12888e+03  -1.36041e+01      1.113877e-10  1.000000e-05    13927
26.975109   5.05943e-01  5.02046e-01   9.703e-01   7.61914e-08  8.32496e-07      -1.14491e+03   1.12953e+03  -1.53751e+01      1.113877e-10  1.000000e-05    13933
26.996910   5.05953e-01  5.02034e-01   9.703e-01   7.84876e-08  8.36311e-07      -1.14543e+03   1.12837e+03  -1.70620e+01      1.113877e-10  1.000000e-05    13945
27.017900   5.05962e-01  5.02021e-01   9.703e-01   8.06846e-08  8.94217e-07      -1.14506e+03   1.12875e+03  -1.63084e+01      1.113877e-10  1.000000e-05    13951
27.038821   5.05966e-01  5.02011e-01   9.703e-01   7.40920e-08  7.96300e-07      -1.14563e+03   1.12783e+03  -1.77932e+01      1.113877e-10  1.000000e-05    13957
27.061396   5.05970e-01  5.02004e-01   9.702e-01   8.00185e-08  1.31291e-06      -1.14596e+03   1.12814e+03  -1.78180e+01      1.113877e-10  1.000000e-05    13963
27.082767   5.05979e-01  5.01990e-01   9.702e-01   8.87505e-08  1.50990e-06      -1.14682e+03   1.12583e+03  -2.09877e+01      1.113877e-10  1.000000e-05    13969
27.101185   5.05985e-01  5.01978e-01   9.703e-01   8.99852e-08  8.23239e-06      -1.14893e+03   1.12356e+03  -2.53649e+01      1.113877e-10  1.000000e-05    13981
27.118861   5.05994e-01  5.01966e-01   9.703e-01   7.91380e-08  5.00954e-06      -1.14860e+03   1.12367e+03  -2.49248e+01      1.113877e-10  1.000000e-05    13987
27.136217   5.05980e-01  5.01979e-01   9.703e-01   6.58116e-08  1.37510e-06      -1.14675e+03   1.12455e+03  -2.22050e+01      2.227754e-11  1.000000e-05    13999
27.152883   5.05985e-01  5.01969e-01   9.702e-01   6.13325e-08  1.72880e-06      -1.14541e+03   1.12465e+03  -2.07588e+01      2.227754e-11  1.000000e-05    14005
27.168720   5.05996e-01  5.01956e-01   9.702e-01   6.49604e-08  1.94685e-06      -1.14886e+03   1.12145e+03  -2.74051e+01      2.227754e-11  1.000000e-05    14011
27.183062   5.05993e-01  5.01958e-01   9.701e-01   6.26968e-08  1.45708e-06      -1.14930e+03   1.12096e+03  -2.83399e+01      2.227754e-11  1.000000e-05    14017
27.198421   5.05992e-01  5.01952e-01   9.701e-01   6.59555e-08  7.09695e-06      -1.15216e+03   1.11775e+03  -3.44134e+01      2.227754e-11  1.000000e-05    14023
27.213289   5.05998e-01  5.01946e-01   9.701e-01   6.80128e-08  4.85012e-06      -1.15043e+03   1.12022e+03  -3.02143e+01      2.227754e-11  1.000000e-05    14029
27.228137   5.06006e-01  5.01936e-01   9.701e-01   6.47042e-08  3.16961e-06      -1.14936e+03   1.12125e+03  -2.81112e+01      2.227754e-11  1.000000e-05    14035
27.243509   5.05993e-01  5.01951e-01   9.701e-01   7.18914e-08  2.20537e-06      -1.14796e+03   1.12267e+03  -2.52901e+01      2.227754e-11  1.000000e-05    14041
27.259272   5.05999e-01  5.01943e-01   9.701e-01   6.77645e-08  1.11606e-06      -1.14698e+03   1.12357e+03  -2.34033e+01      2.227754e-11  1.000000e-05    14047
27.275837   5.05996e-01  5.01946e-01   9.701e-01   7.40106e-08  1.50014e-06      -1.14621e+03   1.12365e+03  -2.25650e+01      2.227754e-11  1.000000e-05    14053
27.291944   5.05984e-01  5.01954e-01   9.700e-01   6.73363e-08  1.57130e-06      -1.14707e+03   1.12340e+03  -2.36770e+01      2.227754e-11  1.000000e-05    14059
27.308338   5.05998e-01  5.01936e-01   9.700e-01   6.86891e-08  3.49039e-06      -1.14645e+03   1.12244e+03  -2.40086e+01      2.227754e-11  1.000000e-05    14065
27.323628   5.05999e-01  5.01933e-01   9.701e-01   6.58446e-08  1.94184e-06      -1.14613e+03   1.12212e+03  -2.40143e+01      2.227754e-11  1.000000e-05    14071
27.340156   5.06015e-01  5.01912e-01   9.701e-01   6.35354e-08  1.75489e-06      -1.14733e+03   1.12006e+03  -2.72614e+01      2.227754e-11  1.000000e-05    14077
27.356986   5.06041e-01  5.01882e-01   9.701e-01   7.03256e-08  6.66152e-06      -1.14582e+03   1.12161e+03  -2.42048e+01      2.227754e-11  1.000000e-05    14083
27.367765   5.06042e-01  5.01879e-01   9.701e-01   7.55794e-08  6.73076e-06      -1.14554e+03   1.12137e+03  -2.41736e+01      2.227754e-11  1.000000e-05    14101
27.377975   5.06046e-01  5.01874e-01   9.701e-01   6.74946e-08  5.14239e-06      -1.14581e+03   1.12081e+03  -2.49979e+01      2.227754e-11  1.000000e-05    14107
27.389562   5.06047e-01  5.01873e-01   9.701e-01   7.41645e-08  3.76999e-06      -1.14488e+03   1.12172e+03  -2.31684e+01      2.227754e-11  1.000000e-05    14113
27.402399   5.06048e-01  5.01868e-01   9.701e-01   7.27620e-08  3.04304e-06      -1.14512e+03   1.12095e+03  -2.41748e+01      2.227754e-11  1.000000e-05    14119
27.416388   5.06049e-01  5.01864e-01   9.700e-01   7.23130e-08  1.81674e-06      -1.14452e+03   1.12132e+03  -2.32046e+01      2.227754e-11  1.000000e-05    14125
27.430989   5.06056e-01  5.01857e-01   9.700e-01   7.17034e-08  2.38657e-06      -1.14179e+03   1.12386e+03  -1.79334e+01      2.227754e-11  1.000000e-05    14131
27.445388   5.06056e-01  5.01854e-01   9.700e-01   7.82286e-08  2.70127e-06      -1.14003e+03   1.12501e+03  -1.50252e+01      2.227754e-11  1.000000e-05    14137
27.460153   5.06058e-01  5.01849e-01   9.701e-01   7.00626e-08  2.76736e-06      -1.13933e+03   1.12579e+03  -1.35471e+01      2.227754e-11  1.000000e-05    14143
27.474573   5.06062e-01  5.01845e-01   9.700e-01   7.91335e-08  2.07925e-06      -1.13795e+03   1.12819e+03  -9.75383e+00      2.227754e-11  1.000000e-05    14149
27.489150   5.06060e-01  5.01848e-01   9.700e-01   7.44150e-08  2.18460e-06      -1.13876e+03   1.12681e+03  -1.19512e+01      2.227754e-11  1.000000e-05    14155
27.504467   5.06070e-01  5.01831e-01   9.700e-01   7.16396e-08  1.83525e-06      -1.14008e+03   1.12538e+03  -1.47058e+01      2.227754e-11  1.000000e-05    14161
27.520927   5.06068e-01  5.01828e-01   9.700e-01   7.30387e-08  1.44679e-06      -1.14027e+03   1.12544e+03  -1.48308e+01      2.227754e-11  1.000000e-05    14167
27.534719   5.06056e-01  5.01841e-01   9.700e-01   7.74761e-08  6.00210e-06      -1.13975e+03   1.12563e+03  -1.41169e+01      2.227754e-11  1.000000e-05    14179
27.547643   5.06059e-01  5.01834e-01   9.699e-01   7.76615e-08  1.83326e-06      -1.14071e+03   1.12549e+03  -1.52182e+01      2.227754e-11  1.000000e-05    14185
27.560900   5.06058e-01  5.01836e-01   9.699e-01   6.76555e-08  1.08958e-06      -1.13948e+03   1.12660e+03  -1.28875e+01      2.227754e-11  1.000000e-05    14191
27.572958   5.06059e-01  5.01837e-01   9.699e-01   6.89436e-08  2.20613e-06      -1.13866e+03   1.12747e+03  -1.11888e+01      2.227754e-11  1.000000e-05    14203
27.584082   5.06060e-01  5.01835e-01   9.699e-01   7.05246e-08  2.27560e-06      -1.13832e+03   1.12754e+03  -1.07800e+01      2.227754e-11  1.000000e-05    14209
27.597287   5.06060e-01  5.01834e-01   9.699e-01   7.57301e-08  1.82051e-06      -1.13805e+03   1.12786e+03  -1.01859e+01      2.227754e-11  1.000000e-05    14215
27.611783   5.06058e-01  5.01833e-01   9.699e-01   6.79207e-08  1.29340e-06      -1.13812e+03   1.12742e+03  -1.07006e+01      2.227754e-11  1.000000e-05    14221
27.627896   5.06062e-01  5.01828e-01   9.699e-01   6.11627e-08  9.49936e-07      -1.13864e+03   1.12658e+03  -1.20622e+01      2.227754e-11  1.000000e-05    14227
27.644661   5.06054e-01  5.01834e-01   9.699e-01   6.63734e-08  7.71660e-06      -1.13909e+03   1.12579e+03  -1.33003e+01      2.227754e-11  1.000000e-05    14233
27.660505   5.06050e-01  5.01835e-01   9.698e-01   6.60410e-08  1.76561e-06      -1.13920e+03   1.12490e+03  -1.43025e+01      2.227754e-11  1.000000e-05    14239
27.676470   5.06052e-01  5.01833e-01   9.698e-01   7.56543e-08  1.55411e-06      -1.13919e+03   1.12424e+03  -1.49466e+01      2.227754e-11  1.000000e-05    14245
27.693290   5.06052e-01  5.01831e-01   9.697e-01   6.72365e-08  1.47320e-06      -1.13858e+03   1.12442e+03  -1.41611e+01      2.227754e-11  1.000000e-05    14251
27.709610   5.06051e-01  5.01827e-01   9.697e-01   7.32672e-08  1.49926e-06      -1.14090e+03   1.12232e+03  -1.85796e+01      2.227754e-11  1.000000e-05    14257
27.725318   5.06050e-01  5.01832e-01   9.696e-01   7.50131e-08  1.67848e-06      -1.13847e+03   1.12413e+03  -1.43382e+01      2.227754e-11  1.000000e-05    14263
27.740835   5.06079e-01  5.01795e-01   9.696e-01   7.59036e-08  1.31588e-06      -1.13710e+03   1.12598e+03  -1.11154e+01      2.227754e-11  1.000000e-05    14269
27.755890   5.06084e-01  5.01786e-01   9.695e-01   8.65411e-08  7.93535e-06      -1.13505e+03   1.12838e+03  -6.66655e+00      2.227754e-11  1.000000e-05    14275
27.770603   5.06085e-01  5.01782e-01   9.695e-01   8.54587e-08  9.27406e-06      -1.13516e+03   1.12728e+03  -7.88581e+00      2.227754e-11  1.000000e-05    14281
27.785232   5.06094e-01  5.01772e-01   9.695e-01   7.58534e-08  1.34723e-06      -1.13458e+03   1.12805e+03  -6.52702e+00      2.227754e-11  1.000000e-05    14287
27.797520   5.06102e-01  5.01767e-01   9.694e-01   8.41282e-08  5.21291e-06      -1.13415e+03   1.12836e+03  -5.79210e+00      2.227754e-11  1.000000e-05    14299
27.809116   5.06104e-01  5.01764e-01   9.694e-01   7.02090e-08  6.31253e-06      -1.13385e+03   1.12878e+03  -5.06838e+00      2.227754e-11  1.000000e-05    14305
27.820162   5.06103e-01  5.01766e-01   9.694e-01   7.34021e-08  3.91626e-06      -1.13426e+03   1.12831e+03  -5.95419e+00      2.227754e-11  1.000000e-05    14311
27.831615   5.06110e-01  5.01757e-01   9.694e-01   7.17206e-08  2.25959e-06      -1.13401e+03   1.12796e+03  -6.04446e+00      2.227754e-11  1.000000e-05    14317
27.844976   5.06117e-01  5.01752e-01   9.694e-01   7.50162e-08  1.20376e-06      -1.13365e+03   1.12749e+03  -6.16030e+00      2.227754e-11  1.000000e-05    14323
27.858947   5.06117e-01  5.01752e-01   9.694e-01   7.18831e-08  1.35817e-06      -1.13369e+03   1.12740e+03  -6.29162e+00      2.227754e-11  1.000000e-05    14329
27.874324   5.06122e-01  5.01745e-01   9.694e-01   7.13469e-08  1.15153e-06      -1.13503e+03   1.12577e+03  -9.25694e+00      2.227754e-11  1.000000e-05    14335
27.890509   5.06116e-01  5.01748e-01   9.694e-01   6.74656e-08  1.41478e-06      -1.13633e+03   1.12439e+03  -1.19340e+01      2.227754e-11  1.000000e-05    14341
27.907695   5.06111e-01  5.01754e-01   9.694e-01   7.86622e-08  1.21279e-06      -1.13282e+03   1.12669e+03  -6.12576e+00      2.227754e-11  1.000000e-05    14347
27.923348   5.06116e-01  5.01747e-01   9.694e-01   7.73155e-08  5.85319e-06      -1.13141e+03   1.12713e+03  -4.28325e+00      2.227754e-11  1.000000e-05    14353
27.938917   5.06127e-01  5.01731e-01   9.694e-01   7.00577e-08  4.14989e-06      -1.13149e+03   1.12658e+03  -4.90793e+00      2.227754e-11  1.000000e-05    14359
27.955356   5.06130e-01  5.01724e-01   9.693e-01   7.30363e-08  4.11443e-06      -1.13140e+03   1.12563e+03  -5.77402e+00      2.227754e-11  1.000000e-05    14365
27.972737   5.06140e-01  5.01712e-01   9.693e-01   6.90089e-08  2.63138e-06      -1.13343e+03   1.12518e+03  -8.25175e+00      2.227754e-11  1.000000e-05    14371
27.989323   5.06142e-01  5.01708e-01   9.692e-01   6.18832e-08  2.37205e-06      -1.13448e+03   1.12361e+03  -1.08728e+01      2.227754e-11  1.000000e-05    14377
28.006769   5.06140e-01  5.01710e-01   9.693e-01   7.32893e-08  1.93682e-06      -1.13490e+03   1.12334e+03  -1.15585e+01      2.227754e-11  1.000000e-05    14383
28.024423   5.06146e-01  5.01700e-01   9.692e-01   7.54355e-08  1.45858e-06      -1.13706e+03   1.12095e+03  -1.61038e+01      2.227754e-11  1.000000e-05    14389
28.035726   5.06148e-01  5.01695e-01   9.692e-01   6.90571e-08  1.67625e-06      -1.13617e+03   1.12164e+03  -1.45333e+01      2.227754e-11  1.000000e-05    14407
28.046299   5.06150e-01  5.01693e-01   9.692e-01   6.66712e-08  1.47864e-06      -1.13612e+03   1.12135e+03  -1.47668e+01      2.227754e-11  1.000000e-05    14413
28.059125   5.06151e-01  5.01690e-01   9.692e-01   6.64891e-08  1.20885e-06      -1.13524e+03   1.12165e+03  -1.35897e+01      2.227754e-11  1.000000e-05    14419
28.073921   5.06149e-01  5.01690e-01   9.691e-01   6.38243e-08  1.16149e-06      -1.13514e+03   1.12173e+03  -1.34030e+01      2.227754e-11  1.000000e-05    14425
28.090696   5.06147e-01  5.01690e-01   9.691e-01   6.99384e-08  3.46550e-06      -1.13365e+03   1.12233e+03  -1.13283e+01      2.227754e-11  1.000000e-05    14431
28.107567   5.06158e-01  5.01672e-01   9.690e-01   6.57583e-08  6.10093e-06      -1.13484e+03   1.12226e+03  -1.25773e+01      2.227754e-11  1.000000e-05    14437
28.123344   5.06162e-01  5.01667e-01   9.690e-01   6.51328e-08  3.66487e-06      -1.13351e+03   1.12355e+03  -9.96344e+00      2.227754e-11  1.000000e-05    14443
28.139908   5.06160e-01  5.01668e-01   9.689e-01   6.70911e-08  3.98340e-06      -1.13365e+03   1.12301e+03  -1.06455e+01      2.227754e-11  1.000000e-05    14449
28.155472   5.06149e-01  5.01679e-01   9.689e-01   7.05396e-08  2.04555e-06      -1.13474e+03   1.12252e+03  -1.22172e+01      2.227754e-11  1.000000e-05    14461
28.170615   5.06143e-01  5.01684e-01   9.688e-01   6.57643e-08  1.53403e-06      -1.13066e+03   1.12647e+03  -4.19059e+00      2.227754e-11  1.000000e-05    14467
28.186004   5.06140e-01  5.01684e-01   9.688e-01   6.43807e-08  1.02918e-06      -1.13127e+03   1.12564e+03  -5.63368e+00      2.227754e-11  1.000000e-05    14473
28.202949   5.06153e-01  5.01658e-01   9.687e-01   6.55031e-08  2.06335e-06      -1.13417e+03   1.12148e+03  -1.26913e+01      2.227754e-11  1.000000e-05    14479
28.219236   5.06160e-01  5.01650e-01   9.687e-01   6.69345e-08  1.45927e-06      -1.13258e+03   1.12222e+03  -1.03638e+01      2.227754e-11  1.000000e-05    14485
28.233735   5.06158e-01  5.01652e-01   9.687e-01   6.85846e-08  3.55068e-06      -1.12984e+03   1.12336e+03  -6.47294e+00      2.227754e-11  1.000000e-05    14497
28.247414   5.06162e-01  5.01648e-01   9.687e-01   6.14783e-08  2.55198e-06      -1.12968e+03   1.12372e+03  -5.95711e+00      2.227754e-11  1.000000e-05    14503
28.262228   5.06168e-01  5.01639e-01   9.687e-01   5.93400e-08  1.71238e-06      -1.13059e+03   1.12253e+03  -8.06168e+00      2.227754e-11  1.000000e-05    14509
28.278759   5.06139e-01  5.01662e-01   9.686e-01   6.40409e-08  3.07918e-06      -1.13108e+03   1.12277e+03  -8.30413e+00      2.227754e-11  1.000000e-05    14515
28.295383   5.06144e-01  5.01653e-01   9.687e-01   6.83124e-08  1.13161e-06      -1.13131e+03   1.12187e+03  -9.44444e+00      2.227754e-11  1.000000e-05    14521
28.309692   5.06145e-01  5.01652e-01   9.687e-01   6.97111e-08  1.22086e-06      -1.12932e+03   1.12314e+03  -6.17435e+00      2.227754e-11  1.000000e-05    14533
28.323113   5.06151e-01  5.01642e-01   9.686e-01   6.90378e-08  1.43150e-06      -1.12947e+03   1.12326e+03  -6.20904e+00      2.227754e-11  1.000000e-05    14539
28.337274   5.06154e-01  5.01638e-01   9.686e-01   7.14274e-08  1.11372e-06      -1.12962e+03   1.12322e+03  -6.40004e+00      2.227754e-11  1.000000e-05    14545
28.352383   5.06146e-01  5.01646e-01   9.686e-01   7.18101e-08  1.02030e-05      -1.13089e+03   1.12072e+03  -1.01765e+01      2.227754e-11  1.000000e-05    14551
28.367910   5.06153e-01  5.01637e-01   9.685e-01   6.87513e-08  5.48610e-06      -1.13042e+03   1.12114e+03  -9.28788e+00      2.227754e-11  1.000000e-05    14557
28.383372   5.06155e-01  5.01634e-01   9.685e-01   7.60868e-08  3.47749e-06      -1.13050e+03   1.12081e+03  -9.68784e+00      2.227754e-11  1.000000e-05    14563
28.399963   5.06165e-01  5.01618e-01   9.685e-01   6.41369e-08  2.42391e-06      -1.13065e+03   1.12051e+03  -1.01386e+01      2.227754e-11  1.000000e-05    14569
28.416219   5.06167e-01  5.01616e-01   9.685e-01   6.30455e-08  1.64207e-06      -1.12948e+03   1.12163e+03  -7.84856e+00      2.227754e-11  1.000000e-05    14575
28.431987   5.06162e-01  5.01619e-01   9.685e-01   6.59114e-08  1.28072e-06      -1.12752e+03   1.12256e+03  -4.96337e+00      2.227754e-11  1.000000e-05    14581
28.447306   5.06165e-01  5.01615e-01   9.684e-01   6.73276e-08  8.89309e-07      -1.12685e+03   1.12271e+03  -4.13628e+00      2.227754e-11  1.000000e-05    14587
28.463317   5.06171e-01  5.01610e-01   9.684e-01   6.37471e-08  3.69017e-06      -1.12590e+03   1.12409e+03  -1.81531e+00      2.227754e-11  1.000000e-05    14593
28.479703   5.06168e-01  5.01611e-01   9.684e-01   7.12312e-08  1.20800e-06      -1.12771e+03   1.12231e+03  -5.40632e+00      2.227754e-11  1.000000e-05    14599
28.495827   5.06182e-01  5.01604e-01   9.684e-01   7.23980e-08  1.97609e-06      -1.12574e+03   1.12314e+03  -2.60053e+00      2.227754e-11  1.000000e-05    14605
28.511236   5.06172e-01  5.01610e-01   9.683e-01   6.95853e-08  1.73276e-06      -1.12819e+03   1.12088e+03  -7.31684e+00      2.227754e-11  1.000000e-05    14611
28.524284   5.06156e-01  5.01630e-01   9.683e-01   7.34453e-08  4.13471e-06      -1.12571e+03   1.12339e+03  -2.32525e+00      2.227754e-11  1.000000e-05    14623
28.536553   5.06163e-01  5.01622e-01   9.683e-01   7.40888e-08  2.89047e-06      -1.12637e+03   1.12259e+03  -3.78078e+00      2.227754e-11  1.000000e-05    14629
28.550718   5.06173e-01  5.01609e-01   9.682e-01   7.15770e-08  1.41609e-06      -1.12707e+03   1.12227e+03  -4.80756e+00      2.227754e-11  1.000000e-05    14635
28.565494   5.06177e-01  5.01607e-01   9.682e-01   7.06446e-08  2.05516e-06      -1.12461e+03   1.12472e+03   1.04037e-01      2.227754e-11  1.000000e-05    14641
28.578277   5.06181e-01  5.01605e-01   9.682e-01   6.47241e-08  1.41484e-06      -1.12513e+03   1.12375e+03  -1.38668e+00      2.227754e-11  1.000000e-05    14653
28.590656   5.06180e-01  5.01607e-01   9.682e-01   6.66677e-08  8.89053e-06      -1.12504e+03   1.12372e+03  -1.32274e+00      2.227754e-11  1.000000e-05    14659
28.604365   5.06186e-01  5.01601e-01   9.681e-01   6.52497e-08  1.29409e-06      -1.12416e+03   1.12573e+03   1.57274e+00      2.227754e-11  1.000000e-05    14665
28.618700   5.06193e-01  5.01596e-01   9.681e-01   6.94489e-08  1.59761e-06      -1.12311e+03   1.12613e+03   3.01353e+00      2.227754e-11  1.000000e-05    14671
28.634214   5.06198e-01  5.01586e-01   9.680e-01   6.72400e-08  1.47169e-06      -1.12354e+03   1.12553e+03   1.99633e+00      2.227754e-11  1.000000e-05    14677
28.648927   5.06208e-01  5.01577e-01   9.680e-01   6.47235e-08  8.50080e-06      -1.12376e+03   1.12390e+03   1.44058e-01      2.227754e-11  1.000000e-05    14689
28.663117   5.06208e-01  5.01575e-01   9.680e-01   6.56791e-08  5.42139e-06      -1.12428e+03   1.12367e+03  -6.15180e-01      2.227754e-11  1.000000e-05    14695
28.678570   5.06206e-01  5.01576e-01   9.679e-01   7.53122e-08  6.24789e-06      -1.12097e+03   1.12613e+03   5.15931e+00      2.227754e-11  1.000000e-05    14701
28.693251   5.06208e-01  5.01571e-01   9.679e-01   7.43250e-08  3.77257e-06      -1.12145e+03   1.12580e+03   4.35169e+00      2.227754e-11  1.000000e-05    14707
28.709442   5.06217e-01  5.01562e-01   9.679e-01   6.63134e-08  2.55615e-06      -1.12158e+03   1.12567e+03   4.09238e+00      2.227754e-11  1.000000e-05    14713
28.725677   5.06212e-01  5.01566e-01   9.678e-01   6.95139e-08  2.98401e-06      -1.12254e+03   1.12505e+03   2.51370e+00      2.227754e-11  1.000000e-05    14719
28.740895   5.06215e-01  5.01558e-01   9.678e-01   6.30591e-08  1.63409e-06      -1.12070e+03   1.12696e+03   6.25955e+00      2.227754e-11  1.000000e-05    14725
28.756139   5.06227e-01  5.01545e-01   9.678e-01   6.61319e-08  1.38699e-06      -1.12171e+03   1.12539e+03   3.67737e+00      2.227754e-11  1.000000e-05    14731
28.772389   5.06226e-01  5.01550e-01   9.677e-01   7.22432e-08  1.23052e-06      -1.12191e+03   1.12470e+03   2.79612e+00      2.227754e-11  1.000000e-05    14737
28.788619   5.06234e-01  5.01544e-01   9.677e-01   6.80727e-08  1.07594e-06      -1.12173e+03   1.12398e+03   2.24781e+00      2.227754e-11  1.000000e-05    14743
28.805057   5.06237e-01  5.01542e-01   9.677e-01   6.44254e-08  9.17107e-07      -1.12161e+03   1.12311e+03   1.50966e+00      2.227754e-11  1.000000e-05    14749
28.821566   5.06245e-01  5.01528e-01   9.677e-01   6.64526e-08  3.26881e-06      -1.12037e+03   1.12436e+03   3.99447e+00      2.227754e-11  1.000000e-05    14755
28.837961   5.06249e-01  5.01522e-01   9.677e-01   6.89549e-08  1.02973e-05      -1.12466e+03   1.11966e+03  -5.00596e+00      2.227754e-11  1.000000e-05    14761
28.853797   5.06258e-01  5.01513e-01   9.676e-01   6.54193e-08  6.40740e-06      -1.12793e+03   1.11725e+03  -1.06826e+01      2.227754e-11  1.000000e-05    14767
28.869301   5.06250e-01  5.01519e-01   9.676e-01   6.49855e-08  3.61589e-06      -1.12734e+03   1.11726e+03  -1.00799e+01      2.227754e-11  1.000000e-05    14773
28.884650   5.06245e-01  5.01522e-01   9.676e-01   6.84003e-08  4.83293e-06      -1.12715e+03   1.11709e+03  -1.00585e+01      2.227754e-11  1.000000e-05    14785
28.899433   5.06253e-01  5.01513e-01   9.676e-01   6.45278e-08  2.55355e-06      -1.12732e+03   1.11571e+03  -1.16057e+01      2.227754e-11  1.000000e-05    14791
28.914506   5.06260e-01  5.01503e-01   9.676e-01   6.35018e-08  2.13817e-06      -1.12724e+03   1.11558e+03  -1.16561e+01      2.227754e-11  1.000000e-05    14797
28.928947   5.06269e-01  5.01490e-01   9.675e-01   6.78997e-08  7.79697e-06      -1.12458e+03   1.11771e+03  -6.87451e+00      2.227754e-11  1.000000e-05    14809
28.942552   5.06282e-01  5.01476e-01   9.675e-01   7.59037e-08  2.08091e-06      -1.12486e+03   1.11758e+03  -7.27856e+00      2.227754e-11  1.000000e-05    14815
28.955874   5.06281e-01  5.01475e-01   9.675e-01   7.75378e-08  7.45767e-06      -1.12335e+03   1.11892e+03  -4.43675e+00      2.227754e-11  1.000000e-05    14821
28.969965   5.06288e-01  5.01466e-01   9.675e-01   6.66822e-08  2.69140e-06      -1.12364e+03   1.11794e+03  -5.70069e+00      2.227754e-11  1.000000e-05    14827
28.984821   5.06294e-01  5.01461e-01   9.675e-01   5.91005e-08  1.22518e-06      -1.12376e+03   1.11723e+03  -6.52787e+00      2.227754e-11  1.000000e-05    14833
29.000548   5.06301e-01  5.01454e-01   9.675e-01   6.08707e-08  1.19240e-06      -1.12215e+03   1.11873e+03  -3.41701e+00      2.227754e-11  1.000000e-05    14839
29.009153   5.06302e-01  5.01452e-01   9.675e-01   6.46017e-08  7.66788e-06      -1.12301e+03   1.11783e+03  -5.17930e+00      2.227754e-11  1.000000e-05    14857
29.017071   5.06305e-01  5.01449e-01   9.675e-01   5.99188e-08  1.68049e-06      -1.12279e+03   1.11801e+03  -4.77544e+00      2.227754e-11  1.000000e-05    14863
29.026710   5.06306e-01  5.01448e-01   9.675e-01   5.58488e-08  1.75628e-06      -1.12272e+03   1.11810e+03  -4.62352e+00      2.227754e-11  1.000000e-05    14869
29.038557   5.06305e-01  5.01447e-01   9.675e-01   5.86234e-08  1.49002e-06      -1.12218e+03   1.11865e+03  -3.53478e+00      2.227754e-11  1.000000e-05    14875
29.053153   5.06303e-01  5.01449e-01   9.674e-01   5.67794e-08  1.06819e-06      -1.12245e+03   1.11903e+03  -3.41495e+00      2.227754e-11  1.000000e-05    14881
29.069779   5.06307e-01  5.01441e-01   9.674e-01   6.06287e-08  1.09915e-06      -1.12488e+03   1.11962e+03  -5.25298e+00      2.227754e-11  1.000000e-05    14887
29.086678   5.06305e-01  5.01447e-01   9.674e-01   6.04404e-08  1.11451e-06      -1.12312e+03   1.12131e+03  -1.81531e+00      2.227754e-11  1.000000e-05    14893
29.104711   5.06316e-01  5.01433e-01   9.673e-01   5.83450e-08  1.06163e-06      -1.12162e+03   1.12265e+03   1.03581e+00      2.227754e-11  1.000000e-05    14899
29.120526   5.06315e-01  5.01433e-01   9.673e-01   6.17657e-08  2.23771e-06      -1.12299e+03   1.12005e+03  -2.93315e+00      2.227754e-11  1.000000e-05    14911
29.135709   5.06318e-01  5.01431e-01   9.673e-01   6.20776e-08  2.18684e-06      -1.12202e+03   1.12003e+03  -1.99866e+00      2.227754e-11  1.000000e-05    14917
29.151363   5.06313e-01  5.01439e-01   9.673e-01   6.27574e-08  1.09085e-05      -1.12090e+03   1.12063e+03  -2.66962e-01      2.227754e-11  1.000000e-05    14923
29.167392   5.06323e-01  5.01430e-01   9.672e-01   6.61454e-08  6.64368e-06      -1.12138e+03   1.12084e+03  -5.35670e-01      2.227754e-11  1.000000e-05    14929
29.184766   5.06326e-01  5.01428e-01   9.672e-01   6.88436e-08  3.83498e-06      -1.12381e+03   1.11821e+03  -5.60128e+00      2.227754e-11  1.000000e-05    14935
29.201876   5.06332e-01  5.01417e-01   9.671e-01   6.94402e-08  1.66807e-06      -1.12274e+03   1.11868e+03  -4.05749e+00      2.227754e-11  1.000000e-05    14941
29.218372   5.06328e-01  5.01424e-01   9.671e-01   6.94991e-08  1.35592e-06      -1.12034e+03   1.12015e+03  -1.86555e-01      2.227754e-11  1.000000e-05    14947
29.233900   5.06327e-01  5.01424e-01   9.671e-01   6.71628e-08  1.11675e-06      -1.11976e+03   1.11991e+03   1.43718e-01      2.227754e-11  1.000000e-05    14953
29.251150   5.06328e-01  5.01419e-01   9.671e-01   6.70627e-08  2.48753e-06      -1.11822e+03   1.12077e+03   2.55004e+00      2.227754e-11  1.000000e-05    14959
29.265941   5.06327e-01  5.01417e-01   9.671e-01   6.38235e-08  1.64829e-06      -1.11880e+03   1.12043e+03   1.63067e+00      2.227754e-11  1.000000e-05    14971
29.279980   5.06333e-01  5.01410e-01   9.670e-01   6.21025e-08  1.38796e-06      -1.11859e+03   1.12048e+03   1.88537e+00      2.227754e-11  1.000000e-05    14977
29.296101   5.06335e-01  5.01405e-01   9.670e-01   6.37368e-08  2.00893e-06      -1.11715e+03   1.12185e+03   4.69230e+00      2.227754e-11  1.000000e-05    14983
29.312623   5.06336e-01  5.01399e-01   9.670e-01   6.81107e-08  2.30734e-06      -1.11723e+03   1.12249e+03   5.26013e+00      2.227754e-11  1.000000e-05    14989
29.328078   5.06337e-01  5.01398e-01   9.670e-01   6.71817e-08  1.73034e-06      -1.11673e+03   1.12231e+03   5.58169e+00      2.227754e-11  1.000000e-05    14995
29.344772   5.06330e-01  5.01407e-01   9.669e-01   6.30880e-08  1.25864e-06      -1.11470e+03   1.12362e+03   8.92358e+00      2.227754e-11  1.000000e-05    15001
29.361718   5.06332e-01  5.01410e-01   9.669e-01   5.79042e-08  1.47236e-06      -1.11152e+03   1.12668e+03   1.51557e+01      2.227754e-11  1.000000e-05    15007
29.376747   5.06344e-01  5.01399e-01   9.669e-01   6.53437e-08  2.39289e-06      -1.11393e+03   1.12278e+03   8.84401e+00      2.227754e-11  1.000000e-05    15019
29.391034   5.06346e-01  5.01399e-01   9.669e-01   6.67692e-08  1.31051e-05      -1.11522e+03   1.12058e+03   5.36128e+00      2.227754e-11  1.000000e-05    15025
29.406425   5.06355e-01  5.01390e-01   9.669e-01   6.94465e-08  7.70690e-06      -1.11486e+03   1.12160e+03   6.74370e+00      2.227754e-11  1.000000e-05    15031
29.420530   5.06365e-01  5.01378e-01   9.668e-01   7.19990e-08  1.52771e-06      -1.11480e+03   1.12203e+03   7.23115e+00      2.227754e-11  1.000000e-05    15037
29.435066   5.06370e-01  5.01369e-01   9.668e-01   6.48299e-08  3.71582e-06      -1.11442e+03   1.12240e+03   7.98217e+00      2.227754e-11  1.000000e-05    15043
29.449709   5.06381e-01  5.01359e-01   9.668e-01   6.22459e-08  1.44966e-06      -1.11566e+03   1.12070e+03   5.04230e+00      2.227754e-11  1.000000e-05    15049
29.465137   5.06385e-01  5.01356e-01   9.667e-01   6.11113e-08  1.36310e-06      -1.11497e+03   1.12077e+03   5.79909e+00      2.227754e-11  1.000000e-05    15055
29.481806   5.06399e-01  5.01343e-01   9.667e-01   6.14428e-08  1.30297e-06      -1.11458e+03   1.12056e+03   5.97981e+00      2.227754e-11  1.000000e-05    15061
29.498880   5.06405e-01  5.01333e-01   9.667e-01   6.48013e-08  1.40960e-06      -1.11875e+03   1.11771e+03  -1.04096e+00      2.227754e-11  1.000000e-05    15067
29.515654   5.06409e-01  5.01327e-01   9.666e-01   6.11840e-08  2.16894e-06      -1.11786e+03   1.11833e+03   4.69617e-01      2.227754e-11  1.000000e-05    15073
29.532790   5.06407e-01  5.01329e-01   9.666e-01   6.30319e-08  2.08812e-06      -1.11725e+03   1.11974e+03   2.49259e+00      2.227754e-11  1.000000e-05    15079
29.549916   5.06413e-01  5.01324e-01   9.666e-01   5.90205e-08  4.68991e-06      -1.11359e+03   1.12363e+03   1.00399e+01      2.227754e-11  1.000000e-05    15085
29.566747   5.06417e-01  5.01322e-01   9.665e-01   5.63554e-08  4.10812e-06      -1.11386e+03   1.12303e+03   9.16706e+00      2.227754e-11  1.000000e-05    15091
29.584634   5.06429e-01  5.01314e-01   9.666e-01   6.23241e-08  2.99863e-06      -1.11502e+03   1.12142e+03   6.40302e+00      2.227754e-11  1.000000e-05    15097
29.601432   5.06440e-01  5.01299e-01   9.666e-01   6.13345e-08  2.56517e-06      -1.11338e+03   1.12347e+03   1.00875e+01      2.227754e-11  1.000000e-05    15103
29.618427   5.06446e-01  5.01292e-01   9.666e-01   5.73694e-08  2.08594e-06      -1.11216e+03   1.12453e+03   1.23732e+01      2.227754e-11  1.000000e-05    15109
29.635029   5.06459e-01  5.01271e-01   9.665e-01   5.83273e-08  1.37222e-06      -1.11297e+03   1.12515e+03   1.21730e+01      2.227754e-11  1.000000e-05    15121
29.650845   5.06462e-01  5.01263e-01   9.664e-01   5.99946e-08  1.15429e-06      -1.11338e+03   1.12589e+03   1.25049e+01      2.227754e-11  1.000000e-05    15127
29.665593   5.06467e-01  5.01257e-01   9.664e-01   7.48199e-08  2.40177e-05      -1.11301e+03   1.12444e+03   1.14338e+01      2.227754e-11  1.000000e-05    15139
29.679653   5.06477e-01  5.01244e-01   9.664e-01   6.96479e-08  1.35704e-06      -1.10996e+03   1.12689e+03   1.69283e+01      2.227754e-11  1.000000e-05    15145
29.693717   5.06488e-01  5.01233e-01   9.664e-01   7.39224e-08  1.40313e-06      -1.10950e+03   1.12729e+03   1.77977e+01      2.227754e-11  1.000000e-05    15151
29.709295   5.06507e-01  5.01210e-01   9.663e-01   7.42910e-08  1.34423e-05      -1.10776e+03   1.12938e+03   2.16207e+01      2.227754e-11  1.000000e-05    15157
29.724037   5.06518e-01  5.01196e-01   9.663e-01   7.43595e-08  2.29475e-06      -1.10845e+03   1.12726e+03   1.88086e+01      2.227754e-11  1.000000e-05    15163
29.738667   5.06522e-01  5.01193e-01   9.663e-01   6.51600e-08  1.68144e-05      -1.11034e+03   1.12524e+03   1.48999e+01      2.227754e-11  1.000000e-05    15169
29.753717   5.06528e-01  5.01188e-01   9.662e-01   6.79161e-08  7.86369e-06      -1.10873e+03   1.12755e+03   1.88192e+01      2.227754e-11  1.000000e-05    15175
29.767482   5.06539e-01  5.01181e-01   9.662e-01   6.18416e-08  2.24444e-06      -1.10527e+03   1.13156e+03   2.62887e+01      2.227754e-11  1.000000e-05    15181
29.781056   5.06542e-01  5.01181e-01   9.662e-01   5.90315e-08  3.25733e-06      -1.10483e+03   1.13133e+03   2.65031e+01      2.227754e-11  1.000000e-05    15187
29.795040   5.06548e-01  5.01179e-01   9.662e-01   6.24897e-08  1.42227e-05      -1.10526e+03   1.13081e+03   2.55442e+01      2.227754e-11  1.000000e-05    15193
29.805165   5.06550e-01  5.01178e-01   9.662e-01   7.65827e-08  6.31465e-06      -1.10531e+03   1.13058e+03   2.52668e+01      2.227754e-11  1.000000e-05    15211
29.814796   5.06553e-01  5.01174e-01   9.661e-01   7.94916e-08  5.50790e-06      -1.10595e+03   1.12973e+03   2.37882e+01      2.227754e-11  1.000000e-05    15217
29.826564   5.06559e-01  5.01168e-01   9.661e-01   6.95280e-08  3.45419e-06      -1.10757e+03   1.12825e+03   2.06821e+01      2.227754e-11  1.000000e-05    15223
29.840161   5.06566e-01  5.01164e-01   9.661e-01   7.10145e-08  2.14426e-06      -1.10779e+03   1.12865e+03   2.08620e+01      2.227754e-11  1.000000e-05    15229
29.854103   5.06570e-01  5.01156e-01   9.660e-01   6.81732e-08  1.78434e-06      -1.10854e+03   1.12765e+03   1.91133e+01      2.227754e-11  1.000000e-05    15235
29.868612   5.06587e-01  5.01128e-01   9.659e-01   6.35382e-08  1.71929e-06      -1.10852e+03   1.12810e+03   1.95857e+01      2.227754e-11  1.000000e-05    15241
29.883138   5.06595e-01  5.01120e-01   9.659e-01   7.32365e-08  2.39775e-06      -1.10863e+03   1.12731e+03   1.86838e+01      2.227754e-11  1.000000e-05    15247
29.898310   5.06603e-01  5.01109e-01   9.659e-01   7.90894e-08  4.24917e-06      -1.10841e+03   1.12657e+03   1.81576e+01      2.227754e-11  1.000000e-05    15253
29.912468   5.06603e-01  5.01108e-01   9.658e-01   6.95947e-08  2.97954e-06      -1.10614e+03   1.12883e+03   2.26917e+01      2.227754e-11  1.000000e-05    15259
29.927559   5.06604e-01  5.01107e-01   9.658e-01   7.08991e-08  2.40204e-06      -1.10371e+03   1.13049e+03   2.67798e+01      2.227754e-11  1.000000e-05    15265
29.941339   5.06606e-01  5.01108e-01   9.658e-01   6.77991e-08  2.11831e-06      -1.10354e+03   1.13067e+03   2.71305e+01      2.227754e-11  1.000000e-05    15271
29.956695   5.06607e-01  5.01108e-01   9.658e-01   6.83279e-08  2.30451e-06      -1.10406e+03   1.13062e+03   2.65573e+01      2.227754e-11  1.000000e-05    15277
29.969843   5.06606e-01  5.01110e-01   9.658e-01   7.69127e-08  1.31127e-05      -1.10335e+03   1.13041e+03   2.70604e+01      2.227754e-11  1.000000e-05    15289
29.982289   5.06611e-01  5.01105e-01   9.658e-01   6.80877e-08  1.36710e-05      -1.10284e+03   1.13150e+03   2.86548e+01      2.227754e-11  1.000000e-05    15295
29.995324   5.06612e-01  5.01105e-01   9.657e-01   6.86459e-08  5.65896e-06      -1.10276e+03   1.13175e+03   2.89883e+01      2.227754e-11  1.000000e-05    15301
30.000000   5.06614e-01  5.01104e-01   9.657e-01   6.85899e-08  4.28549e-06      -1.10281e+03   1.13165e+03   2.88367e+01      2.227754e-11  1.000000e-05    15307
