0.000253  3.503351e-03  2.631797e-02  2.631797e-02  3.503377e-03  2.631798e-02  1.938592e-01  1.938622e-01  2.631797e-02  2.631797e-02  1.938622e-01  1.938592e-01  2.631796e-02  3.503358e-03  2.631797e-02  2.631797e-02  3.503359e-03    -2.629846e-06  -2.629846e-06    5.338302e-08  -5.338302e-08  1.000e+00
0.000507  3.503344e-03  2.631798e-02  2.631797e-02  3.503389e-03  2.631799e-02  1.938592e-01  1.938622e-01  2.631797e-02  2.631797e-02  1.938622e-01  1.938592e-01  2.631796e-02  3.503356e-03  2.631797e-02  2.631797e-02  3.503354e-03    -3.571521e-06  -3.571521e-06    2.254194e-07  -2.254194e-07  1.000e+00
0.000747  3.503341e-03  2.631797e-02  2.631797e-02  3.503397e-03  2.631800e-02  1.938593e-01  1.938622e-01  2.631797e-02  2.631796e-02  1.938621e-01  1.938592e-01  2.631794e-02  3.503357e-03  2.631798e-02  2.631798e-02  3.503352e-03    -5.609906e-06  -5.609906e-06    3.703823e-07  -3.703823e-07  1.000e+00
0.000979  3.503339e-03  2.631797e-02  2.631797e-02  3.503404e-03  2.631801e-02  1.938593e-01  1.938622e-01  2.631797e-02  2.631796e-02  1.938621e-01  1.938592e-01  2.631794e-02  3.503358e-03  2.631798e-02  2.631798e-02  3.503350e-03    -7.848773e-06  -7.848773e-06    2.852691e-07  -2.852691e-07  1.000e+00
0.001216  3.503337e-03  2.631798e-02  2.631797e-02  3.503411e-03  2.631801e-02  1.938593e-01  1.938622e-01  2.631797e-02  2.631796e-02  1.938620e-01  1.938592e-01  2.631794e-02  3.503356e-03  2.631798e-02  2.631798e-02  3.503349e-03    -1.004587e-05  -1.004587e-05    1.641920e-07  -1.641920e-07  1.000e+00
0.001426  3.503339e-03  2.631798e-02  2.631798e-02  3.503412e-03  2.631801e-02  1.938593e-01  1.938622e-01  2.631797e-02  2.631797e-02  1.938620e-01  1.938593e-01  2.631794e-02  3.503351e-03  2.631797e-02  2.631798e-02  3.503349e-03    -1.157367e-05  -1.157367e-05    7.240045e-08  -7.240045e-08  1.000e+00
0.001596  3.503339e-03  2.631798e-02  2.631798e-02  3.503414e-03  2.631802e-02  1.938593e-01  1.938621e-01  2.631797e-02  2.631797e-02  1.938620e-01  1.938593e-01  2.631794e-02  3.503344e-03  2.631797e-02  2.631798e-02  3.503351e-03    -1.237096e-05  -1.237096e-05    1.706496e-08  -1.706496e-08  1.000e+00
0.001767  3.503337e-03  2.631799e-02  2.631798e-02  3.503417e-03  2.631802e-02  1.938593e-01  1.938621e-01  2.631797e-02  2.631797e-02  1.938620e-01  1.938593e-01  2.631793e-02  3.503338e-03  2.631797e-02  2.631798e-02  3.503353e-03    -1.287184e-05  -1.287184e-05    -2.767891e-08  2.767891e-08  1.000e+00
0.001979  3.503333e-03  2.631799e-02  2.631799e-02  3.503420e-03  2.631803e-02  1.938594e-01  1.938621e-01  2.631797e-02  2.631797e-02  1.938619e-01  1.938594e-01  2.631793e-02  3.503328e-03  2.631798e-02  2.631798e-02  3.503355e-03    -1.325370e-05  -1.325370e-05    -8.267486e-08  8.267486e-08  1.000e+00
0.002173  3.503328e-03  2.631799e-02  2.631799e-02  3.503423e-03  2.631803e-02  1.938594e-01  1.938621e-01  2.631797e-02  2.631797e-02  1.938619e-01  1.938594e-01  2.631793e-02  3.503318e-03  2.631798e-02  2.631798e-02  3.503355e-03    -1.345823e-05  -1.345823e-05    -1.318642e-07  1.318642e-07  1.000e+00
0.002418  3.503319e-03  2.631800e-02  2.631799e-02  3.503428e-03  2.631803e-02  1.938594e-01  1.938620e-01  2.631798e-02  2.631797e-02  1.938618e-01  1.938594e-01  2.631793e-02  3.503304e-03  2.631798e-02  2.631798e-02  3.503354e-03    -1.359887e-05  -1.359887e-05    -1.827424e-07  1.827424e-07  1.000e+00
0.002754  3.503305e-03  2.631800e-02  2.631799e-02  3.503439e-03  2.631804e-02  1.938595e-01  1.938619e-01  2.631798e-02  2.631798e-02  1.938618e-01  1.938595e-01  2.631793e-02  3.503285e-03  2.631799e-02  2.631798e-02  3.503353e-03    -1.367276e-05  -1.367276e-05    -2.317250e-07  2.317250e-07  1.000e+00
0.003184  3.503292e-03  2.631801e-02  2.631800e-02  3.503461e-03  2.631805e-02  1.938596e-01  1.938618e-01  2.631798e-02  2.631798e-02  1.938617e-01  1.938596e-01  2.631794e-02  3.503264e-03  2.631799e-02  2.631798e-02  3.503352e-03    -1.365769e-05  -1.365769e-05    -2.709591e-07  2.709591e-07  1.000e+00
0.003683  3.503284e-03  2.631802e-02  2.631800e-02  3.503490e-03  2.631805e-02  1.938597e-01  1.938617e-01  2.631798e-02  2.631798e-02  1.938615e-01  1.938598e-01  2.631794e-02  3.503247e-03  2.631799e-02  2.631798e-02  3.503351e-03    -1.354867e-05  -1.354867e-05    -2.987013e-07  2.987013e-07  1.000e+00
0.004332  3.503280e-03  2.631802e-02  2.631800e-02  3.503529e-03  2.631806e-02  1.938600e-01  1.938614e-01  2.631798e-02  2.631799e-02  1.938613e-01  1.938600e-01  2.631794e-02  3.503233e-03  2.631800e-02  2.631798e-02  3.503347e-03    -1.330786e-05  -1.330786e-05    -3.215605e-07  3.215605e-07  1.000e+00
0.004898  3.503279e-03  2.631803e-02  2.631801e-02  3.503559e-03  2.631806e-02  1.938602e-01  1.938612e-01  2.631799e-02  2.631799e-02  1.938610e-01  1.938602e-01  2.631795e-02  3.503225e-03  2.631800e-02  2.631798e-02  3.503342e-03    -1.302524e-05  -1.302524e-05    -3.360525e-07  3.360525e-07  1.000e+00
0.005463  3.503277e-03  2.631804e-02  2.631801e-02  3.503585e-03  2.631807e-02  1.938604e-01  1.938610e-01  2.631799e-02  2.631800e-02  1.938608e-01  1.938604e-01  2.631795e-02  3.503220e-03  2.631800e-02  2.631798e-02  3.503337e-03    -1.268200e-05  -1.268200e-05    -3.484151e-07  3.484151e-07  1.000e+00
0.006135  3.503273e-03  2.631805e-02  2.631802e-02  3.503613e-03  2.631808e-02  1.938607e-01  1.938606e-01  2.631799e-02  2.631800e-02  1.938605e-01  1.938607e-01  2.631795e-02  3.503216e-03  2.631801e-02  2.631798e-02  3.503332e-03    -1.219954e-05  -1.219954e-05    -3.621440e-07  3.621440e-07  1.000e+00
0.006877  3.503264e-03  2.631806e-02  2.631803e-02  3.503640e-03  2.631808e-02  1.938611e-01  1.938602e-01  2.631799e-02  2.631801e-02  1.938600e-01  1.938611e-01  2.631795e-02  3.503214e-03  2.631801e-02  2.631798e-02  3.503327e-03    -1.157525e-05  -1.157525e-05    -3.771978e-07  3.771978e-07  1.000e+00
0.007580  3.503252e-03  2.631807e-02  2.631804e-02  3.503662e-03  2.631809e-02  1.938615e-01  1.938597e-01  2.631800e-02  2.631801e-02  1.938596e-01  1.938615e-01  2.631796e-02  3.503212e-03  2.631801e-02  2.631798e-02  3.503323e-03    -1.089630e-05  -1.089630e-05    -3.919683e-07  3.919683e-07  1.000e+00
0.008395  3.503235e-03  2.631808e-02  2.631806e-02  3.503682e-03  2.631810e-02  1.938620e-01  1.938592e-01  2.631801e-02  2.631802e-02  1.938590e-01  1.938621e-01  2.631796e-02  3.503208e-03  2.631802e-02  2.631798e-02  3.503319e-03    -1.000489e-05  -1.000489e-05    -4.098952e-07  4.098952e-07  1.000e+00
0.009251  3.503215e-03  2.631810e-02  2.631807e-02  3.503699e-03  2.631811e-02  1.938627e-01  1.938585e-01  2.631802e-02  2.631802e-02  1.938584e-01  1.938627e-01  2.631796e-02  3.503203e-03  2.631802e-02  2.631798e-02  3.503315e-03    -8.948052e-06  -8.948052e-06    -4.296825e-07  4.296825e-07  1.000e+00
0.010888  3.503169e-03  2.631812e-02  2.631809e-02  3.503712e-03  2.631814e-02  1.938641e-01  1.938572e-01  2.631805e-02  2.631802e-02  1.938570e-01  1.938640e-01  2.631796e-02  3.503190e-03  2.631803e-02  2.631798e-02  3.503309e-03    -6.581774e-06  -6.581774e-06    -4.703534e-07  4.703534e-07  1.000e+00
0.012393  3.503117e-03  2.631815e-02  2.631811e-02  3.503698e-03  2.631817e-02  1.938655e-01  1.938557e-01  2.631807e-02  2.631803e-02  1.938555e-01  1.938654e-01  2.631797e-02  3.503180e-03  2.631804e-02  2.631798e-02  3.503302e-03    -4.010146e-06  -4.010146e-06    -5.099470e-07  5.099470e-07  1.000e+00
0.013898  3.503055e-03  2.631819e-02  2.631815e-02  3.503661e-03  2.631820e-02  1.938672e-01  1.938540e-01  2.631810e-02  2.631803e-02  1.938538e-01  1.938671e-01  2.631798e-02  3.503172e-03  2.631805e-02  2.631799e-02  3.503293e-03    -1.059812e-06  -1.059812e-06    -5.506700e-07  5.506700e-07  1.000e+00
0.015363  3.502991e-03  2.631822e-02  2.631818e-02  3.503609e-03  2.631823e-02  1.938690e-01  1.938522e-01  2.631812e-02  2.631804e-02  1.938520e-01  1.938689e-01  2.631799e-02  3.503172e-03  2.631806e-02  2.631799e-02  3.503281e-03    2.176021e-06  2.176021e-06    -5.910428e-07  5.910428e-07  1.000e+00
0.016656  3.502933e-03  2.631825e-02  2.631821e-02  3.503556e-03  2.631825e-02  1.938706e-01  1.938505e-01  2.631815e-02  2.631804e-02  1.938503e-01  1.938707e-01  2.631802e-02  3.503176e-03  2.631806e-02  2.631800e-02  3.503266e-03    5.328366e-06  5.328366e-06    -6.268646e-07  6.268646e-07  1.000e+00
0.017655  3.502890e-03  2.631828e-02  2.631823e-02  3.503513e-03  2.631827e-02  1.938721e-01  1.938490e-01  2.631817e-02  2.631805e-02  1.938489e-01  1.938721e-01  2.631803e-02  3.503181e-03  2.631806e-02  2.631800e-02  3.503251e-03    7.953181e-06  7.953181e-06    -6.545670e-07  6.545670e-07  1.000e+00
0.018653  3.502849e-03  2.631830e-02  2.631826e-02  3.503470e-03  2.631830e-02  1.938735e-01  1.938475e-01  2.631819e-02  2.631805e-02  1.938473e-01  1.938737e-01  2.631804e-02  3.503188e-03  2.631806e-02  2.631801e-02  3.503234e-03    1.074394e-05  1.074394e-05    -6.821792e-07  6.821792e-07  1.000e+00
0.019557  3.502812e-03  2.631833e-02  2.631829e-02  3.503431e-03  2.631832e-02  1.938750e-01  1.938461e-01  2.631820e-02  2.631805e-02  1.938459e-01  1.938751e-01  2.631805e-02  3.503195e-03  2.631807e-02  2.631801e-02  3.503220e-03    1.341330e-05  1.341330e-05    -7.071509e-07  7.071509e-07  1.000e+00
0.020474  3.502774e-03  2.631836e-02  2.631831e-02  3.503392e-03  2.631834e-02  1.938765e-01  1.938445e-01  2.631822e-02  2.631806e-02  1.938443e-01  1.938767e-01  2.631806e-02  3.503203e-03  2.631807e-02  2.631801e-02  3.503206e-03    1.626170e-05  1.626170e-05    -7.324361e-07  7.324361e-07  1.000e+00
0.021373  3.502735e-03  2.631838e-02  2.631833e-02  3.503355e-03  2.631836e-02  1.938780e-01  1.938429e-01  2.631824e-02  2.631806e-02  1.938427e-01  1.938782e-01  2.631808e-02  3.503212e-03  2.631807e-02  2.631801e-02  3.503194e-03    1.918698e-05  1.918698e-05    -7.571620e-07  7.571620e-07  1.000e+00
0.022589  3.502684e-03  2.631842e-02  2.631836e-02  3.503310e-03  2.631840e-02  1.938803e-01  1.938407e-01  2.631826e-02  2.631806e-02  1.938405e-01  1.938804e-01  2.631809e-02  3.503223e-03  2.631808e-02  2.631801e-02  3.503180e-03    2.336027e-05  2.336027e-05    -7.906466e-07  7.906466e-07  1.000e+00
0.023781  3.502636e-03  2.631845e-02  2.631839e-02  3.503272e-03  2.631843e-02  1.938826e-01  1.938384e-01  2.631829e-02  2.631807e-02  1.938382e-01  1.938828e-01  2.631811e-02  3.503233e-03  2.631808e-02  2.631802e-02  3.503169e-03    2.768691e-05  2.768691e-05    -8.234955e-07  8.234955e-07  1.000e+00
0.025037  3.502589e-03  2.631848e-02  2.631842e-02  3.503243e-03  2.631846e-02  1.938851e-01  1.938358e-01  2.631831e-02  2.631807e-02  1.938356e-01  1.938853e-01  2.631813e-02  3.503239e-03  2.631809e-02  2.631802e-02  3.503159e-03    3.249720e-05  3.249720e-05    -8.582757e-07  8.582757e-07  1.000e+00
0.026292  3.502549e-03  2.631851e-02  2.631846e-02  3.503226e-03  2.631849e-02  1.938878e-01  1.938330e-01  2.631833e-02  2.631807e-02  1.938329e-01  1.938880e-01  2.631814e-02  3.503238e-03  2.631809e-02  2.631803e-02  3.503150e-03    3.756679e-05  3.756679e-05    -8.932694e-07  8.932694e-07  1.000e+00
0.027484  3.502518e-03  2.631854e-02  2.631849e-02  3.503221e-03  2.631852e-02  1.938904e-01  1.938303e-01  2.631836e-02  2.631808e-02  1.938302e-01  1.938907e-01  2.631816e-02  3.503229e-03  2.631810e-02  2.631803e-02  3.503142e-03    4.261853e-05  4.261853e-05    -9.266953e-07  9.266953e-07  1.000e+00
0.028662  3.502493e-03  2.631857e-02  2.631852e-02  3.503224e-03  2.631854e-02  1.938932e-01  1.938276e-01  2.631838e-02  2.631808e-02  1.938274e-01  1.938934e-01  2.631817e-02  3.503212e-03  2.631810e-02  2.631803e-02  3.503135e-03    4.784080e-05  4.784080e-05    -9.598514e-07  9.598514e-07  1.000e+00
0.030021  3.502470e-03  2.631860e-02  2.631855e-02  3.503234e-03  2.631857e-02  1.938965e-01  1.938242e-01  2.631841e-02  2.631809e-02  1.938241e-01  1.938967e-01  2.631819e-02  3.503185e-03  2.631811e-02  2.631804e-02  3.503127e-03    5.414819e-05  5.414819e-05    -9.981984e-07  9.981984e-07  1.000e+00
0.031611  3.502449e-03  2.631863e-02  2.631859e-02  3.503251e-03  2.631861e-02  1.939005e-01  1.938201e-01  2.631844e-02  2.631810e-02  1.938200e-01  1.939008e-01  2.631821e-02  3.503147e-03  2.631812e-02  2.631804e-02  3.503120e-03    6.191226e-05  6.191226e-05    -1.043022e-06  1.043022e-06  1.000e+00
0.033394  3.502431e-03  2.631866e-02  2.631864e-02  3.503274e-03  2.631865e-02  1.939053e-01  1.938152e-01  2.631847e-02  2.631811e-02  1.938151e-01  1.939055e-01  2.631824e-02  3.503101e-03  2.631814e-02  2.631805e-02  3.503117e-03    7.110190e-05  7.110190e-05    -1.093304e-06  1.093304e-06  1.000e+00
0.035142  3.502416e-03  2.631869e-02  2.631869e-02  3.503298e-03  2.631868e-02  1.939102e-01  1.938102e-01  2.631850e-02  2.631813e-02  1.938101e-01  1.939105e-01  2.631827e-02  3.503054e-03  2.631816e-02  2.631806e-02  3.503118e-03    8.062068e-05  8.062068e-05    -1.142216e-06  1.142216e-06  1.000e+00
0.036512  3.502403e-03  2.631872e-02  2.631873e-02  3.503313e-03  2.631871e-02  1.939143e-01  1.938060e-01  2.631853e-02  2.631815e-02  1.938059e-01  1.939145e-01  2.631830e-02  3.503013e-03  2.631818e-02  2.631807e-02  3.503121e-03    8.842256e-05  8.842256e-05    -1.180169e-06  1.180169e-06  1.000e+00
0.037872  3.502388e-03  2.631875e-02  2.631877e-02  3.503322e-03  2.631874e-02  1.939185e-01  1.938018e-01  2.631855e-02  2.631816e-02  1.938017e-01  1.939187e-01  2.631833e-02  3.502970e-03  2.631820e-02  2.631808e-02  3.503124e-03    9.647813e-05  9.647813e-05    -1.217609e-06  1.217609e-06  1.000e+00
0.039199  3.502370e-03  2.631877e-02  2.631881e-02  3.503325e-03  2.631877e-02  1.939227e-01  1.937975e-01  2.631857e-02  2.631818e-02  1.937974e-01  1.939229e-01  2.631836e-02  3.502924e-03  2.631821e-02  2.631809e-02  3.503126e-03    1.046224e-04  1.046224e-04    -1.253869e-06  1.253869e-06  1.000e+00
0.040666  3.502343e-03  2.631881e-02  2.631886e-02  3.503320e-03  2.631880e-02  1.939275e-01  1.937926e-01  2.631860e-02  2.631820e-02  1.937925e-01  1.939278e-01  2.631839e-02  3.502872e-03  2.631823e-02  2.631810e-02  3.503125e-03    1.139568e-04  1.139568e-04    -1.293636e-06  1.293636e-06  1.000e+00
0.042191  3.502306e-03  2.631884e-02  2.631891e-02  3.503305e-03  2.631884e-02  1.939327e-01  1.937873e-01  2.631863e-02  2.631822e-02  1.937872e-01  1.939330e-01  2.631843e-02  3.502815e-03  2.631825e-02  2.631812e-02  3.503120e-03    1.240379e-04  1.240379e-04    -1.334708e-06  1.334708e-06  1.000e+00
0.043753  3.502258e-03  2.631889e-02  2.631896e-02  3.503283e-03  2.631888e-02  1.939382e-01  1.937817e-01  2.631867e-02  2.631825e-02  1.937816e-01  1.939385e-01  2.631848e-02  3.502756e-03  2.631828e-02  2.631813e-02  3.503108e-03    1.347464e-04  1.347464e-04    -1.376345e-06  1.376345e-06  1.000e+00
0.045314  3.502201e-03  2.631893e-02  2.631901e-02  3.503252e-03  2.631892e-02  1.939440e-01  1.937759e-01  2.631871e-02  2.631828e-02  1.937758e-01  1.939443e-01  2.631852e-02  3.502696e-03  2.631831e-02  2.631815e-02  3.503089e-03    1.458499e-04  1.458499e-04    -1.417594e-06  1.417594e-06  1.000e+00
0.046927  3.502132e-03  2.631899e-02  2.631907e-02  3.503213e-03  2.631896e-02  1.939501e-01  1.937697e-01  2.631875e-02  2.631831e-02  1.937696e-01  1.939504e-01  2.631857e-02  3.502634e-03  2.631834e-02  2.631817e-02  3.503063e-03    1.577323e-04  1.577323e-04    -1.459758e-06  1.459758e-06  1.000e+00
0.048598  3.502051e-03  2.631904e-02  2.631913e-02  3.503166e-03  2.631901e-02  1.939567e-01  1.937630e-01  2.631880e-02  2.631834e-02  1.937630e-01  1.939570e-01  2.631862e-02  3.502567e-03  2.631838e-02  2.631819e-02  3.503030e-03    1.704881e-04  1.704881e-04    -1.503025e-06  1.503025e-06  1.000e+00
0.050324  3.501958e-03  2.631911e-02  2.631919e-02  3.503110e-03  2.631907e-02  1.939637e-01  1.937559e-01  2.631885e-02  2.631838e-02  1.937559e-01  1.939640e-01  2.631868e-02  3.502496e-03  2.631841e-02  2.631822e-02  3.502990e-03    1.841363e-04  1.841363e-04    -1.547231e-06  1.547231e-06  1.000e+00
0.051981  3.501862e-03  2.631917e-02  2.631925e-02  3.503051e-03  2.631912e-02  1.939707e-01  1.937489e-01  2.631891e-02  2.631842e-02  1.937488e-01  1.939710e-01  2.631873e-02  3.502427e-03  2.631845e-02  2.631824e-02  3.502947e-03    1.976897e-04  1.976897e-04    -1.589193e-06  1.589193e-06  1.000e+00
0.053518  3.501767e-03  2.631923e-02  2.631931e-02  3.502992e-03  2.631917e-02  1.939774e-01  1.937421e-01  2.631896e-02  2.631845e-02  1.937421e-01  1.939777e-01  2.631879e-02  3.502362e-03  2.631849e-02  2.631827e-02  3.502903e-03    2.106580e-04  2.106580e-04    -1.627705e-06  1.627705e-06  1.000e+00
0.055024  3.501671e-03  2.631929e-02  2.631937e-02  3.502930e-03  2.631923e-02  1.939841e-01  1.937353e-01  2.631902e-02  2.631849e-02  1.937353e-01  1.939844e-01  2.631884e-02  3.502297e-03  2.631853e-02  2.631830e-02  3.502856e-03    2.237242e-04  2.237242e-04    -1.665043e-06  1.665043e-06  1.000e+00
0.056773  3.501554e-03  2.631936e-02  2.631944e-02  3.502854e-03  2.631929e-02  1.939921e-01  1.937272e-01  2.631908e-02  2.631854e-02  1.937272e-01  1.939925e-01  2.631891e-02  3.502221e-03  2.631858e-02  2.631833e-02  3.502798e-03    2.393651e-04  2.393651e-04    -1.707974e-06  1.707974e-06  1.000e+00
0.058937  3.501405e-03  2.631946e-02  2.631953e-02  3.502755e-03  2.631938e-02  1.940024e-01  1.937169e-01  2.631917e-02  2.631859e-02  1.937169e-01  1.940027e-01  2.631900e-02  3.502126e-03  2.631864e-02  2.631837e-02  3.502722e-03    2.593809e-04  2.593809e-04    -1.760383e-06  1.760383e-06  1.000e+00
0.061659  3.501213e-03  2.631958e-02  2.631965e-02  3.502625e-03  2.631949e-02  1.940159e-01  1.937033e-01  2.631928e-02  2.631867e-02  1.937033e-01  1.940162e-01  2.631911e-02  3.502004e-03  2.631872e-02  2.631843e-02  3.502620e-03    2.856251e-04  2.856251e-04    -1.825269e-06  1.825269e-06  1.000e+00
0.064381  3.501018e-03  2.631970e-02  2.631977e-02  3.502490e-03  2.631961e-02  1.940299e-01  1.936891e-01  2.631940e-02  2.631876e-02  1.936891e-01  1.940302e-01  2.631924e-02  3.501878e-03  2.631881e-02  2.631850e-02  3.502512e-03    3.130441e-04  3.130441e-04    -1.889080e-06  1.889080e-06  1.000e+00
0.067211  3.500814e-03  2.631983e-02  2.631990e-02  3.502346e-03  2.631973e-02  1.940451e-01  1.936737e-01  2.631953e-02  2.631886e-02  1.936737e-01  1.940455e-01  2.631937e-02  3.501742e-03  2.631890e-02  2.631857e-02  3.502396e-03    3.427911e-04  3.427911e-04    -1.954238e-06  1.954238e-06  1.000e+00
0.071630  3.500492e-03  2.632005e-02  2.632010e-02  3.502116e-03  2.631994e-02  1.940702e-01  1.936483e-01  2.631974e-02  2.631902e-02  1.936485e-01  1.940705e-01  2.631960e-02  3.501516e-03  2.631906e-02  2.631870e-02  3.502210e-03    3.917580e-04  3.917580e-04    -2.053478e-06  2.053478e-06  1.000e+00
0.075681  3.500193e-03  2.632025e-02  2.632031e-02  3.501905e-03  2.632015e-02  1.940944e-01  1.936238e-01  2.631995e-02  2.631919e-02  1.936239e-01  1.940947e-01  2.631983e-02  3.501293e-03  2.631922e-02  2.631883e-02  3.502035e-03    4.393264e-04  4.393264e-04    -2.141901e-06  2.141901e-06  1.000e+00
0.078780  3.499960e-03  2.632042e-02  2.632047e-02  3.501744e-03  2.632031e-02  1.941138e-01  1.936041e-01  2.632013e-02  2.631932e-02  1.936043e-01  1.941141e-01  2.632002e-02  3.501115e-03  2.631934e-02  2.631893e-02  3.501899e-03    4.774308e-04  4.774308e-04    -2.207879e-06  2.207879e-06  1.000e+00
0.081879  3.499720e-03  2.632059e-02  2.632063e-02  3.501582e-03  2.632049e-02  1.941340e-01  1.935837e-01  2.632031e-02  2.631947e-02  1.935839e-01  1.941343e-01  2.632021e-02  3.500930e-03  2.631948e-02  2.631905e-02  3.501761e-03    5.170165e-04  5.170165e-04    -2.272348e-06  2.272348e-06  1.000e+00
0.084112  3.499543e-03  2.632072e-02  2.632076e-02  3.501465e-03  2.632061e-02  1.941489e-01  1.935685e-01  2.632044e-02  2.631958e-02  1.935687e-01  1.941492e-01  2.632036e-02  3.500794e-03  2.631958e-02  2.631914e-02  3.501659e-03    5.464549e-04  5.464549e-04    -2.317866e-06  2.317866e-06  1.000e+00
0.086345  3.499362e-03  2.632085e-02  2.632089e-02  3.501345e-03  2.632075e-02  1.941643e-01  1.935529e-01  2.632058e-02  2.631969e-02  1.935532e-01  1.941646e-01  2.632052e-02  3.500656e-03  2.631969e-02  2.631923e-02  3.501556e-03    5.766553e-04  5.766553e-04    -2.362595e-06  2.362595e-06  1.000e+00
0.088805  3.499156e-03  2.632100e-02  2.632103e-02  3.501212e-03  2.632090e-02  1.941816e-01  1.935353e-01  2.632075e-02  2.631982e-02  1.935356e-01  1.941819e-01  2.632069e-02  3.500501e-03  2.631981e-02  2.631934e-02  3.501438e-03    6.108009e-04  6.108009e-04    -2.410936e-06  2.410936e-06  1.000e+00
0.091345  3.498938e-03  2.632116e-02  2.632119e-02  3.501070e-03  2.632107e-02  1.942000e-01  1.935166e-01  2.632092e-02  2.631996e-02  1.935169e-01  1.942003e-01  2.632088e-02  3.500339e-03  2.631994e-02  2.631945e-02  3.501314e-03    6.470275e-04  6.470275e-04    -2.459787e-06  2.459787e-06  1.000e+00
0.093733  3.498728e-03  2.632132e-02  2.632134e-02  3.500933e-03  2.632123e-02  1.942177e-01  1.934986e-01  2.632109e-02  2.632010e-02  1.934989e-01  1.942180e-01  2.632107e-02  3.500184e-03  2.632007e-02  2.631957e-02  3.501193e-03    6.819629e-04  6.819629e-04    -2.504795e-06  2.504795e-06  1.000e+00
0.095882  3.498534e-03  2.632146e-02  2.632148e-02  3.500807e-03  2.632138e-02  1.942340e-01  1.934820e-01  2.632125e-02  2.632023e-02  1.934824e-01  1.942343e-01  2.632125e-02  3.500043e-03  2.632019e-02  2.631968e-02  3.501081e-03    7.141460e-04  7.141460e-04    -2.544511e-06  2.544511e-06  1.000e+00
0.098032  3.498337e-03  2.632161e-02  2.632163e-02  3.500676e-03  2.632153e-02  1.942506e-01  1.934650e-01  2.632141e-02  2.632036e-02  1.934655e-01  1.942509e-01  2.632143e-02  3.499899e-03  2.632031e-02  2.631979e-02  3.500966e-03    7.470198e-04  7.470198e-04    -2.583462e-06  2.583462e-06  1.000e+00
0.100397  3.498117e-03  2.632178e-02  2.632179e-02  3.500529e-03  2.632171e-02  1.942694e-01  1.934460e-01  2.632160e-02  2.632051e-02  1.934464e-01  1.942696e-01  2.632164e-02  3.499737e-03  2.632045e-02  2.631993e-02  3.500836e-03    7.839923e-04  7.839923e-04    -2.625439e-06  2.625439e-06  1.000e+00
0.102505  3.497918e-03  2.632194e-02  2.632194e-02  3.500393e-03  2.632187e-02  1.942864e-01  1.934286e-01  2.632177e-02  2.632065e-02  1.934291e-01  1.942866e-01  2.632183e-02  3.499591e-03  2.632059e-02  2.632005e-02  3.500717e-03    8.176288e-04  8.176288e-04    -2.662034e-06  2.662034e-06  1.000e+00
0.104520  3.497726e-03  2.632209e-02  2.632209e-02  3.500259e-03  2.632203e-02  1.943029e-01  1.934117e-01  2.632194e-02  2.632079e-02  1.934123e-01  1.943032e-01  2.632202e-02  3.499448e-03  2.632072e-02  2.632017e-02  3.500599e-03    8.504057e-04  8.504057e-04    -2.696319e-06  2.696319e-06  1.000e+00
0.106464  3.497540e-03  2.632224e-02  2.632224e-02  3.500127e-03  2.632219e-02  1.943192e-01  1.933952e-01  2.632211e-02  2.632093e-02  1.933957e-01  1.943194e-01  2.632221e-02  3.499307e-03  2.632085e-02  2.632029e-02  3.500484e-03    8.825941e-04  8.825941e-04    -2.728710e-06  2.728710e-06  1.000e+00
0.109589  3.497238e-03  2.632250e-02  2.632249e-02  3.499907e-03  2.632245e-02  1.943459e-01  1.933679e-01  2.632238e-02  2.632115e-02  1.933685e-01  1.943461e-01  2.632252e-02  3.499076e-03  2.632106e-02  2.632050e-02  3.500292e-03    9.354962e-04  9.354962e-04    -2.779278e-06  2.779278e-06  1.000e+00
0.111543  3.497049e-03  2.632266e-02  2.632265e-02  3.499765e-03  2.632262e-02  1.943630e-01  1.933505e-01  2.632257e-02  2.632130e-02  1.933511e-01  1.943632e-01  2.632273e-02  3.498927e-03  2.632120e-02  2.632063e-02  3.500168e-03    9.692919e-04  9.692919e-04    -2.809975e-06  2.809975e-06  1.000e+00
0.113497  3.496859e-03  2.632282e-02  2.632281e-02  3.499620e-03  2.632280e-02  1.943803e-01  1.933328e-01  2.632275e-02  2.632145e-02  1.933334e-01  1.943805e-01  2.632294e-02  3.498775e-03  2.632135e-02  2.632077e-02  3.500042e-03    1.003640e-03  1.003640e-03    -2.839943e-06  2.839943e-06  1.000e+00
0.115466  3.496668e-03  2.632300e-02  2.632298e-02  3.499470e-03  2.632298e-02  1.943980e-01  1.933147e-01  2.632295e-02  2.632161e-02  1.933153e-01  1.943982e-01  2.632316e-02  3.498619e-03  2.632150e-02  2.632092e-02  3.499911e-03    1.038811e-03  1.038811e-03    -2.869416e-06  2.869416e-06  1.000e+00
0.118363  3.496387e-03  2.632325e-02  2.632323e-02  3.499244e-03  2.632325e-02  1.944246e-01  1.932875e-01  2.632324e-02  2.632184e-02  1.932882e-01  1.944248e-01  2.632349e-02  3.498382e-03  2.632173e-02  2.632114e-02  3.499713e-03    1.091566e-03  1.091566e-03    -2.911349e-06  2.911349e-06  1.000e+00
0.121260  3.496107e-03  2.632352e-02  2.632350e-02  3.499009e-03  2.632354e-02  1.944518e-01  1.932597e-01  2.632355e-02  2.632209e-02  1.932604e-01  1.944520e-01  2.632384e-02  3.498138e-03  2.632198e-02  2.632138e-02  3.499507e-03    1.145518e-03  1.145518e-03    -2.951495e-06  2.951495e-06  1.000e+00
0.125631  3.495686e-03  2.632395e-02  2.632392e-02  3.498639e-03  2.632398e-02  1.944939e-01  1.932166e-01  2.632403e-02  2.632248e-02  1.932174e-01  1.944940e-01  2.632438e-02  3.497756e-03  2.632236e-02  2.632175e-02  3.499182e-03    1.229169e-03  1.229169e-03    -3.008237e-06  3.008237e-06  1.000e+00
0.130002  3.495269e-03  2.632439e-02  2.632436e-02  3.498248e-03  2.632445e-02  1.945373e-01  1.931721e-01  2.632455e-02  2.632289e-02  1.931730e-01  1.945374e-01  2.632496e-02  3.497357e-03  2.632277e-02  2.632215e-02  3.498837e-03    1.315499e-03  1.315499e-03    -3.060670e-06  3.060670e-06  1.000e+00
0.134582  3.494834e-03  2.632489e-02  2.632485e-02  3.497816e-03  2.632496e-02  1.945842e-01  1.931240e-01  2.632512e-02  2.632334e-02  1.931249e-01  1.945842e-01  2.632561e-02  3.496921e-03  2.632323e-02  2.632260e-02  3.498453e-03    1.408802e-03  1.408802e-03    -3.110685e-06  3.110685e-06  1.000e+00
0.138895  3.494428e-03  2.632537e-02  2.632534e-02  3.497387e-03  2.632547e-02  1.946296e-01  1.930774e-01  2.632569e-02  2.632380e-02  1.930784e-01  1.946296e-01  2.632625e-02  3.496496e-03  2.632368e-02  2.632305e-02  3.498068e-03    1.499296e-03  1.499296e-03    -3.152543e-06  3.152543e-06  1.000e+00
0.145817  3.493776e-03  2.632621e-02  2.632617e-02  3.496658e-03  2.632633e-02  1.947051e-01  1.929998e-01  2.632666e-02  2.632457e-02  1.930009e-01  1.947050e-01  2.632736e-02  3.495784e-03  2.632446e-02  2.632383e-02  3.497403e-03    1.649784e-03  1.649784e-03    -3.209391e-06  3.209391e-06  1.000e+00
0.150546  3.493326e-03  2.632681e-02  2.632678e-02  3.496134e-03  2.632695e-02  1.947584e-01  1.929449e-01  2.632737e-02  2.632514e-02  1.929461e-01  1.947583e-01  2.632816e-02  3.495279e-03  2.632503e-02  2.632440e-02  3.496915e-03    1.756300e-03  1.756300e-03    -3.240454e-06  3.240454e-06  1.000e+00
0.155276  3.492870e-03  2.632745e-02  2.632741e-02  3.495591e-03  2.632759e-02  1.948132e-01  1.928885e-01  2.632812e-02  2.632574e-02  1.928897e-01  1.948130e-01  2.632901e-02  3.494762e-03  2.632563e-02  2.632501e-02  3.496398e-03    1.865764e-03  1.865764e-03    -3.264762e-06  3.264762e-06  1.000e+00
0.160632  3.492344e-03  2.632822e-02  2.632817e-02  3.494955e-03  2.632835e-02  1.948769e-01  1.928228e-01  2.632902e-02  2.632646e-02  1.928240e-01  1.948767e-01  2.633003e-02  3.494164e-03  2.632635e-02  2.632575e-02  3.495780e-03    1.993238e-03  1.993238e-03    -3.283966e-06  3.283966e-06  1.000e+00
0.165020  3.491907e-03  2.632888e-02  2.632882e-02  3.494420e-03  2.632899e-02  1.949305e-01  1.927675e-01  2.632979e-02  2.632707e-02  1.927688e-01  1.949302e-01  2.633090e-02  3.493663e-03  2.632697e-02  2.632638e-02  3.495251e-03    2.100440e-03  2.100440e-03    -3.292705e-06  3.292705e-06  1.000e+00
0.169161  3.491489e-03  2.632953e-02  2.632945e-02  3.493905e-03  2.632962e-02  1.949821e-01  1.927141e-01  2.633055e-02  2.632768e-02  1.927155e-01  1.949817e-01  2.633176e-02  3.493184e-03  2.632758e-02  2.632700e-02  3.494735e-03    2.203822e-03  2.203822e-03    -3.295162e-06  3.295162e-06  1.000e+00
0.174234  3.490971e-03  2.633036e-02  2.633026e-02  3.493262e-03  2.633042e-02  1.950468e-01  1.926473e-01  2.633151e-02  2.632846e-02  1.926487e-01  1.950463e-01  2.633286e-02  3.492586e-03  2.632835e-02  2.632781e-02  3.494084e-03    2.333395e-03  2.333395e-03    -3.289997e-06  3.289997e-06  1.000e+00
0.178835  3.490495e-03  2.633114e-02  2.633103e-02  3.492667e-03  2.633117e-02  1.951068e-01  1.925852e-01  2.633242e-02  2.632920e-02  1.925867e-01  1.951062e-01  2.633390e-02  3.492034e-03  2.632909e-02  2.632857e-02  3.493477e-03    2.453684e-03  2.453684e-03    -3.277916e-06  3.277916e-06  1.000e+00
0.182857  3.490074e-03  2.633186e-02  2.633172e-02  3.492139e-03  2.633184e-02  1.951602e-01  1.925298e-01  2.633325e-02  2.632987e-02  1.925314e-01  1.951595e-01  2.633484e-02  3.491544e-03  2.632975e-02  2.632927e-02  3.492935e-03    2.560922e-03  2.560922e-03    -3.261181e-06  3.261181e-06  1.000e+00
0.186821  3.489654e-03  2.633259e-02  2.633243e-02  3.491611e-03  2.633253e-02  1.952138e-01  1.924742e-01  2.633409e-02  2.633055e-02  1.924759e-01  1.952130e-01  2.633580e-02  3.491054e-03  2.633043e-02  2.632998e-02  3.492390e-03    2.668543e-03  2.668543e-03    -3.238802e-06  3.238802e-06  1.000e+00
0.191045  3.489198e-03  2.633339e-02  2.633320e-02  3.491040e-03  2.633328e-02  1.952719e-01  1.924139e-01  2.633501e-02  2.633130e-02  1.924157e-01  1.952710e-01  2.633687e-02  3.490523e-03  2.633118e-02  2.633076e-02  3.491799e-03    2.785251e-03  2.785251e-03    -3.208557e-06  3.208557e-06  1.000e+00
0.196894  3.488551e-03  2.633456e-02  2.633431e-02  3.490234e-03  2.633435e-02  1.953540e-01  1.923286e-01  2.633633e-02  2.633238e-02  1.923305e-01  1.953529e-01  2.633840e-02  3.489775e-03  2.633226e-02  2.633189e-02  3.490961e-03    2.950347e-03  2.950347e-03    -3.155540e-06  3.155540e-06  1.000e+00
0.201640  3.488012e-03  2.633554e-02  2.633525e-02  3.489567e-03  2.633525e-02  1.954220e-01  1.922579e-01  2.633745e-02  2.633330e-02  1.922598e-01  1.954208e-01  2.633969e-02  3.489156e-03  2.633317e-02  2.633286e-02  3.490264e-03    3.087205e-03  3.087205e-03    -3.102870e-06  3.102870e-06  1.000e+00
0.206217  3.487480e-03  2.633652e-02  2.633618e-02  3.488912e-03  2.633615e-02  1.954888e-01  1.921884e-01  2.633856e-02  2.633421e-02  1.921904e-01  1.954875e-01  2.634098e-02  3.488549e-03  2.633408e-02  2.633382e-02  3.489577e-03    3.221610e-03  3.221610e-03    -3.043649e-06  3.043649e-06  1.000e+00
0.210615  3.486960e-03  2.633750e-02  2.633711e-02  3.488271e-03  2.633704e-02  1.955540e-01  1.921205e-01  2.633966e-02  2.633511e-02  1.921225e-01  1.955525e-01  2.634226e-02  3.487957e-03  2.633498e-02  2.633478e-02  3.488905e-03    3.352998e-03  3.352998e-03    -2.979192e-06  2.979192e-06  1.000e+00
0.214102  3.486542e-03  2.633830e-02  2.633786e-02  3.487755e-03  2.633776e-02  1.956064e-01  1.920658e-01  2.634055e-02  2.633585e-02  1.920679e-01  1.956049e-01  2.634330e-02  3.487482e-03  2.633571e-02  2.633556e-02  3.488362e-03    3.458680e-03  3.458680e-03    -2.922689e-06  2.922689e-06  1.000e+00
0.217346  3.486150e-03  2.633906e-02  2.633857e-02  3.487268e-03  2.633844e-02  1.956558e-01  1.920143e-01  2.634140e-02  2.633655e-02  1.920165e-01  1.956541e-01  2.634429e-02  3.487035e-03  2.633641e-02  2.633630e-02  3.487851e-03    3.558195e-03  3.558195e-03    -2.865814e-06  2.865814e-06  1.000e+00
0.221740  3.485616e-03  2.634012e-02  2.633956e-02  3.486599e-03  2.633939e-02  1.957235e-01  1.919437e-01  2.634258e-02  2.633751e-02  1.919459e-01  1.957217e-01  2.634567e-02  3.486425e-03  2.633738e-02  2.633734e-02  3.487148e-03    3.694777e-03  3.694777e-03    -2.782076e-06  2.782076e-06  1.000e+00
0.225643  3.485139e-03  2.634108e-02  2.634046e-02  3.485996e-03  2.634025e-02  1.957844e-01  1.918800e-01  2.634365e-02  2.633839e-02  1.918822e-01  1.957825e-01  2.634692e-02  3.485877e-03  2.633826e-02  2.633829e-02  3.486513e-03    3.817824e-03  3.817824e-03    -2.701210e-06  2.701210e-06  1.000e+00
0.229315  3.484691e-03  2.634200e-02  2.634132e-02  3.485420e-03  2.634107e-02  1.958425e-01  1.918193e-01  2.634469e-02  2.633924e-02  1.918216e-01  1.958405e-01  2.634813e-02  3.485358e-03  2.633911e-02  2.633920e-02  3.485908e-03    3.935079e-03  3.935079e-03    -2.619627e-06  2.619627e-06  1.000e+00
0.233373  3.484195e-03  2.634305e-02  2.634230e-02  3.484777e-03  2.634200e-02  1.959075e-01  1.917513e-01  2.634585e-02  2.634019e-02  1.917537e-01  1.959053e-01  2.634950e-02  3.484779e-03  2.634007e-02  2.634023e-02  3.485231e-03    4.066293e-03  4.066293e-03    -2.523044e-06  2.523044e-06  1.000e+00
0.236994  3.483754e-03  2.634401e-02  2.634318e-02  3.484196e-03  2.634285e-02  1.959661e-01  1.916900e-01  2.634692e-02  2.634106e-02  1.916924e-01  1.959638e-01  2.635074e-02  3.484261e-03  2.634094e-02  2.634117e-02  3.484619e-03    4.184772e-03  4.184772e-03    -2.431351e-06  2.431351e-06  1.000e+00
0.240614  3.483312e-03  2.634498e-02  2.634409e-02  3.483609e-03  2.634371e-02  1.960254e-01  1.916279e-01  2.634800e-02  2.634195e-02  1.916304e-01  1.960229e-01  2.635201e-02  3.483740e-03  2.634184e-02  2.634214e-02  3.484002e-03    4.304580e-03  4.304580e-03    -2.334352e-06  2.334352e-06  1.000e+00
0.244008  3.482899e-03  2.634591e-02  2.634495e-02  3.483054e-03  2.634453e-02  1.960815e-01  1.915691e-01  2.634904e-02  2.634279e-02  1.915717e-01  1.960789e-01  2.635322e-02  3.483251e-03  2.634269e-02  2.634306e-02  3.483417e-03    4.418070e-03  4.418070e-03    -2.238612e-06  2.238612e-06  1.000e+00
0.247287  3.482499e-03  2.634682e-02  2.634579e-02  3.482514e-03  2.634534e-02  1.961362e-01  1.915118e-01  2.635005e-02  2.634362e-02  1.915144e-01  1.961335e-01  2.635441e-02  3.482777e-03  2.634353e-02  2.634396e-02  3.482847e-03    4.528829e-03  4.528829e-03    -2.141560e-06  2.141560e-06  1.000e+00
0.250775  3.482074e-03  2.634781e-02  2.634670e-02  3.481935e-03  2.634621e-02  1.961950e-01  1.914501e-01  2.635115e-02  2.634451e-02  1.914528e-01  1.961921e-01  2.635570e-02  3.482273e-03  2.634443e-02  2.634494e-02  3.482237e-03    4.647764e-03  4.647764e-03    -2.033572e-06  2.033572e-06  1.000e+00
0.255507  3.481495e-03  2.634918e-02  2.634796e-02  3.481144e-03  2.634741e-02  1.962756e-01  1.913655e-01  2.635268e-02  2.634574e-02  1.913682e-01  1.962726e-01  2.635749e-02  3.481590e-03  2.634568e-02  2.634630e-02  3.481401e-03    4.811040e-03  4.811040e-03    -1.879209e-06  1.879209e-06  1.000e+00
0.261482  3.480760e-03  2.635095e-02  2.634959e-02  3.480136e-03  2.634897e-02  1.963789e-01  1.912571e-01  2.635465e-02  2.634734e-02  1.912599e-01  1.963756e-01  2.635980e-02  3.480729e-03  2.634730e-02  2.634806e-02  3.480335e-03    5.020206e-03  5.020206e-03    -1.671319e-06  1.671319e-06  1.000e+00
0.268834  3.479848e-03  2.635320e-02  2.635165e-02  3.478884e-03  2.635094e-02  1.965081e-01  1.911212e-01  2.635715e-02  2.634936e-02  1.911241e-01  1.965045e-01  2.636273e-02  3.479673e-03  2.634935e-02  2.635028e-02  3.479005e-03    5.282153e-03  5.282153e-03    -1.395711e-06  1.395711e-06  1.000e+00
0.276794  3.478851e-03  2.635572e-02  2.635394e-02  3.477514e-03  2.635313e-02  1.966507e-01  1.909712e-01  2.635994e-02  2.635162e-02  1.909742e-01  1.966467e-01  2.636600e-02  3.478534e-03  2.635164e-02  2.635277e-02  3.477543e-03    5.571301e-03  5.571301e-03    -1.072511e-06  1.072511e-06  1.000e+00
0.283400  3.478016e-03  2.635787e-02  2.635588e-02  3.476368e-03  2.635500e-02  1.967710e-01  1.908445e-01  2.636233e-02  2.635354e-02  1.908476e-01  1.967667e-01  2.636880e-02  3.477594e-03  2.635359e-02  2.635489e-02  3.476313e-03    5.815471e-03  5.815471e-03    -7.849000e-07  7.849000e-07  1.000e+00
0.289877  3.477194e-03  2.636004e-02  2.635784e-02  3.475236e-03  2.635688e-02  1.968907e-01  1.907183e-01  2.636472e-02  2.635547e-02  1.907216e-01  1.968861e-01  2.637162e-02  3.476676e-03  2.635555e-02  2.635702e-02  3.475091e-03    6.058529e-03  6.058529e-03    -4.853942e-07  4.853942e-07  1.000e+00
0.297613  3.476209e-03  2.636269e-02  2.636022e-02  3.473872e-03  2.635917e-02  1.970359e-01  1.905652e-01  2.636767e-02  2.635782e-02  1.905686e-01  1.970309e-01  2.637506e-02  3.475587e-03  2.635795e-02  2.635962e-02  3.473612e-03    6.353440e-03  6.353440e-03    -1.059802e-07  1.059802e-07  1.000e+00
0.303268  3.475489e-03  2.636468e-02  2.636199e-02  3.472868e-03  2.636088e-02  1.971435e-01  1.904516e-01  2.636987e-02  2.635958e-02  1.904551e-01  1.971382e-01  2.637764e-02  3.474797e-03  2.635974e-02  2.636156e-02  3.472516e-03    6.572106e-03  6.572106e-03    1.866508e-07  -1.866508e-07  1.000e+00
0.308546  3.474818e-03  2.636656e-02  2.636367e-02  3.471925e-03  2.636250e-02  1.972450e-01  1.903444e-01  2.637196e-02  2.636125e-02  1.903480e-01  1.972394e-01  2.638008e-02  3.474066e-03  2.636143e-02  2.636340e-02  3.471485e-03    6.778510e-03  6.778510e-03    4.718606e-07  -4.718606e-07  1.000e+00
0.313468  3.474194e-03  2.636834e-02  2.636525e-02  3.471042e-03  2.636403e-02  1.973406e-01  1.902434e-01  2.637394e-02  2.636283e-02  1.902471e-01  1.973348e-01  2.638239e-02  3.473390e-03  2.636304e-02  2.636513e-02  3.470515e-03    6.972965e-03  6.972965e-03    7.473277e-07  -7.473277e-07  1.000e+00
0.318965  3.473500e-03  2.637037e-02  2.636703e-02  3.470055e-03  2.636577e-02  1.974484e-01  1.901295e-01  2.637618e-02  2.636461e-02  1.901332e-01  1.974423e-01  2.638501e-02  3.472643e-03  2.636485e-02  2.636710e-02  3.469425e-03    7.192293e-03  7.192293e-03    1.066533e-06  -1.066533e-06  1.000e+00
0.323529  3.472926e-03  2.637207e-02  2.636853e-02  3.469234e-03  2.636722e-02  1.975388e-01  1.900340e-01  2.637808e-02  2.636611e-02  1.900377e-01  1.975325e-01  2.638721e-02  3.472030e-03  2.636638e-02  2.636875e-02  3.468516e-03    7.376129e-03  7.376129e-03    1.340633e-06  -1.340633e-06  1.000e+00
0.328045  3.472362e-03  2.637377e-02  2.637002e-02  3.468423e-03  2.636867e-02  1.976289e-01  1.899387e-01  2.637997e-02  2.636761e-02  1.899425e-01  1.976223e-01  2.638941e-02  3.471431e-03  2.636790e-02  2.637040e-02  3.467612e-03    7.559531e-03  7.559531e-03    1.620023e-06  -1.620023e-06  1.000e+00
0.332434  3.471818e-03  2.637545e-02  2.637148e-02  3.467637e-03  2.637009e-02  1.977171e-01  1.898453e-01  2.638183e-02  2.636908e-02  1.898492e-01  1.977104e-01  2.639157e-02  3.470855e-03  2.636939e-02  2.637201e-02  3.466732e-03    7.739200e-03  7.739200e-03    1.899402e-06  -1.899402e-06  1.000e+00
0.337393  3.471210e-03  2.637736e-02  2.637314e-02  3.466753e-03  2.637171e-02  1.978176e-01  1.897390e-01  2.638395e-02  2.637076e-02  1.897429e-01  1.978106e-01  2.639404e-02  3.470213e-03  2.637110e-02  2.637385e-02  3.465736e-03    7.943832e-03  7.943832e-03    2.224317e-06  -2.224317e-06  1.000e+00
0.343739  3.470444e-03  2.637984e-02  2.637528e-02  3.465628e-03  2.637380e-02  1.979475e-01  1.896016e-01  2.638670e-02  2.637292e-02  1.896056e-01  1.979401e-01  2.639722e-02  3.469407e-03  2.637330e-02  2.637623e-02  3.464461e-03    8.208199e-03  8.208199e-03    2.654575e-06  -2.654575e-06  1.000e+00
0.353739  3.469274e-03  2.638380e-02  2.637868e-02  3.463880e-03  2.637712e-02  1.981547e-01  1.893822e-01  2.639111e-02  2.637638e-02  1.893864e-01  1.981468e-01  2.640232e-02  3.468171e-03  2.637680e-02  2.638001e-02  3.462456e-03    8.630287e-03  8.630287e-03    3.365638e-06  -3.365638e-06  1.000e+00
0.363182  3.468217e-03  2.638760e-02  2.638191e-02  3.462259e-03  2.638027e-02  1.983532e-01  1.891719e-01  2.639533e-02  2.637968e-02  1.891763e-01  1.983448e-01  2.640720e-02  3.467046e-03  2.638015e-02  2.638362e-02  3.460573e-03    9.034819e-03  9.034819e-03    4.073755e-06  -4.073755e-06  1.000e+00
0.369738  3.467513e-03  2.639027e-02  2.638416e-02  3.461153e-03  2.638247e-02  1.984926e-01  1.890242e-01  2.639830e-02  2.638199e-02  1.890286e-01  1.984839e-01  2.641062e-02  3.466288e-03  2.638248e-02  2.638614e-02  3.459274e-03    9.318958e-03  9.318958e-03    4.586475e-06  -4.586475e-06  1.000e+00
0.375922  3.466871e-03  2.639280e-02  2.638628e-02  3.460127e-03  2.638455e-02  1.986253e-01  1.888836e-01  2.640112e-02  2.638417e-02  1.888882e-01  1.986162e-01  2.641387e-02  3.465593e-03  2.638470e-02  2.638853e-02  3.458057e-03    9.589382e-03  9.589382e-03    5.086591e-06  -5.086591e-06  1.000e+00
0.381524  3.466308e-03  2.639511e-02  2.638821e-02  3.459213e-03  2.638643e-02  1.987465e-01  1.887553e-01  2.640369e-02  2.638616e-02  1.887599e-01  1.987371e-01  2.641683e-02  3.464978e-03  2.638671e-02  2.639070e-02  3.456963e-03    9.836273e-03  9.836273e-03    5.552598e-06  -5.552598e-06  1.000e+00
0.390108  3.465478e-03  2.639868e-02  2.639115e-02  3.457843e-03  2.638930e-02  1.989338e-01  1.885568e-01  2.640765e-02  2.638920e-02  1.885616e-01  1.989239e-01  2.642139e-02  3.464064e-03  2.638979e-02  2.639403e-02  3.455303e-03    1.021813e-02  1.021813e-02    6.291079e-06  -6.291079e-06  1.000e+00
0.400108  3.464564e-03  2.640287e-02  2.639456e-02  3.456298e-03  2.639265e-02  1.991546e-01  1.883229e-01  2.641230e-02  2.639275e-02  1.883278e-01  1.991442e-01  2.642672e-02  3.463047e-03  2.639338e-02  2.639791e-02  3.453397e-03    1.066808e-02  1.066808e-02    7.191284e-06  -7.191284e-06  1.000e+00
0.407001  3.463965e-03  2.640576e-02  2.639689e-02  3.455266e-03  2.639493e-02  1.993083e-01  1.881602e-01  2.641551e-02  2.639520e-02  1.881652e-01  1.992975e-01  2.643040e-02  3.462377e-03  2.639584e-02  2.640057e-02  3.452104e-03    1.098130e-02  1.098130e-02    7.835072e-06  -7.835072e-06  1.000e+00
0.413893  3.463392e-03  2.640867e-02  2.639922e-02  3.454261e-03  2.639720e-02  1.994632e-01  1.879962e-01  2.641873e-02  2.639763e-02  1.880013e-01  1.994521e-01  2.643407e-02  3.461736e-03  2.639829e-02  2.640322e-02  3.450829e-03    1.129696e-02  1.129696e-02    8.498636e-06  -8.498636e-06  1.000e+00
0.421141  3.462815e-03  2.641172e-02  2.640164e-02  3.453233e-03  2.639956e-02  1.996274e-01  1.878225e-01  2.642212e-02  2.640018e-02  1.878276e-01  1.996158e-01  2.643794e-02  3.461094e-03  2.640085e-02  2.640600e-02  3.449509e-03    1.163140e-02  1.163140e-02    9.217086e-06  -9.217086e-06  1.000e+00
0.429316  3.462193e-03  2.641518e-02  2.640434e-02  3.452108e-03  2.640220e-02  1.998141e-01  1.876250e-01  2.642594e-02  2.640304e-02  1.876303e-01  1.998021e-01  2.644228e-02  3.460413e-03  2.640372e-02  2.640910e-02  3.448047e-03    1.201168e-02  1.201168e-02    1.005354e-05  -1.005354e-05  1.000e+00
0.437427  3.461604e-03  2.641860e-02  2.640698e-02  3.451027e-03  2.640477e-02  2.000008e-01  1.874275e-01  2.642971e-02  2.640584e-02  1.874329e-01  1.999885e-01  2.644657e-02  3.459786e-03  2.640653e-02  2.641215e-02  3.446627e-03    1.239198e-02  1.239198e-02    1.091032e-05  -1.091032e-05  1.000e+00
0.444047  3.461142e-03  2.642138e-02  2.640910e-02  3.450171e-03  2.640684e-02  2.001544e-01  1.872653e-01  2.643278e-02  2.640810e-02  1.872708e-01  2.001417e-01  2.645006e-02  3.459311e-03  2.640879e-02  2.641460e-02  3.445491e-03    1.270455e-02  1.270455e-02    1.162904e-05  -1.162904e-05  1.000e+00
0.450234  3.460724e-03  2.642398e-02  2.641106e-02  3.449389e-03  2.640875e-02  2.002988e-01  1.871129e-01  2.643564e-02  2.641020e-02  1.871184e-01  2.002858e-01  2.645329e-02  3.458897e-03  2.641088e-02  2.641687e-02  3.444448e-03    1.299839e-02  1.299839e-02    1.231664e-05  -1.231664e-05  1.000e+00
0.457796  3.460229e-03  2.642715e-02  2.641341e-02  3.448457e-03  2.641103e-02  2.004764e-01  1.869255e-01  2.643911e-02  2.641271e-02  1.869311e-01  2.004631e-01  2.645721e-02  3.458430e-03  2.641339e-02  2.641959e-02  3.443198e-03    1.335965e-02  1.335965e-02    1.317703e-05  -1.317703e-05  1.000e+00
0.465897  3.459717e-03  2.643052e-02  2.641586e-02  3.447485e-03  2.641342e-02  2.006680e-01  1.867236e-01  2.644279e-02  2.641536e-02  1.867292e-01  2.006543e-01  2.646137e-02  3.457979e-03  2.641604e-02  2.642246e-02  3.441890e-03    1.374918e-02  1.374918e-02    1.412440e-05  -1.412440e-05  1.000e+00
0.473923  3.459225e-03  2.643385e-02  2.641823e-02  3.446545e-03  2.641573e-02  2.008591e-01  1.865224e-01  2.644640e-02  2.641793e-02  1.865281e-01  2.008451e-01  2.646543e-02  3.457582e-03  2.641859e-02  2.642523e-02  3.440625e-03    1.413757e-02  1.413757e-02    1.508817e-05  -1.508817e-05  1.000e+00
0.481966  3.458748e-03  2.643715e-02  2.642054e-02  3.445624e-03  2.641797e-02  2.010519e-01  1.863196e-01  2.644998e-02  2.642044e-02  1.863253e-01  2.010376e-01  2.646944e-02  3.457234e-03  2.642109e-02  2.642794e-02  3.439388e-03    1.452918e-02  1.452918e-02    1.607889e-05  -1.607889e-05  1.000e+00
0.487867  3.458405e-03  2.643955e-02  2.642218e-02  3.444961e-03  2.641957e-02  2.011941e-01  1.861702e-01  2.645258e-02  2.642223e-02  1.861759e-01  2.011797e-01  2.647235e-02  3.457012e-03  2.642288e-02  2.642988e-02  3.438501e-03    1.481792e-02  1.481792e-02    1.682098e-05  -1.682098e-05  1.000e+00
0.493744  3.458070e-03  2.644193e-02  2.642377e-02  3.444311e-03  2.642113e-02  2.013364e-01  1.860208e-01  2.645514e-02  2.642397e-02  1.860266e-01  2.013218e-01  2.647520e-02  3.456817e-03  2.642462e-02  2.643177e-02  3.437636e-03    1.510665e-02  1.510665e-02    1.757281e-05  -1.757281e-05  1.000e+00
0.500571  3.457687e-03  2.644466e-02  2.642556e-02  3.443569e-03  2.642288e-02  2.015026e-01  1.858467e-01  2.645807e-02  2.642595e-02  1.858524e-01  2.014877e-01  2.647846e-02  3.456626e-03  2.642659e-02  2.643390e-02  3.436653e-03    1.544349e-02  1.544349e-02    1.846160e-05  -1.846160e-05  1.000e+00
0.508170  3.457268e-03  2.644767e-02  2.642748e-02  3.442760e-03  2.642476e-02  2.016884e-01  1.856521e-01  2.646128e-02  2.642807e-02  1.856579e-01  2.016734e-01  2.648203e-02  3.456457e-03  2.642872e-02  2.643619e-02  3.435589e-03    1.582012e-02  1.582012e-02    1.946978e-05  -1.946978e-05  1.000e+00
0.514931  3.456902e-03  2.645030e-02  2.642911e-02  3.442056e-03  2.642637e-02  2.018546e-01  1.854783e-01  2.646409e-02  2.642989e-02  1.854841e-01  2.018394e-01  2.648513e-02  3.456345e-03  2.643054e-02  2.643816e-02  3.434669e-03    1.615671e-02  1.615671e-02    2.038314e-05  -2.038314e-05  1.000e+00
0.520408  3.456610e-03  2.645241e-02  2.643038e-02  3.441495e-03  2.642762e-02  2.019898e-01  1.853372e-01  2.646632e-02  2.643132e-02  1.853429e-01  2.019745e-01  2.648760e-02  3.456281e-03  2.643197e-02  2.643970e-02  3.433943e-03    1.643033e-02  1.643033e-02    2.113391e-05  -2.113391e-05  1.000e+00
0.525289  3.456353e-03  2.645427e-02  2.643147e-02  3.441005e-03  2.642870e-02  2.021107e-01  1.852111e-01  2.646828e-02  2.643255e-02  1.852167e-01  2.020953e-01  2.648976e-02  3.456244e-03  2.643320e-02  2.644103e-02  3.433310e-03    1.667486e-02  1.667486e-02    2.181070e-05  -2.181070e-05  1.000e+00
0.530169  3.456101e-03  2.645610e-02  2.643252e-02  3.440522e-03  2.642974e-02  2.022320e-01  1.850847e-01  2.647021e-02  2.643374e-02  1.850903e-01  2.022165e-01  2.649188e-02  3.456227e-03  2.643440e-02  2.644232e-02  3.432692e-03    1.692004e-02  1.692004e-02    2.249466e-05  -2.249466e-05  1.000e+00
0.535388  3.455835e-03  2.645804e-02  2.643360e-02  3.440016e-03  2.643081e-02  2.023621e-01  1.849493e-01  2.647224e-02  2.643497e-02  1.849549e-01  2.023466e-01  2.649411e-02  3.456228e-03  2.643564e-02  2.644365e-02  3.432047e-03    1.718290e-02  1.718290e-02    2.323363e-05  -2.323363e-05  1.000e+00
0.539757  3.455616e-03  2.645964e-02  2.643447e-02  3.439599e-03  2.643167e-02  2.024714e-01  1.848357e-01  2.647391e-02  2.643596e-02  1.848412e-01  2.024558e-01  2.649594e-02  3.456246e-03  2.643665e-02  2.644472e-02  3.431520e-03    1.740352e-02  1.740352e-02    2.385829e-05  -2.385829e-05  1.000e+00
0.544127  3.455401e-03  2.646121e-02  2.643529e-02  3.439191e-03  2.643250e-02  2.025809e-01  1.847219e-01  2.647555e-02  2.643692e-02  1.847274e-01  2.025653e-01  2.649773e-02  3.456280e-03  2.643762e-02  2.644576e-02  3.431005e-03    1.762462e-02  1.762462e-02    2.448847e-05  -2.448847e-05  1.000e+00
0.549046  3.455163e-03  2.646296e-02  2.643618e-02  3.438739e-03  2.643340e-02  2.027046e-01  1.845936e-01  2.647737e-02  2.643796e-02  1.845990e-01  2.026889e-01  2.649971e-02  3.456335e-03  2.643867e-02  2.644689e-02  3.430440e-03    1.787408e-02  1.787408e-02    2.520390e-05  -2.520390e-05  1.000e+00
0.554083  3.454925e-03  2.646472e-02  2.643705e-02  3.438288e-03  2.643427e-02  2.028316e-01  1.844621e-01  2.647919e-02  2.643898e-02  1.844674e-01  2.028159e-01  2.650169e-02  3.456412e-03  2.643970e-02  2.644799e-02  3.429877e-03    1.813006e-02  1.813006e-02    2.594280e-05  -2.594280e-05  1.000e+00
0.561280  3.454593e-03  2.646718e-02  2.643819e-02  3.437661e-03  2.643543e-02  2.030137e-01  1.842737e-01  2.648172e-02  2.644034e-02  1.842788e-01  2.029980e-01  2.650443e-02  3.456558e-03  2.644110e-02  2.644947e-02  3.429103e-03    1.849688e-02  1.849688e-02    2.700963e-05  -2.700963e-05  1.000e+00
0.568478  3.454270e-03  2.646957e-02  2.643923e-02  3.437056e-03  2.643649e-02  2.031965e-01  1.840849e-01  2.648416e-02  2.644160e-02  1.840899e-01  2.031809e-01  2.650708e-02  3.456746e-03  2.644239e-02  2.645084e-02  3.428363e-03    1.886481e-02  1.886481e-02    2.808836e-05  -2.808836e-05  1.000e+00
0.577171  3.453894e-03  2.647235e-02  2.644033e-02  3.436356e-03  2.643763e-02  2.034183e-01  1.838565e-01  2.648699e-02  2.644298e-02  1.838612e-01  2.034027e-01  2.651012e-02  3.457029e-03  2.644382e-02  2.645234e-02  3.427515e-03    1.931056e-02  1.931056e-02    2.940651e-05  -2.940651e-05  1.000e+00
0.587171  3.453480e-03  2.647542e-02  2.644139e-02  3.435593e-03  2.643875e-02  2.036746e-01  1.835931e-01  2.649007e-02  2.644437e-02  1.835975e-01  2.036592e-01  2.651343e-02  3.457433e-03  2.644527e-02  2.645386e-02  3.426602e-03    1.982510e-02  1.982510e-02    3.094066e-05  -3.094066e-05  1.000e+00
0.595258  3.453162e-03  2.647778e-02  2.644208e-02  3.435012e-03  2.643949e-02  2.038827e-01  1.833798e-01  2.649241e-02  2.644532e-02  1.833839e-01  2.038675e-01  2.651593e-02  3.457820e-03  2.644628e-02  2.645490e-02  3.425910e-03    2.024247e-02  2.024247e-02    3.219376e-05  -3.219376e-05  1.000e+00
0.603344  3.452859e-03  2.648003e-02  2.644261e-02  3.434464e-03  2.644009e-02  2.040917e-01  1.831661e-01  2.649462e-02  2.644611e-02  1.831700e-01  2.040767e-01  2.651829e-02  3.458261e-03  2.644714e-02  2.645579e-02  3.425260e-03    2.066093e-02  2.066093e-02    3.345543e-05  -3.345543e-05  1.000e+00
0.610891  3.452592e-03  2.648203e-02  2.644296e-02  3.433982e-03  2.644050e-02  2.042874e-01  1.829665e-01  2.649656e-02  2.644671e-02  1.829700e-01  2.042727e-01  2.652034e-02  3.458721e-03  2.644781e-02  2.645646e-02  3.424690e-03    2.105237e-02  2.105237e-02    3.464335e-05  -3.464335e-05  1.000e+00
0.618057  3.452353e-03  2.648383e-02  2.644316e-02  3.433552e-03  2.644077e-02  2.044738e-01  1.827768e-01  2.649828e-02  2.644714e-02  1.827800e-01  2.044594e-01  2.652216e-02  3.459202e-03  2.644831e-02  2.645696e-02  3.424180e-03    2.142481e-02  2.142481e-02    3.577784e-05  -3.577784e-05  1.000e+00
0.628057  3.452044e-03  2.648617e-02  2.644321e-02  3.432997e-03  2.644093e-02  2.047350e-01  1.825119e-01  2.650050e-02  2.644752e-02  1.825146e-01  2.047209e-01  2.652449e-02  3.459943e-03  2.644881e-02  2.645743e-02  3.423518e-03    2.194569e-02  2.194569e-02    3.737022e-05  -3.737022e-05  1.000e+00
0.637379  3.451781e-03  2.648817e-02  2.644302e-02  3.432527e-03  2.644085e-02  2.049793e-01  1.822649e-01  2.650234e-02  2.644762e-02  1.822670e-01  2.049657e-01  2.652642e-02  3.460708e-03  2.644903e-02  2.645762e-02  3.422951e-03    2.243232e-02  2.243232e-02    3.886259e-05  -3.886259e-05  1.000e+00
0.645596  3.451571e-03  2.648979e-02  2.644266e-02  3.432151e-03  2.644059e-02  2.051954e-01  1.820470e-01  2.650380e-02  2.644752e-02  1.820487e-01  2.051823e-01  2.652793e-02  3.461440e-03  2.644904e-02  2.645758e-02  3.422488e-03    2.286211e-02  2.286211e-02    4.018239e-05  -4.018239e-05  1.000e+00
0.653813  3.451380e-03  2.649126e-02  2.644210e-02  3.431811e-03  2.644015e-02  2.054123e-01  1.818291e-01  2.650508e-02  2.644721e-02  1.818303e-01  2.053996e-01  2.652925e-02  3.462226e-03  2.644886e-02  2.645734e-02  3.422060e-03    2.329258e-02  2.329258e-02    4.150619e-05  -4.150619e-05  1.000e+00
0.662673  3.451196e-03  2.649267e-02  2.644129e-02  3.431483e-03  2.643946e-02  2.056467e-01  1.815942e-01  2.650627e-02  2.644666e-02  1.815948e-01  2.056347e-01  2.653047e-02  3.463133e-03  2.644846e-02  2.645685e-02  3.421633e-03    2.375741e-02  2.375741e-02    4.293612e-05  -4.293612e-05  1.000e+00
0.671533  3.451035e-03  2.649390e-02  2.644024e-02  3.431197e-03  2.643855e-02  2.058819e-01  1.813593e-01  2.650725e-02  2.644588e-02  1.813593e-01  2.058706e-01  2.653147e-02  3.464101e-03  2.644783e-02  2.645613e-02  3.421242e-03    2.422287e-02  2.422287e-02    4.436707e-05  -4.436707e-05  1.000e+00
0.681533  3.450881e-03  2.649506e-02  2.643877e-02  3.430924e-03  2.643725e-02  2.061483e-01  1.810944e-01  2.650809e-02  2.644470e-02  1.810937e-01  2.061377e-01  2.653231e-02  3.465265e-03  2.644684e-02  2.645502e-02  3.420841e-03    2.474891e-02  2.474891e-02    4.598156e-05  -4.598156e-05  1.000e+00
0.691533  3.450757e-03  2.649597e-02  2.643700e-02  3.430703e-03  2.643566e-02  2.064154e-01  1.808298e-01  2.650866e-02  2.644320e-02  1.808282e-01  2.064057e-01  2.653286e-02  3.466504e-03  2.644554e-02  2.645358e-02  3.420478e-03    2.527556e-02  2.527556e-02    4.759455e-05  -4.759455e-05  1.000e+00
0.701474  3.450661e-03  2.649662e-02  2.643492e-02  3.430536e-03  2.643378e-02  2.066818e-01  1.805670e-01  2.650893e-02  2.644139e-02  1.805646e-01  2.066730e-01  2.653310e-02  3.467808e-03  2.644395e-02  2.645184e-02  3.420151e-03    2.579959e-02  2.579959e-02    4.919387e-05  -4.919387e-05  1.000e+00
0.711474  3.450589e-03  2.649700e-02  2.643251e-02  3.430422e-03  2.643157e-02  2.069506e-01  1.803030e-01  2.650892e-02  2.643924e-02  1.802997e-01  2.069427e-01  2.653304e-02  3.469191e-03  2.644203e-02  2.644975e-02  3.419854e-03    2.632716e-02  2.632716e-02    5.079689e-05  -5.079689e-05  1.000e+00
0.719835  3.450547e-03  2.649710e-02  2.643024e-02  3.430366e-03  2.642949e-02  2.071759e-01  1.800825e-01  2.650867e-02  2.643719e-02  1.800784e-01  2.071689e-01  2.653274e-02  3.470400e-03  2.644018e-02  2.644774e-02  3.419626e-03    2.676854e-02  2.676854e-02    5.213147e-05  -5.213147e-05  1.000e+00
0.728197  3.450517e-03  2.649701e-02  2.642773e-02  3.430346e-03  2.642718e-02  2.074017e-01  1.798624e-01  2.650820e-02  2.643490e-02  1.798575e-01  2.073956e-01  2.653222e-02  3.471655e-03  2.643809e-02  2.644549e-02  3.419416e-03    2.721009e-02  2.721009e-02    5.345951e-05  -5.345951e-05  1.000e+00
0.738197  3.450494e-03  2.649663e-02  2.642442e-02  3.430367e-03  2.642412e-02  2.076724e-01  1.795997e-01  2.650736e-02  2.643185e-02  1.795937e-01  2.076674e-01  2.653130e-02  3.473212e-03  2.643529e-02  2.644247e-02  3.419183e-03    2.773829e-02  2.773829e-02    5.503859e-05  -5.503859e-05  1.000e+00
0.746702  3.450483e-03  2.649607e-02  2.642133e-02  3.430419e-03  2.642126e-02  2.079032e-01  1.793767e-01  2.650639e-02  2.642897e-02  1.793698e-01  2.078992e-01  2.653026e-02  3.474582e-03  2.643264e-02  2.643963e-02  3.418999e-03    2.818763e-02  2.818763e-02    5.637147e-05  -5.637147e-05  1.000e+00
0.755208  3.450477e-03  2.649529e-02  2.641799e-02  3.430501e-03  2.641816e-02  2.081345e-01  1.791542e-01  2.650518e-02  2.642585e-02  1.791463e-01  2.081316e-01  2.652897e-02  3.475993e-03  2.642974e-02  2.643652e-02  3.418826e-03    2.863697e-02  2.863697e-02    5.769437e-05  -5.769437e-05  1.000e+00
0.763006  3.450471e-03  2.649437e-02  2.641469e-02  3.430598e-03  2.641511e-02  2.083469e-01  1.789506e-01  2.650386e-02  2.642275e-02  1.789418e-01  2.083450e-01  2.652758e-02  3.477318e-03  2.642686e-02  2.643344e-02  3.418675e-03    2.904884e-02  2.904884e-02    5.889643e-05  -5.889643e-05  1.000e+00
0.772316  3.450463e-03  2.649302e-02  2.641047e-02  3.430738e-03  2.641119e-02  2.086010e-01  1.787081e-01  2.650201e-02  2.641877e-02  1.786981e-01  2.086004e-01  2.652565e-02  3.478938e-03  2.642314e-02  2.642947e-02  3.418503e-03    2.954052e-02  2.954052e-02    6.032070e-05  -6.032070e-05  1.000e+00
0.780940  3.450452e-03  2.649153e-02  2.640627e-02  3.430887e-03  2.640730e-02  2.088369e-01  1.784841e-01  2.650004e-02  2.641481e-02  1.784730e-01  2.088374e-01  2.652359e-02  3.480474e-03  2.641942e-02  2.642550e-02  3.418350e-03    2.999579e-02  2.999579e-02    6.162319e-05  -6.162319e-05  1.000e+00
0.789295  3.450434e-03  2.648984e-02  2.640194e-02  3.431045e-03  2.640327e-02  2.090658e-01  1.782677e-01  2.649789e-02  2.641071e-02  1.782554e-01  2.090675e-01  2.652136e-02  3.481991e-03  2.641556e-02  2.642139e-02  3.418205e-03    3.043671e-02  3.043671e-02    6.287095e-05  -6.287095e-05  1.000e+00
0.799295  3.450401e-03  2.648752e-02  2.639640e-02  3.431249e-03  2.639814e-02  2.093402e-01  1.780094e-01  2.649498e-02  2.640546e-02  1.779958e-01  2.093435e-01  2.651836e-02  3.483843e-03  2.641061e-02  2.641611e-02  3.418032e-03    3.096409e-02  3.096409e-02    6.434309e-05  -6.434309e-05  1.000e+00
0.808887  3.450357e-03  2.648498e-02  2.639073e-02  3.431454e-03  2.639289e-02  2.096040e-01  1.777626e-01  2.649187e-02  2.640007e-02  1.777475e-01  2.096087e-01  2.651515e-02  3.485654e-03  2.640551e-02  2.641068e-02  3.417864e-03    3.146954e-02  3.146954e-02    6.573361e-05  -6.573361e-05  1.000e+00
0.818561  3.450296e-03  2.648209e-02  2.638464e-02  3.431668e-03  2.638725e-02  2.098704e-01  1.775145e-01  2.648839e-02  2.639429e-02  1.774980e-01  2.098768e-01  2.651158e-02  3.487512e-03  2.640003e-02  2.640484e-02  3.417689e-03    3.197891e-02  3.197891e-02    6.711244e-05  -6.711244e-05  1.000e+00
0.827776  3.450222e-03  2.647904e-02  2.637851e-02  3.431875e-03  2.638157e-02  2.101247e-01  1.772791e-01  2.648476e-02  2.638844e-02  1.772611e-01  2.101326e-01  2.650787e-02  3.489311e-03  2.639447e-02  2.639893e-02  3.417514e-03    3.246362e-02  3.246362e-02    6.840263e-05  -6.840263e-05  1.000e+00
0.837776  3.450120e-03  2.647539e-02  2.637146e-02  3.432101e-03  2.637506e-02  2.104010e-01  1.770246e-01  2.648047e-02  2.638173e-02  1.770050e-01  2.104107e-01  2.650350e-02  3.491292e-03  2.638808e-02  2.639213e-02  3.417311e-03    3.298905e-02  3.298905e-02    6.977532e-05  -6.977532e-05  1.000e+00
0.847776  3.449996e-03  2.647137e-02  2.636402e-02  3.432325e-03  2.636817e-02  2.106778e-01  1.767713e-01  2.647581e-02  2.637463e-02  1.767499e-01  2.106893e-01  2.649876e-02  3.493301e-03  2.638131e-02  2.638493e-02  3.417090e-03    3.351382e-02  3.351382e-02    7.111635e-05  -7.111635e-05  1.000e+00
0.857776  3.449846e-03  2.646700e-02  2.635616e-02  3.432543e-03  2.636092e-02  2.109550e-01  1.765190e-01  2.647078e-02  2.636713e-02  1.764958e-01  2.109684e-01  2.649366e-02  3.495338e-03  2.637415e-02  2.637732e-02  3.416848e-03    3.403787e-02  3.403787e-02    7.242616e-05  -7.242616e-05  1.000e+00
0.867776  3.449668e-03  2.646227e-02  2.634789e-02  3.432752e-03  2.635330e-02  2.112326e-01  1.762679e-01  2.646537e-02  2.635924e-02  1.762429e-01  2.112480e-01  2.648819e-02  3.497400e-03  2.636661e-02  2.636931e-02  3.416582e-03    3.456114e-02  3.456114e-02    7.370244e-05  -7.370244e-05  1.000e+00
0.877776  3.449459e-03  2.645716e-02  2.633920e-02  3.432947e-03  2.634531e-02  2.115106e-01  1.760180e-01  2.645958e-02  2.635095e-02  1.759911e-01  2.115280e-01  2.648235e-02  3.499483e-03  2.635868e-02  2.636087e-02  3.416286e-03    3.508356e-02  3.508356e-02    7.494356e-05  -7.494356e-05  1.000e+00
0.887718  3.449218e-03  2.645172e-02  2.633015e-02  3.433125e-03  2.633699e-02  2.117874e-01  1.757708e-01  2.645345e-02  2.634231e-02  1.757419e-01  2.118068e-01  2.647618e-02  3.501575e-03  2.635040e-02  2.635208e-02  3.415961e-03    3.560209e-02  3.560209e-02    7.614199e-05  -7.614199e-05  1.000e+00
0.897718  3.448939e-03  2.644587e-02  2.632062e-02  3.433285e-03  2.632824e-02  2.120660e-01  1.755234e-01  2.644690e-02  2.633321e-02  1.754925e-01  2.120876e-01  2.646961e-02  3.503695e-03  2.634168e-02  2.634282e-02  3.415598e-03    3.612268e-02  3.612268e-02    7.730986e-05  -7.730986e-05  1.000e+00
0.907718  3.448621e-03  2.643964e-02  2.631067e-02  3.433422e-03  2.631911e-02  2.123450e-01  1.752773e-01  2.643997e-02  2.632371e-02  1.752443e-01  2.123688e-01  2.646266e-02  3.505830e-03  2.633257e-02  2.633313e-02  3.415196e-03    3.664226e-02  3.664226e-02    7.843890e-05  -7.843890e-05  1.000e+00
0.916174  3.448319e-03  2.643408e-02  2.630192e-02  3.433518e-03  2.631110e-02  2.125812e-01  1.750703e-01  2.643381e-02  2.631535e-02  1.750354e-01  2.126069e-01  2.645649e-02  3.507642e-03  2.632455e-02  2.632462e-02  3.414824e-03    3.708079e-02  3.708079e-02    7.936317e-05  -7.936317e-05  1.000e+00
0.924629  3.447986e-03  2.642825e-02  2.629287e-02  3.433596e-03  2.630281e-02  2.128176e-01  1.748642e-01  2.642737e-02  2.630671e-02  1.748274e-01  2.128452e-01  2.645006e-02  3.509460e-03  2.631625e-02  2.631580e-02  3.414420e-03    3.751854e-02  3.751854e-02    8.025937e-05  -8.025937e-05  1.000e+00
0.933535  3.447599e-03  2.642180e-02  2.628300e-02  3.433657e-03  2.629379e-02  2.130667e-01  1.746482e-01  2.642029e-02  2.629728e-02  1.746094e-01  2.130965e-01  2.644299e-02  3.511377e-03  2.630720e-02  2.630619e-02  3.413958e-03    3.797871e-02  3.797871e-02    8.117126e-05  -8.117126e-05  1.000e+00
0.943535  3.447120e-03  2.641420e-02  2.627151e-02  3.433701e-03  2.628330e-02  2.133467e-01  1.744070e-01  2.641198e-02  2.628631e-02  1.743659e-01  2.133789e-01  2.643471e-02  3.513531e-03  2.629666e-02  2.629499e-02  3.413393e-03    3.849432e-02  3.849432e-02    8.215708e-05  -8.215708e-05  1.000e+00
0.951571  3.446700e-03  2.640781e-02  2.626196e-02  3.433715e-03  2.627458e-02  2.135719e-01  1.742142e-01  2.640501e-02  2.627720e-02  1.741712e-01  2.136061e-01  2.642777e-02  3.515258e-03  2.628790e-02  2.628569e-02  3.412901e-03    3.890776e-02  3.890776e-02    8.291924e-05  -8.291924e-05  1.000e+00
0.959606  3.446248e-03  2.640117e-02  2.625213e-02  3.433712e-03  2.626562e-02  2.137973e-01  1.740224e-01  2.639780e-02  2.626782e-02  1.739774e-01  2.138335e-01  2.642060e-02  3.516982e-03  2.627889e-02  2.627611e-02  3.412375e-03    3.932040e-02  3.932040e-02    8.365452e-05  -8.365452e-05  1.000e+00
0.969606  3.445639e-03  2.639255e-02  2.623951e-02  3.433683e-03  2.625411e-02  2.140779e-01  1.737850e-01  2.638847e-02  2.625578e-02  1.737375e-01  2.141167e-01  2.641133e-02  3.519117e-03  2.626731e-02  2.626381e-02  3.411669e-03    3.983276e-02  3.983276e-02    8.452926e-05  -8.452926e-05  1.000e+00
0.978606  3.445049e-03  2.638446e-02  2.622778e-02  3.433633e-03  2.624343e-02  2.143306e-01  1.735726e-01  2.637973e-02  2.624460e-02  1.735228e-01  2.143718e-01  2.640267e-02  3.521028e-03  2.625655e-02  2.625238e-02  3.410983e-03    4.029270e-02  4.029270e-02    8.528196e-05  -8.528196e-05  1.000e+00
0.987605  3.444417e-03  2.637604e-02  2.621569e-02  3.433559e-03  2.623242e-02  2.145834e-01  1.733614e-01  2.637069e-02  2.623308e-02  1.733093e-01  2.146271e-01  2.639371e-02  3.522925e-03  2.624547e-02  2.624060e-02  3.410248e-03    4.075154e-02  4.075154e-02    8.599916e-05  -8.599916e-05  1.000e+00
0.997605  3.443667e-03  2.636631e-02  2.620185e-02  3.433449e-03  2.621983e-02  2.148645e-01  1.731282e-01  2.636026e-02  2.621990e-02  1.730734e-01  2.149109e-01  2.638340e-02  3.525014e-03  2.623278e-02  2.622712e-02  3.409370e-03    4.126010e-02  4.126010e-02    8.675600e-05  -8.675600e-05  1.000e+00
1.007605  3.442868e-03  2.635619e-02  2.618758e-02  3.433309e-03  2.620684e-02  2.151458e-01  1.728965e-01  2.634944e-02  2.620630e-02  1.728390e-01  2.151950e-01  2.637271e-02  3.527080e-03  2.621969e-02  2.621321e-02  3.408426e-03    4.176723e-02  4.176723e-02    8.746920e-05  -8.746920e-05  1.000e+00
1.017605  3.442019e-03  2.634567e-02  2.617287e-02  3.433139e-03  2.619345e-02  2.154272e-01  1.726664e-01  2.633824e-02  2.619230e-02  1.726061e-01  2.154793e-01  2.636165e-02  3.529121e-03  2.620621e-02  2.619889e-02  3.407412e-03    4.227290e-02  4.227290e-02    8.813853e-05  -8.813853e-05  1.000e+00
1.027605  3.441123e-03  2.633475e-02  2.615773e-02  3.432939e-03  2.617967e-02  2.157088e-01  1.724378e-01  2.632664e-02  2.617789e-02  1.723747e-01  2.157638e-01  2.635022e-02  3.531133e-03  2.619234e-02  2.618414e-02  3.406327e-03    4.277708e-02  4.277708e-02    8.876427e-05  -8.876427e-05  1.000e+00
1.037605  3.440178e-03  2.632343e-02  2.614215e-02  3.432707e-03  2.616550e-02  2.159904e-01  1.722109e-01  2.631466e-02  2.616307e-02  1.721448e-01  2.160484e-01  2.633843e-02  3.533116e-03  2.617809e-02  2.616899e-02  3.405167e-03    4.327973e-02  4.327973e-02    8.934614e-05  -8.934614e-05  1.000e+00
1.047605  3.439188e-03  2.631171e-02  2.612615e-02  3.432445e-03  2.615093e-02  2.162721e-01  1.719855e-01  2.630229e-02  2.614786e-02  1.719165e-01  2.163332e-01  2.632626e-02  3.535066e-03  2.616344e-02  2.615341e-02  3.403931e-03    4.378083e-02  4.378083e-02    8.988257e-05  -8.988257e-05  1.000e+00
1.057605  3.438152e-03  2.629960e-02  2.610971e-02  3.432150e-03  2.613596e-02  2.165539e-01  1.717617e-01  2.628953e-02  2.613224e-02  1.716897e-01  2.166181e-01  2.631373e-02  3.536983e-03  2.614840e-02  2.613743e-02  3.402616e-03    4.428033e-02  4.428033e-02    9.037536e-05  -9.037536e-05  1.000e+00
1.067605  3.437071e-03  2.628708e-02  2.609284e-02  3.431823e-03  2.612060e-02  2.168358e-01  1.715396e-01  2.627638e-02  2.611622e-02  1.714645e-01  2.169031e-01  2.630083e-02  3.538864e-03  2.613298e-02  2.612103e-02  3.401221e-03    4.477823e-02  4.477823e-02    9.082366e-05  -9.082366e-05  1.000e+00
1.077387  3.435969e-03  2.627446e-02  2.607593e-02  3.431472e-03  2.610518e-02  2.171116e-01  1.713239e-01  2.626315e-02  2.610016e-02  1.712458e-01  2.171820e-01  2.628787e-02  3.540669e-03  2.611753e-02  2.610460e-02  3.399776e-03    4.526369e-02  4.526369e-02    9.121882e-05  -9.121882e-05  1.000e+00
1.087387  3.434798e-03  2.626116e-02  2.605822e-02  3.431080e-03  2.608903e-02  2.173935e-01  1.711050e-01  2.624925e-02  2.608335e-02  1.710237e-01  2.174672e-01  2.627425e-02  3.542476e-03  2.610136e-02  2.608740e-02  3.398217e-03    4.575830e-02  4.575830e-02    9.157843e-05  -9.157843e-05  1.000e+00
1.097387  3.433582e-03  2.624747e-02  2.604009e-02  3.430655e-03  2.607248e-02  2.176755e-01  1.708878e-01  2.623496e-02  2.606615e-02  1.708032e-01  2.177524e-01  2.626028e-02  3.544244e-03  2.608482e-02  2.606981e-02  3.396573e-03    4.625123e-02  4.625123e-02    9.189262e-05  -9.189262e-05  1.000e+00
1.106344  3.432454e-03  2.623488e-02  2.602349e-02  3.430246e-03  2.605731e-02  2.179280e-01  1.706946e-01  2.622184e-02  2.605041e-02  1.706071e-01  2.180080e-01  2.624745e-02  3.545793e-03  2.606968e-02  2.605370e-02  3.395027e-03    4.669128e-02  4.669128e-02    9.213525e-05  -9.213525e-05  1.000e+00
1.115301  3.431287e-03  2.622197e-02  2.600656e-02  3.429810e-03  2.604183e-02  2.181806e-01  1.705028e-01  2.620842e-02  2.603436e-02  1.704123e-01  2.182636e-01  2.623434e-02  3.547309e-03  2.605425e-02  2.603728e-02  3.393411e-03    4.712994e-02  4.712994e-02    9.234069e-05  -9.234069e-05  1.000e+00
1.124749  3.430016e-03  2.620801e-02  2.598833e-02  3.429321e-03  2.602515e-02  2.184469e-01  1.703020e-01  2.619393e-02  2.601709e-02  1.702082e-01  2.185332e-01  2.622020e-02  3.548870e-03  2.603765e-02  2.601962e-02  3.391631e-03    4.759111e-02  4.759111e-02    9.251719e-05  -9.251719e-05  1.000e+00
1.134749  3.428623e-03  2.619286e-02  2.596863e-02  3.428769e-03  2.600711e-02  2.187288e-01  1.700910e-01  2.617823e-02  2.599843e-02  1.699937e-01  2.188185e-01  2.620488e-02  3.550480e-03  2.601973e-02  2.600055e-02  3.389661e-03    4.807749e-02  4.807749e-02    9.265933e-05  -9.265933e-05  1.000e+00
1.144749  3.427182e-03  2.617733e-02  2.594853e-02  3.428184e-03  2.598867e-02  2.190106e-01  1.698817e-01  2.616216e-02  2.597939e-02  1.697809e-01  2.191039e-01  2.618921e-02  3.552044e-03  2.600145e-02  2.598109e-02  3.387602e-03    4.856207e-02  4.856207e-02    9.275470e-05  -9.275470e-05  1.000e+00
1.154510  3.425729e-03  2.616180e-02  2.592851e-02  3.427580e-03  2.597029e-02  2.192856e-01  1.696791e-01  2.614611e-02  2.596045e-02  1.695748e-01  2.193824e-01  2.617357e-02  3.553525e-03  2.598326e-02  2.596173e-02  3.385507e-03    4.903328e-02  4.903328e-02    9.280198e-05  -9.280198e-05  1.000e+00
1.164510  3.424191e-03  2.614551e-02  2.590760e-02  3.426927e-03  2.595107e-02  2.195673e-01  1.694732e-01  2.612930e-02  2.594066e-02  1.693652e-01  2.196678e-01  2.615720e-02  3.554996e-03  2.596427e-02  2.594151e-02  3.383272e-03    4.951423e-02  4.951423e-02    9.280300e-05  -9.280300e-05  1.000e+00
1.174510  3.422605e-03  2.612884e-02  2.588628e-02  3.426239e-03  2.593146e-02  2.198489e-01  1.692690e-01  2.611213e-02  2.592050e-02  1.691573e-01  2.199531e-01  2.614047e-02  3.556416e-03  2.594494e-02  2.592093e-02  3.380947e-03    4.999331e-02  4.999331e-02    9.275635e-05  -9.275635e-05  1.000e+00
1.184510  3.420970e-03  2.611180e-02  2.586457e-02  3.425517e-03  2.591145e-02  2.201304e-01  1.690665e-01  2.609459e-02  2.589997e-02  1.689510e-01  2.202383e-01  2.612340e-02  3.557785e-03  2.592526e-02  2.589997e-02  3.378531e-03    5.047051e-02  5.047051e-02    9.266102e-05  -9.266102e-05  1.000e+00
1.194510  3.419285e-03  2.609439e-02  2.584245e-02  3.424760e-03  2.589106e-02  2.204117e-01  1.688658e-01  2.607669e-02  2.587907e-02  1.687464e-01  2.205234e-01  2.610597e-02  3.559100e-03  2.590523e-02  2.587865e-02  3.376023e-03    5.094581e-02  5.094581e-02    9.251631e-05  -9.251631e-05  1.000e+00
1.204510  3.417552e-03  2.607662e-02  2.581994e-02  3.423968e-03  2.587028e-02  2.206929e-01  1.686667e-01  2.605843e-02  2.585781e-02  1.685435e-01  2.208085e-01  2.608820e-02  3.560361e-03  2.588487e-02  2.585696e-02  3.373423e-03    5.141920e-02  5.141920e-02    9.232341e-05  -9.232341e-05  1.000e+00
1.214510  3.415770e-03  2.605848e-02  2.579704e-02  3.423139e-03  2.584911e-02  2.209740e-01  1.684694e-01  2.603981e-02  2.583618e-02  1.683422e-01  2.210935e-01  2.607007e-02  3.561566e-03  2.586418e-02  2.583492e-02  3.370731e-03    5.189065e-02  5.189065e-02    9.207986e-05  -9.207986e-05  1.000e+00
1.224510  3.413940e-03  2.603998e-02  2.577374e-02  3.422273e-03  2.582755e-02  2.212548e-01  1.682738e-01  2.602084e-02  2.581419e-02  1.681426e-01  2.213783e-01  2.605161e-02  3.562714e-03  2.584316e-02  2.581252e-02  3.367947e-03    5.236015e-02  5.236015e-02    9.178791e-05  -9.178791e-05  1.000e+00
1.234510  3.412062e-03  2.602113e-02  2.575006e-02  3.421368e-03  2.580562e-02  2.215355e-01  1.680799e-01  2.600152e-02  2.579185e-02  1.679447e-01  2.216630e-01  2.603280e-02  3.563803e-03  2.582181e-02  2.578978e-02  3.365068e-03    5.282768e-02  5.282768e-02    9.144362e-05  -9.144362e-05  1.000e+00
1.243881  3.410259e-03  2.600315e-02  2.572752e-02  3.420482e-03  2.578473e-02  2.217984e-01  1.678997e-01  2.598311e-02  2.577059e-02  1.677607e-01  2.219297e-01  2.601486e-02  3.564770e-03  2.580152e-02  2.576816e-02  3.362286e-03    5.326401e-02  5.326401e-02    9.107768e-05  -9.107768e-05  1.000e+00
1.253881  3.408289e-03  2.598362e-02  2.570310e-02  3.419496e-03  2.576207e-02  2.220787e-01  1.677092e-01  2.596313e-02  2.574757e-02  1.675660e-01  2.222142e-01  2.599539e-02  3.565742e-03  2.577956e-02  2.574475e-02  3.359224e-03    5.372769e-02  5.372769e-02    9.063829e-05  -9.063829e-05  1.000e+00
1.263881  3.406272e-03  2.596376e-02  2.567831e-02  3.418463e-03  2.573903e-02  2.223588e-01  1.675203e-01  2.594281e-02  2.572420e-02  1.673730e-01  2.224984e-01  2.597559e-02  3.566653e-03  2.575729e-02  2.572102e-02  3.356067e-03    5.418937e-02  5.418937e-02    9.014578e-05  -9.014578e-05  1.000e+00
1.273881  3.404210e-03  2.594357e-02  2.565314e-02  3.417384e-03  2.571563e-02  2.226386e-01  1.673332e-01  2.592216e-02  2.570048e-02  1.671816e-01  2.227825e-01  2.595545e-02  3.567502e-03  2.573471e-02  2.569696e-02  3.352815e-03    5.464903e-02  5.464903e-02    8.960601e-05  -8.960601e-05  1.000e+00
1.282970  3.402296e-03  2.592493e-02  2.562994e-02  3.416360e-03  2.569405e-02  2.228927e-01  1.671647e-01  2.590311e-02  2.567864e-02  1.670091e-01  2.230406e-01  2.593686e-02  3.568219e-03  2.571393e-02  2.567481e-02  3.349775e-03    5.506506e-02  5.506506e-02    8.907013e-05  -8.907013e-05  1.000e+00
1.292970  3.400148e-03  2.590411e-02  2.560406e-02  3.415184e-03  2.566996e-02  2.231721e-01  1.669808e-01  2.588184e-02  2.565428e-02  1.668210e-01  2.233243e-01  2.591609e-02  3.568947e-03  2.569078e-02  2.565014e-02  3.346339e-03    5.552083e-02  5.552083e-02    8.842850e-05  -8.842850e-05  1.000e+00
1.302970  3.397957e-03  2.588297e-02  2.557783e-02  3.413955e-03  2.564551e-02  2.234511e-01  1.667987e-01  2.586025e-02  2.562959e-02  1.666345e-01  2.236078e-01  2.589500e-02  3.569611e-03  2.566734e-02  2.562515e-02  3.342807e-03    5.597455e-02  5.597455e-02    8.773563e-05  -8.773563e-05  1.000e+00
1.312373  3.395858e-03  2.586281e-02  2.555283e-02  3.412750e-03  2.562219e-02  2.237133e-01  1.666290e-01  2.583966e-02  2.560608e-02  1.664606e-01  2.238741e-01  2.587487e-02  3.570176e-03  2.564504e-02  2.560138e-02  3.339398e-03    5.639934e-02  5.639934e-02    8.704159e-05  -8.704159e-05  1.000e+00
1.322373  3.393587e-03  2.584107e-02  2.552591e-02  3.411414e-03  2.559706e-02  2.239917e-01  1.664501e-01  2.581746e-02  2.558075e-02  1.662773e-01  2.241572e-01  2.585316e-02  3.570716e-03  2.562105e-02  2.557581e-02  3.335681e-03    5.684905e-02  5.684905e-02    8.624853e-05  -8.624853e-05  1.000e+00
1.332373  3.391276e-03  2.581904e-02  2.549863e-02  3.410021e-03  2.557159e-02  2.242698e-01  1.662730e-01  2.579496e-02  2.555511e-02  1.660957e-01  2.244399e-01  2.583113e-02  3.571191e-03  2.559678e-02  2.554994e-02  3.331868e-03    5.729667e-02  5.729667e-02    8.541040e-05  -8.541040e-05  1.000e+00
1.342373  3.388927e-03  2.579671e-02  2.547101e-02  3.408570e-03  2.554577e-02  2.245476e-01  1.660976e-01  2.577217e-02  2.552914e-02  1.659157e-01  2.247224e-01  2.580878e-02  3.571602e-03  2.557224e-02  2.552379e-02  3.327961e-03    5.774220e-02  5.774220e-02    8.452066e-05  -8.452066e-05  1.000e+00
1.352373  3.386540e-03  2.577409e-02  2.544305e-02  3.407059e-03  2.551962e-02  2.248250e-01  1.659239e-01  2.574907e-02  2.550287e-02  1.657374e-01  2.250046e-01  2.578613e-02  3.571949e-03  2.554743e-02  2.549735e-02  3.323960e-03    5.818563e-02  5.818563e-02    8.357895e-05  -8.357895e-05  1.000e+00
1.362302  3.384135e-03  2.575136e-02  2.541496e-02  3.405500e-03  2.549332e-02  2.251000e-01  1.657530e-01  2.572586e-02  2.547647e-02  1.655620e-01  2.252845e-01  2.576333e-02  3.572231e-03  2.552254e-02  2.547082e-02  3.319897e-03    5.862379e-02  5.862379e-02    8.259574e-05  -8.259574e-05  1.000e+00
1.372302  3.381679e-03  2.572819e-02  2.538633e-02  3.403868e-03  2.546651e-02  2.253767e-01  1.655827e-01  2.570219e-02  2.544958e-02  1.653870e-01  2.255660e-01  2.574007e-02  3.572453e-03  2.549721e-02  2.544383e-02  3.315713e-03    5.906301e-02  5.906301e-02    8.155501e-05  -8.155501e-05  1.000e+00
1.382302  3.379190e-03  2.570475e-02  2.535738e-02  3.402174e-03  2.543938e-02  2.256529e-01  1.654139e-01  2.567824e-02  2.542239e-02  1.652136e-01  2.258472e-01  2.571651e-02  3.572613e-03  2.547163e-02  2.541658e-02  3.311440e-03    5.950010e-02  5.950010e-02    8.046364e-05  -8.046364e-05  9.999e-01
1.392302  3.376671e-03  2.568105e-02  2.532811e-02  3.400418e-03  2.541193e-02  2.259287e-01  1.652469e-01  2.565402e-02  2.539490e-02  1.650419e-01  2.261281e-01  2.569265e-02  3.572713e-03  2.544580e-02  2.538907e-02  3.307079e-03    5.993506e-02  5.993506e-02    7.932042e-05  -7.932042e-05  9.999e-01
1.402153  3.374160e-03  2.565746e-02  2.529897e-02  3.398625e-03  2.538458e-02  2.261999e-01  1.650839e-01  2.562989e-02  2.536754e-02  1.648743e-01  2.264044e-01  2.566886e-02  3.572753e-03  2.542012e-02  2.536172e-02  3.302698e-03    6.036143e-02  6.036143e-02    7.814638e-05  -7.814638e-05  9.999e-01
1.412153  3.371583e-03  2.563326e-02  2.526907e-02  3.396741e-03  2.535652e-02  2.264748e-01  1.649202e-01  2.560513e-02  2.533947e-02  1.647058e-01  2.266846e-01  2.564443e-02  3.572735e-03  2.539382e-02  2.533371e-02  3.298166e-03    6.079214e-02  6.079214e-02    7.690714e-05  -7.690714e-05  9.999e-01
1.421564  3.369135e-03  2.561026e-02  2.524066e-02  3.394910e-03  2.532983e-02  2.267331e-01  1.647675e-01  2.558160e-02  2.531280e-02  1.645487e-01  2.269479e-01  2.562117e-02  3.572666e-03  2.536886e-02  2.530713e-02  3.293826e-03    6.119552e-02  6.119552e-02    7.569297e-05  -7.569297e-05  9.999e-01
1.431564  3.366510e-03  2.558560e-02  2.521018e-02  3.392900e-03  2.530119e-02  2.270071e-01  1.646069e-01  2.555634e-02  2.528418e-02  1.643833e-01  2.272272e-01  2.559619e-02  3.572537e-03  2.534211e-02  2.527866e-02  3.289135e-03    6.162204e-02  6.162204e-02    7.435714e-05  -7.435714e-05  9.999e-01
1.441564  3.363863e-03  2.556071e-02  2.517940e-02  3.390823e-03  2.527225e-02  2.272805e-01  1.644479e-01  2.553082e-02  2.525529e-02  1.642195e-01  2.275061e-01  2.557093e-02  3.572353e-03  2.531514e-02  2.524996e-02  3.284366e-03    6.204641e-02  6.204641e-02    7.297172e-05  -7.297172e-05  9.999e-01
1.451564  3.361195e-03  2.553561e-02  2.514834e-02  3.388679e-03  2.524302e-02  2.275535e-01  1.642906e-01  2.550506e-02  2.522612e-02  1.640573e-01  2.277846e-01  2.554540e-02  3.572113e-03  2.528796e-02  2.522104e-02  3.279519e-03    6.246861e-02  6.246861e-02    7.153764e-05  -7.153764e-05  9.999e-01
1.461564  3.358508e-03  2.551028e-02  2.511699e-02  3.386467e-03  2.521352e-02  2.278259e-01  1.641348e-01  2.547906e-02  2.519669e-02  1.638967e-01  2.280626e-01  2.551960e-02  3.571818e-03  2.526057e-02  2.519191e-02  3.274597e-03    6.288864e-02  6.288864e-02    7.005469e-05  -7.005469e-05  9.999e-01
1.470512  3.356089e-03  2.548745e-02  2.508870e-02  3.384429e-03  2.518689e-02  2.280691e-01  1.639968e-01  2.545559e-02  2.517013e-02  1.637543e-01  2.283110e-01  2.549629e-02  3.571507e-03  2.523589e-02  2.516566e-02  3.270130e-03    6.326265e-02  6.326265e-02    6.868643e-05  -6.868643e-05  9.999e-01
1.479460  3.353657e-03  2.546445e-02  2.506019e-02  3.382336e-03  2.516004e-02  2.283120e-01  1.638600e-01  2.543193e-02  2.514337e-02  1.636132e-01  2.285590e-01  2.547277e-02  3.571154e-03  2.521105e-02  2.513925e-02  3.265606e-03    6.363492e-02  6.363492e-02    6.727893e-05  -6.727893e-05  9.999e-01
1.489460  3.350926e-03  2.543856e-02  2.502808e-02  3.379930e-03  2.512979e-02  2.285828e-01  1.637087e-01  2.540527e-02  2.511321e-02  1.634570e-01  2.288357e-01  2.544625e-02  3.570707e-03  2.518311e-02  2.510955e-02  3.260484e-03    6.404887e-02  6.404887e-02    6.566071e-05  -6.566071e-05  9.999e-01
1.499460  3.348183e-03  2.541249e-02  2.499571e-02  3.377454e-03  2.509928e-02  2.288530e-01  1.635589e-01  2.537839e-02  2.508281e-02  1.633023e-01  2.291118e-01  2.541948e-02  3.570207e-03  2.515498e-02  2.507966e-02  3.255293e-03    6.446064e-02  6.446064e-02    6.399443e-05  -6.399443e-05  9.999e-01
1.509207  3.345500e-03  2.538690e-02  2.496392e-02  3.374973e-03  2.506930e-02  2.291158e-01  1.634144e-01  2.535198e-02  2.505295e-02  1.631531e-01  2.293805e-01  2.539315e-02  3.569667e-03  2.512740e-02  2.505035e-02  3.250170e-03    6.485989e-02  6.485989e-02    6.232344e-05  -6.232344e-05  9.999e-01
1.519207  3.342737e-03  2.536048e-02  2.493105e-02  3.372356e-03  2.503830e-02  2.293848e-01  1.632677e-01  2.532467e-02  2.502207e-02  1.630014e-01  2.296556e-01  2.536590e-02  3.569059e-03  2.509892e-02  2.502011e-02  3.244849e-03    6.526734e-02  6.526734e-02    6.056236e-05  -6.056236e-05  9.999e-01
1.528504  3.340163e-03  2.533576e-02  2.490027e-02  3.369860e-03  2.500926e-02  2.296343e-01  1.631327e-01  2.529910e-02  2.499315e-02  1.628619e-01  2.299108e-01  2.534036e-02  3.568445e-03  2.507230e-02  2.499184e-02  3.239844e-03    6.564417e-02  6.564417e-02    5.888222e-05  -5.888222e-05  9.999e-01
1.538504  3.337387e-03  2.530902e-02  2.486694e-02  3.367105e-03  2.497780e-02  2.299021e-01  1.629889e-01  2.527139e-02  2.496183e-02  1.627132e-01  2.301848e-01  2.531266e-02  3.567731e-03  2.504351e-02  2.496127e-02  3.234401e-03    6.604738e-02  6.604738e-02    5.702918e-05  -5.702918e-05  9.999e-01
1.548504  3.334609e-03  2.528211e-02  2.483337e-02  3.364278e-03  2.494611e-02  2.301692e-01  1.628466e-01  2.524349e-02  2.493027e-02  1.625660e-01  2.304582e-01  2.528473e-02  3.566962e-03  2.501457e-02  2.493055e-02  3.228896e-03    6.644840e-02  6.644840e-02    5.512889e-05  -5.512889e-05  9.999e-01
1.558504  3.331827e-03  2.525506e-02  2.479958e-02  3.361378e-03  2.491420e-02  2.304356e-01  1.627059e-01  2.521539e-02  2.489850e-02  1.624203e-01  2.307311e-01  2.525659e-02  3.566137e-03  2.498548e-02  2.489968e-02  3.223331e-03    6.684723e-02  6.684723e-02    5.318150e-05  -5.318150e-05  9.999e-01
1.568504  3.329043e-03  2.522787e-02  2.476557e-02  3.358404e-03  2.488207e-02  2.307013e-01  1.625666e-01  2.518710e-02  2.486652e-02  1.622761e-01  2.310033e-01  2.522823e-02  3.565255e-03  2.495625e-02  2.486867e-02  3.217707e-03    6.724385e-02  6.724385e-02    5.118731e-05  -5.118731e-05  9.999e-01
1.578504  3.326261e-03  2.520054e-02  2.473135e-02  3.355358e-03  2.484974e-02  2.309663e-01  1.624289e-01  2.515863e-02  2.483433e-02  1.621334e-01  2.312748e-01  2.519966e-02  3.564317e-03  2.492688e-02  2.483752e-02  3.212024e-03    6.763828e-02  6.763828e-02    4.914672e-05  -4.914672e-05  9.999e-01
1.588504  3.323480e-03  2.517307e-02  2.469692e-02  3.352238e-03  2.481719e-02  2.312305e-01  1.622926e-01  2.512999e-02  2.480193e-02  1.619922e-01  2.315458e-01  2.517089e-02  3.563322e-03  2.489739e-02  2.480624e-02  3.206284e-03    6.803051e-02  6.803051e-02    4.705993e-05  -4.705993e-05  9.999e-01
1.598504  3.320702e-03  2.514548e-02  2.466229e-02  3.349042e-03  2.478445e-02  2.314940e-01  1.621577e-01  2.510117e-02  2.476933e-02  1.618525e-01  2.318160e-01  2.514191e-02  3.562269e-03  2.486778e-02  2.477484e-02  3.200488e-03    6.842053e-02  6.842053e-02    4.492738e-05  -4.492738e-05  9.999e-01
1.608504  3.317929e-03  2.511777e-02  2.462747e-02  3.345771e-03  2.475151e-02  2.317568e-01  1.620243e-01  2.507219e-02  2.473654e-02  1.617142e-01  2.320856e-01  2.511274e-02  3.561159e-03  2.483806e-02  2.474331e-02  3.194636e-03    6.880836e-02  6.880836e-02    4.274953e-05  -4.274953e-05  9.999e-01
1.618504  3.315162e-03  2.508994e-02  2.459245e-02  3.342424e-03  2.471839e-02  2.320188e-01  1.618923e-01  2.504305e-02  2.470355e-02  1.615773e-01  2.323546e-01  2.508339e-02  3.559992e-03  2.480822e-02  2.471168e-02  3.188729e-03    6.919399e-02  6.919399e-02    4.052683e-05  -4.052683e-05  9.999e-01
1.628504  3.312402e-03  2.506200e-02  2.455726e-02  3.339001e-03  2.468508e-02  2.322800e-01  1.617618e-01  2.501376e-02  2.467039e-02  1.614419e-01  2.326228e-01  2.505384e-02  3.558766e-03  2.477829e-02  2.467994e-02  3.182769e-03    6.957741e-02  6.957741e-02    3.825976e-05  -3.825976e-05  9.999e-01
1.638504  3.309650e-03  2.503396e-02  2.452190e-02  3.335499e-03  2.465160e-02  2.325404e-01  1.616327e-01  2.498432e-02  2.463704e-02  1.613079e-01  2.328903e-01  2.502412e-02  3.557481e-03  2.474826e-02  2.464811e-02  3.176755e-03    6.995864e-02  6.995864e-02    3.594887e-05  -3.594887e-05  9.999e-01
1.648504  3.306910e-03  2.500582e-02  2.448636e-02  3.331920e-03  2.461795e-02  2.328001e-01  1.615050e-01  2.495473e-02  2.460352e-02  1.611753e-01  2.331571e-01  2.499423e-02  3.556140e-03  2.471814e-02  2.461618e-02  3.170689e-03    7.033767e-02  7.033767e-02    3.359483e-05  -3.359483e-05  9.999e-01
1.658504  3.304180e-03  2.497758e-02  2.445067e-02  3.328262e-03  2.458413e-02  2.330589e-01  1.613786e-01  2.492501e-02  2.456983e-02  1.610441e-01  2.334232e-01  2.496417e-02  3.554741e-03  2.468794e-02  2.458416e-02  3.164572e-03    7.071451e-02  7.071451e-02    3.119830e-05  -3.119830e-05  9.999e-01
1.668504  3.301463e-03  2.494926e-02  2.441482e-02  3.324524e-03  2.455015e-02  2.333168e-01  1.612537e-01  2.489516e-02  2.453597e-02  1.609143e-01  2.336885e-01  2.493394e-02  3.553284e-03  2.465767e-02  2.455206e-02  3.158405e-03    7.108914e-02  7.108914e-02    2.876031e-05  -2.876031e-05  9.999e-01
1.678504  3.298761e-03  2.492084e-02  2.437882e-02  3.320707e-03  2.451601e-02  2.335739e-01  1.611301e-01  2.486518e-02  2.450196e-02  1.607859e-01  2.339530e-01  2.490355e-02  3.551769e-03  2.462732e-02  2.451989e-02  3.152189e-03    7.146159e-02  7.146159e-02    2.628151e-05  -2.628151e-05  9.999e-01
1.688504  3.296073e-03  2.489235e-02  2.434269e-02  3.316809e-03  2.448173e-02  2.338302e-01  1.610079e-01  2.483509e-02  2.446779e-02  1.606589e-01  2.342168e-01  2.487301e-02  3.550198e-03  2.459692e-02  2.448764e-02  3.145925e-03    7.183184e-02  7.183184e-02    2.376266e-05  -2.376266e-05  9.999e-01
1.698504  3.293402e-03  2.486378e-02  2.430641e-02  3.312831e-03  2.444730e-02  2.340856e-01  1.608870e-01  2.480487e-02  2.443347e-02  1.605333e-01  2.344798e-01  2.484232e-02  3.548569e-03  2.456645e-02  2.445533e-02  3.139614e-03    7.219989e-02  7.219989e-02    2.120453e-05  -2.120453e-05  9.999e-01
1.708504  3.290749e-03  2.483515e-02  2.427002e-02  3.308771e-03  2.441274e-02  2.343401e-01  1.607674e-01  2.477455e-02  2.439900e-02  1.604090e-01  2.347420e-01  2.481149e-02  3.546884e-03  2.453593e-02  2.442297e-02  3.133258e-03    7.256577e-02  7.256577e-02    1.860820e-05  -1.860820e-05  9.999e-01
1.718504  3.288115e-03  2.480644e-02  2.423350e-02  3.304630e-03  2.437804e-02  2.345937e-01  1.606492e-01  2.474413e-02  2.436439e-02  1.602861e-01  2.350034e-01  2.478052e-02  3.545142e-03  2.450536e-02  2.439054e-02  3.126857e-03    7.292945e-02  7.292945e-02    1.597487e-05  -1.597487e-05  9.999e-01
1.728504  3.285502e-03  2.477767e-02  2.419686e-02  3.300409e-03  2.434322e-02  2.348465e-01  1.605322e-01  2.471361e-02  2.432965e-02  1.601645e-01  2.352639e-01  2.474941e-02  3.543345e-03  2.447475e-02  2.435807e-02  3.120414e-03    7.329095e-02  7.329095e-02    1.330530e-05  -1.330530e-05  9.999e-01
1.738504  3.282910e-03  2.474885e-02  2.416013e-02  3.296106e-03  2.430827e-02  2.350983e-01  1.604166e-01  2.468299e-02  2.429478e-02  1.600442e-01  2.355236e-01  2.471816e-02  3.541492e-03  2.444410e-02  2.432555e-02  3.113929e-03    7.365027e-02  7.365027e-02    1.060094e-05  -1.060094e-05  9.999e-01
1.748504  3.280341e-03  2.471997e-02  2.412329e-02  3.291722e-03  2.427321e-02  2.353492e-01  1.603022e-01  2.465229e-02  2.425978e-02  1.599253e-01  2.357825e-01  2.468680e-02  3.539584e-03  2.441342e-02  2.429300e-02  3.107405e-03    7.400742e-02  7.400742e-02    7.862486e-06  -7.862486e-06  9.999e-01
1.758504  3.277795e-03  2.469104e-02  2.408635e-02  3.287257e-03  2.423803e-02  2.355991e-01  1.601891e-01  2.462150e-02  2.422466e-02  1.598077e-01  2.360405e-01  2.465531e-02  3.537622e-03  2.438272e-02  2.426041e-02  3.100841e-03    7.436239e-02  7.436239e-02    5.090270e-06  -5.090270e-06  9.999e-01
1.768504  3.275275e-03  2.466207e-02  2.404934e-02  3.282712e-03  2.420275e-02  2.358482e-01  1.600773e-01  2.459063e-02  2.418943e-02  1.596913e-01  2.362977e-01  2.462370e-02  3.535606e-03  2.435200e-02  2.422779e-02  3.094242e-03    7.471519e-02  7.471519e-02    2.286906e-06  -2.286906e-06  9.999e-01
1.778504  3.272782e-03  2.463305e-02  2.401224e-02  3.278087e-03  2.416737e-02  2.360962e-01  1.599667e-01  2.455969e-02  2.415408e-02  1.595763e-01  2.365539e-01  2.459198e-02  3.533537e-03  2.432125e-02  2.419515e-02  3.087607e-03    7.506582e-02  7.506582e-02    -5.465386e-07  5.465386e-07  9.999e-01
1.788504  3.270315e-03  2.460400e-02  2.397507e-02  3.273383e-03  2.413189e-02  2.363433e-01  1.598574e-01  2.452868e-02  2.411863e-02  1.594626e-01  2.368093e-01  2.456014e-02  3.531415e-03  2.429050e-02  2.416248e-02  3.080939e-03    7.541429e-02  7.541429e-02    -3.409123e-06  3.409123e-06  9.999e-01
1.798504  3.267878e-03  2.457491e-02  2.393783e-02  3.268600e-03  2.409632e-02  2.365894e-01  1.597492e-01  2.449761e-02  2.408307e-02  1.593501e-01  2.370638e-01  2.452821e-02  3.529241e-03  2.425974e-02  2.412980e-02  3.074240e-03    7.576060e-02  7.576060e-02    -6.299610e-06  6.299610e-06  9.999e-01
1.808504  3.265469e-03  2.454580e-02  2.390054e-02  3.263739e-03  2.406067e-02  2.368346e-01  1.596423e-01  2.446647e-02  2.404742e-02  1.592389e-01  2.373173e-01  2.449617e-02  3.527016e-03  2.422898e-02  2.409711e-02  3.067511e-03    7.610476e-02  7.610476e-02    -9.216561e-06  9.216561e-06  9.999e-01
1.818504  3.263091e-03  2.451666e-02  2.386319e-02  3.258801e-03  2.402493e-02  2.370787e-01  1.595366e-01  2.443528e-02  2.401168e-02  1.591289e-01  2.375700e-01  2.446403e-02  3.524741e-03  2.419822e-02  2.406441e-02  3.060755e-03    7.644676e-02  7.644676e-02    -1.215907e-05  1.215907e-05  9.999e-01
1.828504  3.260744e-03  2.448750e-02  2.382580e-02  3.253787e-03  2.398912e-02  2.373219e-01  1.594321e-01  2.440403e-02  2.397584e-02  1.590202e-01  2.378217e-01  2.443181e-02  3.522415e-03  2.416747e-02  2.403171e-02  3.053974e-03    7.678662e-02  7.678662e-02    -1.512533e-05  1.512533e-05  9.999e-01
1.838504  3.258429e-03  2.445832e-02  2.378837e-02  3.248697e-03  2.395325e-02  2.375640e-01  1.593287e-01  2.437273e-02  2.393993e-02  1.589127e-01  2.380724e-01  2.439949e-02  3.520041e-03  2.413673e-02  2.399900e-02  3.047170e-03    7.712433e-02  7.712433e-02    -1.811402e-05  1.811402e-05  9.999e-01
1.848504  3.256145e-03  2.442913e-02  2.375090e-02  3.243532e-03  2.391731e-02  2.378051e-01  1.592265e-01  2.434140e-02  2.390393e-02  1.588065e-01  2.383222e-01  2.436708e-02  3.517619e-03  2.410600e-02  2.396631e-02  3.040345e-03    7.745991e-02  7.745991e-02    -2.112404e-05  2.112404e-05  9.999e-01
1.858504  3.253895e-03  2.439992e-02  2.371341e-02  3.238292e-03  2.388131e-02  2.380452e-01  1.591254e-01  2.431002e-02  2.386786e-02  1.587014e-01  2.385710e-01  2.433460e-02  3.515149e-03  2.407530e-02  2.393362e-02  3.033502e-03    7.779336e-02  7.779336e-02    -2.415383e-05  2.415383e-05  9.999e-01
1.868504  3.251678e-03  2.437072e-02  2.367591e-02  3.232981e-03  2.384526e-02  2.382842e-01  1.590255e-01  2.427860e-02  2.383172e-02  1.585976e-01  2.388189e-01  2.430204e-02  3.512634e-03  2.404461e-02  2.390094e-02  3.026642e-03    7.812468e-02  7.812468e-02    -2.720308e-05  2.720308e-05  9.999e-01
1.878504  3.249496e-03  2.434150e-02  2.363839e-02  3.227596e-03  2.380916e-02  2.385222e-01  1.589268e-01  2.424715e-02  2.379552e-02  1.584950e-01  2.390658e-01  2.426940e-02  3.510074e-03  2.401396e-02  2.386828e-02  3.019769e-03    7.845388e-02  7.845388e-02    -3.026826e-05  3.026826e-05  9.999e-01
1.888504  3.247347e-03  2.431229e-02  2.360086e-02  3.222141e-03  2.377301e-02  2.387592e-01  1.588291e-01  2.421567e-02  2.375926e-02  1.583935e-01  2.393116e-01  2.423669e-02  3.507469e-03  2.398334e-02  2.383564e-02  3.012884e-03    7.878096e-02  7.878096e-02    -3.334901e-05  3.334901e-05  9.999e-01
1.898504  3.245234e-03  2.428308e-02  2.356334e-02  3.216616e-03  2.373684e-02  2.389951e-01  1.587325e-01  2.418416e-02  2.372294e-02  1.582932e-01  2.395565e-01  2.420392e-02  3.504821e-03  2.395276e-02  2.380303e-02  3.005991e-03    7.910594e-02  7.910594e-02    -3.644391e-05  3.644391e-05  9.999e-01
1.908504  3.243155e-03  2.425388e-02  2.352582e-02  3.211021e-03  2.370063e-02  2.392299e-01  1.586370e-01  2.415264e-02  2.368656e-02  1.581941e-01  2.398004e-01  2.417108e-02  3.502132e-03  2.392222e-02  2.377044e-02  2.999092e-03    7.942880e-02  7.942880e-02    -3.955154e-05  3.955154e-05  9.999e-01
1.918504  3.241112e-03  2.422469e-02  2.348831e-02  3.205359e-03  2.366439e-02  2.394636e-01  1.585426e-01  2.412109e-02  2.365015e-02  1.580961e-01  2.400432e-01  2.413819e-02  3.499401e-03  2.389172e-02  2.373788e-02  2.992188e-03    7.974957e-02  7.974957e-02    -4.267076e-05  4.267076e-05  9.999e-01
1.928504  3.239104e-03  2.419552e-02  2.345083e-02  3.199630e-03  2.362814e-02  2.396963e-01  1.584493e-01  2.408953e-02  2.361368e-02  1.579992e-01  2.402850e-01  2.410524e-02  3.496631e-03  2.386127e-02  2.370535e-02  2.985283e-03    8.006825e-02  8.006825e-02    -4.579980e-05  4.579980e-05  9.999e-01
1.938504  3.237132e-03  2.416636e-02  2.341337e-02  3.193836e-03  2.359187e-02  2.399278e-01  1.583570e-01  2.405795e-02  2.357719e-02  1.579035e-01  2.405258e-01  2.407224e-02  3.493822e-03  2.383087e-02  2.367286e-02  2.978380e-03    8.038484e-02  8.038484e-02    -4.893771e-05  4.893771e-05  9.999e-01
1.948504  3.235195e-03  2.413722e-02  2.337594e-02  3.187977e-03  2.355559e-02  2.401583e-01  1.582657e-01  2.402637e-02  2.354066e-02  1.578090e-01  2.407655e-01  2.403919e-02  3.490975e-03  2.380053e-02  2.364041e-02  2.971479e-03    8.069935e-02  8.069935e-02    -5.208318e-05  5.208318e-05  9.999e-01
1.958324  3.233330e-03  2.410863e-02  2.333922e-02  3.182164e-03  2.351996e-02  2.403835e-01  1.581771e-01  2.399535e-02  2.350475e-02  1.577172e-01  2.409999e-01  2.400669e-02  3.488143e-03  2.377079e-02  2.360859e-02  2.964708e-03    8.100618e-02  8.100618e-02    -5.517794e-05  5.517794e-05  9.999e-01
1.968324  3.231465e-03  2.407955e-02  2.330187e-02  3.176183e-03  2.348368e-02  2.406117e-01  1.580879e-01  2.396376e-02  2.346817e-02  1.576248e-01  2.412375e-01  2.397356e-02  3.485224e-03  2.374057e-02  2.357623e-02  2.957822e-03    8.131658e-02  8.131658e-02    -5.833355e-05  5.833355e-05  9.999e-01
1.978324  3.229636e-03  2.405049e-02  2.326457e-02  3.170143e-03  2.344741e-02  2.408389e-01  1.579997e-01  2.393218e-02  2.343157e-02  1.575334e-01  2.414741e-01  2.394039e-02  3.482269e-03  2.371042e-02  2.354392e-02  2.950946e-03    8.162492e-02  8.162492e-02    -6.149266e-05  6.149266e-05  9.999e-01
1.988324  3.227843e-03  2.402147e-02  2.322732e-02  3.164045e-03  2.341116e-02  2.410649e-01  1.579124e-01  2.390059e-02  2.339495e-02  1.574432e-01  2.417095e-01  2.390719e-02  3.479281e-03  2.368034e-02  2.351166e-02  2.944083e-03    8.193121e-02  8.193121e-02    -6.465389e-05  6.465389e-05  9.999e-01
1.997466  3.226236e-03  2.399497e-02  2.319332e-02  3.158421e-03  2.337803e-02  2.412705e-01  1.578336e-01  2.387173e-02  2.336146e-02  1.573617e-01  2.419238e-01  2.387681e-02  3.476519e-03  2.365291e-02  2.348222e-02  2.937822e-03    8.220942e-02  8.220942e-02    -6.754470e-05  6.754470e-05  9.999e-01
2.007466  3.224514e-03  2.396601e-02  2.315619e-02  3.152217e-03  2.334182e-02  2.414943e-01  1.577482e-01  2.384016e-02  2.332483e-02  1.572735e-01  2.421572e-01  2.384356e-02  3.473466e-03  2.362298e-02  2.345008e-02  2.930990e-03    8.251179e-02  8.251179e-02    -7.070662e-05  7.070662e-05  9.999e-01
2.017466  3.222828e-03  2.393711e-02  2.311913e-02  3.145960e-03  2.330564e-02  2.417170e-01  1.576638e-01  2.380861e-02  2.328819e-02  1.571863e-01  2.423895e-01  2.381028e-02  3.470382e-03  2.359313e-02  2.341799e-02  2.924178e-03    8.281212e-02  8.281212e-02    -7.386700e-05  7.386700e-05  9.999e-01
2.027466  3.221179e-03  2.390824e-02  2.308215e-02  3.139652e-03  2.326949e-02  2.419385e-01  1.575804e-01  2.377707e-02  2.325156e-02  1.571002e-01  2.426206e-01  2.377699e-02  3.467266e-03  2.356336e-02  2.338597e-02  2.917387e-03    8.311042e-02  8.311042e-02    -7.702482e-05  7.702482e-05  9.999e-01
2.037466  3.219567e-03  2.387942e-02  2.304524e-02  3.133295e-03  2.323339e-02  2.421588e-01  1.574978e-01  2.374555e-02  2.321493e-02  1.570152e-01  2.428506e-01  2.374369e-02  3.464120e-03  2.353369e-02  2.335402e-02  2.910621e-03    8.340670e-02  8.340670e-02    -8.017875e-05  8.017875e-05  9.999e-01
2.047466  3.217992e-03  2.385066e-02  2.300842e-02  3.126890e-03  2.319733e-02  2.423780e-01  1.574162e-01  2.371406e-02  2.317832e-02  1.569311e-01  2.430795e-01  2.371037e-02  3.460944e-03  2.350411e-02  2.332214e-02  2.903881e-03    8.370097e-02  8.370097e-02    -8.332799e-05  8.332799e-05  9.999e-01
2.057466  3.216454e-03  2.382194e-02  2.297169e-02  3.120439e-03  2.316133e-02  2.425960e-01  1.573356e-01  2.368259e-02  2.314173e-02  1.568481e-01  2.433073e-01  2.367705e-02  3.457738e-03  2.347463e-02  2.329033e-02  2.897169e-03    8.399322e-02  8.399322e-02    -8.647115e-05  8.647115e-05  9.999e-01
2.067466  3.214954e-03  2.379328e-02  2.293505e-02  3.113944e-03  2.312539e-02  2.428128e-01  1.572558e-01  2.365115e-02  2.310515e-02  1.567660e-01  2.435339e-01  2.364372e-02  3.454504e-03  2.344525e-02  2.325860e-02  2.890488e-03    8.428348e-02  8.428348e-02    -8.960715e-05  8.960715e-05  9.999e-01
2.077466  3.213491e-03  2.376468e-02  2.289851e-02  3.107407e-03  2.308951e-02  2.430285e-01  1.571769e-01  2.361974e-02  2.306861e-02  1.566849e-01  2.437594e-01  2.361040e-02  3.451242e-03  2.341597e-02  2.322695e-02  2.883839e-03    8.457174e-02  8.457174e-02    -9.273521e-05  9.273521e-05  9.999e-01
2.087466  3.212066e-03  2.373615e-02  2.286207e-02  3.100829e-03  2.305371e-02  2.432429e-01  1.570989e-01  2.358837e-02  2.303209e-02  1.566048e-01  2.439837e-01  2.357709e-02  3.447951e-03  2.338681e-02  2.319538e-02  2.877224e-03    8.485801e-02  8.485801e-02    -9.585400e-05  9.585400e-05  9.999e-01
2.097466  3.210679e-03  2.370767e-02  2.282574e-02  3.094212e-03  2.301798e-02  2.434561e-01  1.570217e-01  2.355703e-02  2.299562e-02  1.565257e-01  2.442068e-01  2.354378e-02  3.444634e-03  2.335775e-02  2.316390e-02  2.870646e-03    8.514230e-02  8.514230e-02    -9.896257e-05  9.896257e-05  9.999e-01
2.107466  3.209329e-03  2.367926e-02  2.278953e-02  3.087559e-03  2.298233e-02  2.436681e-01  1.569454e-01  2.352574e-02  2.295918e-02  1.564475e-01  2.444288e-01  2.351049e-02  3.441290e-03  2.332881e-02  2.313251e-02  2.864106e-03    8.542462e-02  8.542462e-02    -1.020594e-04  1.020594e-04  9.999e-01
2.117466  3.208017e-03  2.365092e-02  2.275342e-02  3.080871e-03  2.294677e-02  2.438789e-01  1.568700e-01  2.349449e-02  2.292279e-02  1.563703e-01  2.446496e-01  2.347722e-02  3.437918e-03  2.329998e-02  2.310121e-02  2.857606e-03    8.570497e-02  8.570497e-02    -1.051444e-04  1.051444e-04  9.999e-01
2.127466  3.206742e-03  2.362265e-02  2.271744e-02  3.074149e-03  2.291130e-02  2.440885e-01  1.567953e-01  2.346329e-02  2.288645e-02  1.562939e-01  2.448692e-01  2.344397e-02  3.434521e-03  2.327128e-02  2.307000e-02  2.851148e-03    8.598337e-02  8.598337e-02    -1.082166e-04  1.082166e-04  9.999e-01
2.137466  3.205506e-03  2.359445e-02  2.268158e-02  3.067396e-03  2.287593e-02  2.442969e-01  1.567215e-01  2.343214e-02  2.285017e-02  1.562185e-01  2.450877e-01  2.341075e-02  3.431099e-03  2.324270e-02  2.303890e-02  2.844733e-03    8.625980e-02  8.625980e-02    -1.112747e-04  1.112747e-04  9.999e-01
2.147412  3.204314e-03  2.356647e-02  2.264604e-02  3.060650e-03  2.284086e-02  2.445029e-01  1.566489e-01  2.340121e-02  2.281414e-02  1.561445e-01  2.453037e-01  2.337774e-02  3.427669e-03  2.321441e-02  2.300806e-02  2.838397e-03    8.653283e-02  8.653283e-02    -1.143015e-04  1.143015e-04  9.999e-01
2.157412  3.203152e-03  2.353843e-02  2.261044e-02  3.053840e-03  2.280570e-02  2.447089e-01  1.565767e-01  2.337016e-02  2.277799e-02  1.560709e-01  2.455197e-01  2.334459e-02  3.424195e-03  2.318609e-02  2.297716e-02  2.832073e-03    8.680540e-02  8.680540e-02    -1.173286e-04  1.173286e-04  9.999e-01
2.167412  3.202028e-03  2.351046e-02  2.257497e-02  3.047004e-03  2.277066e-02  2.449135e-01  1.565053e-01  2.333918e-02  2.274190e-02  1.559982e-01  2.457345e-01  2.331147e-02  3.420696e-03  2.315791e-02  2.294636e-02  2.825798e-03    8.707604e-02  8.707604e-02    -1.203391e-04  1.203391e-04  9.999e-01
2.177412  3.200941e-03  2.348258e-02  2.253965e-02  3.040143e-03  2.273574e-02  2.451170e-01  1.564347e-01  2.330826e-02  2.270590e-02  1.559263e-01  2.459481e-01  2.327840e-02  3.417173e-03  2.312986e-02  2.291568e-02  2.819571e-03    8.734476e-02  8.734476e-02    -1.233320e-04  1.233320e-04  9.999e-01
2.187412  3.199892e-03  2.345477e-02  2.250447e-02  3.033261e-03  2.270095e-02  2.453192e-01  1.563648e-01  2.327741e-02  2.266997e-02  1.558554e-01  2.461605e-01  2.324538e-02  3.413626e-03  2.310195e-02  2.288511e-02  2.813396e-03    8.761156e-02  8.761156e-02    -1.263064e-04  1.263064e-04  9.999e-01
2.197412  3.198880e-03  2.342706e-02  2.246943e-02  3.026358e-03  2.266629e-02  2.455201e-01  1.562957e-01  2.324663e-02  2.263413e-02  1.557853e-01  2.463716e-01  2.321241e-02  3.410054e-03  2.307419e-02  2.285466e-02  2.807273e-03    8.787646e-02  8.787646e-02    -1.292616e-04  1.292616e-04  9.999e-01
2.207412  3.197906e-03  2.339943e-02  2.243454e-02  3.019438e-03  2.263176e-02  2.457198e-01  1.562273e-01  2.321592e-02  2.259838e-02  1.557160e-01  2.465815e-01  2.317950e-02  3.406459e-03  2.304657e-02  2.282432e-02  2.801204e-03    8.813946e-02  8.813946e-02    -1.321971e-04  1.321971e-04  9.999e-01
2.217412  3.196968e-03  2.337189e-02  2.239981e-02  3.012500e-03  2.259738e-02  2.459182e-01  1.561596e-01  2.318528e-02  2.256273e-02  1.556475e-01  2.467902e-01  2.314664e-02  3.402841e-03  2.301911e-02  2.279411e-02  2.795189e-03    8.840056e-02  8.840056e-02    -1.351113e-04  1.351113e-04  9.999e-01
2.227412  3.196068e-03  2.334444e-02  2.236524e-02  3.005549e-03  2.256314e-02  2.461154e-01  1.560927e-01  2.315473e-02  2.252718e-02  1.555799e-01  2.469976e-01  2.311386e-02  3.399201e-03  2.299179e-02  2.276403e-02  2.789229e-03    8.865979e-02  8.865979e-02    -1.380046e-04  1.380046e-04  9.999e-01
2.237412  3.195204e-03  2.331709e-02  2.233082e-02  2.998585e-03  2.252905e-02  2.463113e-01  1.560264e-01  2.312425e-02  2.249174e-02  1.555131e-01  2.472037e-01  2.308115e-02  3.395538e-03  2.296463e-02  2.273407e-02  2.783326e-03    8.891713e-02  8.891713e-02    -1.408748e-04  1.408748e-04  9.999e-01
2.247412  3.194377e-03  2.328983e-02  2.229657e-02  2.991611e-03  2.249512e-02  2.465059e-01  1.559609e-01  2.309387e-02  2.245641e-02  1.554471e-01  2.474086e-01  2.304851e-02  3.391853e-03  2.293762e-02  2.270425e-02  2.777480e-03    8.917261e-02  8.917261e-02    -1.437220e-04  1.437220e-04  9.999e-01
2.257412  3.193587e-03  2.326267e-02  2.226249e-02  2.984629e-03  2.246135e-02  2.466993e-01  1.558960e-01  2.306356e-02  2.242119e-02  1.553819e-01  2.476122e-01  2.301595e-02  3.388148e-03  2.291077e-02  2.267456e-02  2.771693e-03    8.942623e-02  8.942623e-02    -1.465463e-04  1.465463e-04  9.999e-01
2.267412  3.192833e-03  2.323561e-02  2.222857e-02  2.977640e-03  2.242775e-02  2.468913e-01  1.558318e-01  2.303336e-02  2.238609e-02  1.553175e-01  2.478146e-01  2.298347e-02  3.384422e-03  2.288408e-02  2.264501e-02  2.765965e-03    8.967800e-02  8.967800e-02    -1.493455e-04  1.493455e-04  9.999e-01
2.277412  3.192116e-03  2.320865e-02  2.219483e-02  2.970647e-03  2.239432e-02  2.470821e-01  1.557683e-01  2.300324e-02  2.235112e-02  1.552538e-01  2.480156e-01  2.295108e-02  3.380676e-03  2.285756e-02  2.261560e-02  2.760296e-03    8.992792e-02  8.992792e-02    -1.521195e-04  1.521195e-04  9.999e-01
2.287412  3.191435e-03  2.318179e-02  2.216127e-02  2.963652e-03  2.236106e-02  2.472717e-01  1.557054e-01  2.297322e-02  2.231628e-02  1.551909e-01  2.482154e-01  2.291879e-02  3.376912e-03  2.283120e-02  2.258633e-02  2.754688e-03    9.017601e-02  9.017601e-02    -1.548686e-04  1.548686e-04  9.999e-01
2.297412  3.190790e-03  2.315504e-02  2.212788e-02  2.956657e-03  2.232798e-02  2.474599e-01  1.556432e-01  2.294331e-02  2.228158e-02  1.551287e-01  2.484139e-01  2.288659e-02  3.373129e-03  2.280501e-02  2.255721e-02  2.749141e-03    9.042226e-02  9.042226e-02    -1.575911e-04  1.575911e-04  9.999e-01
2.307412  3.190180e-03  2.312839e-02  2.209468e-02  2.949663e-03  2.229509e-02  2.476468e-01  1.555816e-01  2.291349e-02  2.224701e-02  1.550672e-01  2.486111e-01  2.285450e-02  3.369329e-03  2.277899e-02  2.252824e-02  2.743656e-03    9.066670e-02  9.066670e-02    -1.602859e-04  1.602859e-04  9.999e-01
2.317412  3.189606e-03  2.310185e-02  2.206166e-02  2.942673e-03  2.226239e-02  2.478325e-01  1.555206e-01  2.288379e-02  2.221259e-02  1.550065e-01  2.488070e-01  2.282251e-02  3.365512e-03  2.275314e-02  2.249942e-02  2.738233e-03    9.090933e-02  9.090933e-02    -1.629542e-04  1.629542e-04  9.999e-01
2.327412  3.189068e-03  2.307542e-02  2.202884e-02  2.935688e-03  2.222987e-02  2.480169e-01  1.554602e-01  2.285419e-02  2.217832e-02  1.549465e-01  2.490016e-01  2.279063e-02  3.361681e-03  2.272746e-02  2.247075e-02  2.732872e-03    9.115016e-02  9.115016e-02    -1.655950e-04  1.655950e-04  9.999e-01
2.337412  3.188564e-03  2.304910e-02  2.199620e-02  2.928710e-03  2.219756e-02  2.482000e-01  1.554004e-01  2.282471e-02  2.214420e-02  1.548872e-01  2.491949e-01  2.275886e-02  3.357834e-03  2.270196e-02  2.244224e-02  2.727576e-03    9.138919e-02  9.138919e-02    -1.682078e-04  1.682078e-04  9.999e-01
2.347412  3.188095e-03  2.302289e-02  2.196376e-02  2.921741e-03  2.216544e-02  2.483817e-01  1.553412e-01  2.279535e-02  2.211024e-02  1.548286e-01  2.493869e-01  2.272722e-02  3.353975e-03  2.267664e-02  2.241388e-02  2.722343e-03    9.162644e-02  9.162644e-02    -1.707927e-04  1.707927e-04  9.999e-01
2.357412  3.187660e-03  2.299680e-02  2.193152e-02  2.914782e-03  2.213353e-02  2.485622e-01  1.552826e-01  2.276610e-02  2.207644e-02  1.547706e-01  2.495776e-01  2.269570e-02  3.350102e-03  2.265149e-02  2.238569e-02  2.717174e-03    9.186191e-02  9.186191e-02    -1.733507e-04  1.733507e-04  9.999e-01
2.367412  3.187260e-03  2.297082e-02  2.189947e-02  2.907835e-03  2.210182e-02  2.487414e-01  1.552245e-01  2.273698e-02  2.204280e-02  1.547134e-01  2.497669e-01  2.266431e-02  3.346219e-03  2.262652e-02  2.235766e-02  2.712069e-03    9.209561e-02  9.209561e-02    -1.758769e-04  1.758769e-04  9.999e-01
2.377412  3.186892e-03  2.294496e-02  2.186763e-02  2.900903e-03  2.207033e-02  2.489193e-01  1.551670e-01  2.270798e-02  2.200934e-02  1.546567e-01  2.499550e-01  2.263304e-02  3.342325e-03  2.260174e-02  2.232980e-02  2.707029e-03    9.232756e-02  9.232756e-02    -1.783739e-04  1.783739e-04  9.999e-01
2.387412  3.186558e-03  2.291922e-02  2.183600e-02  2.893986e-03  2.203905e-02  2.490959e-01  1.551101e-01  2.267911e-02  2.197605e-02  1.546008e-01  2.501417e-01  2.260192e-02  3.338422e-03  2.257714e-02  2.230211e-02  2.702055e-03    9.255775e-02  9.255775e-02    -1.808411e-04  1.808411e-04  9.999e-01
2.397412  3.186256e-03  2.289360e-02  2.180457e-02  2.887087e-03  2.200799e-02  2.492712e-01  1.550536e-01  2.265037e-02  2.194294e-02  1.545454e-01  2.503270e-01  2.257093e-02  3.334511e-03  2.255273e-02  2.227458e-02  2.697146e-03    9.278620e-02  9.278620e-02    -1.832783e-04  1.832783e-04  9.999e-01
2.407412  3.185985e-03  2.286809e-02  2.177335e-02  2.880207e-03  2.197715e-02  2.494452e-01  1.549977e-01  2.262177e-02  2.191001e-02  1.544907e-01  2.505111e-01  2.254010e-02  3.330593e-03  2.252851e-02  2.224723e-02  2.692302e-03    9.301292e-02  9.301292e-02    -1.856871e-04  1.856871e-04  9.999e-01
2.417412  3.185747e-03  2.284272e-02  2.174235e-02  2.873347e-03  2.194654e-02  2.496179e-01  1.549423e-01  2.259331e-02  2.187727e-02  1.544366e-01  2.506938e-01  2.250940e-02  3.326669e-03  2.250447e-02  2.222006e-02  2.687524e-03    9.323791e-02  9.323791e-02    -1.880639e-04  1.880639e-04  9.999e-01
2.427412  3.185538e-03  2.281746e-02  2.171157e-02  2.866508e-03  2.191616e-02  2.497892e-01  1.548874e-01  2.256498e-02  2.184472e-02  1.543831e-01  2.508752e-01  2.247887e-02  3.322740e-03  2.248063e-02  2.219306e-02  2.682812e-03    9.346119e-02  9.346119e-02    -1.904100e-04  1.904100e-04  9.998e-01
2.437412  3.185360e-03  2.279234e-02  2.168100e-02  2.859694e-03  2.188601e-02  2.499593e-01  1.548330e-01  2.253680e-02  2.181236e-02  1.543303e-01  2.510552e-01  2.244848e-02  3.318807e-03  2.245697e-02  2.216624e-02  2.678165e-03    9.368276e-02  9.368276e-02    -1.927258e-04  1.927258e-04  9.998e-01
2.447412  3.185211e-03  2.276733e-02  2.165066e-02  2.852904e-03  2.185609e-02  2.501281e-01  1.547791e-01  2.250877e-02  2.178021e-02  1.542779e-01  2.512339e-01  2.241826e-02  3.314871e-03  2.243352e-02  2.213960e-02  2.673585e-03    9.390264e-02  9.390264e-02    -1.950141e-04  1.950141e-04  9.998e-01
2.457412  3.185091e-03  2.274246e-02  2.162055e-02  2.846141e-03  2.182641e-02  2.502955e-01  1.547256e-01  2.248089e-02  2.174825e-02  1.542262e-01  2.514112e-01  2.238821e-02  3.310934e-03  2.241025e-02  2.211314e-02  2.669071e-03    9.412083e-02  9.412083e-02    -1.972676e-04  1.972676e-04  9.998e-01
2.467412  3.184998e-03  2.271772e-02  2.159066e-02  2.839405e-03  2.179698e-02  2.504617e-01  1.546726e-01  2.245315e-02  2.171651e-02  1.541750e-01  2.515872e-01  2.235832e-02  3.306996e-03  2.238719e-02  2.208687e-02  2.664622e-03    9.433734e-02  9.433734e-02    -1.994899e-04  1.994899e-04  9.998e-01
2.477412  3.184933e-03  2.269310e-02  2.156100e-02  2.832699e-03  2.176778e-02  2.506266e-01  1.546201e-01  2.242558e-02  2.168497e-02  1.541244e-01  2.517618e-01  2.232860e-02  3.303057e-03  2.236433e-02  2.206079e-02  2.660239e-03    9.455218e-02  9.455218e-02    -2.016812e-04  2.016812e-04  9.998e-01
2.487412  3.184893e-03  2.266862e-02  2.153157e-02  2.826023e-03  2.173883e-02  2.507901e-01  1.545680e-01  2.239816e-02  2.165365e-02  1.540744e-01  2.519351e-01  2.229906e-02  3.299120e-03  2.234166e-02  2.203489e-02  2.655922e-03    9.476536e-02  9.476536e-02    -2.038430e-04  2.038430e-04  9.998e-01
2.497412  3.184880e-03  2.264427e-02  2.150239e-02  2.819378e-03  2.171013e-02  2.509524e-01  1.545163e-01  2.237090e-02  2.162256e-02  1.540248e-01  2.521070e-01  2.226970e-02  3.295184e-03  2.231920e-02  2.200919e-02  2.651671e-03    9.497688e-02  9.497688e-02    -2.059705e-04  2.059705e-04  9.998e-01
2.507412  3.184890e-03  2.262005e-02  2.147343e-02  2.812767e-03  2.168169e-02  2.511133e-01  1.544651e-01  2.234380e-02  2.159168e-02  1.539758e-01  2.522776e-01  2.224052e-02  3.291251e-03  2.229694e-02  2.198367e-02  2.647484e-03    9.518677e-02  9.518677e-02    -2.080663e-04  2.080663e-04  9.998e-01
2.517412  3.184925e-03  2.259597e-02  2.144472e-02  2.806190e-03  2.165349e-02  2.512730e-01  1.544142e-01  2.231687e-02  2.156103e-02  1.539273e-01  2.524468e-01  2.221152e-02  3.287322e-03  2.227489e-02  2.195835e-02  2.643363e-03    9.539502e-02  9.539502e-02    -2.101299e-04  2.101299e-04  9.998e-01
2.527412  3.184982e-03  2.257203e-02  2.141626e-02  2.799648e-03  2.162555e-02  2.514313e-01  1.543638e-01  2.229011e-02  2.153061e-02  1.538793e-01  2.526147e-01  2.218272e-02  3.283396e-03  2.225305e-02  2.193323e-02  2.639307e-03    9.560164e-02  9.560164e-02    -2.121615e-04  2.121615e-04  9.998e-01
2.537412  3.185061e-03  2.254822e-02  2.138804e-02  2.793143e-03  2.159788e-02  2.515884e-01  1.543138e-01  2.226351e-02  2.150043e-02  1.538318e-01  2.527811e-01  2.215411e-02  3.279475e-03  2.223141e-02  2.190830e-02  2.635315e-03    9.580666e-02  9.580666e-02    -2.141610e-04  2.141610e-04  9.998e-01
2.547412  3.185161e-03  2.252455e-02  2.136007e-02  2.786676e-03  2.157046e-02  2.517442e-01  1.542641e-01  2.223709e-02  2.147048e-02  1.537848e-01  2.529462e-01  2.212570e-02  3.275559e-03  2.220999e-02  2.188358e-02  2.631388e-03    9.601006e-02  9.601006e-02    -2.161283e-04  2.161283e-04  9.998e-01
2.557412  3.185280e-03  2.250101e-02  2.133235e-02  2.780248e-03  2.154331e-02  2.518986e-01  1.542148e-01  2.221085e-02  2.144078e-02  1.537383e-01  2.531100e-01  2.209748e-02  3.271649e-03  2.218877e-02  2.185905e-02  2.627524e-03    9.621188e-02  9.621188e-02    -2.180631e-04  2.180631e-04  9.998e-01
2.567412  3.185418e-03  2.247762e-02  2.130489e-02  2.773860e-03  2.151642e-02  2.520518e-01  1.541659e-01  2.218478e-02  2.141133e-02  1.536922e-01  2.532724e-01  2.206947e-02  3.267746e-03  2.216777e-02  2.183473e-02  2.623723e-03    9.641210e-02  9.641210e-02    -2.199654e-04  2.199654e-04  9.998e-01
2.577412  3.185574e-03  2.245436e-02  2.127768e-02  2.767514e-03  2.148980e-02  2.522037e-01  1.541174e-01  2.215890e-02  2.138213e-02  1.536466e-01  2.534334e-01  2.204167e-02  3.263848e-03  2.214698e-02  2.181061e-02  2.619985e-03    9.661075e-02  9.661075e-02    -2.218351e-04  2.218351e-04  9.998e-01
2.587412  3.185746e-03  2.243125e-02  2.125073e-02  2.761209e-03  2.146344e-02  2.523542e-01  1.540691e-01  2.213319e-02  2.135318e-02  1.536014e-01  2.535930e-01  2.201407e-02  3.259958e-03  2.212641e-02  2.178670e-02  2.616310e-03    9.680783e-02  9.680783e-02    -2.236718e-04  2.236718e-04  9.998e-01
2.597412  3.185933e-03  2.240827e-02  2.122404e-02  2.754948e-03  2.143736e-02  2.525035e-01  1.540213e-01  2.210768e-02  2.132448e-02  1.535567e-01  2.537513e-01  2.198669e-02  3.256076e-03  2.210606e-02  2.176300e-02  2.612697e-03    9.700336e-02  9.700336e-02    -2.254759e-04  2.254759e-04  9.998e-01
2.607412  3.186135e-03  2.238544e-02  2.119761e-02  2.748732e-03  2.141156e-02  2.526515e-01  1.539737e-01  2.208234e-02  2.129605e-02  1.535124e-01  2.539082e-01  2.195952e-02  3.252201e-03  2.208592e-02  2.173950e-02  2.609145e-03    9.719733e-02  9.719733e-02    -2.272466e-04  2.272466e-04  9.998e-01
2.617412  3.186350e-03  2.236275e-02  2.117145e-02  2.742560e-03  2.138603e-02  2.527982e-01  1.539265e-01  2.205720e-02  2.126789e-02  1.534685e-01  2.540637e-01  2.193257e-02  3.248334e-03  2.206601e-02  2.171621e-02  2.605653e-03    9.738977e-02  9.738977e-02    -2.289840e-04  2.289840e-04  9.998e-01
2.627412  3.186577e-03  2.234020e-02  2.114556e-02  2.736435e-03  2.136077e-02  2.529437e-01  1.538796e-01  2.203225e-02  2.123999e-02  1.534251e-01  2.542179e-01  2.190584e-02  3.244476e-03  2.204631e-02  2.169314e-02  2.602222e-03    9.758067e-02  9.758067e-02    -2.306878e-04  2.306878e-04  9.998e-01
2.637412  3.186814e-03  2.231780e-02  2.111993e-02  2.730357e-03  2.133580e-02  2.530878e-01  1.538330e-01  2.200749e-02  2.121237e-02  1.533820e-01  2.543707e-01  2.187933e-02  3.240625e-03  2.202684e-02  2.167028e-02  2.598849e-03    9.777006e-02  9.777006e-02    -2.323580e-04  2.323580e-04  9.998e-01
2.647412  3.187061e-03  2.229554e-02  2.109458e-02  2.724328e-03  2.131110e-02  2.532307e-01  1.537867e-01  2.198293e-02  2.118502e-02  1.533393e-01  2.545221e-01  2.185305e-02  3.236784e-03  2.200759e-02  2.164764e-02  2.595536e-03    9.795793e-02  9.795793e-02    -2.339942e-04  2.339942e-04  9.998e-01
2.657266  3.187312e-03  2.227375e-02  2.106987e-02  2.718435e-03  2.128704e-02  2.533703e-01  1.537414e-01  2.195891e-02  2.115835e-02  1.532977e-01  2.546699e-01  2.182738e-02  3.233007e-03  2.198884e-02  2.162554e-02  2.592327e-03    9.814159e-02  9.814159e-02    -2.355729e-04  2.355729e-04  9.998e-01
2.667266  3.187574e-03  2.225177e-02  2.104506e-02  2.712504e-03  2.126291e-02  2.535106e-01  1.536956e-01  2.193474e-02  2.113156e-02  1.532558e-01  2.548186e-01  2.180155e-02  3.229183e-03  2.197004e-02  2.160332e-02  2.589128e-03    9.832650e-02  9.832650e-02    -2.371410e-04  2.371410e-04  9.998e-01
2.677266  3.187842e-03  2.222995e-02  2.102053e-02  2.706624e-03  2.123906e-02  2.536497e-01  1.536502e-01  2.191077e-02  2.110505e-02  1.532142e-01  2.549659e-01  2.177596e-02  3.225368e-03  2.195146e-02  2.158133e-02  2.585985e-03    9.850992e-02  9.850992e-02    -2.386744e-04  2.386744e-04  9.998e-01
2.687266  3.188115e-03  2.220827e-02  2.099628e-02  2.700797e-03  2.121550e-02  2.537875e-01  1.536050e-01  2.188700e-02  2.107884e-02  1.531731e-01  2.551119e-01  2.175060e-02  3.221562e-03  2.193311e-02  2.155955e-02  2.582897e-03    9.869188e-02  9.869188e-02    -2.401730e-04  2.401730e-04  9.998e-01
2.697266  3.188391e-03  2.218673e-02  2.097231e-02  2.695022e-03  2.119222e-02  2.539241e-01  1.535600e-01  2.186344e-02  2.105291e-02  1.531322e-01  2.552565e-01  2.172549e-02  3.217765e-03  2.191499e-02  2.153800e-02  2.579864e-03    9.887237e-02  9.887237e-02    -2.416365e-04  2.416365e-04  9.998e-01
2.707266  3.188669e-03  2.216534e-02  2.094862e-02  2.689301e-03  2.116923e-02  2.540594e-01  1.535153e-01  2.184008e-02  2.102728e-02  1.530918e-01  2.553997e-01  2.170061e-02  3.213977e-03  2.189709e-02  2.151667e-02  2.576885e-03    9.905141e-02  9.905141e-02    -2.430642e-04  2.430642e-04  9.998e-01
2.717266  3.188948e-03  2.214409e-02  2.092521e-02  2.683634e-03  2.114654e-02  2.541935e-01  1.534709e-01  2.181693e-02  2.100195e-02  1.530516e-01  2.555416e-01  2.167598e-02  3.210198e-03  2.187943e-02  2.149557e-02  2.573958e-03    9.922901e-02  9.922901e-02    -2.444560e-04  2.444560e-04  9.998e-01
2.727266  3.189227e-03  2.212300e-02  2.090209e-02  2.678024e-03  2.112413e-02  2.543263e-01  1.534267e-01  2.179398e-02  2.097693e-02  1.530118e-01  2.556821e-01  2.165159e-02  3.206429e-03  2.186199e-02  2.147469e-02  2.571084e-03    9.940518e-02  9.940518e-02    -2.458119e-04  2.458119e-04  9.998e-01
2.737266  3.189504e-03  2.210204e-02  2.087926e-02  2.672470e-03  2.110201e-02  2.544578e-01  1.533827e-01  2.177125e-02  2.095220e-02  1.529723e-01  2.558212e-01  2.162744e-02  3.202668e-03  2.184478e-02  2.145403e-02  2.568262e-03    9.957993e-02  9.957993e-02    -2.471310e-04  2.471310e-04  9.998e-01
2.747266  3.189779e-03  2.208124e-02  2.085671e-02  2.666974e-03  2.108019e-02  2.545882e-01  1.533389e-01  2.174872e-02  2.092778e-02  1.529331e-01  2.559590e-01  2.160355e-02  3.198918e-03  2.182781e-02  2.143360e-02  2.565489e-03    9.975326e-02  9.975326e-02    -2.484137e-04  2.484137e-04  9.998e-01
2.757266  3.190051e-03  2.206058e-02  2.083445e-02  2.661536e-03  2.105866e-02  2.547172e-01  1.532954e-01  2.172641e-02  2.090367e-02  1.528943e-01  2.560954e-01  2.157990e-02  3.195176e-03  2.181106e-02  2.141341e-02  2.562766e-03    9.992519e-02  9.992519e-02    -2.496593e-04  2.496593e-04  9.998e-01
2.767266  3.190317e-03  2.204007e-02  2.081248e-02  2.656158e-03  2.103743e-02  2.548451e-01  1.532520e-01  2.170432e-02  2.087987e-02  1.528557e-01  2.562305e-01  2.155651e-02  3.191444e-03  2.179455e-02  2.139344e-02  2.560092e-03    1.000957e-01  1.000957e-01    -2.508671e-04  2.508671e-04  9.998e-01
2.777266  3.190578e-03  2.201970e-02  2.079079e-02  2.650840e-03  2.101649e-02  2.549717e-01  1.532089e-01  2.168244e-02  2.085639e-02  1.528174e-01  2.563642e-01  2.153337e-02  3.187721e-03  2.177827e-02  2.137369e-02  2.557467e-03    1.002649e-01  1.002649e-01    -2.520373e-04  2.520373e-04  9.998e-01
2.787266  3.190832e-03  2.199949e-02  2.076940e-02  2.645584e-03  2.099584e-02  2.550971e-01  1.531660e-01  2.166077e-02  2.083322e-02  1.527794e-01  2.564966e-01  2.151048e-02  3.184008e-03  2.176222e-02  2.135418e-02  2.554888e-03    1.004327e-01  1.004327e-01    -2.531693e-04  2.531693e-04  9.998e-01
2.797266  3.191077e-03  2.197942e-02  2.074830e-02  2.640389e-03  2.097549e-02  2.552213e-01  1.531232e-01  2.163932e-02  2.081038e-02  1.527417e-01  2.566276e-01  2.148785e-02  3.180305e-03  2.174640e-02  2.133490e-02  2.552356e-03    1.005991e-01  1.005991e-01    -2.542624e-04  2.542624e-04  9.998e-01
2.807266  3.191314e-03  2.195949e-02  2.072749e-02  2.635257e-03  2.095544e-02  2.553443e-01  1.530806e-01  2.161809e-02  2.078785e-02  1.527043e-01  2.567573e-01  2.146548e-02  3.176611e-03  2.173081e-02  2.131585e-02  2.549870e-03    1.007641e-01  1.007641e-01    -2.553167e-04  2.553167e-04  9.998e-01
2.817266  3.191541e-03  2.193972e-02  2.070697e-02  2.630190e-03  2.093569e-02  2.554661e-01  1.530382e-01  2.159708e-02  2.076565e-02  1.526671e-01  2.568856e-01  2.144337e-02  3.172927e-03  2.171546e-02  2.129704e-02  2.547429e-03    1.009279e-01  1.009279e-01    -2.563313e-04  2.563313e-04  9.998e-01
2.827266  3.191756e-03  2.192009e-02  2.068674e-02  2.625187e-03  2.091623e-02  2.555866e-01  1.529960e-01  2.157628e-02  2.074377e-02  1.526302e-01  2.570126e-01  2.142152e-02  3.169252e-03  2.170033e-02  2.127845e-02  2.545032e-03    1.010903e-01  1.010903e-01    -2.573064e-04  2.573064e-04  9.998e-01
2.837266  3.191960e-03  2.190060e-02  2.066680e-02  2.620249e-03  2.089707e-02  2.557060e-01  1.529539e-01  2.155571e-02  2.072222e-02  1.525935e-01  2.571383e-01  2.139993e-02  3.165588e-03  2.168544e-02  2.126010e-02  2.542680e-03    1.012513e-01  1.012513e-01    -2.582411e-04  2.582411e-04  9.998e-01
2.847266  3.192151e-03  2.188127e-02  2.064716e-02  2.615378e-03  2.087820e-02  2.558242e-01  1.529120e-01  2.153536e-02  2.070100e-02  1.525570e-01  2.572626e-01  2.137861e-02  3.161933e-03  2.167078e-02  2.124198e-02  2.540371e-03    1.014111e-01  1.014111e-01    -2.591343e-04  2.591343e-04  9.998e-01
2.857266  3.192328e-03  2.186208e-02  2.062780e-02  2.610573e-03  2.085964e-02  2.559412e-01  1.528702e-01  2.151523e-02  2.068010e-02  1.525208e-01  2.573856e-01  2.135754e-02  3.158289e-03  2.165635e-02  2.122410e-02  2.538105e-03    1.015696e-01  1.015696e-01    -2.599876e-04  2.599876e-04  9.998e-01
2.867266  3.192490e-03  2.184304e-02  2.060873e-02  2.605837e-03  2.084137e-02  2.560570e-01  1.528286e-01  2.149532e-02  2.065954e-02  1.524849e-01  2.575073e-01  2.133674e-02  3.154655e-03  2.164215e-02  2.120644e-02  2.535881e-03    1.017267e-01  1.017267e-01    -2.607992e-04  2.607992e-04  9.998e-01
2.877266  3.192638e-03  2.182414e-02  2.058996e-02  2.601170e-03  2.082339e-02  2.561717e-01  1.527871e-01  2.147564e-02  2.063932e-02  1.524491e-01  2.576277e-01  2.131621e-02  3.151031e-03  2.162817e-02  2.118902e-02  2.533699e-03    1.018826e-01  1.018826e-01    -2.615690e-04  2.615690e-04  9.998e-01
2.887266  3.192770e-03  2.180539e-02  2.057147e-02  2.596573e-03  2.080572e-02  2.562851e-01  1.527458e-01  2.145618e-02  2.061943e-02  1.524136e-01  2.577468e-01  2.129595e-02  3.147417e-03  2.161443e-02  2.117184e-02  2.531557e-03    1.020372e-01  1.020372e-01    -2.622961e-04  2.622961e-04  9.998e-01
2.897266  3.192886e-03  2.178679e-02  2.055327e-02  2.592046e-03  2.078833e-02  2.563975e-01  1.527046e-01  2.143695e-02  2.059987e-02  1.523782e-01  2.578646e-01  2.127595e-02  3.143815e-03  2.160091e-02  2.115488e-02  2.529457e-03    1.021906e-01  1.021906e-01    -2.629815e-04  2.629815e-04  9.998e-01
2.907266  3.192985e-03  2.176833e-02  2.053536e-02  2.587591e-03  2.077125e-02  2.565086e-01  1.526635e-01  2.141793e-02  2.058066e-02  1.523431e-01  2.579810e-01  2.125622e-02  3.140222e-03  2.158763e-02  2.113816e-02  2.527396e-03    1.023427e-01  1.023427e-01    -2.636232e-04  2.636232e-04  9.998e-01
2.917266  3.193066e-03  2.175002e-02  2.051774e-02  2.583207e-03  2.075446e-02  2.566186e-01  1.526225e-01  2.139915e-02  2.056178e-02  1.523082e-01  2.580962e-01  2.123675e-02  3.136641e-03  2.157457e-02  2.112167e-02  2.525374e-03    1.024935e-01  1.024935e-01    -2.642216e-04  2.642216e-04  9.998e-01
2.927266  3.193130e-03  2.173185e-02  2.050040e-02  2.578895e-03  2.073796e-02  2.567275e-01  1.525817e-01  2.138059e-02  2.054324e-02  1.522735e-01  2.582101e-01  2.121756e-02  3.133070e-03  2.156173e-02  2.110541e-02  2.523391e-03    1.026431e-01  1.026431e-01    -2.647762e-04  2.647762e-04  9.998e-01
2.937266  3.193176e-03  2.171383e-02  2.048334e-02  2.574657e-03  2.072176e-02  2.568352e-01  1.525410e-01  2.136225e-02  2.052504e-02  1.522389e-01  2.583227e-01  2.119864e-02  3.129510e-03  2.154913e-02  2.108939e-02  2.521445e-03    1.027916e-01  1.027916e-01    -2.652869e-04  2.652869e-04  9.998e-01
2.947266  3.193204e-03  2.169596e-02  2.046657e-02  2.570491e-03  2.070585e-02  2.569419e-01  1.525004e-01  2.134414e-02  2.050718e-02  1.522045e-01  2.584340e-01  2.117998e-02  3.125961e-03  2.153674e-02  2.107359e-02  2.519537e-03    1.029388e-01  1.029388e-01    -2.657525e-04  2.657525e-04  9.998e-01
2.957266  3.193213e-03  2.167823e-02  2.045008e-02  2.566400e-03  2.069024e-02  2.570473e-01  1.524598e-01  2.132625e-02  2.048967e-02  1.521703e-01  2.585441e-01  2.116160e-02  3.122422e-03  2.152458e-02  2.105802e-02  2.517665e-03    1.030848e-01  1.030848e-01    -2.661731e-04  2.661731e-04  9.998e-01
2.967266  3.193203e-03  2.166064e-02  2.043387e-02  2.562383e-03  2.067491e-02  2.571517e-01  1.524194e-01  2.130860e-02  2.047249e-02  1.521363e-01  2.586529e-01  2.114349e-02  3.118895e-03  2.151265e-02  2.104269e-02  2.515830e-03    1.032296e-01  1.032296e-01    -2.665485e-04  2.665485e-04  9.998e-01
2.977266  3.193175e-03  2.164320e-02  2.041794e-02  2.558440e-03  2.065987e-02  2.572550e-01  1.523791e-01  2.129116e-02  2.045566e-02  1.521024e-01  2.587605e-01  2.112565e-02  3.115379e-03  2.150093e-02  2.102758e-02  2.514029e-03    1.033732e-01  1.033732e-01    -2.668780e-04  2.668780e-04  9.998e-01
2.987266  3.193127e-03  2.162590e-02  2.040229e-02  2.554573e-03  2.064513e-02  2.573571e-01  1.523389e-01  2.127396e-02  2.043917e-02  1.520687e-01  2.588668e-01  2.110808e-02  3.111874e-03  2.148944e-02  2.101270e-02  2.512264e-03    1.035156e-01  1.035156e-01    -2.671613e-04  2.671613e-04  9.998e-01
2.997266  3.193061e-03  2.160875e-02  2.038691e-02  2.550781e-03  2.063067e-02  2.574582e-01  1.522987e-01  2.125698e-02  2.042302e-02  1.520352e-01  2.589718e-01  2.109078e-02  3.108381e-03  2.147816e-02  2.099804e-02  2.510533e-03    1.036569e-01  1.036569e-01    -2.673984e-04  2.673984e-04  9.998e-01
3.007266  3.192975e-03  2.159174e-02  2.037180e-02  2.547064e-03  2.061649e-02  2.575582e-01  1.522587e-01  2.124022e-02  2.040722e-02  1.520017e-01  2.590756e-01  2.107375e-02  3.104899e-03  2.146711e-02  2.098362e-02  2.508835e-03    1.037971e-01  1.037971e-01    -2.675886e-04  2.675886e-04  9.998e-01
3.017266  3.192871e-03  2.157487e-02  2.035697e-02  2.543423e-03  2.060261e-02  2.576571e-01  1.522187e-01  2.122370e-02  2.039176e-02  1.519685e-01  2.591782e-01  2.105700e-02  3.101430e-03  2.145627e-02  2.096941e-02  2.507171e-03    1.039361e-01  1.039361e-01    -2.677312e-04  2.677312e-04  9.998e-01
3.027266  3.192748e-03  2.155815e-02  2.034240e-02  2.539858e-03  2.058900e-02  2.577549e-01  1.521788e-01  2.120740e-02  2.037664e-02  1.519353e-01  2.592796e-01  2.104051e-02  3.097972e-03  2.144565e-02  2.095543e-02  2.505538e-03    1.040740e-01  1.040740e-01    -2.678262e-04  2.678262e-04  9.998e-01
3.037266  3.192606e-03  2.154157e-02  2.032810e-02  2.536369e-03  2.057568e-02  2.578517e-01  1.521390e-01  2.119132e-02  2.036186e-02  1.519023e-01  2.593798e-01  2.102430e-02  3.094526e-03  2.143524e-02  2.094168e-02  2.503938e-03    1.042108e-01  1.042108e-01    -2.678735e-04  2.678735e-04  9.998e-01
3.047266  3.192445e-03  2.152513e-02  2.031407e-02  2.532956e-03  2.056264e-02  2.579474e-01  1.520993e-01  2.117547e-02  2.034743e-02  1.518694e-01  2.594787e-01  2.100836e-02  3.091092e-03  2.142505e-02  2.092814e-02  2.502369e-03    1.043464e-01  1.043464e-01    -2.678723e-04  2.678723e-04  9.998e-01
3.057266  3.192265e-03  2.150883e-02  2.030031e-02  2.529619e-03  2.054988e-02  2.580421e-01  1.520596e-01  2.115985e-02  2.033333e-02  1.518367e-01  2.595765e-01  2.099269e-02  3.087670e-03  2.141507e-02  2.091482e-02  2.500830e-03    1.044810e-01  1.044810e-01    -2.678226e-04  2.678226e-04  9.998e-01
3.067266  3.192067e-03  2.149267e-02  2.028680e-02  2.526359e-03  2.053740e-02  2.581357e-01  1.520200e-01  2.114446e-02  2.031958e-02  1.518040e-01  2.596731e-01  2.097729e-02  3.084261e-03  2.140530e-02  2.090173e-02  2.499321e-03    1.046145e-01  1.046145e-01    -2.677246e-04  2.677246e-04  9.998e-01
3.077266  3.191850e-03  2.147666e-02  2.027355e-02  2.523173e-03  2.052519e-02  2.582283e-01  1.519804e-01  2.112928e-02  2.030616e-02  1.517715e-01  2.597684e-01  2.096216e-02  3.080865e-03  2.139574e-02  2.088885e-02  2.497842e-03    1.047469e-01  1.047469e-01    -2.675771e-04  2.675771e-04  9.998e-01
3.087266  3.191616e-03  2.146078e-02  2.026056e-02  2.520064e-03  2.051325e-02  2.583199e-01  1.519409e-01  2.111434e-02  2.029309e-02  1.517390e-01  2.598627e-01  2.094731e-02  3.077481e-03  2.138639e-02  2.087619e-02  2.496391e-03    1.048782e-01  1.048782e-01    -2.673818e-04  2.673818e-04  9.998e-01
3.097266  3.191363e-03  2.144504e-02  2.024783e-02  2.517030e-03  2.050159e-02  2.584104e-01  1.519015e-01  2.109962e-02  2.028035e-02  1.517067e-01  2.599557e-01  2.093272e-02  3.074109e-03  2.137725e-02  2.086374e-02  2.494969e-03    1.050085e-01  1.050085e-01    -2.671345e-04  2.671345e-04  9.998e-01
3.107266  3.191093e-03  2.142944e-02  2.023535e-02  2.514071e-03  2.049020e-02  2.585000e-01  1.518621e-01  2.108512e-02  2.026796e-02  1.516745e-01  2.600476e-01  2.091840e-02  3.070751e-03  2.136831e-02  2.085150e-02  2.493574e-03    1.051377e-01  1.051377e-01    -2.668372e-04  2.668372e-04  9.998e-01
3.117266  3.190805e-03  2.141398e-02  2.022312e-02  2.511187e-03  2.047908e-02  2.585885e-01  1.518228e-01  2.107085e-02  2.025589e-02  1.516423e-01  2.601384e-01  2.090435e-02  3.067406e-03  2.135958e-02  2.083948e-02  2.492206e-03    1.052659e-01  1.052659e-01    -2.664895e-04  2.664895e-04  9.998e-01
3.127266  3.190500e-03  2.139866e-02  2.021113e-02  2.508377e-03  2.046823e-02  2.586760e-01  1.517836e-01  2.105680e-02  2.024417e-02  1.516103e-01  2.602280e-01  2.089057e-02  3.064073e-03  2.135105e-02  2.082767e-02  2.490864e-03    1.053931e-01  1.053931e-01    -2.660919e-04  2.660919e-04  9.998e-01
3.137266  3.190178e-03  2.138348e-02  2.019940e-02  2.505642e-03  2.045764e-02  2.587626e-01  1.517443e-01  2.104297e-02  2.023278e-02  1.515783e-01  2.603165e-01  2.087705e-02  3.060754e-03  2.134272e-02  2.081607e-02  2.489549e-03    1.055192e-01  1.055192e-01    -2.656434e-04  2.656434e-04  9.998e-01
3.147266  3.189839e-03  2.136843e-02  2.018791e-02  2.502980e-03  2.044732e-02  2.588482e-01  1.517052e-01  2.102937e-02  2.022172e-02  1.515464e-01  2.604039e-01  2.086380e-02  3.057447e-03  2.133458e-02  2.080468e-02  2.488258e-03    1.056444e-01  1.056444e-01    -2.651447e-04  2.651447e-04  9.998e-01
3.157266  3.189483e-03  2.135352e-02  2.017665e-02  2.500391e-03  2.043725e-02  2.589328e-01  1.516660e-01  2.101599e-02  2.021099e-02  1.515146e-01  2.604902e-01  2.085082e-02  3.054154e-03  2.132665e-02  2.079349e-02  2.486993e-03    1.057685e-01  1.057685e-01    -2.645935e-04  2.645935e-04  9.998e-01
3.167266  3.189111e-03  2.133874e-02  2.016564e-02  2.497875e-03  2.042745e-02  2.590165e-01  1.516269e-01  2.100282e-02  2.020059e-02  1.514829e-01  2.605753e-01  2.083810e-02  3.050874e-03  2.131892e-02  2.078251e-02  2.485751e-03    1.058917e-01  1.058917e-01    -2.639911e-04  2.639911e-04  9.998e-01
3.177266  3.188723e-03  2.132410e-02  2.015487e-02  2.495432e-03  2.041790e-02  2.590992e-01  1.515879e-01  2.098988e-02  2.019052e-02  1.514512e-01  2.606594e-01  2.082565e-02  3.047606e-03  2.131137e-02  2.077173e-02  2.484533e-03    1.060139e-01  1.060139e-01    -2.633371e-04  2.633371e-04  9.998e-01
3.187266  3.188318e-03  2.130960e-02  2.014433e-02  2.493059e-03  2.040860e-02  2.591809e-01  1.515489e-01  2.097716e-02  2.018078e-02  1.514196e-01  2.607424e-01  2.081346e-02  3.044352e-03  2.130403e-02  2.076116e-02  2.483338e-03    1.061351e-01  1.061351e-01    -2.626318e-04  2.626318e-04  9.998e-01
3.197266  3.187898e-03  2.129522e-02  2.013402e-02  2.490758e-03  2.039956e-02  2.592618e-01  1.515099e-01  2.096466e-02  2.017137e-02  1.513881e-01  2.608243e-01  2.080153e-02  3.041111e-03  2.129687e-02  2.075078e-02  2.482166e-03    1.062554e-01  1.062554e-01    -2.618743e-04  2.618743e-04  9.998e-01
3.207266  3.187462e-03  2.128098e-02  2.012394e-02  2.488528e-03  2.039077e-02  2.593417e-01  1.514710e-01  2.095238e-02  2.016227e-02  1.513566e-01  2.609052e-01  2.078986e-02  3.037882e-03  2.128990e-02  2.074060e-02  2.481016e-03    1.063747e-01  1.063747e-01    -2.610649e-04  2.610649e-04  9.998e-01
3.217177  3.187015e-03  2.126700e-02  2.011418e-02  2.486385e-03  2.038230e-02  2.594200e-01  1.514324e-01  2.094042e-02  2.015358e-02  1.513254e-01  2.609843e-01  2.077855e-02  3.034695e-03  2.128318e-02  2.073071e-02  2.479897e-03    1.064921e-01  1.064921e-01    -2.602117e-04  2.602117e-04  9.998e-01
3.227177  3.186549e-03  2.125302e-02  2.010455e-02  2.484293e-03  2.037400e-02  2.594981e-01  1.513935e-01  2.092856e-02  2.014513e-02  1.512941e-01  2.610631e-01  2.076739e-02  3.031492e-03  2.127658e-02  2.072092e-02  2.478789e-03    1.066096e-01  1.066096e-01    -2.592987e-04  2.592987e-04  9.998e-01
3.237177  3.186067e-03  2.123917e-02  2.009514e-02  2.482269e-03  2.036595e-02  2.595753e-01  1.513547e-01  2.091693e-02  2.013699e-02  1.512627e-01  2.611408e-01  2.075650e-02  3.028301e-03  2.127017e-02  2.071133e-02  2.477701e-03    1.067261e-01  1.067261e-01    -2.583338e-04  2.583338e-04  9.998e-01
3.247177  3.185571e-03  2.122545e-02  2.008596e-02  2.480313e-03  2.035813e-02  2.596516e-01  1.513158e-01  2.090550e-02  2.012917e-02  1.512315e-01  2.612175e-01  2.074585e-02  3.025122e-03  2.126394e-02  2.070193e-02  2.476634e-03    1.068418e-01  1.068418e-01    -2.573170e-04  2.573170e-04  9.998e-01
3.257177  3.185059e-03  2.121186e-02  2.007699e-02  2.478424e-03  2.035056e-02  2.597270e-01  1.512771e-01  2.089429e-02  2.012167e-02  1.512002e-01  2.612932e-01  2.073546e-02  3.021956e-03  2.125789e-02  2.069272e-02  2.475586e-03    1.069565e-01  1.069565e-01    -2.562477e-04  2.562477e-04  9.998e-01
3.267177  3.184533e-03  2.119839e-02  2.006824e-02  2.476601e-03  2.034322e-02  2.598016e-01  1.512383e-01  2.088329e-02  2.011448e-02  1.511690e-01  2.613679e-01  2.072533e-02  3.018802e-03  2.125203e-02  2.068370e-02  2.474557e-03    1.070704e-01  1.070704e-01    -2.551266e-04  2.551266e-04  9.998e-01
3.277177  3.183993e-03  2.118506e-02  2.005970e-02  2.474845e-03  2.033611e-02  2.598753e-01  1.511995e-01  2.087251e-02  2.010759e-02  1.511379e-01  2.614417e-01  2.071544e-02  3.015660e-03  2.124633e-02  2.067486e-02  2.473546e-03    1.071834e-01  1.071834e-01    -2.539561e-04  2.539561e-04  9.998e-01
3.287177  3.183438e-03  2.117185e-02  2.005138e-02  2.473153e-03  2.032923e-02  2.599481e-01  1.511608e-01  2.086193e-02  2.010102e-02  1.511067e-01  2.615144e-01  2.070580e-02  3.012530e-03  2.124082e-02  2.066621e-02  2.472554e-03    1.072956e-01  1.072956e-01    -2.527310e-04  2.527310e-04  9.998e-01
3.297177  3.182869e-03  2.115876e-02  2.004326e-02  2.471525e-03  2.032259e-02  2.600201e-01  1.511221e-01  2.085156e-02  2.009475e-02  1.510756e-01  2.615862e-01  2.069641e-02  3.009412e-03  2.123547e-02  2.065775e-02  2.471579e-03    1.074068e-01  1.074068e-01    -2.514533e-04  2.514533e-04  9.998e-01
3.307177  3.182285e-03  2.114580e-02  2.003535e-02  2.469960e-03  2.031616e-02  2.600913e-01  1.510834e-01  2.084139e-02  2.008878e-02  1.510446e-01  2.616570e-01  2.068727e-02  3.006305e-03  2.123030e-02  2.064946e-02  2.470621e-03    1.075173e-01  1.075173e-01    -2.501231e-04  2.501231e-04  9.998e-01
3.316439  3.181732e-03  2.113390e-02  2.002820e-02  2.468567e-03  2.031042e-02  2.601565e-01  1.510476e-01  2.083217e-02  2.008353e-02  1.510158e-01  2.617217e-01  2.067902e-02  3.003437e-03  2.122566e-02  2.064195e-02  2.469749e-03    1.076188e-01  1.076188e-01    -2.488459e-04  2.488459e-04  9.998e-01
3.326240  3.181134e-03  2.112143e-02  2.002083e-02  2.467150e-03  2.030454e-02  2.602247e-01  1.510098e-01  2.082259e-02  2.007824e-02  1.509854e-01  2.617893e-01  2.067051e-02  3.000414e-03  2.122091e-02  2.063416e-02  2.468841e-03    1.077255e-01  1.077255e-01    -2.474448e-04  2.474448e-04  9.998e-01
3.336240  3.180509e-03  2.110882e-02  2.001350e-02  2.465765e-03  2.029876e-02  2.602936e-01  1.509712e-01  2.081302e-02  2.007314e-02  1.509544e-01  2.618574e-01  2.066207e-02  2.997339e-03  2.121622e-02  2.062639e-02  2.467930e-03    1.078335e-01  1.078335e-01    -2.459643e-04  2.459643e-04  9.998e-01
3.346240  3.179870e-03  2.109633e-02  2.000637e-02  2.464441e-03  2.029319e-02  2.603616e-01  1.509326e-01  2.080365e-02  2.006833e-02  1.509235e-01  2.619246e-01  2.065387e-02  2.994276e-03  2.121170e-02  2.061880e-02  2.467034e-03    1.079408e-01  1.079408e-01    -2.444326e-04  2.444326e-04  9.998e-01
3.356240  3.179218e-03  2.108396e-02  1.999943e-02  2.463176e-03  2.028784e-02  2.604288e-01  1.508940e-01  2.079449e-02  2.006381e-02  1.508925e-01  2.619908e-01  2.064590e-02  2.991224e-03  2.120734e-02  2.061137e-02  2.466153e-03    1.080472e-01  1.080472e-01    -2.428490e-04  2.428490e-04  9.998e-01
3.366240  3.178551e-03  2.107170e-02  1.999268e-02  2.461969e-03  2.028269e-02  2.604953e-01  1.508554e-01  2.078552e-02  2.005959e-02  1.508616e-01  2.620562e-01  2.063816e-02  2.988183e-03  2.120314e-02  2.060411e-02  2.465286e-03    1.081528e-01  1.081528e-01    -2.412145e-04  2.412145e-04  9.998e-01
3.376240  3.177871e-03  2.105957e-02  1.998613e-02  2.460820e-03  2.027776e-02  2.605609e-01  1.508169e-01  2.077674e-02  2.005564e-02  1.508306e-01  2.621206e-01  2.063066e-02  2.985152e-03  2.119909e-02  2.059703e-02  2.464432e-03    1.082577e-01  1.082577e-01    -2.395285e-04  2.395285e-04  9.998e-01
3.385524  3.177226e-03  2.104840e-02  1.998021e-02  2.459804e-03  2.027336e-02  2.606213e-01  1.507811e-01  2.076877e-02  2.005223e-02  1.508020e-01  2.621797e-01  2.062390e-02  2.982347e-03  2.119548e-02  2.059059e-02  2.463651e-03    1.083543e-01  1.083543e-01    -2.379182e-04  2.379182e-04  9.998e-01
3.395118  3.176548e-03  2.103697e-02  1.997426e-02  2.458805e-03  2.026899e-02  2.606829e-01  1.507442e-01  2.076071e-02  2.004896e-02  1.507723e-01  2.622400e-01  2.061713e-02  2.979459e-03  2.119189e-02  2.058409e-02  2.462856e-03    1.084535e-01  1.084535e-01    -2.362087e-04  2.362087e-04  9.998e-01
3.405118  3.175827e-03  2.102516e-02  1.996823e-02  2.457818e-03  2.026463e-02  2.607464e-01  1.507057e-01  2.075250e-02  2.004582e-02  1.507414e-01  2.623019e-01  2.061028e-02  2.976458e-03  2.118829e-02  2.057748e-02  2.462038e-03    1.085562e-01  1.085562e-01    -2.343767e-04  2.343767e-04  9.998e-01
3.415118  3.175093e-03  2.101346e-02  1.996239e-02  2.456886e-03  2.026047e-02  2.608092e-01  1.506672e-01  2.074448e-02  2.004295e-02  1.507105e-01  2.623631e-01  2.060366e-02  2.973467e-03  2.118484e-02  2.057102e-02  2.461233e-03    1.086581e-01  1.086581e-01    -2.324951e-04  2.324951e-04  9.998e-01
3.425118  3.174345e-03  2.100188e-02  1.995672e-02  2.456007e-03  2.025650e-02  2.608713e-01  1.506288e-01  2.073665e-02  2.004035e-02  1.506797e-01  2.624234e-01  2.059726e-02  2.970487e-03  2.118154e-02  2.056471e-02  2.460438e-03    1.087593e-01  1.087593e-01    -2.305636e-04  2.305636e-04  9.998e-01
3.435118  3.173583e-03  2.099040e-02  1.995123e-02  2.455181e-03  2.025272e-02  2.609327e-01  1.505903e-01  2.072900e-02  2.003802e-02  1.506488e-01  2.624829e-01  2.059108e-02  2.967517e-03  2.117838e-02  2.055857e-02  2.459654e-03    1.088598e-01  1.088598e-01    -2.285831e-04  2.285831e-04  9.998e-01
3.444678  3.172841e-03  2.097953e-02  1.994614e-02  2.454439e-03  2.024927e-02  2.609907e-01  1.505536e-01  2.072186e-02  2.003604e-02  1.506193e-01  2.625390e-01  2.058537e-02  2.964688e-03  2.117550e-02  2.055283e-02  2.458913e-03    1.089551e-01  1.089551e-01    -2.266434e-04  2.266434e-04  9.998e-01
3.454678  3.172052e-03  2.096826e-02  1.994097e-02  2.453714e-03  2.024585e-02  2.610507e-01  1.505152e-01  2.071458e-02  2.003422e-02  1.505884e-01  2.625969e-01  2.057961e-02  2.961737e-03  2.117262e-02  2.054698e-02  2.458148e-03    1.090542e-01  1.090542e-01    -2.245671e-04  2.245671e-04  9.998e-01
3.464678  3.171250e-03  2.095710e-02  1.993598e-02  2.453038e-03  2.024261e-02  2.611100e-01  1.504768e-01  2.070747e-02  2.003265e-02  1.505576e-01  2.626541e-01  2.057406e-02  2.958797e-03  2.116989e-02  2.054127e-02  2.457391e-03    1.091526e-01  1.091526e-01    -2.224423e-04  2.224423e-04  9.998e-01
3.474678  3.170434e-03  2.094604e-02  1.993115e-02  2.452413e-03  2.023954e-02  2.611687e-01  1.504385e-01  2.070055e-02  2.003134e-02  1.505267e-01  2.627104e-01  2.056872e-02  2.955866e-03  2.116729e-02  2.053571e-02  2.456643e-03    1.092502e-01  1.092502e-01    -2.202692e-04  2.202692e-04  9.998e-01
3.484678  3.169604e-03  2.093508e-02  1.992648e-02  2.451835e-03  2.023665e-02  2.612267e-01  1.504001e-01  2.069380e-02  2.003028e-02  1.504959e-01  2.627660e-01  2.056359e-02  2.952946e-03  2.116482e-02  2.053029e-02  2.455902e-03    1.093472e-01  1.093472e-01    -2.180483e-04  2.180483e-04  9.998e-01
3.494678  3.168761e-03  2.092423e-02  1.992197e-02  2.451305e-03  2.023392e-02  2.612840e-01  1.503618e-01  2.068723e-02  2.002946e-02  1.504650e-01  2.628209e-01  2.055866e-02  2.950036e-03  2.116249e-02  2.052501e-02  2.455169e-03    1.094436e-01  1.094436e-01    -2.157799e-04  2.157799e-04  9.998e-01
3.504678  3.167904e-03  2.091347e-02  1.991762e-02  2.450823e-03  2.023136e-02  2.613408e-01  1.503235e-01  2.068083e-02  2.002889e-02  1.504341e-01  2.628750e-01  2.055393e-02  2.947135e-03  2.116029e-02  2.051986e-02  2.454442e-03    1.095392e-01  1.095392e-01    -2.134647e-04  2.134647e-04  9.998e-01
3.514678  3.167033e-03  2.090282e-02  1.991342e-02  2.450386e-03  2.022897e-02  2.613968e-01  1.502853e-01  2.067460e-02  2.002855e-02  1.504033e-01  2.629284e-01  2.054940e-02  2.944245e-03  2.115822e-02  2.051486e-02  2.453721e-03    1.096343e-01  1.096343e-01    -2.111034e-04  2.111034e-04  9.998e-01
3.524678  3.166149e-03  2.089226e-02  1.990937e-02  2.449994e-03  2.022673e-02  2.614523e-01  1.502470e-01  2.066855e-02  2.002845e-02  1.503724e-01  2.629811e-01  2.054506e-02  2.941365e-03  2.115628e-02  2.050998e-02  2.453006e-03    1.097286e-01  1.097286e-01    -2.086956e-04  2.086956e-04  9.998e-01
3.534678  3.165252e-03  2.088179e-02  1.990547e-02  2.449647e-03  2.022465e-02  2.615071e-01  1.502088e-01  2.066266e-02  2.002858e-02  1.503416e-01  2.630330e-01  2.054092e-02  2.938495e-03  2.115446e-02  2.050523e-02  2.452296e-03    1.098224e-01  1.098224e-01    -2.062415e-04  2.062415e-04  9.998e-01
3.544678  3.164342e-03  2.087142e-02  1.990171e-02  2.449343e-03  2.022272e-02  2.615614e-01  1.501706e-01  2.065694e-02  2.002894e-02  1.503107e-01  2.630843e-01  2.053696e-02  2.935635e-03  2.115276e-02  2.050061e-02  2.451590e-03    1.099155e-01  1.099155e-01    -2.037436e-04  2.037436e-04  9.998e-01
3.554678  3.163418e-03  2.086114e-02  1.989810e-02  2.449082e-03  2.022094e-02  2.616150e-01  1.501325e-01  2.065138e-02  2.002952e-02  1.502798e-01  2.631350e-01  2.053320e-02  2.932785e-03  2.115118e-02  2.049612e-02  2.450887e-03    1.100080e-01  1.100080e-01    -2.012014e-04  2.012014e-04  9.998e-01
3.564678  3.162481e-03  2.085096e-02  1.989463e-02  2.448864e-03  2.021931e-02  2.616681e-01  1.500943e-01  2.064599e-02  2.003031e-02  1.502489e-01  2.631849e-01  2.052961e-02  2.929945e-03  2.114972e-02  2.049174e-02  2.450189e-03    1.100999e-01  1.100999e-01    -1.986135e-04  1.986135e-04  9.998e-01
3.574678  3.161531e-03  2.084086e-02  1.989129e-02  2.448686e-03  2.021782e-02  2.617206e-01  1.500562e-01  2.064075e-02  2.003133e-02  1.502181e-01  2.632342e-01  2.052621e-02  2.927116e-03  2.114838e-02  2.048749e-02  2.449493e-03    1.101912e-01  1.101912e-01    -1.959823e-04  1.959823e-04  9.998e-01
3.584678  3.160568e-03  2.083085e-02  1.988809e-02  2.448549e-03  2.021647e-02  2.617725e-01  1.500182e-01  2.063567e-02  2.003255e-02  1.501872e-01  2.632828e-01  2.052299e-02  2.924297e-03  2.114715e-02  2.048335e-02  2.448799e-03    1.102819e-01  1.102819e-01    -1.933079e-04  1.933079e-04  9.998e-01
3.594678  3.159592e-03  2.082093e-02  1.988502e-02  2.448451e-03  2.021526e-02  2.618239e-01  1.499801e-01  2.063075e-02  2.003398e-02  1.501563e-01  2.633308e-01  2.051994e-02  2.921488e-03  2.114603e-02  2.047933e-02  2.448107e-03    1.103720e-01  1.103720e-01    -1.905906e-04  1.905906e-04  9.998e-01
3.604678  3.158603e-03  2.081110e-02  1.988208e-02  2.448392e-03  2.021417e-02  2.618747e-01  1.499421e-01  2.062598e-02  2.003561e-02  1.501254e-01  2.633782e-01  2.051707e-02  2.918690e-03  2.114501e-02  2.047541e-02  2.447416e-03    1.104616e-01  1.104616e-01    -1.878313e-04  1.878313e-04  9.998e-01
3.614678  3.157601e-03  2.080135e-02  1.987926e-02  2.448372e-03  2.021322e-02  2.619250e-01  1.499041e-01  2.062137e-02  2.003745e-02  1.500945e-01  2.634250e-01  2.051436e-02  2.915902e-03  2.114411e-02  2.047161e-02  2.446726e-03    1.105505e-01  1.105505e-01    -1.850300e-04  1.850300e-04  9.998e-01
3.624678  3.156587e-03  2.079168e-02  1.987657e-02  2.448389e-03  2.021239e-02  2.619748e-01  1.498662e-01  2.061690e-02  2.003947e-02  1.500636e-01  2.634712e-01  2.051182e-02  2.913126e-03  2.114331e-02  2.046791e-02  2.446036e-03    1.106390e-01  1.106390e-01    -1.821877e-04  1.821877e-04  9.998e-01
3.634678  3.155559e-03  2.078209e-02  1.987400e-02  2.448443e-03  2.021168e-02  2.620240e-01  1.498283e-01  2.061257e-02  2.004169e-02  1.500327e-01  2.635168e-01  2.050945e-02  2.910359e-03  2.114260e-02  2.046431e-02  2.445346e-03    1.107268e-01  1.107268e-01    -1.793052e-04  1.793052e-04  9.998e-01
3.644678  3.154520e-03  2.077258e-02  1.987155e-02  2.448532e-03  2.021110e-02  2.620728e-01  1.497905e-01  2.060840e-02  2.004409e-02  1.500018e-01  2.635619e-01  2.050723e-02  2.907604e-03  2.114200e-02  2.046082e-02  2.444655e-03    1.108142e-01  1.108142e-01    -1.763822e-04  1.763822e-04  9.998e-01
3.654678  3.153468e-03  2.076315e-02  1.986921e-02  2.448657e-03  2.021063e-02  2.621210e-01  1.497527e-01  2.060436e-02  2.004667e-02  1.499709e-01  2.636064e-01  2.050518e-02  2.904860e-03  2.114150e-02  2.045742e-02  2.443963e-03    1.109010e-01  1.109010e-01    -1.734198e-04  1.734198e-04  9.998e-01
3.664678  3.152404e-03  2.075379e-02  1.986699e-02  2.448816e-03  2.021027e-02  2.621688e-01  1.497149e-01  2.060047e-02  2.004944e-02  1.499400e-01  2.636503e-01  2.050327e-02  2.902126e-03  2.114108e-02  2.045412e-02  2.443270e-03    1.109873e-01  1.109873e-01    -1.704174e-04  1.704174e-04  9.998e-01
3.674678  3.151328e-03  2.074451e-02  1.986488e-02  2.449010e-03  2.021001e-02  2.622161e-01  1.496772e-01  2.059671e-02  2.005237e-02  1.499091e-01  2.636937e-01  2.050152e-02  2.899404e-03  2.114076e-02  2.045091e-02  2.442574e-03    1.110730e-01  1.110730e-01    -1.673771e-04  1.673771e-04  9.998e-01
3.684678  3.150239e-03  2.073530e-02  1.986287e-02  2.449236e-03  2.020987e-02  2.622629e-01  1.496395e-01  2.059309e-02  2.005547e-02  1.498782e-01  2.637366e-01  2.049991e-02  2.896693e-03  2.114053e-02  2.044779e-02  2.441876e-03    1.111583e-01  1.111583e-01    -1.642992e-04  1.642992e-04  9.998e-01
3.694678  3.149139e-03  2.072617e-02  1.986097e-02  2.449494e-03  2.020982e-02  2.623093e-01  1.496019e-01  2.058960e-02  2.005874e-02  1.498472e-01  2.637789e-01  2.049845e-02  2.893993e-03  2.114039e-02  2.044476e-02  2.441176e-03    1.112430e-01  1.112430e-01    -1.611836e-04  1.611836e-04  9.998e-01
3.704678  3.148027e-03  2.071710e-02  1.985917e-02  2.449785e-03  2.020988e-02  2.623552e-01  1.495643e-01  2.058625e-02  2.006217e-02  1.498163e-01  2.638208e-01  2.049713e-02  2.891305e-03  2.114032e-02  2.044181e-02  2.440472e-03    1.113273e-01  1.113273e-01    -1.580310e-04  1.580310e-04  9.998e-01
3.714678  3.146903e-03  2.070811e-02  1.985746e-02  2.450106e-03  2.021003e-02  2.624007e-01  1.495267e-01  2.058302e-02  2.006575e-02  1.497854e-01  2.638622e-01  2.049595e-02  2.888627e-03  2.114034e-02  2.043894e-02  2.439765e-03    1.114111e-01  1.114111e-01    -1.548420e-04  1.548420e-04  9.998e-01
3.724678  3.145767e-03  2.069918e-02  1.985586e-02  2.450457e-03  2.021027e-02  2.624457e-01  1.494893e-01  2.057992e-02  2.006948e-02  1.497545e-01  2.639031e-01  2.049491e-02  2.885962e-03  2.114044e-02  2.043615e-02  2.439054e-03    1.114944e-01  1.114944e-01    -1.516171e-04  1.516171e-04  9.998e-01
3.734469  3.144644e-03  2.069050e-02  1.985438e-02  2.450830e-03  2.021059e-02  2.624894e-01  1.494526e-01  2.057700e-02  2.007328e-02  1.497242e-01  2.639427e-01  2.049401e-02  2.883363e-03  2.114061e-02  2.043350e-02  2.438354e-03    1.115755e-01  1.115755e-01    -1.484252e-04  1.484252e-04  9.998e-01
3.744366  3.143497e-03  2.068178e-02  1.985297e-02  2.451235e-03  2.021100e-02  2.625332e-01  1.494156e-01  2.057417e-02  2.007726e-02  1.496937e-01  2.639823e-01  2.049323e-02  2.880747e-03  2.114086e-02  2.043088e-02  2.437642e-03    1.116571e-01  1.116571e-01    -1.451659e-04  1.451659e-04  9.998e-01
3.754366  3.142327e-03  2.067304e-02  1.985163e-02  2.451672e-03  2.021149e-02  2.625770e-01  1.493783e-01  2.057143e-02  2.008142e-02  1.496628e-01  2.640218e-01  2.049256e-02  2.878116e-03  2.114118e-02  2.042831e-02  2.436918e-03    1.117390e-01  1.117390e-01    -1.418380e-04  1.418380e-04  9.998e-01
3.764366  3.141146e-03  2.066436e-02  1.985038e-02  2.452136e-03  2.021207e-02  2.626204e-01  1.493411e-01  2.056881e-02  2.008571e-02  1.496319e-01  2.640609e-01  2.049202e-02  2.875496e-03  2.114156e-02  2.042581e-02  2.436189e-03    1.118205e-01  1.118205e-01    -1.384765e-04  1.384765e-04  9.998e-01
3.774366  3.139954e-03  2.065574e-02  1.984921e-02  2.452628e-03  2.021272e-02  2.626635e-01  1.493039e-01  2.056630e-02  2.009013e-02  1.496010e-01  2.640996e-01  2.049159e-02  2.872888e-03  2.114201e-02  2.042338e-02  2.435454e-03    1.119016e-01  1.119016e-01    -1.350819e-04  1.350819e-04  9.998e-01
3.784366  3.138750e-03  2.064718e-02  1.984812e-02  2.453145e-03  2.021345e-02  2.627061e-01  1.492668e-01  2.056391e-02  2.009467e-02  1.495701e-01  2.641379e-01  2.049128e-02  2.870292e-03  2.114253e-02  2.042100e-02  2.434714e-03    1.119822e-01  1.119822e-01    -1.316556e-04  1.316556e-04  9.998e-01
3.794366  3.137536e-03  2.063867e-02  1.984711e-02  2.453687e-03  2.021424e-02  2.627484e-01  1.492297e-01  2.056162e-02  2.009934e-02  1.495392e-01  2.641758e-01  2.049108e-02  2.867708e-03  2.114310e-02  2.041869e-02  2.433969e-03    1.120624e-01  1.120624e-01    -1.281981e-04  1.281981e-04  9.998e-01
3.804198  3.136331e-03  2.063036e-02  1.984619e-02  2.454244e-03  2.021509e-02  2.627897e-01  1.491934e-01  2.055948e-02  2.010404e-02  1.495089e-01  2.642127e-01  2.049099e-02  2.865178e-03  2.114372e-02  2.041647e-02  2.433230e-03    1.121409e-01  1.121409e-01    -1.247662e-04  1.247662e-04  9.998e-01
3.814198  3.135095e-03  2.062196e-02  1.984532e-02  2.454835e-03  2.021602e-02  2.628313e-01  1.491564e-01  2.055741e-02  2.010894e-02  1.494780e-01  2.642499e-01  2.049101e-02  2.862617e-03  2.114441e-02  2.041427e-02  2.432472e-03    1.122202e-01  1.122202e-01    -1.212454e-04  1.212454e-04  9.998e-01
3.824198  3.133847e-03  2.061362e-02  1.984452e-02  2.455448e-03  2.021700e-02  2.628726e-01  1.491196e-01  2.055544e-02  2.011394e-02  1.494472e-01  2.642866e-01  2.049113e-02  2.860067e-03  2.114515e-02  2.041212e-02  2.431708e-03    1.122992e-01  1.122992e-01    -1.176939e-04  1.176939e-04  9.998e-01
3.834198  3.132589e-03  2.060532e-02  1.984379e-02  2.456084e-03  2.021805e-02  2.629135e-01  1.490828e-01  2.055357e-02  2.011904e-02  1.494164e-01  2.643231e-01  2.049134e-02  2.857530e-03  2.114594e-02  2.041002e-02  2.430938e-03    1.123778e-01  1.123778e-01    -1.141127e-04  1.141127e-04  9.998e-01
3.844198  3.131320e-03  2.059707e-02  1.984313e-02  2.456742e-03  2.021915e-02  2.629541e-01  1.490461e-01  2.055180e-02  2.012425e-02  1.493856e-01  2.643592e-01  2.049165e-02  2.855004e-03  2.114677e-02  2.040797e-02  2.430161e-03    1.124560e-01  1.124560e-01    -1.105032e-04  1.105032e-04  9.998e-01
3.854198  3.130041e-03  2.058886e-02  1.984252e-02  2.457421e-03  2.022030e-02  2.629944e-01  1.490095e-01  2.055013e-02  2.012954e-02  1.493548e-01  2.643949e-01  2.049206e-02  2.852489e-03  2.114765e-02  2.040597e-02  2.429377e-03    1.125339e-01  1.125339e-01    -1.068637e-04  1.068637e-04  9.998e-01
3.864058  3.128768e-03  2.058082e-02  1.984198e-02  2.458109e-03  2.022149e-02  2.630339e-01  1.489734e-01  2.054857e-02  2.013486e-02  1.493245e-01  2.644299e-01  2.049254e-02  2.850021e-03  2.114856e-02  2.040403e-02  2.428597e-03    1.126102e-01  1.126102e-01    -1.032475e-04  1.032475e-04  9.998e-01
3.874058  3.127467e-03  2.057271e-02  1.984149e-02  2.458827e-03  2.022274e-02  2.630736e-01  1.489370e-01  2.054708e-02  2.014033e-02  1.492937e-01  2.644650e-01  2.049312e-02  2.847529e-03  2.114952e-02  2.040211e-02  2.427799e-03    1.126873e-01  1.126873e-01    -9.955350e-05  9.955350e-05  9.998e-01
3.884058  3.126156e-03  2.056464e-02  1.984105e-02  2.459564e-03  2.022404e-02  2.631130e-01  1.489006e-01  2.054568e-02  2.014589e-02  1.492630e-01  2.644998e-01  2.049378e-02  2.845048e-03  2.115052e-02  2.040022e-02  2.426994e-03    1.127641e-01  1.127641e-01    -9.583200e-05  9.583200e-05  9.998e-01
3.894058  3.124833e-03  2.055661e-02  1.984067e-02  2.460318e-03  2.022538e-02  2.631521e-01  1.488643e-01  2.054436e-02  2.015152e-02  1.492323e-01  2.645344e-01  2.049452e-02  2.842578e-03  2.115154e-02  2.039837e-02  2.426182e-03    1.128405e-01  1.128405e-01    -9.208386e-05  9.208386e-05  9.998e-01
3.904058  3.123500e-03  2.054862e-02  1.984033e-02  2.461090e-03  2.022676e-02  2.631910e-01  1.488281e-01  2.054313e-02  2.015723e-02  1.492016e-01  2.645687e-01  2.049534e-02  2.840120e-03  2.115260e-02  2.039655e-02  2.425363e-03    1.129165e-01  1.129165e-01    -8.831029e-05  8.831029e-05  9.998e-01
3.914058  3.122156e-03  2.054066e-02  1.984004e-02  2.461878e-03  2.022818e-02  2.632296e-01  1.487919e-01  2.054198e-02  2.016300e-02  1.491710e-01  2.646027e-01  2.049623e-02  2.837672e-03  2.115369e-02  2.039476e-02  2.424537e-03    1.129922e-01  1.129922e-01    -8.451015e-05  8.451015e-05  9.998e-01
3.924058  3.120801e-03  2.053275e-02  1.983979e-02  2.462682e-03  2.022963e-02  2.632679e-01  1.487559e-01  2.054092e-02  2.016884e-02  1.491404e-01  2.646364e-01  2.049719e-02  2.835235e-03  2.115480e-02  2.039299e-02  2.423703e-03    1.130675e-01  1.130675e-01    -8.068516e-05  8.068516e-05  9.998e-01
3.934058  3.119436e-03  2.052487e-02  1.983959e-02  2.463500e-03  2.023111e-02  2.633061e-01  1.487200e-01  2.053993e-02  2.017474e-02  1.491098e-01  2.646699e-01  2.049822e-02  2.832808e-03  2.115593e-02  2.039125e-02  2.422863e-03    1.131426e-01  1.131426e-01    -7.683577e-05  7.683577e-05  9.998e-01
3.944058  3.118060e-03  2.051703e-02  1.983942e-02  2.464333e-03  2.023263e-02  2.633439e-01  1.486841e-01  2.053901e-02  2.018070e-02  1.490793e-01  2.647032e-01  2.049931e-02  2.830392e-03  2.115709e-02  2.038954e-02  2.422015e-03    1.132173e-01  1.132173e-01    -7.296233e-05  7.296233e-05  9.998e-01
3.954058  3.116672e-03  2.050921e-02  1.983929e-02  2.465178e-03  2.023417e-02  2.633816e-01  1.486483e-01  2.053817e-02  2.018671e-02  1.490487e-01  2.647363e-01  2.050046e-02  2.827986e-03  2.115826e-02  2.038785e-02  2.421159e-03    1.132917e-01  1.132917e-01    -6.906552e-05  6.906552e-05  9.998e-01
3.964058  3.115274e-03  2.050143e-02  1.983919e-02  2.466037e-03  2.023574e-02  2.634190e-01  1.486127e-01  2.053739e-02  2.019277e-02  1.490183e-01  2.647691e-01  2.050167e-02  2.825589e-03  2.115944e-02  2.038617e-02  2.420297e-03    1.133658e-01  1.133658e-01    -6.514591e-05  6.514591e-05  9.998e-01
3.974058  3.113865e-03  2.049368e-02  1.983912e-02  2.466906e-03  2.023733e-02  2.634562e-01  1.485771e-01  2.053669e-02  2.019887e-02  1.489878e-01  2.648017e-01  2.050294e-02  2.823202e-03  2.116063e-02  2.038451e-02  2.419428e-03    1.134396e-01  1.134396e-01    -6.120396e-05  6.120396e-05  9.998e-01
3.984058  3.112445e-03  2.048596e-02  1.983908e-02  2.467787e-03  2.023894e-02  2.634932e-01  1.485416e-01  2.053605e-02  2.020502e-02  1.489574e-01  2.648342e-01  2.050425e-02  2.820824e-03  2.116184e-02  2.038286e-02  2.418551e-03    1.135131e-01  1.135131e-01    -5.723990e-05  5.723990e-05  9.998e-01
3.994058  3.111014e-03  2.047827e-02  1.983907e-02  2.468678e-03  2.024057e-02  2.635300e-01  1.485062e-01  2.053547e-02  2.021120e-02  1.489270e-01  2.648665e-01  2.050562e-02  2.818455e-03  2.116304e-02  2.038122e-02  2.417668e-03    1.135863e-01  1.135863e-01    -5.325501e-05  5.325501e-05  9.998e-01
4.004058  3.109571e-03  2.047060e-02  1.983908e-02  2.469578e-03  2.024221e-02  2.635666e-01  1.484710e-01  2.053496e-02  2.021741e-02  1.488967e-01  2.648985e-01  2.050703e-02  2.816095e-03  2.116425e-02  2.037960e-02  2.416778e-03    1.136592e-01  1.136592e-01    -4.924861e-05  4.924861e-05  9.998e-01
4.014058  3.108117e-03  2.046296e-02  1.983912e-02  2.470486e-03  2.024388e-02  2.636030e-01  1.484358e-01  2.053450e-02  2.022365e-02  1.488664e-01  2.649305e-01  2.050848e-02  2.813743e-03  2.116546e-02  2.037797e-02  2.415881e-03    1.137318e-01  1.137318e-01    -4.522180e-05  4.522180e-05  9.998e-01
4.023794  3.106691e-03  2.045554e-02  1.983917e-02  2.471378e-03  2.024551e-02  2.636383e-01  1.484017e-01  2.053411e-02  2.022975e-02  1.488370e-01  2.649614e-01  2.050993e-02  2.811461e-03  2.116664e-02  2.037640e-02  2.415002e-03    1.138023e-01  1.138023e-01    -4.128239e-05  4.128239e-05  9.998e-01
4.033794  3.105215e-03  2.044794e-02  1.983924e-02  2.472300e-03  2.024719e-02  2.636744e-01  1.483667e-01  2.053376e-02  2.023603e-02  1.488068e-01  2.649930e-01  2.051146e-02  2.809125e-03  2.116784e-02  2.037479e-02  2.414092e-03    1.138744e-01  1.138744e-01    -3.721682e-05  3.721682e-05  9.998e-01
4.043794  3.103727e-03  2.044037e-02  1.983933e-02  2.473229e-03  2.024889e-02  2.637104e-01  1.483319e-01  2.053347e-02  2.024233e-02  1.487767e-01  2.650245e-01  2.051302e-02  2.806796e-03  2.116904e-02  2.037317e-02  2.413176e-03    1.139462e-01  1.139462e-01    -3.313236e-05  3.313236e-05  9.998e-01
4.053794  3.102228e-03  2.043281e-02  1.983943e-02  2.474162e-03  2.025059e-02  2.637461e-01  1.482971e-01  2.053322e-02  2.024865e-02  1.487466e-01  2.650559e-01  2.051462e-02  2.804475e-03  2.117022e-02  2.037156e-02  2.412254e-03    1.140178e-01  1.140178e-01    -2.902954e-05  2.902954e-05  9.998e-01
4.063794  3.100717e-03  2.042528e-02  1.983954e-02  2.475100e-03  2.025229e-02  2.637818e-01  1.482625e-01  2.053302e-02  2.025497e-02  1.487166e-01  2.650871e-01  2.051624e-02  2.802160e-03  2.117139e-02  2.036994e-02  2.411326e-03    1.140892e-01  1.140892e-01    -2.490892e-05  2.490892e-05  9.998e-01
4.073794  3.099194e-03  2.041776e-02  1.983965e-02  2.476041e-03  2.025400e-02  2.638173e-01  1.482280e-01  2.053287e-02  2.026130e-02  1.486866e-01  2.651183e-01  2.051788e-02  2.799852e-03  2.117255e-02  2.036831e-02  2.410392e-03    1.141603e-01  1.141603e-01    -2.077091e-05  2.077091e-05  9.998e-01
4.083794  3.097659e-03  2.041026e-02  1.983978e-02  2.476985e-03  2.025571e-02  2.638526e-01  1.481936e-01  2.053276e-02  2.026763e-02  1.486567e-01  2.651493e-01  2.051955e-02  2.797549e-03  2.117368e-02  2.036668e-02  2.409453e-03    1.142311e-01  1.142311e-01    -1.661579e-05  1.661579e-05  9.998e-01
4.093794  3.096112e-03  2.040277e-02  1.983991e-02  2.477930e-03  2.025742e-02  2.638879e-01  1.481593e-01  2.053269e-02  2.027395e-02  1.486269e-01  2.651803e-01  2.052124e-02  2.795253e-03  2.117479e-02  2.036504e-02  2.408508e-03    1.143017e-01  1.143017e-01    -1.244417e-05  1.244417e-05  9.998e-01
4.103794  3.094554e-03  2.039530e-02  1.984003e-02  2.478877e-03  2.025913e-02  2.639230e-01  1.481252e-01  2.053266e-02  2.028027e-02  1.485971e-01  2.652112e-01  2.052294e-02  2.792961e-03  2.117588e-02  2.036338e-02  2.407558e-03    1.143721e-01  1.143721e-01    -8.256712e-06  8.256712e-06  9.998e-01
4.113794  3.092983e-03  2.038785e-02  1.984016e-02  2.479824e-03  2.026083e-02  2.639580e-01  1.480911e-01  2.053266e-02  2.028658e-02  1.485673e-01  2.652420e-01  2.052466e-02  2.790675e-03  2.117695e-02  2.036171e-02  2.406603e-03    1.144423e-01  1.144423e-01    -4.053591e-06  4.053591e-06  9.998e-01
4.123794  3.091400e-03  2.038040e-02  1.984029e-02  2.480770e-03  2.026253e-02  2.639930e-01  1.480572e-01  2.053270e-02  2.029287e-02  1.485377e-01  2.652728e-01  2.052639e-02  2.788393e-03  2.117798e-02  2.036002e-02  2.405643e-03    1.145122e-01  1.145122e-01    1.644989e-07  -1.644989e-07  9.998e-01
4.133794  3.089804e-03  2.037297e-02  1.984041e-02  2.481714e-03  2.026422e-02  2.640278e-01  1.480234e-01  2.053277e-02  2.029915e-02  1.485081e-01  2.653035e-01  2.052812e-02  2.786116e-03  2.117898e-02  2.035832e-02  2.404679e-03    1.145819e-01  1.145819e-01    4.397135e-06  -4.397135e-06  9.998e-01
4.143794  3.088196e-03  2.036555e-02  1.984053e-02  2.482656e-03  2.026590e-02  2.640625e-01  1.479897e-01  2.053287e-02  2.030541e-02  1.484785e-01  2.653341e-01  2.052987e-02  2.783842e-03  2.117995e-02  2.035660e-02  2.403711e-03    1.146514e-01  1.146514e-01    8.643924e-06  -8.643924e-06  9.998e-01
4.153794  3.086576e-03  2.035814e-02  1.984063e-02  2.483595e-03  2.026757e-02  2.640972e-01  1.479562e-01  2.053299e-02  2.031164e-02  1.484491e-01  2.653647e-01  2.053161e-02  2.781572e-03  2.118088e-02  2.035486e-02  2.402738e-03    1.147207e-01  1.147207e-01    1.290434e-05  -1.290434e-05  9.998e-01
4.163794  3.084943e-03  2.035074e-02  1.984073e-02  2.484530e-03  2.026923e-02  2.641318e-01  1.479227e-01  2.053314e-02  2.031785e-02  1.484197e-01  2.653953e-01  2.053336e-02  2.779305e-03  2.118178e-02  2.035309e-02  2.401762e-03    1.147898e-01  1.147898e-01    1.717791e-05  -1.717791e-05  9.998e-01
4.173794  3.083298e-03  2.034334e-02  1.984081e-02  2.485460e-03  2.027088e-02  2.641663e-01  1.478894e-01  2.053332e-02  2.032402e-02  1.483904e-01  2.654259e-01  2.053510e-02  2.777040e-03  2.118263e-02  2.035130e-02  2.400782e-03    1.148587e-01  1.148587e-01    2.146419e-05  -2.146419e-05  9.998e-01
4.183794  3.081639e-03  2.033595e-02  1.984088e-02  2.486384e-03  2.027251e-02  2.642007e-01  1.478563e-01  2.053351e-02  2.033016e-02  1.483611e-01  2.654565e-01  2.053684e-02  2.774778e-03  2.118343e-02  2.034948e-02  2.399798e-03    1.149274e-01  1.149274e-01    2.576267e-05  -2.576267e-05  9.998e-01
4.193794  3.079968e-03  2.032857e-02  1.984093e-02  2.487302e-03  2.027413e-02  2.642351e-01  1.478232e-01  2.053373e-02  2.033625e-02  1.483320e-01  2.654870e-01  2.053857e-02  2.772518e-03  2.118419e-02  2.034763e-02  2.398812e-03    1.149959e-01  1.149959e-01    3.007293e-05  -3.007293e-05  9.998e-01
4.203794  3.078284e-03  2.032119e-02  1.984097e-02  2.488213e-03  2.027572e-02  2.642695e-01  1.477903e-01  2.053396e-02  2.034231e-02  1.483029e-01  2.655176e-01  2.054029e-02  2.770260e-03  2.118490e-02  2.034576e-02  2.397822e-03    1.150642e-01  1.150642e-01    3.439440e-05  -3.439440e-05  9.998e-01
4.213794  3.076587e-03  2.031382e-02  1.984098e-02  2.489116e-03  2.027730e-02  2.643038e-01  1.477575e-01  2.053420e-02  2.034832e-02  1.482739e-01  2.655482e-01  2.054200e-02  2.768002e-03  2.118556e-02  2.034385e-02  2.396830e-03    1.151324e-01  1.151324e-01    3.872685e-05  -3.872685e-05  9.998e-01
4.223794  3.074878e-03  2.030645e-02  1.984097e-02  2.490010e-03  2.027886e-02  2.643381e-01  1.477249e-01  2.053446e-02  2.035428e-02  1.482450e-01  2.655788e-01  2.054370e-02  2.765746e-03  2.118617e-02  2.034191e-02  2.395836e-03    1.152003e-01  1.152003e-01    4.306962e-05  -4.306962e-05  9.998e-01
4.233794  3.073155e-03  2.029909e-02  1.984093e-02  2.490895e-03  2.028039e-02  2.643723e-01  1.476924e-01  2.053473e-02  2.036019e-02  1.482161e-01  2.656094e-01  2.054537e-02  2.763490e-03  2.118672e-02  2.033993e-02  2.394839e-03    1.152681e-01  1.152681e-01    4.742230e-05  -4.742230e-05  9.998e-01
4.243794  3.071419e-03  2.029172e-02  1.984087e-02  2.491769e-03  2.028191e-02  2.644065e-01  1.476600e-01  2.053500e-02  2.036605e-02  1.481874e-01  2.656401e-01  2.054703e-02  2.761235e-03  2.118721e-02  2.033792e-02  2.393841e-03    1.153357e-01  1.153357e-01    5.178449e-05  -5.178449e-05  9.998e-01
4.253794  3.069670e-03  2.028436e-02  1.984079e-02  2.492632e-03  2.028339e-02  2.644407e-01  1.476277e-01  2.053529e-02  2.037185e-02  1.481587e-01  2.656708e-01  2.054866e-02  2.758979e-03  2.118764e-02  2.033587e-02  2.392841e-03    1.154032e-01  1.154032e-01    5.615563e-05  -5.615563e-05  9.998e-01
4.263794  3.067908e-03  2.027699e-02  1.984067e-02  2.493484e-03  2.028486e-02  2.644749e-01  1.475956e-01  2.053557e-02  2.037758e-02  1.481302e-01  2.657016e-01  2.055027e-02  2.756723e-03  2.118801e-02  2.033378e-02  2.391839e-03    1.154705e-01  1.154705e-01    6.053538e-05  -6.053538e-05  9.998e-01
4.273794  3.066132e-03  2.026963e-02  1.984052e-02  2.494324e-03  2.028629e-02  2.645091e-01  1.475637e-01  2.053586e-02  2.038325e-02  1.481017e-01  2.657324e-01  2.055186e-02  2.754466e-03  2.118831e-02  2.033165e-02  2.390836e-03    1.155376e-01  1.155376e-01    6.492301e-05  -6.492301e-05  9.998e-01
4.283794  3.064344e-03  2.026226e-02  1.984034e-02  2.495150e-03  2.028770e-02  2.645433e-01  1.475318e-01  2.053615e-02  2.038885e-02  1.480733e-01  2.657633e-01  2.055341e-02  2.752208e-03  2.118855e-02  2.032948e-02  2.389832e-03    1.156046e-01  1.156046e-01    6.931843e-05  -6.931843e-05  9.998e-01
4.293794  3.062542e-03  2.025490e-02  1.984012e-02  2.495962e-03  2.028907e-02  2.645775e-01  1.475002e-01  2.053644e-02  2.039438e-02  1.480450e-01  2.657943e-01  2.055493e-02  2.749948e-03  2.118872e-02  2.032727e-02  2.388827e-03    1.156714e-01  1.156714e-01    7.372102e-05  -7.372102e-05  9.998e-01
4.303794  3.060727e-03  2.024753e-02  1.983986e-02  2.496760e-03  2.029042e-02  2.646117e-01  1.474686e-01  2.053673e-02  2.039984e-02  1.480168e-01  2.658253e-01  2.055642e-02  2.747687e-03  2.118882e-02  2.032501e-02  2.387821e-03    1.157381e-01  1.157381e-01    7.813050e-05  -7.813050e-05  9.998e-01
4.313794  3.058899e-03  2.024016e-02  1.983957e-02  2.497543e-03  2.029173e-02  2.646459e-01  1.474372e-01  2.053701e-02  2.040522e-02  1.479887e-01  2.658564e-01  2.055787e-02  2.745424e-03  2.118884e-02  2.032270e-02  2.386815e-03    1.158046e-01  1.158046e-01    8.254617e-05  -8.254617e-05  9.998e-01
4.331492  3.055631e-03  2.022710e-02  1.983895e-02  2.498890e-03  2.029398e-02  2.647065e-01  1.473820e-01  2.053749e-02  2.041454e-02  1.479392e-01  2.659117e-01  2.056035e-02  2.741413e-03  2.118870e-02  2.031850e-02  2.385034e-03    1.159220e-01  1.159220e-01    9.037487e-05  -9.037487e-05  9.998e-01
4.349190  3.052321e-03  2.021403e-02  1.983820e-02  2.500184e-03  2.029611e-02  2.647672e-01  1.473272e-01  2.053793e-02  2.042360e-02  1.478900e-01  2.659674e-01  2.056269e-02  2.737393e-03  2.118832e-02  2.031415e-02  2.383253e-03    1.160390e-01  1.160390e-01    9.822004e-05  -9.822004e-05  9.998e-01
4.368473  3.048667e-03  2.019976e-02  1.983722e-02  2.501529e-03  2.029830e-02  2.648335e-01  1.472681e-01  2.053837e-02  2.043314e-02  1.478368e-01  2.660284e-01  2.056508e-02  2.733002e-03  2.118761e-02  2.030923e-02  2.381313e-03    1.161660e-01  1.161660e-01    1.067824e-04  -1.067824e-04  9.998e-01
4.388473  3.044825e-03  2.018494e-02  1.983600e-02  2.502850e-03  2.030043e-02  2.649024e-01  1.472073e-01  2.053876e-02  2.044267e-02  1.477821e-01  2.660922e-01  2.056736e-02  2.728433e-03  2.118654e-02  2.030391e-02  2.379304e-03    1.162972e-01  1.162972e-01    1.156760e-04  -1.156760e-04  9.998e-01
4.408473  3.040930e-03  2.017009e-02  1.983458e-02  2.504091e-03  2.030239e-02  2.649715e-01  1.471471e-01  2.053907e-02  2.045179e-02  1.477277e-01  2.661566e-01  2.056942e-02  2.723848e-03  2.118512e-02  2.029837e-02  2.377297e-03    1.164279e-01  1.164279e-01    1.245804e-04  -1.245804e-04  9.998e-01
4.428473  3.036981e-03  2.015520e-02  1.983295e-02  2.505247e-03  2.030417e-02  2.650409e-01  1.470876e-01  2.053929e-02  2.046049e-02  1.476738e-01  2.662216e-01  2.057126e-02  2.719245e-03  2.118334e-02  2.029260e-02  2.375294e-03    1.165582e-01  1.165582e-01    1.334902e-04  -1.334902e-04  9.998e-01
4.447069  3.033262e-03  2.014133e-02  1.983121e-02  2.506244e-03  2.030568e-02  2.651057e-01  1.470328e-01  2.053941e-02  2.046818e-02  1.476241e-01  2.662825e-01  2.057274e-02  2.714948e-03  2.118135e-02  2.028702e-02  2.373436e-03    1.166789e-01  1.166789e-01    1.417772e-04  -1.417772e-04  9.998e-01
4.467043  3.029217e-03  2.012638e-02  1.982912e-02  2.507227e-03  2.030711e-02  2.651757e-01  1.469745e-01  2.053942e-02  2.047600e-02  1.475712e-01  2.663487e-01  2.057409e-02  2.710314e-03  2.117883e-02  2.028080e-02  2.371445e-03    1.168082e-01  1.168082e-01    1.506775e-04  -1.506775e-04  9.998e-01
4.487043  3.025113e-03  2.011138e-02  1.982678e-02  2.508117e-03  2.030836e-02  2.652460e-01  1.469167e-01  2.053930e-02  2.048335e-02  1.475187e-01  2.664156e-01  2.057517e-02  2.705654e-03  2.117592e-02  2.027432e-02  2.369456e-03    1.169373e-01  1.169373e-01    1.595838e-04  -1.595838e-04  9.998e-01
4.505381  3.021304e-03  2.009758e-02  1.982440e-02  2.508848e-03  2.030933e-02  2.653109e-01  1.468643e-01  2.053908e-02  2.048966e-02  1.474710e-01  2.664777e-01  2.057591e-02  2.701363e-03  2.117289e-02  2.026816e-02  2.367636e-03    1.170552e-01  1.170552e-01    1.677426e-04  -1.677426e-04  9.998e-01
4.523491  3.017500e-03  2.008392e-02  1.982183e-02  2.509488e-03  2.031013e-02  2.653753e-01  1.468131e-01  2.053874e-02  2.049547e-02  1.474242e-01  2.665396e-01  2.057640e-02  2.697107e-03  2.116956e-02  2.026186e-02  2.365843e-03    1.171714e-01  1.171714e-01    1.757920e-04  -1.757920e-04  9.998e-01
4.543491  3.013249e-03  2.006878e-02  1.981872e-02  2.510098e-03  2.031080e-02  2.654468e-01  1.467571e-01  2.053822e-02  2.050138e-02  1.473731e-01  2.666088e-01  2.057664e-02  2.692386e-03  2.116548e-02  2.025465e-02  2.363866e-03    1.172994e-01  1.172994e-01    1.846666e-04  -1.846666e-04  9.998e-01
4.561744  3.009325e-03  2.005492e-02  1.981563e-02  2.510564e-03  2.031124e-02  2.655124e-01  1.467066e-01  2.053760e-02  2.050631e-02  1.473268e-01  2.666727e-01  2.057658e-02  2.688060e-03  2.116138e-02  2.024784e-02  2.362066e-03    1.174160e-01  1.174160e-01    1.927505e-04  -1.927505e-04  9.998e-01
4.581744  3.004976e-03  2.003969e-02  1.981197e-02  2.510973e-03  2.031150e-02  2.655848e-01  1.466518e-01  2.053676e-02  2.051118e-02  1.472766e-01  2.667435e-01  2.057620e-02  2.683299e-03  2.115647e-02  2.024013e-02  2.360096e-03    1.175433e-01  1.175433e-01    2.015830e-04  -2.015830e-04  9.998e-01
4.600900  3.000763e-03  2.002505e-02  1.980818e-02  2.511265e-03  2.031155e-02  2.656546e-01  1.466000e-01  2.053579e-02  2.051532e-02  1.472291e-01  2.668121e-01  2.057553e-02  2.678720e-03  2.115136e-02  2.023248e-02  2.358212e-03    1.176650e-01  1.176650e-01    2.100230e-04  -2.100230e-04  9.998e-01
4.620900  2.996315e-03  2.000972e-02  1.980391e-02  2.511463e-03  2.031138e-02  2.657280e-01  1.465465e-01  2.053460e-02  2.051907e-02  1.471799e-01  2.668847e-01  2.057448e-02  2.673920e-03  2.114559e-02  2.022424e-02  2.356247e-03    1.177917e-01  1.177917e-01    2.188050e-04  -2.188050e-04  9.998e-01
4.640258  2.991961e-03  1.999484e-02  1.979948e-02  2.511549e-03  2.031100e-02  2.657995e-01  1.464953e-01  2.053326e-02  2.052215e-02  1.471328e-01  2.669559e-01  2.057312e-02  2.669256e-03  2.113957e-02  2.021599e-02  2.354345e-03    1.179141e-01  1.179141e-01    2.272741e-04  -2.272741e-04  9.998e-01
4.660009  2.987471e-03  1.997960e-02  1.979465e-02  2.511530e-03  2.031038e-02  2.658731e-01  1.464437e-01  2.053171e-02  2.052471e-02  1.470852e-01  2.670294e-01  2.057138e-02  2.664480e-03  2.113299e-02  2.020732e-02  2.352405e-03    1.180387e-01  1.180387e-01    2.358816e-04  -2.358816e-04  9.998e-01
4.680009  2.982874e-03  1.996412e-02  1.978943e-02  2.511398e-03  2.030952e-02  2.659480e-01  1.463921e-01  2.052993e-02  2.052670e-02  1.470376e-01  2.671048e-01  2.056926e-02  2.659626e-03  2.112588e-02  2.019826e-02  2.350438e-03    1.181646e-01  1.181646e-01    2.445592e-04  -2.445592e-04  9.998e-01
4.700009  2.978228e-03  1.994860e-02  1.978388e-02  2.511154e-03  2.030842e-02  2.660236e-01  1.463412e-01  2.052794e-02  2.052808e-02  1.469905e-01  2.671813e-01  2.056675e-02  2.654756e-03  2.111831e-02  2.018892e-02  2.348469e-03    1.182902e-01  1.182902e-01    2.531949e-04  -2.531949e-04  9.998e-01
4.719269  2.973707e-03  1.993360e-02  1.977821e-02  2.510811e-03  2.030714e-02  2.660969e-01  1.462927e-01  2.052582e-02  2.052882e-02  1.469456e-01  2.672558e-01  2.056396e-02  2.650052e-03  2.111058e-02  2.017967e-02  2.346569e-03    1.184110e-01  1.184110e-01    2.614688e-04  -2.614688e-04  9.998e-01
4.739269  2.968964e-03  1.991798e-02  1.977198e-02  2.510342e-03  2.030556e-02  2.661736e-01  1.462430e-01  2.052341e-02  2.052897e-02  1.468996e-01  2.673343e-01  2.056069e-02  2.645155e-03  2.110211e-02  2.016979e-02  2.344591e-03    1.185361e-01  1.185361e-01    2.700161e-04  -2.700161e-04  9.998e-01
4.759269  2.964172e-03  1.990232e-02  1.976541e-02  2.509759e-03  2.030374e-02  2.662509e-01  1.461940e-01  2.052078e-02  2.052848e-02  1.468540e-01  2.674138e-01  2.055701e-02  2.640245e-03  2.109317e-02  2.015963e-02  2.342606e-03    1.186610e-01  1.186610e-01    2.785110e-04  -2.785110e-04  9.998e-01
4.778895  2.959423e-03  1.988691e-02  1.975862e-02  2.509075e-03  2.030171e-02  2.663273e-01  1.461465e-01  2.051797e-02  2.052738e-02  1.468099e-01  2.674928e-01  2.055301e-02  2.635417e-03  2.108395e-02  2.014940e-02  2.340650e-03    1.187833e-01  1.187833e-01    2.867960e-04  -2.867960e-04  9.998e-01
4.795403  2.955393e-03  1.987393e-02  1.975264e-02  2.508414e-03  2.029982e-02  2.663921e-01  1.461070e-01  2.051544e-02  2.052598e-02  1.467731e-01  2.675600e-01  2.054934e-02  2.631349e-03  2.107586e-02  2.014059e-02  2.338998e-03    1.188860e-01  1.188860e-01    2.937233e-04  -2.937233e-04  9.998e-01
4.811911  2.951330e-03  1.986091e-02  1.974643e-02  2.507675e-03  2.029776e-02  2.664572e-01  1.460679e-01  2.051276e-02  2.052413e-02  1.467368e-01  2.676280e-01  2.054539e-02  2.627275e-03  2.106745e-02  2.013160e-02  2.337337e-03    1.189885e-01  1.189885e-01    3.006115e-04  -3.006115e-04  9.998e-01
4.831911  2.946364e-03  1.984511e-02  1.973857e-02  2.506674e-03  2.029504e-02  2.665368e-01  1.460212e-01  2.050929e-02  2.052130e-02  1.466932e-01  2.677114e-01  2.054022e-02  2.622335e-03  2.105685e-02  2.012046e-02  2.335315e-03    1.191125e-01  1.191125e-01    3.089025e-04  -3.089025e-04  9.998e-01
4.851911  2.941352e-03  1.982928e-02  1.973035e-02  2.505559e-03  2.029206e-02  2.666169e-01  1.459751e-01  2.050559e-02  2.051782e-02  1.466501e-01  2.677958e-01  2.053464e-02  2.617390e-03  2.104580e-02  2.010905e-02  2.333277e-03    1.192363e-01  1.192363e-01    3.171316e-04  -3.171316e-04  9.998e-01
4.871911  2.936293e-03  1.981342e-02  1.972178e-02  2.504328e-03  2.028884e-02  2.666976e-01  1.459296e-01  2.050165e-02  2.051368e-02  1.466076e-01  2.678812e-01  2.052863e-02  2.612441e-03  2.103431e-02  2.009738e-02  2.331224e-03    1.193598e-01  1.193598e-01    3.252972e-04  -3.252972e-04  9.998e-01
4.891911  2.931188e-03  1.979753e-02  1.971285e-02  2.502983e-03  2.028536e-02  2.667789e-01  1.458848e-01  2.049747e-02  2.050890e-02  1.465655e-01  2.679678e-01  2.052220e-02  2.607492e-03  2.102237e-02  2.008545e-02  2.329153e-03    1.194831e-01  1.194831e-01    3.333975e-04  -3.333975e-04  9.998e-01
4.911911  2.926039e-03  1.978163e-02  1.970356e-02  2.501523e-03  2.028163e-02  2.668609e-01  1.458406e-01  2.049306e-02  2.050345e-02  1.465241e-01  2.680554e-01  2.051534e-02  2.602542e-03  2.100999e-02  2.007327e-02  2.327063e-03    1.196062e-01  1.196062e-01    3.414301e-04  -3.414301e-04  9.998e-01
4.931911  2.920844e-03  1.976570e-02  1.969391e-02  2.499950e-03  2.027765e-02  2.669435e-01  1.457970e-01  2.048841e-02  2.049736e-02  1.464831e-01  2.681441e-01  2.050805e-02  2.597595e-03  2.099718e-02  2.006083e-02  2.324952e-03    1.197291e-01  1.197291e-01    3.493937e-04  -3.493937e-04  9.998e-01
4.951911  2.915606e-03  1.974975e-02  1.968391e-02  2.498263e-03  2.027342e-02  2.670266e-01  1.457540e-01  2.048352e-02  2.049061e-02  1.464426e-01  2.682338e-01  2.050034e-02  2.592651e-03  2.098394e-02  2.004815e-02  2.322818e-03    1.198517e-01  1.198517e-01    3.572872e-04  -3.572872e-04  9.998e-01
4.971911  2.910325e-03  1.973380e-02  1.967356e-02  2.496462e-03  2.026895e-02  2.671104e-01  1.457116e-01  2.047839e-02  2.048322e-02  1.464027e-01  2.683246e-01  2.049219e-02  2.587712e-03  2.097028e-02  2.003522e-02  2.320660e-03    1.199741e-01  1.199741e-01    3.651088e-04  -3.651088e-04  9.998e-01
4.989735  2.905584e-03  1.971957e-02  1.966404e-02  2.494763e-03  2.026475e-02  2.671855e-01  1.456743e-01  2.047362e-02  2.047608e-02  1.463675e-01  2.684064e-01  2.048457e-02  2.583316e-03  2.095776e-02  2.002350e-02  2.318715e-03    1.200830e-01  1.200830e-01    3.720180e-04  -3.720180e-04  9.998e-01
5.007558  2.900809e-03  1.970533e-02  1.965424e-02  2.492974e-03  2.026035e-02  2.672611e-01  1.456375e-01  2.046867e-02  2.046844e-02  1.463327e-01  2.684891e-01  2.047661e-02  2.578926e-03  2.094492e-02  2.001159e-02  2.316748e-03    1.201917e-01  1.201917e-01    3.788685e-04  -3.788685e-04  9.998e-01
5.027558  2.895414e-03  1.968936e-02  1.964293e-02  2.490862e-03  2.025519e-02  2.673465e-01  1.455967e-01  2.046289e-02  2.045926e-02  1.462941e-01  2.685828e-01  2.046728e-02  2.574008e-03  2.093014e-02  1.999802e-02  2.314513e-03    1.203135e-01  1.203135e-01    3.864854e-04  -3.864854e-04  9.998e-01
5.047558  2.889979e-03  1.967339e-02  1.963127e-02  2.488638e-03  2.024979e-02  2.674324e-01  1.455566e-01  2.045687e-02  2.044944e-02  1.462561e-01  2.686775e-01  2.045751e-02  2.569101e-03  2.091497e-02  1.998422e-02  2.312249e-03    1.204350e-01  1.204350e-01    3.940271e-04  -3.940271e-04  9.998e-01
5.067558  2.884506e-03  1.965742e-02  1.961928e-02  2.486303e-03  2.024414e-02  2.675189e-01  1.455170e-01  2.045062e-02  2.043899e-02  1.462185e-01  2.687733e-01  2.044732e-02  2.564205e-03  2.089941e-02  1.997021e-02  2.309953e-03    1.205563e-01  1.205563e-01    4.014931e-04  -4.014931e-04  9.998e-01
5.087558  2.878996e-03  1.964145e-02  1.960697e-02  2.483858e-03  2.023825e-02  2.676059e-01  1.454780e-01  2.044414e-02  2.042793e-02  1.461814e-01  2.688700e-01  2.043670e-02  2.559322e-03  2.088349e-02  1.995599e-02  2.307623e-03    1.206773e-01  1.206773e-01    4.088830e-04  -4.088830e-04  9.998e-01
5.107166  2.873559e-03  1.962581e-02  1.959458e-02  2.481355e-03  2.023225e-02  2.676918e-01  1.454403e-01  2.043757e-02  2.041648e-02  1.461455e-01  2.689658e-01  2.042589e-02  2.554547e-03  2.086753e-02  1.994184e-02  2.305306e-03    1.207957e-01  1.207957e-01    4.160537e-04  -4.160537e-04  9.998e-01
5.126147  2.868265e-03  1.961069e-02  1.958229e-02  2.478833e-03  2.022623e-02  2.677754e-01  1.454043e-01  2.043100e-02  2.040483e-02  1.461111e-01  2.690594e-01  2.041503e-02  2.549938e-03  2.085176e-02  1.992797e-02  2.303031e-03    1.209101e-01  1.209101e-01    4.229251e-04  -4.229251e-04  9.998e-01
5.144790  2.863036e-03  1.959584e-02  1.956996e-02  2.476260e-03  2.022011e-02  2.678579e-01  1.453694e-01  2.042435e-02  2.039287e-02  1.460778e-01  2.691522e-01  2.040400e-02  2.545425e-03  2.083597e-02  1.991418e-02  2.300764e-03    1.210222e-01  1.210222e-01    4.296071e-04  -4.296071e-04  9.998e-01
5.164790  2.857395e-03  1.957994e-02  1.955643e-02  2.473397e-03  2.021332e-02  2.679469e-01  1.453325e-01  2.041700e-02  2.037947e-02  1.460425e-01  2.692526e-01  2.039177e-02  2.540599e-03  2.081872e-02  1.989921e-02  2.298296e-03    1.211422e-01  1.211422e-01    4.367019e-04  -4.367019e-04  9.998e-01
5.184790  2.851724e-03  1.956406e-02  1.954260e-02  2.470427e-03  2.020630e-02  2.680364e-01  1.452961e-01  2.040943e-02  2.036547e-02  1.460076e-01  2.693539e-01  2.037913e-02  2.535789e-03  2.080115e-02  1.988406e-02  2.295790e-03    1.212619e-01  1.212619e-01    4.437209e-04  -4.437209e-04  9.998e-01
5.204790  2.846024e-03  1.954820e-02  1.952849e-02  2.467351e-03  2.019906e-02  2.681264e-01  1.452603e-01  2.040165e-02  2.035090e-02  1.459731e-01  2.694561e-01  2.036608e-02  2.530997e-03  2.078327e-02  1.986873e-02  2.293244e-03    1.213814e-01  1.213814e-01    4.506643e-04  -4.506643e-04  9.998e-01
5.224790  2.840297e-03  1.953237e-02  1.951409e-02  2.464170e-03  2.019160e-02  2.682168e-01  1.452250e-01  2.039365e-02  2.033577e-02  1.459391e-01  2.695592e-01  2.035263e-02  2.526223e-03  2.076510e-02  1.985325e-02  2.290659e-03    1.215005e-01  1.215005e-01    4.575329e-04  -4.575329e-04  9.998e-01
5.244790  2.834544e-03  1.951657e-02  1.949943e-02  2.460885e-03  2.018392e-02  2.683077e-01  1.451902e-01  2.038544e-02  2.032007e-02  1.459055e-01  2.696632e-01  2.033878e-02  2.521467e-03  2.074664e-02  1.983761e-02  2.288033e-03    1.216194e-01  1.216194e-01    4.643265e-04  -4.643265e-04  9.998e-01
5.264790  2.828767e-03  1.950081e-02  1.948450e-02  2.457496e-03  2.017603e-02  2.683989e-01  1.451559e-01  2.037703e-02  2.030383e-02  1.458724e-01  2.697680e-01  2.032454e-02  2.516730e-03  2.072791e-02  1.982181e-02  2.285366e-03    1.217379e-01  1.217379e-01    4.710466e-04  -4.710466e-04  9.998e-01
5.284790  2.822967e-03  1.948508e-02  1.946931e-02  2.454004e-03  2.016792e-02  2.684906e-01  1.451221e-01  2.036841e-02  2.028705e-02  1.458396e-01  2.698735e-01  2.030990e-02  2.512013e-03  2.070892e-02  1.980588e-02  2.282659e-03    1.218561e-01  1.218561e-01    4.776942e-04  -4.776942e-04  9.998e-01
5.304790  2.817146e-03  1.946940e-02  1.945388e-02  2.450411e-03  2.015960e-02  2.685827e-01  1.450888e-01  2.035959e-02  2.026975e-02  1.458072e-01  2.699799e-01  2.029488e-02  2.507315e-03  2.068968e-02  1.978981e-02  2.279910e-03    1.219740e-01  1.219740e-01    4.842693e-04  -4.842693e-04  9.998e-01
5.324790  2.811306e-03  1.945375e-02  1.943822e-02  2.446718e-03  2.015108e-02  2.686751e-01  1.450560e-01  2.035057e-02  2.025193e-02  1.457752e-01  2.700870e-01  2.027949e-02  2.502638e-03  2.067021e-02  1.977361e-02  2.277120e-03    1.220915e-01  1.220915e-01    4.907745e-04  -4.907745e-04  9.998e-01
5.344317  2.805586e-03  1.943852e-02  1.942271e-02  2.443015e-03  2.014257e-02  2.687657e-01  1.450244e-01  2.034159e-02  2.023405e-02  1.457444e-01  2.701922e-01  2.026409e-02  2.498091e-03  2.065098e-02  1.975769e-02  2.274356e-03    1.222060e-01  1.222060e-01    4.970545e-04  -4.970545e-04  9.998e-01
5.364317  2.799712e-03  1.942296e-02  1.940660e-02  2.439125e-03  2.013365e-02  2.688588e-01  1.449925e-01  2.033219e-02  2.021526e-02  1.457132e-01  2.703007e-01  2.024796e-02  2.493455e-03  2.063108e-02  1.974126e-02  2.271486e-03    1.223228e-01  1.223228e-01    5.034226e-04  -5.034226e-04  9.998e-01
5.384317  2.793823e-03  1.940745e-02  1.939030e-02  2.435138e-03  2.012454e-02  2.689522e-01  1.449611e-01  2.032261e-02  2.019598e-02  1.456823e-01  2.704099e-01  2.023146e-02  2.488841e-03  2.061097e-02  1.972473e-02  2.268574e-03    1.224393e-01  1.224393e-01    5.097222e-04  -5.097222e-04  9.998e-01
5.404317  2.787920e-03  1.939199e-02  1.937380e-02  2.431053e-03  2.011524e-02  2.690460e-01  1.449302e-01  2.031284e-02  2.017625e-02  1.456518e-01  2.705197e-01  2.021460e-02  2.484248e-03  2.059068e-02  1.970809e-02  2.265623e-03    1.225554e-01  1.225554e-01    5.159537e-04  -5.159537e-04  9.998e-01
5.424317  2.782005e-03  1.937659e-02  1.935711e-02  2.426873e-03  2.010575e-02  2.691400e-01  1.448996e-01  2.030290e-02  2.015605e-02  1.456217e-01  2.706302e-01  2.019740e-02  2.479677e-03  2.057022e-02  1.969137e-02  2.262633e-03    1.226711e-01  1.226711e-01    5.221212e-04  -5.221212e-04  9.998e-01
5.444317  2.776079e-03  1.936124e-02  1.934025e-02  2.422600e-03  2.009608e-02  2.692342e-01  1.448696e-01  2.029278e-02  2.013543e-02  1.455919e-01  2.707412e-01  2.017984e-02  2.475129e-03  2.054959e-02  1.967456e-02  2.259605e-03    1.227863e-01  1.227863e-01    5.282244e-04  -5.282244e-04  9.998e-01
5.462305  2.770742e-03  1.934747e-02  1.932494e-02  2.418677e-03  2.008723e-02  2.693192e-01  1.448429e-01  2.028353e-02  2.011651e-02  1.455653e-01  2.708415e-01  2.016377e-02  2.471057e-03  2.053090e-02  1.965938e-02  2.256849e-03    1.228897e-01  1.228897e-01    5.336601e-04  -5.336601e-04  9.998e-01
5.479967  2.765495e-03  1.933401e-02  1.930979e-02  2.414753e-03  2.007840e-02  2.694028e-01  1.448170e-01  2.027432e-02  2.009761e-02  1.455396e-01  2.709404e-01  2.014772e-02  2.467079e-03  2.051244e-02  1.964441e-02  2.254115e-03    1.229908e-01  1.229908e-01    5.389472e-04  -5.389472e-04  9.998e-01
5.498328  2.760034e-03  1.932006e-02  1.929393e-02  2.410599e-03  2.006908e-02  2.694899e-01  1.447905e-01  2.026461e-02  2.007763e-02  1.455130e-01  2.710437e-01  2.013076e-02  2.462962e-03  2.049315e-02  1.962880e-02  2.251242e-03    1.230956e-01  1.230956e-01    5.443933e-04  -5.443933e-04  9.998e-01
5.515812  2.754829e-03  1.930683e-02  1.927871e-02  2.406574e-03  2.006007e-02  2.695730e-01  1.447656e-01  2.025523e-02  2.005831e-02  1.454880e-01  2.711424e-01  2.011436e-02  2.459061e-03  2.047468e-02  1.961389e-02  2.248481e-03    1.231950e-01  1.231950e-01    5.495311e-04  -5.495311e-04  9.998e-01
5.535692  2.748907e-03  1.929184e-02  1.926130e-02  2.401917e-03  2.004968e-02  2.696676e-01  1.447376e-01  2.024442e-02  2.003598e-02  1.454599e-01  2.712550e-01  2.009542e-02  2.454648e-03  2.045357e-02  1.959688e-02  2.245309e-03    1.233076e-01  1.233076e-01    5.553188e-04  -5.553188e-04  9.998e-01
5.552272  2.743964e-03  1.927938e-02  1.924669e-02  2.397969e-03  2.004089e-02  2.697467e-01  1.447146e-01  2.023530e-02  2.001709e-02  1.454366e-01  2.713492e-01  2.007939e-02  2.450987e-03  2.043590e-02  1.958266e-02  2.242640e-03    1.234011e-01  1.234011e-01    5.601015e-04  -5.601015e-04  9.998e-01
5.568853  2.739020e-03  1.926697e-02  1.923200e-02  2.393963e-03  2.003199e-02  2.698258e-01  1.446919e-01  2.022606e-02  1.999796e-02  1.454136e-01  2.714438e-01  2.006315e-02  2.447343e-03  2.041816e-02  1.956841e-02  2.239950e-03    1.234943e-01  1.234943e-01    5.648446e-04  -5.648446e-04  9.998e-01
5.588853  2.733055e-03  1.925206e-02  1.921421e-02  2.389056e-03  2.002112e-02  2.699213e-01  1.446649e-01  2.021480e-02  1.997457e-02  1.453860e-01  2.715581e-01  2.004328e-02  2.442972e-03  2.039668e-02  1.955119e-02  2.236677e-03    1.236063e-01  1.236063e-01    5.705139e-04  -5.705139e-04  9.998e-01
5.608853  2.727088e-03  1.923722e-02  1.919632e-02  2.384069e-03  2.001010e-02  2.700170e-01  1.446382e-01  2.020338e-02  1.995086e-02  1.453588e-01  2.716728e-01  2.002313e-02  2.438629e-03  2.037514e-02  1.953394e-02  2.233376e-03    1.237178e-01  1.237178e-01    5.761261e-04  -5.761261e-04  9.998e-01
5.628853  2.721123e-03  1.922244e-02  1.917837e-02  2.379004e-03  1.999894e-02  2.701127e-01  1.446120e-01  2.019183e-02  1.992684e-02  1.453318e-01  2.717877e-01  2.000269e-02  2.434313e-03  2.035353e-02  1.951667e-02  2.230048e-03    1.238288e-01  1.238288e-01    5.816839e-04  -5.816839e-04  9.998e-01
5.648853  2.715158e-03  1.920773e-02  1.916034e-02  2.373864e-03  1.998763e-02  2.702085e-01  1.445861e-01  2.018015e-02  1.990253e-02  1.453051e-01  2.719030e-01  1.998198e-02  2.430026e-03  2.033188e-02  1.949937e-02  2.226694e-03    1.239392e-01  1.239392e-01    5.871872e-04  -5.871872e-04  9.998e-01
5.668853  2.709197e-03  1.919310e-02  1.914227e-02  2.368651e-03  1.997619e-02  2.703043e-01  1.445606e-01  2.016834e-02  1.987793e-02  1.452786e-01  2.720184e-01  1.996099e-02  2.425769e-03  2.031019e-02  1.948207e-02  2.223315e-03    1.240491e-01  1.240491e-01    5.926355e-04  -5.926355e-04  9.998e-01
5.688853  2.703239e-03  1.917853e-02  1.912415e-02  2.363367e-03  1.996462e-02  2.704001e-01  1.445355e-01  2.015640e-02  1.985307e-02  1.452524e-01  2.721341e-01  1.993974e-02  2.421543e-03  2.028846e-02  1.946476e-02  2.219914e-03    1.241584e-01  1.241584e-01    5.980317e-04  -5.980317e-04  9.998e-01
5.708853  2.697286e-03  1.916404e-02  1.910600e-02  2.358015e-03  1.995291e-02  2.704960e-01  1.445108e-01  2.014435e-02  1.982795e-02  1.452265e-01  2.722500e-01  1.991824e-02  2.417349e-03  2.026672e-02  1.944745e-02  2.216490e-03    1.242672e-01  1.242672e-01    6.033753e-04  -6.033753e-04  9.998e-01
5.728494  2.691447e-03  1.914987e-02  1.908816e-02  2.352696e-03  1.994130e-02  2.705900e-01  1.444868e-01  2.013240e-02  1.980304e-02  1.452013e-01  2.723639e-01  1.989689e-02  2.413262e-03  2.024536e-02  1.943046e-02  2.213107e-03    1.243734e-01  1.243734e-01    6.085705e-04  -6.085705e-04  9.998e-01
5.748494  2.685507e-03  1.913553e-02  1.906997e-02  2.347218e-03  1.992936e-02  2.706858e-01  1.444628e-01  2.012012e-02  1.977746e-02  1.451758e-01  2.724800e-01  1.987491e-02  2.409134e-03  2.022361e-02  1.941317e-02  2.209642e-03    1.244809e-01  1.244809e-01    6.138111e-04  -6.138111e-04  9.998e-01
5.768494  2.679577e-03  1.912125e-02  1.905179e-02  2.341679e-03  1.991731e-02  2.707815e-01  1.444391e-01  2.010773e-02  1.975166e-02  1.451506e-01  2.725961e-01  1.985270e-02  2.405042e-03  2.020187e-02  1.939589e-02  2.206158e-03    1.245879e-01  1.245879e-01    6.190010e-04  -6.190010e-04  9.998e-01
5.788494  2.673657e-03  1.910705e-02  1.903361e-02  2.336083e-03  1.990514e-02  2.708771e-01  1.444158e-01  2.009524e-02  1.972566e-02  1.451256e-01  2.727123e-01  1.983027e-02  2.400986e-03  2.018016e-02  1.937864e-02  2.202657e-03    1.246942e-01  1.246942e-01    6.241328e-04  -6.241328e-04  9.998e-01
5.808368  2.667786e-03  1.909302e-02  1.901556e-02  2.330470e-03  1.989295e-02  2.709720e-01  1.443930e-01  2.008274e-02  1.969964e-02  1.451010e-01  2.728278e-01  1.980777e-02  2.396994e-03  2.015860e-02  1.936153e-02  2.199161e-03    1.247992e-01  1.247992e-01    6.291901e-04  -6.291901e-04  9.998e-01
5.828368  2.661890e-03  1.907897e-02  1.899742e-02  2.324769e-03  1.988057e-02  2.710673e-01  1.443704e-01  2.007007e-02  1.967328e-02  1.450764e-01  2.729440e-01  1.978493e-02  2.393015e-03  2.013695e-02  1.934435e-02  2.195626e-03    1.249043e-01  1.249043e-01    6.342293e-04  -6.342293e-04  9.998e-01
5.848368  2.656010e-03  1.906500e-02  1.897932e-02  2.319021e-03  1.986810e-02  2.711626e-01  1.443481e-01  2.005731e-02  1.964675e-02  1.450521e-01  2.730601e-01  1.976189e-02  2.389077e-03  2.011535e-02  1.932720e-02  2.192077e-03    1.250086e-01  1.250086e-01    6.392199e-04  -6.392199e-04  9.998e-01
5.868368  2.650147e-03  1.905110e-02  1.896127e-02  2.313227e-03  1.985554e-02  2.712576e-01  1.443262e-01  2.004447e-02  1.962007e-02  1.450279e-01  2.731762e-01  1.973866e-02  2.385180e-03  2.009381e-02  1.931011e-02  2.188513e-03    1.251123e-01  1.251123e-01    6.441615e-04  -6.441615e-04  9.998e-01
5.888368  2.644302e-03  1.903729e-02  1.894327e-02  2.307391e-03  1.984289e-02  2.713525e-01  1.443046e-01  2.003155e-02  1.959326e-02  1.450040e-01  2.732921e-01  1.971526e-02  2.381327e-03  2.007233e-02  1.929306e-02  2.184934e-03    1.252153e-01  1.252153e-01    6.490547e-04  -6.490547e-04  9.998e-01
5.908368  2.638477e-03  1.902355e-02  1.892533e-02  2.301517e-03  1.983016e-02  2.714471e-01  1.442833e-01  2.001856e-02  1.956631e-02  1.449802e-01  2.734079e-01  1.969168e-02  2.377518e-03  2.005093e-02  1.927607e-02  2.181343e-03    1.253177e-01  1.253177e-01    6.538997e-04  -6.538997e-04  9.998e-01
5.928368  2.632675e-03  1.900989e-02  1.890746e-02  2.295606e-03  1.981734e-02  2.715416e-01  1.442623e-01  2.000551e-02  1.953925e-02  1.449567e-01  2.735235e-01  1.966795e-02  2.373754e-03  2.002962e-02  1.925915e-02  2.177740e-03    1.254192e-01  1.254192e-01    6.586972e-04  -6.586972e-04  9.998e-01
5.948368  2.626897e-03  1.899631e-02  1.888967e-02  2.289663e-03  1.980446e-02  2.716357e-01  1.442417e-01  1.999240e-02  1.951209e-02  1.449333e-01  2.736389e-01  1.964407e-02  2.370038e-03  2.000839e-02  1.924229e-02  2.174124e-03    1.255201e-01  1.255201e-01    6.634455e-04  -6.634455e-04  9.998e-01
5.964180  2.622347e-03  1.898564e-02  1.887567e-02  2.284943e-03  1.979422e-02  2.717100e-01  1.442255e-01  1.998199e-02  1.949054e-02  1.449149e-01  2.737300e-01  1.962509e-02  2.367135e-03  1.999168e-02  1.922901e-02  2.171258e-03    1.255993e-01  1.255993e-01    6.671677e-04  -6.671677e-04  9.998e-01
5.979993  2.617815e-03  1.897501e-02  1.886173e-02  2.280207e-03  1.978394e-02  2.717841e-01  1.442096e-01  1.997155e-02  1.946894e-02  1.448967e-01  2.738209e-01  1.960602e-02  2.364262e-03  1.997504e-02  1.921578e-02  2.168386e-03    1.256781e-01  1.256781e-01    6.708608e-04  -6.708608e-04  9.998e-01
5.999993  2.612111e-03  1.896164e-02  1.884418e-02  2.274194e-03  1.977088e-02  2.718776e-01  1.441898e-01  1.995830e-02  1.944155e-02  1.448737e-01  2.739356e-01  1.958180e-02  2.360673e-03  1.995410e-02  1.919912e-02  2.164743e-03    1.257771e-01  1.257771e-01    6.754903e-04  -6.754903e-04  9.998e-01
6.018182  2.606950e-03  1.894955e-02  1.882832e-02  2.268706e-03  1.975895e-02  2.719623e-01  1.441720e-01  1.994622e-02  1.941659e-02  1.448530e-01  2.740397e-01  1.955967e-02  2.357454e-03  1.993515e-02  1.918405e-02  2.161422e-03    1.258664e-01  1.258664e-01    6.796602e-04  -6.796602e-04  9.998e-01
6.037969  2.601369e-03  1.893648e-02  1.881118e-02  2.262720e-03  1.974592e-02  2.720541e-01  1.441529e-01  1.993304e-02  1.938938e-02  1.448307e-01  2.741526e-01  1.953549e-02  2.354002e-03  1.991467e-02  1.916774e-02  2.157802e-03    1.259628e-01  1.259628e-01    6.841526e-04  -6.841526e-04  9.998e-01
6.057636  2.595857e-03  1.892356e-02  1.879425e-02  2.256753e-03  1.973293e-02  2.721450e-01  1.441342e-01  1.991990e-02  1.936228e-02  1.448086e-01  2.742644e-01  1.951136e-02  2.350623e-03  1.989444e-02  1.915161e-02  2.154195e-03    1.260580e-01  1.260580e-01    6.885744e-04  -6.885744e-04  9.998e-01
6.077636  2.590290e-03  1.891051e-02  1.877717e-02  2.250674e-03  1.971967e-02  2.722372e-01  1.441155e-01  1.990651e-02  1.933469e-02  1.447863e-01  2.743777e-01  1.948673e-02  2.347242e-03  1.987401e-02  1.913532e-02  2.150520e-03    1.261539e-01  1.261539e-01    6.930273e-04  -6.930273e-04  9.998e-01
6.097347  2.584843e-03  1.889773e-02  1.876046e-02  2.244672e-03  1.970656e-02  2.723276e-01  1.440973e-01  1.989330e-02  1.930747e-02  1.447644e-01  2.744890e-01  1.946238e-02  2.343963e-03  1.985402e-02  1.911936e-02  2.146891e-03    1.262477e-01  1.262477e-01    6.973725e-04  -6.973725e-04  9.998e-01
6.117347  2.579360e-03  1.888485e-02  1.874366e-02  2.238576e-03  1.969323e-02  2.724189e-01  1.440792e-01  1.987987e-02  1.927984e-02  1.447424e-01  2.746015e-01  1.943761e-02  2.340693e-03  1.983390e-02  1.910327e-02  2.143203e-03    1.263420e-01  1.263420e-01    7.017367e-04  -7.017367e-04  9.998e-01
6.137347  2.573922e-03  1.887205e-02  1.872700e-02  2.232475e-03  1.967987e-02  2.725098e-01  1.440613e-01  1.986643e-02  1.925220e-02  1.447205e-01  2.747134e-01  1.941277e-02  2.337480e-03  1.981394e-02  1.908730e-02  2.139509e-03    1.264355e-01  1.264355e-01    7.060574e-04  -7.060574e-04  9.998e-01
6.157347  2.568532e-03  1.885934e-02  1.871050e-02  2.226372e-03  1.966648e-02  2.726003e-01  1.440437e-01  1.985298e-02  1.922456e-02  1.446988e-01  2.748249e-01  1.938789e-02  2.334326e-03  1.979416e-02  1.907145e-02  2.135811e-03    1.265282e-01  1.265282e-01    7.103341e-04  -7.103341e-04  9.998e-01
6.177347  2.563191e-03  1.884672e-02  1.869416e-02  2.220271e-03  1.965307e-02  2.726903e-01  1.440264e-01  1.983953e-02  1.919692e-02  1.446771e-01  2.749358e-01  1.936296e-02  2.331232e-03  1.977455e-02  1.905573e-02  2.132109e-03    1.266201e-01  1.266201e-01    7.145674e-04  -7.145674e-04  9.998e-01
6.197347  2.557903e-03  1.883418e-02  1.867798e-02  2.214174e-03  1.963964e-02  2.727798e-01  1.440093e-01  1.982607e-02  1.916931e-02  1.446556e-01  2.750462e-01  1.933800e-02  2.328197e-03  1.975513e-02  1.904012e-02  2.128404e-03    1.267111e-01  1.267111e-01    7.187568e-04  -7.187568e-04  9.998e-01
6.217347  2.552668e-03  1.882173e-02  1.866198e-02  2.208082e-03  1.962621e-02  2.728688e-01  1.439925e-01  1.981262e-02  1.914173e-02  1.446342e-01  2.751559e-01  1.931301e-02  2.325224e-03  1.973590e-02  1.902465e-02  2.124696e-03    1.268013e-01  1.268013e-01    7.229036e-04  -7.229036e-04  9.998e-01
6.236114  2.547807e-03  1.881013e-02  1.864714e-02  2.202374e-03  1.961360e-02  2.729519e-01  1.439769e-01  1.980001e-02  1.911588e-02  1.446143e-01  2.752584e-01  1.928956e-02  2.322489e-03  1.971803e-02  1.901026e-02  2.121216e-03    1.268851e-01  1.268851e-01    7.267560e-04  -7.267560e-04  9.998e-01
6.255047  2.542953e-03  1.879851e-02  1.863232e-02  2.196625e-03  1.960088e-02  2.730353e-01  1.439614e-01  1.978731e-02  1.908985e-02  1.445942e-01  2.753612e-01  1.926589e-02  2.319785e-03  1.970019e-02  1.899586e-02  2.117705e-03    1.269690e-01  1.269690e-01    7.306038e-04  -7.306038e-04  9.998e-01
6.274114  2.538118e-03  1.878690e-02  1.861757e-02  2.190847e-03  1.958807e-02  2.731188e-01  1.439461e-01  1.977453e-02  1.906368e-02  1.445741e-01  2.754641e-01  1.924206e-02  2.317118e-03  1.968240e-02  1.898149e-02  2.114169e-03    1.270526e-01  1.270526e-01    7.344402e-04  -7.344402e-04  9.998e-01
6.294114  2.533106e-03  1.877480e-02  1.860228e-02  2.184802e-03  1.957464e-02  2.732058e-01  1.439302e-01  1.976114e-02  1.903629e-02  1.445531e-01  2.755714e-01  1.921708e-02  2.314383e-03  1.966395e-02  1.896656e-02  2.110460e-03    1.271395e-01  1.271395e-01    7.384223e-04  -7.384223e-04  9.998e-01
6.314114  2.528155e-03  1.876280e-02  1.858720e-02  2.178775e-03  1.956123e-02  2.732922e-01  1.439146e-01  1.974779e-02  1.900898e-02  1.445322e-01  2.756780e-01  1.919213e-02  2.311710e-03  1.964572e-02  1.895178e-02  2.106754e-03    1.272255e-01  1.272255e-01    7.423602e-04  -7.423602e-04  9.998e-01
6.333411  2.523438e-03  1.875131e-02  1.857284e-02  2.172978e-03  1.954831e-02  2.733751e-01  1.438997e-01  1.973493e-02  1.898270e-02  1.445122e-01  2.757801e-01  1.916808e-02  2.309191e-03  1.962834e-02  1.893766e-02  2.103181e-03    1.273076e-01  1.273076e-01    7.461196e-04  -7.461196e-04  9.998e-01
6.352716  2.518778e-03  1.873990e-02  1.855867e-02  2.167200e-03  1.953540e-02  2.734574e-01  1.438850e-01  1.972210e-02  1.895649e-02  1.444921e-01  2.758816e-01  1.914407e-02  2.306730e-03  1.961116e-02  1.892368e-02  2.099611e-03    1.273890e-01  1.273890e-01    7.498398e-04  -7.498398e-04  9.998e-01
6.372716  2.514016e-03  1.872819e-02  1.854419e-02  2.161237e-03  1.952206e-02  2.735421e-01  1.438701e-01  1.970885e-02  1.892944e-02  1.444715e-01  2.759860e-01  1.911924e-02  2.304244e-03  1.959358e-02  1.890936e-02  2.095917e-03    1.274724e-01  1.274724e-01    7.536507e-04  -7.536507e-04  9.998e-01
6.392716  2.509320e-03  1.871657e-02  1.852993e-02  2.155300e-03  1.950875e-02  2.736262e-01  1.438553e-01  1.969565e-02  1.890249e-02  1.444509e-01  2.760896e-01  1.909448e-02  2.301822e-03  1.957624e-02  1.889520e-02  2.092230e-03    1.275549e-01  1.275549e-01    7.574173e-04  -7.574173e-04  9.998e-01
6.412716  2.504691e-03  1.870505e-02  1.851589e-02  2.149391e-03  1.949548e-02  2.737097e-01  1.438408e-01  1.968250e-02  1.887566e-02  1.444304e-01  2.761923e-01  1.906978e-02  2.299464e-03  1.955914e-02  1.888120e-02  2.088550e-03    1.276365e-01  1.276365e-01    7.611390e-04  -7.611390e-04  9.998e-01
6.432716  2.500131e-03  1.869364e-02  1.850208e-02  2.143511e-03  1.948225e-02  2.737925e-01  1.438265e-01  1.966940e-02  1.884896e-02  1.444099e-01  2.762943e-01  1.904517e-02  2.297170e-03  1.954227e-02  1.886738e-02  2.084880e-03    1.277172e-01  1.277172e-01    7.648152e-04  -7.648152e-04  9.998e-01
6.452716  2.495639e-03  1.868233e-02  1.848849e-02  2.137663e-03  1.946908e-02  2.738746e-01  1.438124e-01  1.965636e-02  1.882238e-02  1.443895e-01  2.763954e-01  1.902065e-02  2.294940e-03  1.952565e-02  1.885373e-02  2.081220e-03    1.277971e-01  1.277971e-01    7.684450e-04  -7.684450e-04  9.998e-01
6.469211  2.491988e-03  1.867309e-02  1.847746e-02  2.132864e-03  1.945825e-02  2.739419e-01  1.438009e-01  1.964565e-02  1.880057e-02  1.443727e-01  2.764781e-01  1.900051e-02  2.293149e-03  1.951213e-02  1.884260e-02  2.078211e-03    1.278622e-01  1.278622e-01    7.714037e-04  -7.714037e-04  9.998e-01
6.485706  2.488383e-03  1.866392e-02  1.846659e-02  2.128089e-03  1.944746e-02  2.740087e-01  1.437895e-01  1.963499e-02  1.877886e-02  1.443559e-01  2.765602e-01  1.898043e-02  2.291401e-03  1.949877e-02  1.883159e-02  2.075210e-03    1.279268e-01  1.279268e-01    7.743302e-04  -7.743302e-04  9.998e-01
6.505706  2.484077e-03  1.865289e-02  1.845363e-02  2.122332e-03  1.943443e-02  2.740890e-01  1.437760e-01  1.962213e-02  1.875267e-02  1.443357e-01  2.766589e-01  1.895620e-02  2.289340e-03  1.948281e-02  1.881841e-02  2.071585e-03    1.280042e-01  1.280042e-01    7.778345e-04  -7.778345e-04  9.998e-01
6.525706  2.479842e-03  1.864198e-02  1.844090e-02  2.116611e-03  1.942147e-02  2.741687e-01  1.437626e-01  1.960934e-02  1.872665e-02  1.443154e-01  2.767566e-01  1.893210e-02  2.287343e-03  1.946710e-02  1.880541e-02  2.067975e-03    1.280808e-01  1.280808e-01    7.812897e-04  -7.812897e-04  9.998e-01
6.545706  2.475678e-03  1.863119e-02  1.842842e-02  2.110928e-03  1.940858e-02  2.742476e-01  1.437494e-01  1.959663e-02  1.870080e-02  1.442952e-01  2.768535e-01  1.890813e-02  2.285408e-03  1.945164e-02  1.879260e-02  2.064382e-03    1.281564e-01  1.281564e-01    7.846949e-04  -7.846949e-04  9.998e-01
6.565706  2.471585e-03  1.862050e-02  1.841619e-02  2.105285e-03  1.939576e-02  2.743258e-01  1.437364e-01  1.958400e-02  1.867512e-02  1.442750e-01  2.769493e-01  1.888430e-02  2.283536e-03  1.943644e-02  1.877997e-02  2.060807e-03    1.282311e-01  1.282311e-01    7.880489e-04  -7.880489e-04  9.998e-01
6.585706  2.467563e-03  1.860994e-02  1.840420e-02  2.099682e-03  1.938302e-02  2.744033e-01  1.437236e-01  1.957146e-02  1.864963e-02  1.442548e-01  2.770442e-01  1.886063e-02  2.281726e-03  1.942150e-02  1.876754e-02  2.057253e-03    1.283050e-01  1.283050e-01    7.913498e-04  -7.913498e-04  9.998e-01
6.604070  2.463932e-03  1.860034e-02  1.839342e-02  2.094575e-03  1.937139e-02  2.744738e-01  1.437119e-01  1.956003e-02  1.862640e-02  1.442363e-01  2.771304e-01  1.883904e-02  2.280119e-03  1.940801e-02  1.875629e-02  2.054008e-03    1.283720e-01  1.283720e-01    7.943338e-04  -7.943338e-04  9.998e-01
6.621862  2.460472e-03  1.859113e-02  1.838318e-02  2.089660e-03  1.936020e-02  2.745415e-01  1.437008e-01  1.954902e-02  1.860405e-02  1.442184e-01  2.772132e-01  1.881825e-02  2.278610e-03  1.939514e-02  1.874555e-02  2.050883e-03    1.284361e-01  1.284361e-01    7.971828e-04  -7.971828e-04  9.998e-01
6.641862  2.456649e-03  1.858090e-02  1.837190e-02  2.084176e-03  1.934770e-02  2.746168e-01  1.436885e-01  1.953675e-02  1.857913e-02  1.441982e-01  2.773052e-01  1.879506e-02  2.276971e-03  1.938093e-02  1.873367e-02  2.047392e-03    1.285074e-01  1.285074e-01    8.003328e-04  -8.003328e-04  9.998e-01
6.661862  2.452897e-03  1.857079e-02  1.836089e-02  2.078737e-03  1.933529e-02  2.746915e-01  1.436763e-01  1.952457e-02  1.855442e-02  1.441781e-01  2.773962e-01  1.877206e-02  2.275393e-03  1.936698e-02  1.872198e-02  2.043928e-03    1.285778e-01  1.285778e-01    8.034267e-04  -8.034267e-04  9.998e-01
6.681653  2.449253e-03  1.856091e-02  1.835025e-02  2.073400e-03  1.932311e-02  2.747645e-01  1.436645e-01  1.951262e-02  1.853018e-02  1.441581e-01  2.774852e-01  1.874949e-02  2.273889e-03  1.935344e-02  1.871061e-02  2.040526e-03    1.286466e-01  1.286466e-01    8.064312e-04  -8.064312e-04  9.998e-01
6.701653  2.445641e-03  1.855105e-02  1.833975e-02  2.068052e-03  1.931090e-02  2.748376e-01  1.436526e-01  1.950066e-02  1.850592e-02  1.441379e-01  2.775741e-01  1.872689e-02  2.272427e-03  1.934001e-02  1.869933e-02  2.037117e-03    1.287152e-01  1.287152e-01    8.094092e-04  -8.094092e-04  9.998e-01
6.721653  2.442097e-03  1.854131e-02  1.832952e-02  2.062750e-03  1.929879e-02  2.749099e-01  1.436410e-01  1.948881e-02  1.848190e-02  1.441178e-01  2.776619e-01  1.870450e-02  2.271023e-03  1.932685e-02  1.868825e-02  2.033739e-03    1.287830e-01  1.287830e-01    8.123271e-04  -8.123271e-04  9.998e-01
6.741566  2.438637e-03  1.853174e-02  1.831959e-02  2.057519e-03  1.928684e-02  2.749811e-01  1.436295e-01  1.947712e-02  1.845822e-02  1.440977e-01  2.777482e-01  1.868243e-02  2.269681e-03  1.931400e-02  1.867742e-02  2.030406e-03    1.288495e-01  1.288495e-01    8.151699e-04  -8.151699e-04  9.998e-01
6.761566  2.435229e-03  1.852227e-02  1.830989e-02  2.052314e-03  1.927494e-02  2.750517e-01  1.436181e-01  1.946550e-02  1.843468e-02  1.440775e-01  2.778338e-01  1.866050e-02  2.268390e-03  1.930136e-02  1.866675e-02  2.027092e-03    1.289155e-01  1.289155e-01    8.179615e-04  -8.179615e-04  9.998e-01
6.780036  2.432143e-03  1.851363e-02  1.830117e-02  2.047550e-03  1.926406e-02  2.751163e-01  1.436077e-01  1.945488e-02  1.841318e-02  1.440588e-01  2.779118e-01  1.864045e-02  2.267247e-03  1.928992e-02  1.865708e-02  2.024063e-03    1.289756e-01  1.289756e-01    8.204847e-04  -8.204847e-04  9.998e-01
6.800036  2.428864e-03  1.850441e-02  1.829198e-02  2.042440e-03  1.925238e-02  2.751855e-01  1.435966e-01  1.944350e-02  1.839014e-02  1.440385e-01  2.779952e-01  1.861899e-02  2.266062e-03  1.927778e-02  1.864682e-02  2.020817e-03    1.290398e-01  1.290398e-01    8.231523e-04  -8.231523e-04  9.998e-01
6.820036  2.425651e-03  1.849531e-02  1.828306e-02  2.037380e-03  1.924082e-02  2.752538e-01  1.435857e-01  1.943225e-02  1.836738e-02  1.440182e-01  2.780775e-01  1.859777e-02  2.264931e-03  1.926590e-02  1.863676e-02  2.017609e-03    1.291032e-01  1.291032e-01    8.257533e-04  -8.257533e-04  9.998e-01
6.840036  2.422503e-03  1.848635e-02  1.827442e-02  2.032372e-03  1.922938e-02  2.753213e-01  1.435748e-01  1.942112e-02  1.834488e-02  1.439979e-01  2.781586e-01  1.857683e-02  2.263852e-03  1.925428e-02  1.862692e-02  2.014439e-03    1.291657e-01  1.291657e-01    8.282836e-04  -8.282836e-04  9.998e-01
6.859433  2.419511e-03  1.847779e-02  1.826628e-02  2.027564e-03  1.921840e-02  2.753860e-01  1.435645e-01  1.941046e-02  1.832334e-02  1.439782e-01  2.782362e-01  1.855677e-02  2.262856e-03  1.924325e-02  1.861758e-02  2.011404e-03    1.292255e-01  1.292255e-01    8.306706e-04  -8.306706e-04  9.998e-01
6.879433  2.416488e-03  1.846910e-02  1.825817e-02  2.022658e-03  1.920721e-02  2.754519e-01  1.435539e-01  1.939961e-02  1.830140e-02  1.439578e-01  2.783150e-01  1.853636e-02  2.261880e-03  1.923213e-02  1.860815e-02  2.008314e-03    1.292864e-01  1.292864e-01    8.330652e-04  -8.330652e-04  9.998e-01
6.899433  2.413526e-03  1.846055e-02  1.825032e-02  2.017805e-03  1.919614e-02  2.755169e-01  1.435435e-01  1.938889e-02  1.827976e-02  1.439373e-01  2.783926e-01  1.851623e-02  2.260953e-03  1.922127e-02  1.859894e-02  2.005268e-03    1.293463e-01  1.293463e-01    8.353840e-04  -8.353840e-04  9.998e-01
6.919433  2.410625e-03  1.845213e-02  1.824274e-02  2.013006e-03  1.918519e-02  2.755812e-01  1.435332e-01  1.937832e-02  1.825841e-02  1.439168e-01  2.784691e-01  1.849640e-02  2.260077e-03  1.921065e-02  1.858995e-02  2.002265e-03    1.294054e-01  1.294054e-01    8.376287e-04  -8.376287e-04  9.998e-01
6.939433  2.407783e-03  1.844385e-02  1.823543e-02  2.008262e-03  1.917438e-02  2.756446e-01  1.435230e-01  1.936789e-02  1.823736e-02  1.438963e-01  2.785444e-01  1.847686e-02  2.259248e-03  1.920029e-02  1.858116e-02  1.999308e-03    1.294637e-01  1.294637e-01    8.397978e-04  -8.397978e-04  9.998e-01
6.959433  2.405000e-03  1.843571e-02  1.822839e-02  2.003571e-03  1.916370e-02  2.757071e-01  1.435129e-01  1.935761e-02  1.821662e-02  1.438757e-01  2.786184e-01  1.845764e-02  2.258468e-03  1.919017e-02  1.857260e-02  1.996397e-03    1.295211e-01  1.295211e-01    8.418893e-04  -8.418893e-04  9.998e-01
6.979433  2.402273e-03  1.842771e-02  1.822162e-02  1.998936e-03  1.915316e-02  2.757689e-01  1.435029e-01  1.934748e-02  1.819618e-02  1.438550e-01  2.786913e-01  1.843872e-02  2.257735e-03  1.918029e-02  1.856424e-02  1.993533e-03    1.295777e-01  1.295777e-01    8.439027e-04  -8.439027e-04  9.998e-01
6.999433  2.399601e-03  1.841984e-02  1.821512e-02  1.994356e-03  1.914275e-02  2.758298e-01  1.434931e-01  1.933750e-02  1.817607e-02  1.438343e-01  2.787630e-01  1.842012e-02  2.257048e-03  1.917065e-02  1.855610e-02  1.990718e-03    1.296334e-01  1.296334e-01    8.458351e-04  -8.458351e-04  9.998e-01
7.019433  2.396983e-03  1.841212e-02  1.820888e-02  1.989832e-03  1.913248e-02  2.758898e-01  1.434834e-01  1.932767e-02  1.815627e-02  1.438135e-01  2.788334e-01  1.840185e-02  2.256407e-03  1.916125e-02  1.854817e-02  1.987952e-03    1.296883e-01  1.296883e-01    8.476861e-04  -8.476861e-04  9.998e-01
7.039433  2.394418e-03  1.840454e-02  1.820291e-02  1.985364e-03  1.912235e-02  2.759490e-01  1.434737e-01  1.931801e-02  1.813679e-02  1.437927e-01  2.789026e-01  1.838390e-02  2.255811e-03  1.915209e-02  1.854046e-02  1.985237e-03    1.297425e-01  1.297425e-01    8.494548e-04  -8.494548e-04  9.998e-01
7.059433  2.391903e-03  1.839709e-02  1.819720e-02  1.980952e-03  1.911237e-02  2.760074e-01  1.434642e-01  1.930850e-02  1.811764e-02  1.437718e-01  2.789706e-01  1.836629e-02  2.255260e-03  1.914315e-02  1.853295e-02  1.982572e-03    1.297958e-01  1.297958e-01    8.511382e-04  -8.511382e-04  9.998e-01
7.079433  2.389438e-03  1.838979e-02  1.819175e-02  1.976598e-03  1.910252e-02  2.760650e-01  1.434548e-01  1.929915e-02  1.809882e-02  1.437509e-01  2.790374e-01  1.834902e-02  2.254751e-03  1.913444e-02  1.852565e-02  1.979960e-03    1.298483e-01  1.298483e-01    8.527370e-04  -8.527370e-04  9.998e-01
7.099433  2.387021e-03  1.838263e-02  1.818657e-02  1.972301e-03  1.909281e-02  2.761217e-01  1.434455e-01  1.928997e-02  1.808033e-02  1.437298e-01  2.791030e-01  1.833210e-02  2.254286e-03  1.912596e-02  1.851857e-02  1.977400e-03    1.299000e-01  1.299000e-01    8.542463e-04  -8.542463e-04  9.998e-01
7.118665  2.384740e-03  1.837588e-02  1.818182e-02  1.968225e-03  1.908362e-02  2.761755e-01  1.434366e-01  1.928129e-02  1.806287e-02  1.437096e-01  2.791649e-01  1.831616e-02  2.253878e-03  1.911801e-02  1.851195e-02  1.974988e-03    1.299490e-01  1.299490e-01    8.556142e-04  -8.556142e-04  9.998e-01
7.137198  2.382581e-03  1.836949e-02  1.817747e-02  1.964346e-03  1.907489e-02  2.762265e-01  1.434281e-01  1.927308e-02  1.804635e-02  1.436899e-01  2.792235e-01  1.830111e-02  2.253522e-03  1.911054e-02  1.850575e-02  1.972711e-03    1.299955e-01  1.299955e-01    8.568594e-04  -8.568594e-04  9.998e-01
7.157198  2.380293e-03  1.836274e-02  1.817302e-02  1.960218e-03  1.906560e-02  2.762809e-01  1.434191e-01  1.926438e-02  1.802884e-02  1.436687e-01  2.792856e-01  1.828522e-02  2.253176e-03  1.910268e-02  1.849926e-02  1.970305e-03    1.300449e-01  1.300449e-01    8.581085e-04  -8.581085e-04  9.998e-01
7.176326  2.378143e-03  1.835641e-02  1.816900e-02  1.956326e-03  1.905686e-02  2.763321e-01  1.434105e-01  1.925622e-02  1.801242e-02  1.436484e-01  2.793438e-01  1.827035e-02  2.252883e-03  1.909536e-02  1.849325e-02  1.968055e-03    1.300915e-01  1.300915e-01    8.592145e-04  -8.592145e-04  9.998e-01
7.196326  2.375934e-03  1.834993e-02  1.816504e-02  1.952314e-03  1.904787e-02  2.763848e-01  1.434016e-01  1.924785e-02  1.799558e-02  1.436270e-01  2.794035e-01  1.825517e-02  2.252615e-03  1.908790e-02  1.848715e-02  1.965756e-03    1.301395e-01  1.301395e-01    8.602774e-04  -8.602774e-04  9.998e-01
7.216326  2.373763e-03  1.834359e-02  1.816132e-02  1.948362e-03  1.903902e-02  2.764366e-01  1.433929e-01  1.923966e-02  1.797910e-02  1.436056e-01  2.794619e-01  1.824036e-02  2.252386e-03  1.908065e-02  1.848126e-02  1.963512e-03    1.301867e-01  1.301867e-01    8.612474e-04  -8.612474e-04  9.998e-01
7.236326  2.371628e-03  1.833740e-02  1.815785e-02  1.944471e-03  1.903033e-02  2.764877e-01  1.433841e-01  1.923164e-02  1.796296e-02  1.435841e-01  2.795192e-01  1.822593e-02  2.252194e-03  1.907359e-02  1.847556e-02  1.961322e-03    1.302332e-01  1.302332e-01    8.621155e-04  -8.621155e-04  9.998e-01
7.256326  2.369528e-03  1.833134e-02  1.815461e-02  1.940641e-03  1.902178e-02  2.765380e-01  1.433755e-01  1.922380e-02  1.794718e-02  1.435625e-01  2.795752e-01  1.821187e-02  2.252039e-03  1.906673e-02  1.847006e-02  1.959187e-03    1.302789e-01  1.302789e-01    8.628836e-04  -8.628836e-04  9.998e-01
7.276326  2.367460e-03  1.832543e-02  1.815161e-02  1.936872e-03  1.901339e-02  2.765874e-01  1.433670e-01  1.921613e-02  1.793174e-02  1.435409e-01  2.796301e-01  1.819820e-02  2.251921e-03  1.906006e-02  1.846475e-02  1.957107e-03    1.303239e-01  1.303239e-01    8.635512e-04  -8.635512e-04  9.998e-01
7.296326  2.365423e-03  1.831965e-02  1.814883e-02  1.933165e-03  1.900515e-02  2.766360e-01  1.433585e-01  1.920865e-02  1.791667e-02  1.435192e-01  2.796837e-01  1.818490e-02  2.251837e-03  1.905357e-02  1.845964e-02  1.955081e-03    1.303682e-01  1.303682e-01    8.641151e-04  -8.641151e-04  9.998e-01
7.316326  2.363416e-03  1.831402e-02  1.814629e-02  1.929520e-03  1.899706e-02  2.766839e-01  1.433501e-01  1.920134e-02  1.790194e-02  1.434974e-01  2.797362e-01  1.817199e-02  2.251788e-03  1.904726e-02  1.845471e-02  1.953109e-03    1.304118e-01  1.304118e-01    8.645745e-04  -8.645745e-04  9.998e-01
7.336326  2.361435e-03  1.830852e-02  1.814397e-02  1.925937e-03  1.898913e-02  2.767309e-01  1.433418e-01  1.919422e-02  1.788758e-02  1.434756e-01  2.797875e-01  1.815947e-02  2.251772e-03  1.904113e-02  1.844997e-02  1.951191e-03    1.304547e-01  1.304547e-01    8.649289e-04  -8.649289e-04  9.998e-01
7.356326  2.359481e-03  1.830316e-02  1.814187e-02  1.922418e-03  1.898135e-02  2.767771e-01  1.433335e-01  1.918727e-02  1.787356e-02  1.434537e-01  2.798376e-01  1.814734e-02  2.251789e-03  1.903518e-02  1.844541e-02  1.949326e-03    1.304969e-01  1.304969e-01    8.651768e-04  -8.651768e-04  9.998e-01
7.376326  2.357550e-03  1.829794e-02  1.813998e-02  1.918962e-03  1.897372e-02  2.768225e-01  1.433253e-01  1.918051e-02  1.785991e-02  1.434317e-01  2.798865e-01  1.813559e-02  2.251838e-03  1.902939e-02  1.844103e-02  1.947515e-03    1.305384e-01  1.305384e-01    8.653137e-04  -8.653137e-04  9.998e-01
7.394000  2.355863e-03  1.829345e-02  1.813849e-02  1.915961e-03  1.896711e-02  2.768620e-01  1.433181e-01  1.917469e-02  1.784814e-02  1.434122e-01  2.799288e-01  1.812554e-02  2.251906e-03  1.902441e-02  1.843731e-02  1.945957e-03    1.305745e-01  1.305745e-01    8.653409e-04  -8.653409e-04  9.998e-01
7.411675  2.354192e-03  1.828906e-02  1.813716e-02  1.913009e-03  1.896062e-02  2.769009e-01  1.433110e-01  1.916901e-02  1.783664e-02  1.433927e-01  2.799702e-01  1.811579e-02  2.251997e-03  1.901956e-02  1.843373e-02  1.944440e-03    1.306102e-01  1.306102e-01    8.652799e-04  -8.652799e-04  9.998e-01
7.428697  2.352597e-03  1.828493e-02  1.813603e-02  1.910215e-03  1.895449e-02  2.769378e-01  1.433041e-01  1.916368e-02  1.782584e-02  1.433739e-01  2.800092e-01  1.810669e-02  2.252107e-03  1.901501e-02  1.843041e-02  1.943017e-03    1.306440e-01  1.306440e-01    8.651370e-04  -8.651370e-04  9.998e-01
7.445719  2.351016e-03  1.828090e-02  1.813505e-02  1.907467e-03  1.894847e-02  2.769741e-01  1.432973e-01  1.915848e-02  1.781529e-02  1.433550e-01  2.800474e-01  1.809788e-02  2.252236e-03  1.901057e-02  1.842722e-02  1.941630e-03    1.306773e-01  1.306773e-01    8.649109e-04  -8.649109e-04  9.998e-01
7.465719  2.349173e-03  1.827630e-02  1.813407e-02  1.904299e-03  1.894154e-02  2.770161e-01  1.432894e-01  1.915254e-02  1.780322e-02  1.433327e-01  2.800912e-01  1.808788e-02  2.252412e-03  1.900549e-02  1.842362e-02  1.940046e-03    1.307159e-01  1.307159e-01    8.645364e-04  -8.645364e-04  9.998e-01
7.485719  2.347345e-03  1.827183e-02  1.813328e-02  1.901196e-03  1.893476e-02  2.770573e-01  1.432815e-01  1.914679e-02  1.779151e-02  1.433104e-01  2.801340e-01  1.807828e-02  2.252615e-03  1.900056e-02  1.842018e-02  1.938512e-03    1.307539e-01  1.307539e-01    8.640499e-04  -8.640499e-04  9.998e-01
7.505719  2.345531e-03  1.826749e-02  1.813267e-02  1.898158e-03  1.892815e-02  2.770977e-01  1.432737e-01  1.914122e-02  1.778015e-02  1.432880e-01  2.801756e-01  1.806907e-02  2.252842e-03  1.899577e-02  1.841691e-02  1.937025e-03    1.307912e-01  1.307912e-01    8.634366e-04  -8.634366e-04  9.998e-01
7.525719  2.343730e-03  1.826329e-02  1.813225e-02  1.895186e-03  1.892169e-02  2.771374e-01  1.432659e-01  1.913584e-02  1.776914e-02  1.432656e-01  2.802161e-01  1.806025e-02  2.253092e-03  1.899113e-02  1.841380e-02  1.935586e-03    1.308280e-01  1.308280e-01    8.627011e-04  -8.627011e-04  9.998e-01
7.545517  2.341957e-03  1.825926e-02  1.813200e-02  1.892310e-03  1.891544e-02  2.771760e-01  1.432583e-01  1.913070e-02  1.775858e-02  1.432433e-01  2.802552e-01  1.805190e-02  2.253362e-03  1.898666e-02  1.841088e-02  1.934206e-03    1.308638e-01  1.308638e-01    8.618532e-04  -8.618532e-04  9.998e-01
7.565517  2.340176e-03  1.825532e-02  1.813192e-02  1.889470e-03  1.890929e-02  2.772142e-01  1.432506e-01  1.912568e-02  1.774827e-02  1.432208e-01  2.802936e-01  1.804385e-02  2.253655e-03  1.898228e-02  1.840808e-02  1.932857e-03    1.308993e-01  1.308993e-01    8.608706e-04  -8.608706e-04  9.998e-01
7.585517  2.338404e-03  1.825152e-02  1.813200e-02  1.886696e-03  1.890330e-02  2.772517e-01  1.432429e-01  1.912085e-02  1.773830e-02  1.431982e-01  2.803309e-01  1.803619e-02  2.253969e-03  1.897803e-02  1.840542e-02  1.931552e-03    1.309343e-01  1.309343e-01    8.597614e-04  -8.597614e-04  9.998e-01
7.605517  2.336638e-03  1.824784e-02  1.813225e-02  1.883989e-03  1.889746e-02  2.772884e-01  1.432353e-01  1.911621e-02  1.772867e-02  1.431756e-01  2.803672e-01  1.802892e-02  2.254301e-03  1.897391e-02  1.840292e-02  1.930290e-03    1.309687e-01  1.309687e-01    8.585252e-04  -8.585252e-04  9.998e-01
7.625517  2.334879e-03  1.824429e-02  1.813265e-02  1.881349e-03  1.889178e-02  2.773245e-01  1.432277e-01  1.911175e-02  1.771939e-02  1.431530e-01  2.804025e-01  1.802202e-02  2.254650e-03  1.896991e-02  1.840056e-02  1.929069e-03    1.310026e-01  1.310026e-01    8.571592e-04  -8.571592e-04  9.998e-01
7.645517  2.333125e-03  1.824087e-02  1.813319e-02  1.878776e-03  1.888625e-02  2.773598e-01  1.432202e-01  1.910747e-02  1.771045e-02  1.431303e-01  2.804368e-01  1.801551e-02  2.255016e-03  1.896602e-02  1.839835e-02  1.927888e-03    1.310359e-01  1.310359e-01    8.556616e-04  -8.556616e-04  9.998e-01
7.664828  2.331434e-03  1.823769e-02  1.813386e-02  1.876354e-03  1.888106e-02  2.773933e-01  1.432129e-01  1.910351e-02  1.770213e-02  1.431083e-01  2.804690e-01  1.800958e-02  2.255383e-03  1.896238e-02  1.839634e-02  1.926786e-03    1.310675e-01  1.310675e-01    8.540896e-04  -8.540896e-04  9.998e-01
7.684828  2.329687e-03  1.823452e-02  1.813468e-02  1.873912e-03  1.887584e-02  2.774273e-01  1.432054e-01  1.909959e-02  1.769384e-02  1.430855e-01  2.805013e-01  1.800380e-02  2.255776e-03  1.895872e-02  1.839439e-02  1.925681e-03    1.310998e-01  1.310998e-01    8.523290e-04  -8.523290e-04  9.998e-01
7.704828  2.327941e-03  1.823148e-02  1.813564e-02  1.871537e-03  1.887077e-02  2.774605e-01  1.431980e-01  1.909586e-02  1.768589e-02  1.430627e-01  2.805327e-01  1.799840e-02  2.256183e-03  1.895517e-02  1.839257e-02  1.924613e-03    1.311315e-01  1.311315e-01    8.504339e-04  -8.504339e-04  9.998e-01
7.724828  2.326197e-03  1.822856e-02  1.813673e-02  1.869228e-03  1.886586e-02  2.774932e-01  1.431905e-01  1.909229e-02  1.767826e-02  1.430399e-01  2.805631e-01  1.799336e-02  2.256600e-03  1.895172e-02  1.839088e-02  1.923581e-03    1.311628e-01  1.311628e-01    8.484022e-04  -8.484022e-04  9.998e-01
7.744493  2.324482e-03  1.822581e-02  1.813791e-02  1.867023e-03  1.886118e-02  2.775246e-01  1.431833e-01  1.908897e-02  1.767108e-02  1.430174e-01  2.805921e-01  1.798876e-02  2.257020e-03  1.894843e-02  1.838935e-02  1.922599e-03    1.311930e-01  1.311930e-01    8.462703e-04  -8.462703e-04  9.998e-01
7.764493  2.322737e-03  1.822313e-02  1.813924e-02  1.864847e-03  1.885656e-02  2.775559e-01  1.431758e-01  1.908576e-02  1.766409e-02  1.429946e-01  2.806207e-01  1.798444e-02  2.257456e-03  1.894518e-02  1.838790e-02  1.921633e-03    1.312233e-01  1.312233e-01    8.439633e-04  -8.439633e-04  9.998e-01
7.784493  2.320991e-03  1.822057e-02  1.814067e-02  1.862737e-03  1.885210e-02  2.775865e-01  1.431685e-01  1.908273e-02  1.765742e-02  1.429717e-01  2.806484e-01  1.798048e-02  2.257899e-03  1.894203e-02  1.838658e-02  1.920699e-03    1.312531e-01  1.312531e-01    8.415159e-04  -8.415159e-04  9.998e-01
7.804493  2.319243e-03  1.821813e-02  1.814222e-02  1.860692e-03  1.884779e-02  2.776165e-01  1.431611e-01  1.907987e-02  1.765106e-02  1.429488e-01  2.806753e-01  1.797687e-02  2.258349e-03  1.893897e-02  1.838537e-02  1.919794e-03    1.312824e-01  1.312824e-01    8.389270e-04  -8.389270e-04  9.998e-01
7.824493  2.317492e-03  1.821581e-02  1.814386e-02  1.858713e-03  1.884363e-02  2.776459e-01  1.431537e-01  1.907718e-02  1.764501e-02  1.429259e-01  2.807012e-01  1.797360e-02  2.258804e-03  1.893600e-02  1.838428e-02  1.918919e-03    1.313113e-01  1.313113e-01    8.361987e-04  -8.361987e-04  9.998e-01
7.844493  2.315738e-03  1.821361e-02  1.814560e-02  1.856799e-03  1.883962e-02  2.776746e-01  1.431463e-01  1.907466e-02  1.763927e-02  1.429030e-01  2.807263e-01  1.797068e-02  2.259262e-03  1.893311e-02  1.838330e-02  1.918072e-03    1.313397e-01  1.313397e-01    8.333235e-04  -8.333235e-04  9.998e-01
7.864493  2.313981e-03  1.821152e-02  1.814743e-02  1.854951e-03  1.883575e-02  2.777027e-01  1.431390e-01  1.907231e-02  1.763383e-02  1.428801e-01  2.807506e-01  1.796809e-02  2.259723e-03  1.893031e-02  1.838242e-02  1.917250e-03    1.313677e-01  1.313677e-01    8.303038e-04  -8.303038e-04  9.998e-01
7.884024  2.312261e-03  1.820958e-02  1.814931e-02  1.853208e-03  1.883212e-02  2.777296e-01  1.431318e-01  1.907017e-02  1.762880e-02  1.428577e-01  2.807736e-01  1.796589e-02  2.260174e-03  1.892765e-02  1.838166e-02  1.916472e-03    1.313946e-01  1.313946e-01    8.272151e-04  -8.272151e-04  9.998e-01
7.904024  2.310495e-03  1.820772e-02  1.815130e-02  1.851486e-03  1.882854e-02  2.777566e-01  1.431244e-01  1.906815e-02  1.762393e-02  1.428348e-01  2.807963e-01  1.796395e-02  2.260637e-03  1.892500e-02  1.838099e-02  1.915699e-03    1.314218e-01  1.314218e-01    8.239078e-04  -8.239078e-04  9.998e-01
7.924024  2.308724e-03  1.820596e-02  1.815338e-02  1.849828e-03  1.882510e-02  2.777829e-01  1.431170e-01  1.906629e-02  1.761936e-02  1.428120e-01  2.808182e-01  1.796234e-02  2.261098e-03  1.892243e-02  1.838041e-02  1.914949e-03    1.314485e-01  1.314485e-01    8.204543e-04  -8.204543e-04  9.998e-01
7.944024  2.306948e-03  1.820431e-02  1.815552e-02  1.848233e-03  1.882181e-02  2.778087e-01  1.431096e-01  1.906458e-02  1.761506e-02  1.427891e-01  2.808394e-01  1.796104e-02  2.261558e-03  1.891993e-02  1.837993e-02  1.914220e-03    1.314749e-01  1.314749e-01    8.168544e-04  -8.168544e-04  9.998e-01
7.964024  2.305167e-03  1.820277e-02  1.815773e-02  1.846701e-03  1.881865e-02  2.778339e-01  1.431022e-01  1.906303e-02  1.761105e-02  1.427663e-01  2.808599e-01  1.796005e-02  2.262014e-03  1.891749e-02  1.837953e-02  1.913511e-03    1.315009e-01  1.315009e-01    8.131061e-04  -8.131061e-04  9.998e-01
7.984024  2.303379e-03  1.820133e-02  1.816000e-02  1.845230e-03  1.881564e-02  2.778586e-01  1.430948e-01  1.906164e-02  1.760730e-02  1.427435e-01  2.808796e-01  1.795936e-02  2.262466e-03  1.891512e-02  1.837923e-02  1.912820e-03    1.315265e-01  1.315265e-01    8.092101e-04  -8.092101e-04  9.998e-01
8.004024  2.301586e-03  1.820000e-02  1.816233e-02  1.843821e-03  1.881276e-02  2.778827e-01  1.430874e-01  1.906039e-02  1.760382e-02  1.427207e-01  2.808986e-01  1.795897e-02  2.262912e-03  1.891282e-02  1.837901e-02  1.912148e-03    1.315517e-01  1.315517e-01    8.051664e-04  -8.051664e-04  9.998e-01
8.024024  2.299787e-03  1.819877e-02  1.816471e-02  1.842472e-03  1.881002e-02  2.779063e-01  1.430799e-01  1.905929e-02  1.760061e-02  1.426980e-01  2.809170e-01  1.795887e-02  2.263352e-03  1.891058e-02  1.837887e-02  1.911491e-03    1.315766e-01  1.315766e-01    8.009735e-04  -8.009735e-04  9.998e-01
8.044024  2.297982e-03  1.819764e-02  1.816714e-02  1.841182e-03  1.880741e-02  2.779294e-01  1.430724e-01  1.905834e-02  1.759765e-02  1.426753e-01  2.809347e-01  1.795905e-02  2.263785e-03  1.890839e-02  1.837881e-02  1.910850e-03    1.316012e-01  1.316012e-01    7.966333e-04  -7.966333e-04  9.998e-01
8.064024  2.296171e-03  1.819661e-02  1.816961e-02  1.839952e-03  1.880493e-02  2.779519e-01  1.430649e-01  1.905753e-02  1.759494e-02  1.426526e-01  2.809518e-01  1.795951e-02  2.264209e-03  1.890626e-02  1.837882e-02  1.910223e-03    1.316254e-01  1.316254e-01    7.921439e-04  -7.921439e-04  9.998e-01
8.084024  2.294353e-03  1.819567e-02  1.817212e-02  1.838780e-03  1.880258e-02  2.779740e-01  1.430574e-01  1.905686e-02  1.759247e-02  1.426300e-01  2.809682e-01  1.796025e-02  2.264624e-03  1.890418e-02  1.837891e-02  1.909609e-03    1.316493e-01  1.316493e-01    7.875056e-04  -7.875056e-04  9.998e-01
8.104024  2.292530e-03  1.819484e-02  1.817466e-02  1.837666e-03  1.880036e-02  2.779956e-01  1.430498e-01  1.905632e-02  1.759025e-02  1.426075e-01  2.809841e-01  1.796124e-02  2.265028e-03  1.890215e-02  1.837907e-02  1.909007e-03    1.316729e-01  1.316729e-01    7.827202e-04  -7.827202e-04  9.998e-01
8.123388  2.290758e-03  1.819411e-02  1.817715e-02  1.836640e-03  1.879832e-02  2.780160e-01  1.430424e-01  1.905592e-02  1.758831e-02  1.425857e-01  2.809988e-01  1.796245e-02  2.265408e-03  1.890023e-02  1.837928e-02  1.908435e-03    1.316954e-01  1.316954e-01    7.779458e-04  -7.779458e-04  9.998e-01
8.143388  2.288923e-03  1.819345e-02  1.817974e-02  1.835636e-03  1.879635e-02  2.780367e-01  1.430347e-01  1.905564e-02  1.758654e-02  1.425633e-01  2.810136e-01  1.796394e-02  2.265789e-03  1.889829e-02  1.837956e-02  1.907853e-03    1.317184e-01  1.317184e-01    7.728695e-04  -7.728695e-04  9.998e-01
8.161782  2.287230e-03  1.819293e-02  1.818215e-02  1.834761e-03  1.879463e-02  2.780552e-01  1.430276e-01  1.905549e-02  1.758511e-02  1.425428e-01  2.810266e-01  1.796553e-02  2.266128e-03  1.889654e-02  1.837988e-02  1.907325e-03    1.317393e-01  1.317393e-01    7.680721e-04  -7.680721e-04  9.998e-01
8.181782  2.285383e-03  1.819244e-02  1.818478e-02  1.833861e-03  1.879289e-02  2.780750e-01  1.430199e-01  1.905544e-02  1.758376e-02  1.425205e-01  2.810403e-01  1.796748e-02  2.266483e-03  1.889468e-02  1.838028e-02  1.906759e-03    1.317618e-01  1.317618e-01    7.627156e-04  -7.627156e-04  9.998e-01
8.201782  2.283531e-03  1.819204e-02  1.818742e-02  1.833015e-03  1.879125e-02  2.780944e-01  1.430121e-01  1.905551e-02  1.758263e-02  1.424983e-01  2.810535e-01  1.796967e-02  2.266823e-03  1.889285e-02  1.838073e-02  1.906200e-03    1.317840e-01  1.317840e-01    7.572142e-04  -7.572142e-04  9.998e-01
8.221782  2.281674e-03  1.819172e-02  1.819007e-02  1.832220e-03  1.878974e-02  2.781133e-01  1.430042e-01  1.905569e-02  1.758170e-02  1.424763e-01  2.810663e-01  1.797207e-02  2.267148e-03  1.889107e-02  1.838123e-02  1.905647e-03    1.318059e-01  1.318059e-01    7.515688e-04  -7.515688e-04  9.998e-01
8.241782  2.279812e-03  1.819149e-02  1.819273e-02  1.831477e-03  1.878833e-02  2.781318e-01  1.429963e-01  1.905598e-02  1.758097e-02  1.424543e-01  2.810785e-01  1.797468e-02  2.267456e-03  1.888931e-02  1.838178e-02  1.905098e-03    1.318276e-01  1.318276e-01    7.457803e-04  -7.457803e-04  9.998e-01
8.261782  2.277945e-03  1.819133e-02  1.819539e-02  1.830783e-03  1.878703e-02  2.781500e-01  1.429883e-01  1.905637e-02  1.758043e-02  1.424324e-01  2.810903e-01  1.797751e-02  2.267748e-03  1.888758e-02  1.838238e-02  1.904553e-03    1.318491e-01  1.318491e-01    7.398504e-04  -7.398504e-04  9.998e-01
8.281782  2.276074e-03  1.819125e-02  1.819805e-02  1.830139e-03  1.878584e-02  2.781677e-01  1.429803e-01  1.905687e-02  1.758008e-02  1.424106e-01  2.811017e-01  1.798053e-02  2.268021e-03  1.888589e-02  1.838303e-02  1.904011e-03    1.318703e-01  1.318703e-01    7.337801e-04  -7.337801e-04  9.998e-01
8.301782  2.274199e-03  1.819125e-02  1.820070e-02  1.829542e-03  1.878475e-02  2.781851e-01  1.429721e-01  1.905746e-02  1.757992e-02  1.423889e-01  2.811127e-01  1.798374e-02  2.268276e-03  1.888422e-02  1.838371e-02  1.903472e-03    1.318913e-01  1.318913e-01    7.275708e-04  -7.275708e-04  9.998e-01
8.341782  2.270454e-03  1.819146e-02  1.820597e-02  1.828502e-03  1.878287e-02  2.782187e-01  1.429557e-01  1.905891e-02  1.758011e-02  1.423459e-01  2.811334e-01  1.799070e-02  2.268728e-03  1.888095e-02  1.838519e-02  1.902397e-03    1.319327e-01  1.319327e-01    7.147413e-04  -7.147413e-04  9.998e-01
8.381782  2.266703e-03  1.819194e-02  1.821117e-02  1.827640e-03  1.878137e-02  2.782510e-01  1.429390e-01  1.906070e-02  1.758097e-02  1.423034e-01  2.811528e-01  1.799834e-02  2.269103e-03  1.887775e-02  1.838679e-02  1.901323e-03    1.319733e-01  1.319733e-01    7.013754e-04  -7.013754e-04  9.998e-01
8.421782  2.262952e-03  1.819269e-02  1.821628e-02  1.826948e-03  1.878021e-02  2.782821e-01  1.429219e-01  1.906280e-02  1.758243e-02  1.422614e-01  2.811710e-01  1.800657e-02  2.269398e-03  1.887462e-02  1.838849e-02  1.900245e-03    1.320132e-01  1.320132e-01    6.874886e-04  -6.874886e-04  9.998e-01
8.461782  2.259204e-03  1.819367e-02  1.822127e-02  1.826414e-03  1.877939e-02  2.783120e-01  1.429045e-01  1.906516e-02  1.758446e-02  1.422200e-01  2.811880e-01  1.801535e-02  2.269612e-03  1.887152e-02  1.839028e-02  1.899159e-03    1.320525e-01  1.320525e-01    6.730983e-04  -6.730983e-04  9.998e-01
8.501782  2.255464e-03  1.819488e-02  1.822611e-02  1.826028e-03  1.877887e-02  2.783409e-01  1.428867e-01  1.906776e-02  1.758700e-02  1.421793e-01  2.812040e-01  1.802461e-02  2.269743e-03  1.886845e-02  1.839213e-02  1.898061e-03    1.320912e-01  1.320912e-01    6.582241e-04  -6.582241e-04  9.998e-01
8.541782  2.251737e-03  1.819629e-02  1.823080e-02  1.825781e-03  1.877863e-02  2.783688e-01  1.428685e-01  1.907055e-02  1.759000e-02  1.421392e-01  2.812193e-01  1.803428e-02  2.269789e-03  1.886540e-02  1.839402e-02  1.896948e-03    1.321293e-01  1.321293e-01    6.428883e-04  -6.428883e-04  9.998e-01
8.581782  2.248027e-03  1.819789e-02  1.823530e-02  1.825659e-03  1.877864e-02  2.783958e-01  1.428500e-01  1.907350e-02  1.759342e-02  1.420998e-01  2.812339e-01  1.804431e-02  2.269748e-03  1.886233e-02  1.839592e-02  1.895818e-03    1.321670e-01  1.321670e-01    6.271153e-04  -6.271153e-04  9.998e-01
8.621782  2.244340e-03  1.819966e-02  1.823959e-02  1.825654e-03  1.877888e-02  2.784221e-01  1.428310e-01  1.907658e-02  1.759721e-02  1.420611e-01  2.812479e-01  1.805463e-02  2.269621e-03  1.885925e-02  1.839783e-02  1.894667e-03    1.322043e-01  1.322043e-01    6.109264e-04  -6.109264e-04  9.998e-01
8.661782  2.240682e-03  1.820159e-02  1.824367e-02  1.825754e-03  1.877932e-02  2.784477e-01  1.428115e-01  1.907975e-02  1.760133e-02  1.420233e-01  2.812615e-01  1.806518e-02  2.269405e-03  1.885614e-02  1.839971e-02  1.893494e-03    1.322412e-01  1.322412e-01    5.943519e-04  -5.943519e-04  9.998e-01
8.701782  2.237054e-03  1.820366e-02  1.824752e-02  1.825946e-03  1.877993e-02  2.784727e-01  1.427916e-01  1.908298e-02  1.760573e-02  1.419863e-01  2.812748e-01  1.807590e-02  2.269099e-03  1.885299e-02  1.840156e-02  1.892295e-03    1.322777e-01  1.322777e-01    5.774212e-04  -5.774212e-04  9.998e-01
8.741782  2.233464e-03  1.820585e-02  1.825113e-02  1.826221e-03  1.878070e-02  2.784971e-01  1.427713e-01  1.908623e-02  1.761038e-02  1.419501e-01  2.812879e-01  1.808675e-02  2.268702e-03  1.884979e-02  1.840335e-02  1.891070e-03    1.323141e-01  1.323141e-01    5.601615e-04  -5.601615e-04  9.998e-01
8.781782  2.229914e-03  1.820814e-02  1.825448e-02  1.826568e-03  1.878158e-02  2.785212e-01  1.427504e-01  1.908947e-02  1.761524e-02  1.419147e-01  2.813010e-01  1.809766e-02  2.268213e-03  1.884653e-02  1.840508e-02  1.889814e-03    1.323501e-01  1.323501e-01    5.426050e-04  -5.426050e-04  9.998e-01
8.821782  2.226407e-03  1.821052e-02  1.825757e-02  1.826975e-03  1.878257e-02  2.785449e-01  1.427291e-01  1.909267e-02  1.762026e-02  1.418803e-01  2.813140e-01  1.810858e-02  2.267632e-03  1.884320e-02  1.840673e-02  1.888527e-03    1.323860e-01  1.323860e-01    5.247861e-04  -5.247861e-04  9.998e-01
8.861782  2.222947e-03  1.821298e-02  1.826038e-02  1.827431e-03  1.878362e-02  2.785684e-01  1.427072e-01  1.909580e-02  1.762542e-02  1.418468e-01  2.813273e-01  1.811946e-02  2.266957e-03  1.883980e-02  1.840828e-02  1.887206e-03    1.324218e-01  1.324218e-01    5.067394e-04  -5.067394e-04  9.998e-01
8.901782  2.219536e-03  1.821550e-02  1.826292e-02  1.827928e-03  1.878473e-02  2.785917e-01  1.426849e-01  1.909882e-02  1.763069e-02  1.418143e-01  2.813407e-01  1.813026e-02  2.266188e-03  1.883633e-02  1.840972e-02  1.885850e-03    1.324574e-01  1.324574e-01    4.884968e-04  -4.884968e-04  9.998e-01
8.941782  2.216177e-03  1.821807e-02  1.826518e-02  1.828453e-03  1.878586e-02  2.786148e-01  1.426620e-01  1.910171e-02  1.763603e-02  1.417827e-01  2.813545e-01  1.814094e-02  2.265326e-03  1.883278e-02  1.841105e-02  1.884455e-03    1.324930e-01  1.324930e-01    4.700958e-04  -4.700958e-04  9.998e-01
8.981782  2.212871e-03  1.822066e-02  1.826716e-02  1.828999e-03  1.878699e-02  2.786379e-01  1.426386e-01  1.910443e-02  1.764141e-02  1.417521e-01  2.813686e-01  1.815144e-02  2.264369e-03  1.882915e-02  1.841225e-02  1.883021e-03    1.325285e-01  1.325285e-01    4.515735e-04  -4.515735e-04  9.998e-01
9.021782  2.209622e-03  1.822328e-02  1.826885e-02  1.829556e-03  1.878811e-02  2.786611e-01  1.426147e-01  1.910697e-02  1.764682e-02  1.417224e-01  2.813833e-01  1.816173e-02  2.263319e-03  1.882543e-02  1.841331e-02  1.881545e-03    1.325640e-01  1.325640e-01    4.329657e-04  -4.329657e-04  9.998e-01
9.061782  2.206429e-03  1.822591e-02  1.827025e-02  1.830115e-03  1.878918e-02  2.786843e-01  1.425902e-01  1.910929e-02  1.765222e-02  1.416938e-01  2.813984e-01  1.817177e-02  2.262176e-03  1.882163e-02  1.841422e-02  1.880026e-03    1.325995e-01  1.325995e-01    4.143090e-04  -4.143090e-04  9.998e-01
9.101782  2.203295e-03  1.822853e-02  1.827137e-02  1.830667e-03  1.879019e-02  2.787077e-01  1.425652e-01  1.911137e-02  1.765759e-02  1.416662e-01  2.814142e-01  1.818153e-02  2.260940e-03  1.881775e-02  1.841498e-02  1.878462e-03    1.326350e-01  1.326350e-01    3.956447e-04  -3.956447e-04  9.998e-01
9.141782  2.200219e-03  1.823113e-02  1.827221e-02  1.831204e-03  1.879112e-02  2.787313e-01  1.425397e-01  1.911319e-02  1.766291e-02  1.416396e-01  2.814306e-01  1.819097e-02  2.259613e-03  1.881379e-02  1.841558e-02  1.876851e-03    1.326705e-01  1.326705e-01    3.770095e-04  -3.770095e-04  9.998e-01
9.181782  2.197204e-03  1.823370e-02  1.827277e-02  1.831719e-03  1.879195e-02  2.787551e-01  1.425137e-01  1.911473e-02  1.766817e-02  1.416140e-01  2.814478e-01  1.820007e-02  2.258196e-03  1.880975e-02  1.841601e-02  1.875193e-03    1.327062e-01  1.327062e-01    3.584418e-04  -3.584418e-04  9.998e-01
9.221782  2.194249e-03  1.823624e-02  1.827305e-02  1.832205e-03  1.879265e-02  2.787792e-01  1.424872e-01  1.911596e-02  1.767335e-02  1.415894e-01  2.814656e-01  1.820880e-02  2.256690e-03  1.880563e-02  1.841627e-02  1.873486e-03    1.327418e-01  1.327418e-01    3.399782e-04  -3.399782e-04  9.998e-01
9.261782  2.191355e-03  1.823873e-02  1.827306e-02  1.832656e-03  1.879322e-02  2.788037e-01  1.424601e-01  1.911687e-02  1.767843e-02  1.415658e-01  2.814843e-01  1.821714e-02  2.255098e-03  1.880145e-02  1.841636e-02  1.871729e-03    1.327776e-01  1.327776e-01    3.216579e-04  -3.216579e-04  9.998e-01
9.301782  2.188522e-03  1.824116e-02  1.827281e-02  1.833064e-03  1.879364e-02  2.788285e-01  1.424326e-01  1.911745e-02  1.768340e-02  1.415432e-01  2.815038e-01  1.822506e-02  2.253421e-03  1.879719e-02  1.841626e-02  1.869921e-03    1.328135e-01  1.328135e-01    3.035173e-04  -3.035173e-04  9.998e-01
9.341782  2.185750e-03  1.824353e-02  1.827229e-02  1.833425e-03  1.879388e-02  2.788538e-01  1.424046e-01  1.911766e-02  1.768824e-02  1.415216e-01  2.815242e-01  1.823255e-02  2.251663e-03  1.879287e-02  1.841598e-02  1.868062e-03    1.328495e-01  1.328495e-01    2.855939e-04  -2.855939e-04  9.998e-01
9.381782  2.183039e-03  1.824582e-02  1.827153e-02  1.833733e-03  1.879394e-02  2.788795e-01  1.423760e-01  1.911751e-02  1.769295e-02  1.415010e-01  2.815454e-01  1.823958e-02  2.249825e-03  1.878849e-02  1.841552e-02  1.866152e-03    1.328856e-01  1.328856e-01    2.679241e-04  -2.679241e-04  9.998e-01
9.421782  2.180388e-03  1.824804e-02  1.827052e-02  1.833983e-03  1.879381e-02  2.789057e-01  1.423471e-01  1.911698e-02  1.769752e-02  1.414813e-01  2.815675e-01  1.824616e-02  2.247912e-03  1.878407e-02  1.841486e-02  1.864189e-03    1.329218e-01  1.329218e-01    2.505429e-04  -2.505429e-04  9.998e-01
9.461782  2.177797e-03  1.825017e-02  1.826927e-02  1.834171e-03  1.879347e-02  2.789324e-01  1.423177e-01  1.911606e-02  1.770194e-02  1.414626e-01  2.815905e-01  1.825226e-02  2.245924e-03  1.877959e-02  1.841402e-02  1.862175e-03    1.329581e-01  1.329581e-01    2.334858e-04  -2.334858e-04  9.998e-01
9.501782  2.175266e-03  1.825220e-02  1.826779e-02  1.834294e-03  1.879291e-02  2.789596e-01  1.422878e-01  1.911474e-02  1.770621e-02  1.414448e-01  2.816144e-01  1.825787e-02  2.243868e-03  1.877508e-02  1.841299e-02  1.860109e-03    1.329945e-01  1.329945e-01    2.167841e-04  -2.167841e-04  9.998e-01
9.541782  2.172795e-03  1.825414e-02  1.826610e-02  1.834348e-03  1.879212e-02  2.789874e-01  1.422576e-01  1.911301e-02  1.771031e-02  1.414278e-01  2.816393e-01  1.826300e-02  2.241745e-03  1.877054e-02  1.841178e-02  1.857993e-03    1.330311e-01  1.330311e-01    2.004742e-04  -2.004742e-04  9.998e-01
9.581782  2.170382e-03  1.825598e-02  1.826419e-02  1.834330e-03  1.879109e-02  2.790158e-01  1.422269e-01  1.911087e-02  1.771425e-02  1.414118e-01  2.816651e-01  1.826764e-02  2.239559e-03  1.876597e-02  1.841037e-02  1.855825e-03    1.330677e-01  1.330677e-01    1.845879e-04  -1.845879e-04  9.998e-01
9.621782  2.168027e-03  1.825771e-02  1.826208e-02  1.834238e-03  1.878982e-02  2.790447e-01  1.421959e-01  1.910831e-02  1.771803e-02  1.413966e-01  2.816917e-01  1.827178e-02  2.237316e-03  1.876139e-02  1.840877e-02  1.853609e-03    1.331045e-01  1.331045e-01    1.691535e-04  -1.691535e-04  9.998e-01
9.661782  2.165729e-03  1.825934e-02  1.825978e-02  1.834070e-03  1.878829e-02  2.790741e-01  1.421646e-01  1.910532e-02  1.772163e-02  1.413823e-01  2.817193e-01  1.827542e-02  2.235018e-03  1.875680e-02  1.840699e-02  1.851344e-03    1.331413e-01  1.331413e-01    1.542008e-04  -1.542008e-04  9.998e-01
9.701782  2.163488e-03  1.826085e-02  1.825730e-02  1.833824e-03  1.878651e-02  2.791042e-01  1.421329e-01  1.910192e-02  1.772507e-02  1.413687e-01  2.817478e-01  1.827858e-02  2.232670e-03  1.875220e-02  1.840503e-02  1.849032e-03    1.331783e-01  1.331783e-01    1.397585e-04  -1.397585e-04  9.998e-01
9.741782  2.161303e-03  1.826224e-02  1.825465e-02  1.833499e-03  1.878448e-02  2.791348e-01  1.421009e-01  1.909810e-02  1.772833e-02  1.413559e-01  2.817771e-01  1.828124e-02  2.230277e-03  1.874762e-02  1.840288e-02  1.846674e-03    1.332153e-01  1.332153e-01    1.258501e-04  -1.258501e-04  9.998e-01
9.781782  2.159172e-03  1.826352e-02  1.825184e-02  1.833093e-03  1.878217e-02  2.791660e-01  1.420686e-01  1.909385e-02  1.773144e-02  1.413439e-01  2.818073e-01  1.828343e-02  2.227843e-03  1.874305e-02  1.840055e-02  1.844272e-03    1.332524e-01  1.332524e-01    1.125060e-04  -1.125060e-04  9.998e-01
9.821782  2.157094e-03  1.826469e-02  1.824887e-02  1.832607e-03  1.877961e-02  2.791978e-01  1.420361e-01  1.908919e-02  1.773437e-02  1.413325e-01  2.818383e-01  1.828514e-02  2.225372e-03  1.873850e-02  1.839805e-02  1.841828e-03    1.332896e-01  1.332896e-01    9.974127e-05  -9.974127e-05  9.998e-01
9.861782  2.155070e-03  1.826573e-02  1.824577e-02  1.832041e-03  1.877677e-02  2.792301e-01  1.420033e-01  1.908412e-02  1.773714e-02  1.413218e-01  2.818701e-01  1.828638e-02  2.222869e-03  1.873398e-02  1.839537e-02  1.839343e-03    1.333268e-01  1.333268e-01    8.758797e-05  -8.758797e-05  9.998e-01
9.901782  2.153097e-03  1.826666e-02  1.824253e-02  1.831394e-03  1.877368e-02  2.792630e-01  1.419704e-01  1.907864e-02  1.773976e-02  1.413117e-01  2.819027e-01  1.828718e-02  2.220339e-03  1.872949e-02  1.839253e-02  1.836821e-03    1.333640e-01  1.333640e-01    7.605377e-05  -7.605377e-05  9.998e-01
9.941782  2.151174e-03  1.826747e-02  1.823918e-02  1.830667e-03  1.877032e-02  2.792965e-01  1.419373e-01  1.907276e-02  1.774222e-02  1.413023e-01  2.819360e-01  1.828753e-02  2.217786e-03  1.872506e-02  1.838952e-02  1.834262e-03    1.334012e-01  1.334012e-01    6.516360e-05  -6.516360e-05  9.998e-01
9.981782  2.149302e-03  1.826816e-02  1.823572e-02  1.829861e-03  1.876670e-02  2.793304e-01  1.419041e-01  1.906649e-02  1.774453e-02  1.412933e-01  2.819701e-01  1.828745e-02  2.215215e-03  1.872068e-02  1.838635e-02  1.831670e-03    1.334384e-01  1.334384e-01    5.493062e-05  -5.493062e-05  9.998e-01
10.021782  2.147477e-03  1.826874e-02  1.823215e-02  1.828977e-03  1.876283e-02  2.793649e-01  1.418707e-01  1.905983e-02  1.774669e-02  1.412849e-01  2.820048e-01  1.828697e-02  2.212631e-03  1.871635e-02  1.838302e-02  1.829047e-03    1.334756e-01  1.334756e-01    4.536762e-05  -4.536762e-05  9.998e-01
10.061782  2.145700e-03  1.826920e-02  1.822850e-02  1.828016e-03  1.875870e-02  2.793998e-01  1.418373e-01  1.905281e-02  1.774872e-02  1.412770e-01  2.820401e-01  1.828609e-02  2.210038e-03  1.871209e-02  1.837955e-02  1.826396e-03    1.335128e-01  1.335128e-01    3.648944e-05  -3.648944e-05  9.998e-01
10.101782  2.143970e-03  1.826956e-02  1.822477e-02  1.826979e-03  1.875434e-02  2.794352e-01  1.418038e-01  1.904542e-02  1.775061e-02  1.412695e-01  2.820761e-01  1.828483e-02  2.207440e-03  1.870791e-02  1.837593e-02  1.823720e-03    1.335499e-01  1.335499e-01    2.830795e-05  -2.830795e-05  9.998e-01
10.141782  2.142285e-03  1.826980e-02  1.822097e-02  1.825870e-03  1.874973e-02  2.794710e-01  1.417703e-01  1.903769e-02  1.775238e-02  1.412624e-01  2.821126e-01  1.828321e-02  2.204843e-03  1.870381e-02  1.837217e-02  1.821020e-03    1.335869e-01  1.335869e-01    2.083260e-05  -2.083260e-05  9.998e-01
10.181782  2.140644e-03  1.826994e-02  1.821711e-02  1.824690e-03  1.874489e-02  2.795072e-01  1.417368e-01  1.902962e-02  1.775402e-02  1.412556e-01  2.821496e-01  1.828124e-02  2.202250e-03  1.869979e-02  1.836828e-02  1.818301e-03    1.336238e-01  1.336238e-01    1.406717e-05  -1.406717e-05  9.999e-01
10.221782  2.139047e-03  1.826997e-02  1.821319e-02  1.823441e-03  1.873983e-02  2.795438e-01  1.417033e-01  1.902123e-02  1.775555e-02  1.412492e-01  2.821871e-01  1.827896e-02  2.199665e-03  1.869586e-02  1.836426e-02  1.815565e-03    1.336606e-01  1.336606e-01    8.019170e-06  -8.019170e-06  9.999e-01
10.261782  2.137492e-03  1.826990e-02  1.820924e-02  1.822126e-03  1.873456e-02  2.795808e-01  1.416699e-01  1.901254e-02  1.775698e-02  1.412430e-01  2.822250e-01  1.827637e-02  2.197093e-03  1.869203e-02  1.836011e-02  1.812814e-03    1.336973e-01  1.336973e-01    2.692561e-06  -2.692561e-06  9.999e-01
10.301782  2.135979e-03  1.826973e-02  1.820524e-02  1.820748e-03  1.872909e-02  2.796180e-01  1.416366e-01  1.900355e-02  1.775830e-02  1.412371e-01  2.822634e-01  1.827350e-02  2.194538e-03  1.868830e-02  1.835586e-02  1.810053e-03    1.337338e-01  1.337338e-01    -1.915410e-06  1.915410e-06  9.999e-01
10.341782  2.134506e-03  1.826947e-02  1.820123e-02  1.819310e-03  1.872342e-02  2.796556e-01  1.416035e-01  1.899429e-02  1.775953e-02  1.412314e-01  2.823020e-01  1.827037e-02  2.192003e-03  1.868468e-02  1.835149e-02  1.807283e-03    1.337702e-01  1.337702e-01    -5.802042e-06  5.802042e-06  9.999e-01
10.381782  2.133074e-03  1.826911e-02  1.819719e-02  1.817815e-03  1.871757e-02  2.796934e-01  1.415704e-01  1.898478e-02  1.776067e-02  1.412258e-01  2.823410e-01  1.826700e-02  2.189492e-03  1.868116e-02  1.834702e-02  1.804507e-03    1.338063e-01  1.338063e-01    -8.971538e-06  8.971538e-06  9.999e-01
10.421782  2.131680e-03  1.826867e-02  1.819315e-02  1.816266e-03  1.871156e-02  2.797314e-01  1.415376e-01  1.897503e-02  1.776174e-02  1.412203e-01  2.823802e-01  1.826342e-02  2.187008e-03  1.867776e-02  1.834245e-02  1.801730e-03    1.338423e-01  1.338423e-01    -1.142703e-05  1.142703e-05  9.999e-01
10.461782  2.130325e-03  1.826814e-02  1.818910e-02  1.814668e-03  1.870538e-02  2.797696e-01  1.415050e-01  1.896505e-02  1.776273e-02  1.412150e-01  2.824196e-01  1.825963e-02  2.184555e-03  1.867448e-02  1.833779e-02  1.798952e-03    1.338779e-01  1.338779e-01    -1.317581e-05  1.317581e-05  9.999e-01
10.501782  2.129007e-03  1.826754e-02  1.818506e-02  1.813023e-03  1.869907e-02  2.798079e-01  1.414727e-01  1.895488e-02  1.776366e-02  1.412096e-01  2.824592e-01  1.825567e-02  2.182136e-03  1.867131e-02  1.833305e-02  1.796179e-03    1.339134e-01  1.339134e-01    -1.422307e-05  1.422307e-05  9.999e-01
10.541782  2.127727e-03  1.826686e-02  1.818102e-02  1.811336e-03  1.869262e-02  2.798464e-01  1.414406e-01  1.894451e-02  1.776453e-02  1.412043e-01  2.824989e-01  1.825156e-02  2.179754e-03  1.866827e-02  1.832823e-02  1.793411e-03    1.339486e-01  1.339486e-01    -1.457903e-05  1.457903e-05  9.999e-01
10.581782  2.126482e-03  1.826611e-02  1.817700e-02  1.809610e-03  1.868605e-02  2.798849e-01  1.414088e-01  1.893399e-02  1.776535e-02  1.411989e-01  2.825387e-01  1.824732e-02  2.177412e-03  1.866535e-02  1.832334e-02  1.790653e-03    1.339835e-01  1.339835e-01    -1.425547e-05  1.425547e-05  9.999e-01
10.621782  2.125273e-03  1.826529e-02  1.817300e-02  1.807849e-03  1.867939e-02  2.799235e-01  1.413773e-01  1.892331e-02  1.776613e-02  1.411934e-01  2.825786e-01  1.824296e-02  2.175112e-03  1.866256e-02  1.831839e-02  1.787906e-03    1.340180e-01  1.340180e-01    -1.325832e-05  1.325832e-05  9.999e-01
10.661782  2.124100e-03  1.826440e-02  1.816903e-02  1.806057e-03  1.867263e-02  2.799621e-01  1.413462e-01  1.891251e-02  1.776688e-02  1.411879e-01  2.826184e-01  1.823851e-02  2.172857e-03  1.865989e-02  1.831337e-02  1.785173e-03    1.340523e-01  1.340523e-01    -1.161517e-05  1.161517e-05  9.999e-01
10.701782  2.122960e-03  1.826346e-02  1.816510e-02  1.804238e-03  1.866580e-02  2.800006e-01  1.413155e-01  1.890160e-02  1.776759e-02  1.411822e-01  2.826582e-01  1.823400e-02  2.170649e-03  1.865735e-02  1.830831e-02  1.782456e-03    1.340862e-01  1.340862e-01    -9.334505e-06  9.334505e-06  9.999e-01
10.741782  2.121854e-03  1.826247e-02  1.816120e-02  1.802395e-03  1.865891e-02  2.800391e-01  1.412852e-01  1.889060e-02  1.776828e-02  1.411763e-01  2.826979e-01  1.822943e-02  2.168491e-03  1.865494e-02  1.830321e-02  1.779759e-03    1.341197e-01  1.341197e-01    -6.434734e-06  6.434734e-06  9.999e-01
10.781782  2.120782e-03  1.826142e-02  1.815734e-02  1.800532e-03  1.865198e-02  2.800775e-01  1.412553e-01  1.887954e-02  1.776896e-02  1.411702e-01  2.827374e-01  1.822484e-02  2.166383e-03  1.865265e-02  1.829806e-02  1.777083e-03    1.341529e-01  1.341529e-01    -2.932660e-06  2.932660e-06  9.999e-01
10.821782  2.119741e-03  1.826033e-02  1.815353e-02  1.798654e-03  1.864502e-02  2.801157e-01  1.412258e-01  1.886842e-02  1.776962e-02  1.411639e-01  2.827768e-01  1.822023e-02  2.164328e-03  1.865049e-02  1.829289e-02  1.774430e-03    1.341857e-01  1.341857e-01    1.149809e-06  -1.149809e-06  9.999e-01
10.860710  2.118759e-03  1.825924e-02  1.814987e-02  1.796816e-03  1.863823e-02  2.801528e-01  1.411976e-01  1.885757e-02  1.777026e-02  1.411575e-01  2.828150e-01  1.821575e-02  2.162380e-03  1.864851e-02  1.828782e-02  1.771873e-03    1.342172e-01  1.342172e-01    5.662592e-06  -5.662592e-06  9.999e-01
10.900710  2.117781e-03  1.825807e-02  1.814616e-02  1.794919e-03  1.863125e-02  2.801906e-01  1.411691e-01  1.884641e-02  1.777092e-02  1.411507e-01  2.828540e-01  1.821118e-02  2.160433e-03  1.864659e-02  1.828260e-02  1.769273e-03    1.342492e-01  1.342492e-01    1.083106e-05  -1.083106e-05  9.999e-01
10.940710  2.116833e-03  1.825687e-02  1.814251e-02  1.793018e-03  1.862429e-02  2.802283e-01  1.411411e-01  1.883526e-02  1.777159e-02  1.411435e-01  2.828927e-01  1.820664e-02  2.158543e-03  1.864480e-02  1.827737e-02  1.766702e-03    1.342808e-01  1.342808e-01    1.651392e-05  -1.651392e-05  9.999e-01
10.980710  2.115914e-03  1.825565e-02  1.813892e-02  1.791116e-03  1.861735e-02  2.802656e-01  1.411136e-01  1.882413e-02  1.777227e-02  1.411360e-01  2.829311e-01  1.820217e-02  2.156711e-03  1.864313e-02  1.827213e-02  1.764162e-03    1.343119e-01  1.343119e-01    2.268966e-05  -2.268966e-05  9.999e-01
11.020710  2.115025e-03  1.825440e-02  1.813540e-02  1.789217e-03  1.861046e-02  2.803027e-01  1.410867e-01  1.881305e-02  1.777296e-02  1.411282e-01  2.829691e-01  1.819776e-02  2.154938e-03  1.864158e-02  1.826688e-02  1.761655e-03    1.343426e-01  1.343426e-01    2.933504e-05  -2.933504e-05  9.999e-01
11.060710  2.114164e-03  1.825312e-02  1.813194e-02  1.787324e-03  1.860362e-02  2.803394e-01  1.410603e-01  1.880203e-02  1.777368e-02  1.411199e-01  2.830069e-01  1.819345e-02  2.153222e-03  1.864014e-02  1.826164e-02  1.759182e-03    1.343728e-01  1.343728e-01    3.641958e-05  -3.641958e-05  9.999e-01
11.100710  2.113330e-03  1.825184e-02  1.812855e-02  1.785442e-03  1.859686e-02  2.803757e-01  1.410345e-01  1.879109e-02  1.777442e-02  1.411113e-01  2.830442e-01  1.818924e-02  2.151567e-03  1.863881e-02  1.825641e-02  1.756745e-03    1.344025e-01  1.344025e-01    4.391490e-05  -4.391490e-05  9.999e-01
11.140710  2.112523e-03  1.825054e-02  1.812524e-02  1.783573e-03  1.859018e-02  2.804117e-01  1.410093e-01  1.878024e-02  1.777519e-02  1.411022e-01  2.830811e-01  1.818515e-02  2.149972e-03  1.863759e-02  1.825119e-02  1.754345e-03    1.344318e-01  1.344318e-01    5.179590e-05  -5.179590e-05  9.999e-01
11.180710  2.111742e-03  1.824923e-02  1.812199e-02  1.781720e-03  1.858360e-02  2.804472e-01  1.409847e-01  1.876950e-02  1.777599e-02  1.410927e-01  2.831175e-01  1.818118e-02  2.148435e-03  1.863648e-02  1.824599e-02  1.751983e-03    1.344605e-01  1.344605e-01    6.004407e-05  -6.004407e-05  9.999e-01
11.219163  2.111015e-03  1.824797e-02  1.811894e-02  1.779958e-03  1.857738e-02  2.804810e-01  1.409616e-01  1.875930e-02  1.777680e-02  1.410831e-01  2.831521e-01  1.817750e-02  2.147015e-03  1.863550e-02  1.824101e-02  1.749749e-03    1.344877e-01  1.344877e-01    6.827497e-05  -6.827497e-05  9.999e-01
11.259163  2.110283e-03  1.824666e-02  1.811585e-02  1.778147e-03  1.857102e-02  2.805156e-01  1.409381e-01  1.874883e-02  1.777768e-02  1.410728e-01  2.831877e-01  1.817382e-02  2.145597e-03  1.863458e-02  1.823586e-02  1.747465e-03    1.345155e-01  1.345155e-01    7.713116e-05  -7.713116e-05  9.999e-01
11.299163  2.109574e-03  1.824535e-02  1.811283e-02  1.776360e-03  1.856480e-02  2.805498e-01  1.409153e-01  1.873852e-02  1.777861e-02  1.410619e-01  2.832227e-01  1.817029e-02  2.144237e-03  1.863375e-02  1.823075e-02  1.745221e-03    1.345428e-01  1.345428e-01    8.625771e-05  -8.625771e-05  9.999e-01
11.339163  2.108889e-03  1.824405e-02  1.810989e-02  1.774601e-03  1.855873e-02  2.805834e-01  1.408931e-01  1.872838e-02  1.777958e-02  1.410505e-01  2.832572e-01  1.816694e-02  2.142936e-03  1.863301e-02  1.822566e-02  1.743019e-03    1.345696e-01  1.345696e-01    9.562766e-05  -9.562766e-05  9.999e-01
11.379163  2.108225e-03  1.824276e-02  1.810703e-02  1.772873e-03  1.855281e-02  2.806165e-01  1.408716e-01  1.871843e-02  1.778059e-02  1.410387e-01  2.832912e-01  1.816376e-02  2.141693e-03  1.863235e-02  1.822062e-02  1.740860e-03    1.345959e-01  1.345959e-01    1.052107e-04  -1.052107e-04  9.999e-01
11.419163  2.107583e-03  1.824148e-02  1.810425e-02  1.771177e-03  1.854706e-02  2.806491e-01  1.408507e-01  1.870867e-02  1.778166e-02  1.410264e-01  2.833246e-01  1.816077e-02  2.140507e-03  1.863177e-02  1.821562e-02  1.738743e-03    1.346217e-01  1.346217e-01    1.149770e-04  -1.149770e-04  9.999e-01
11.459163  2.106961e-03  1.824021e-02  1.810156e-02  1.769516e-03  1.854149e-02  2.806811e-01  1.408304e-01  1.869912e-02  1.778279e-02  1.410135e-01  2.833574e-01  1.815797e-02  2.139377e-03  1.863127e-02  1.821067e-02  1.736669e-03    1.346469e-01  1.346469e-01    1.248916e-04  -1.248916e-04  9.999e-01
11.499163  2.106358e-03  1.823896e-02  1.809894e-02  1.767892e-03  1.853610e-02  2.807125e-01  1.408107e-01  1.868979e-02  1.778396e-02  1.410002e-01  2.833897e-01  1.815536e-02  2.138302e-03  1.863083e-02  1.820577e-02  1.734638e-03    1.346717e-01  1.346717e-01    1.349357e-04  -1.349357e-04  9.999e-01
11.539163  2.105774e-03  1.823773e-02  1.809640e-02  1.766307e-03  1.853090e-02  2.807432e-01  1.407917e-01  1.868070e-02  1.778520e-02  1.409864e-01  2.834214e-01  1.815295e-02  2.137281e-03  1.863045e-02  1.820092e-02  1.732650e-03    1.346959e-01  1.346959e-01    1.450645e-04  -1.450645e-04  9.999e-01
11.579163  2.105209e-03  1.823653e-02  1.809395e-02  1.764762e-03  1.852591e-02  2.807734e-01  1.407734e-01  1.867184e-02  1.778649e-02  1.409720e-01  2.834525e-01  1.815075e-02  2.136313e-03  1.863013e-02  1.819613e-02  1.730706e-03    1.347197e-01  1.347197e-01    1.552568e-04  -1.552568e-04  9.999e-01
11.619163  2.104661e-03  1.823535e-02  1.809157e-02  1.763260e-03  1.852112e-02  2.808030e-01  1.407556e-01  1.866324e-02  1.778784e-02  1.409572e-01  2.834829e-01  1.814875e-02  2.135395e-03  1.862986e-02  1.819140e-02  1.728805e-03    1.347429e-01  1.347429e-01    1.654799e-04  -1.654799e-04  9.999e-01
11.659163  2.104129e-03  1.823419e-02  1.808928e-02  1.761801e-03  1.851655e-02  2.808319e-01  1.407385e-01  1.865490e-02  1.778925e-02  1.409419e-01  2.835128e-01  1.814696e-02  2.134527e-03  1.862964e-02  1.818672e-02  1.726948e-03    1.347656e-01  1.347656e-01    1.757043e-04  -1.757043e-04  9.999e-01
11.699163  2.103613e-03  1.823307e-02  1.808707e-02  1.760386e-03  1.851220e-02  2.808601e-01  1.407221e-01  1.864682e-02  1.779072e-02  1.409260e-01  2.835421e-01  1.814538e-02  2.133707e-03  1.862945e-02  1.818211e-02  1.725133e-03    1.347878e-01  1.347878e-01    1.859038e-04  -1.859038e-04  9.999e-01
11.739163  2.103112e-03  1.823198e-02  1.808493e-02  1.759018e-03  1.850807e-02  2.808877e-01  1.407062e-01  1.863901e-02  1.779225e-02  1.409097e-01  2.835708e-01  1.814401e-02  2.132933e-03  1.862931e-02  1.817756e-02  1.723362e-03    1.348095e-01  1.348095e-01    1.960501e-04  -1.960501e-04  9.999e-01
11.779163  2.102625e-03  1.823092e-02  1.808287e-02  1.757696e-03  1.850418e-02  2.809147e-01  1.406909e-01  1.863149e-02  1.779384e-02  1.408929e-01  2.835989e-01  1.814285e-02  2.132204e-03  1.862919e-02  1.817308e-02  1.721633e-03    1.348308e-01  1.348308e-01    2.061238e-04  -2.061238e-04  9.999e-01
11.819163  2.102152e-03  1.822989e-02  1.808089e-02  1.756422e-03  1.850051e-02  2.809410e-01  1.406763e-01  1.862424e-02  1.779550e-02  1.408757e-01  2.836263e-01  1.814190e-02  2.131517e-03  1.862909e-02  1.816866e-02  1.719945e-03    1.348515e-01  1.348515e-01    2.160809e-04  -2.160809e-04  9.999e-01
11.859163  2.101692e-03  1.822890e-02  1.807899e-02  1.755196e-03  1.849709e-02  2.809666e-01  1.406622e-01  1.861729e-02  1.779721e-02  1.408580e-01  2.836532e-01  1.814115e-02  2.130871e-03  1.862902e-02  1.816431e-02  1.718299e-03    1.348718e-01  1.348718e-01    2.259081e-04  -2.259081e-04  9.999e-01
11.899163  2.101245e-03  1.822794e-02  1.807715e-02  1.754019e-03  1.849390e-02  2.809916e-01  1.406488e-01  1.861062e-02  1.779898e-02  1.408398e-01  2.836795e-01  1.814061e-02  2.130264e-03  1.862895e-02  1.816003e-02  1.716694e-03    1.348916e-01  1.348916e-01    2.355716e-04  -2.355716e-04  9.999e-01
11.939163  2.100810e-03  1.822702e-02  1.807539e-02  1.752891e-03  1.849094e-02  2.810159e-01  1.406358e-01  1.860425e-02  1.780081e-02  1.408212e-01  2.837051e-01  1.814027e-02  2.129694e-03  1.862890e-02  1.815582e-02  1.715129e-03    1.349109e-01  1.349109e-01    2.450445e-04  -2.450445e-04  9.999e-01
11.979163  2.100385e-03  1.822614e-02  1.807370e-02  1.751812e-03  1.848823e-02  2.810395e-01  1.406235e-01  1.859817e-02  1.780270e-02  1.408022e-01  2.837302e-01  1.814013e-02  2.129159e-03  1.862884e-02  1.815167e-02  1.713603e-03    1.349298e-01  1.349298e-01    2.543071e-04  -2.543071e-04  9.999e-01
12.019163  2.099972e-03  1.822530e-02  1.807208e-02  1.750783e-03  1.848576e-02  2.810625e-01  1.406117e-01  1.859239e-02  1.780465e-02  1.407829e-01  2.837547e-01  1.814018e-02  2.128657e-03  1.862879e-02  1.814759e-02  1.712116e-03    1.349482e-01  1.349482e-01    2.633397e-04  -2.633397e-04  9.999e-01
12.059163  2.099570e-03  1.822449e-02  1.807052e-02  1.749802e-03  1.848353e-02  2.810848e-01  1.406004e-01  1.858691e-02  1.780665e-02  1.407631e-01  2.837787e-01  1.814042e-02  2.128186e-03  1.862873e-02  1.814358e-02  1.710667e-03    1.349662e-01  1.349662e-01    2.721181e-04  -2.721181e-04  9.999e-01
12.099163  2.099177e-03  1.822372e-02  1.806903e-02  1.748871e-03  1.848154e-02  2.811065e-01  1.405896e-01  1.858173e-02  1.780871e-02  1.407430e-01  2.838021e-01  1.814085e-02  2.127744e-03  1.862865e-02  1.813963e-02  1.709255e-03    1.349838e-01  1.349838e-01    2.806195e-04  -2.806195e-04  9.999e-01
12.139163  2.098793e-03  1.822300e-02  1.806759e-02  1.747989e-03  1.847978e-02  2.811275e-01  1.405793e-01  1.857684e-02  1.781082e-02  1.407225e-01  2.838250e-01  1.814145e-02  2.127330e-03  1.862856e-02  1.813575e-02  1.707878e-03    1.350009e-01  1.350009e-01    2.888258e-04  -2.888258e-04  9.999e-01
12.179163  2.098419e-03  1.822231e-02  1.806622e-02  1.747156e-03  1.847826e-02  2.811479e-01  1.405695e-01  1.857224e-02  1.781298e-02  1.407017e-01  2.838473e-01  1.814222e-02  2.126941e-03  1.862844e-02  1.813194e-02  1.706537e-03    1.350177e-01  1.350177e-01    2.967144e-04  -2.967144e-04  9.999e-01
12.219163  2.098053e-03  1.822165e-02  1.806490e-02  1.746370e-03  1.847696e-02  2.811676e-01  1.405601e-01  1.856793e-02  1.781519e-02  1.406806e-01  2.838691e-01  1.814316e-02  2.126576e-03  1.862830e-02  1.812819e-02  1.705231e-03    1.350341e-01  1.350341e-01    3.042683e-04  -3.042683e-04  9.999e-01
12.259163  2.097696e-03  1.822104e-02  1.806364e-02  1.745632e-03  1.847590e-02  2.811868e-01  1.405512e-01  1.856392e-02  1.781744e-02  1.406593e-01  2.838904e-01  1.814425e-02  2.126233e-03  1.862813e-02  1.812449e-02  1.703957e-03    1.350500e-01  1.350500e-01    3.114714e-04  -3.114714e-04  9.999e-01
12.299163  2.097347e-03  1.822046e-02  1.806242e-02  1.744940e-03  1.847505e-02  2.812053e-01  1.405427e-01  1.856019e-02  1.781975e-02  1.406377e-01  2.839112e-01  1.814550e-02  2.125909e-03  1.862793e-02  1.812086e-02  1.702716e-03    1.350656e-01  1.350656e-01    3.183055e-04  -3.183055e-04  9.999e-01
12.339163  2.097005e-03  1.821992e-02  1.806126e-02  1.744294e-03  1.847443e-02  2.812233e-01  1.405346e-01  1.855673e-02  1.782209e-02  1.406158e-01  2.839316e-01  1.814688e-02  2.125604e-03  1.862769e-02  1.811729e-02  1.701506e-03    1.350809e-01  1.350809e-01    3.247605e-04  -3.247605e-04  9.999e-01
12.379163  2.096671e-03  1.821942e-02  1.806014e-02  1.743693e-03  1.847401e-02  2.812407e-01  1.405269e-01  1.855356e-02  1.782448e-02  1.405938e-01  2.839515e-01  1.814840e-02  2.125316e-03  1.862740e-02  1.811377e-02  1.700326e-03    1.350958e-01  1.350958e-01    3.308245e-04  -3.308245e-04  9.999e-01
12.419163  2.096345e-03  1.821895e-02  1.805906e-02  1.743134e-03  1.847380e-02  2.812575e-01  1.405196e-01  1.855065e-02  1.782690e-02  1.405715e-01  2.839709e-01  1.815005e-02  2.125043e-03  1.862707e-02  1.811030e-02  1.699175e-03    1.351103e-01  1.351103e-01    3.364798e-04  -3.364798e-04  9.999e-01
12.459163  2.096025e-03  1.821851e-02  1.805802e-02  1.742619e-03  1.847379e-02  2.812738e-01  1.405126e-01  1.854800e-02  1.782936e-02  1.405491e-01  2.839899e-01  1.815182e-02  2.124784e-03  1.862670e-02  1.810688e-02  1.698053e-03    1.351246e-01  1.351246e-01    3.417191e-04  -3.417191e-04  9.999e-01
12.499163  2.095712e-03  1.821810e-02  1.805702e-02  1.742145e-03  1.847398e-02  2.812895e-01  1.405059e-01  1.854562e-02  1.783186e-02  1.405266e-01  2.840086e-01  1.815369e-02  2.124536e-03  1.862627e-02  1.810352e-02  1.696957e-03    1.351385e-01  1.351385e-01    3.465304e-04  -3.465304e-04  9.999e-01
12.539163  2.095406e-03  1.821773e-02  1.805605e-02  1.741711e-03  1.847435e-02  2.813047e-01  1.404995e-01  1.854348e-02  1.783438e-02  1.405040e-01  2.840268e-01  1.815567e-02  2.124300e-03  1.862579e-02  1.810019e-02  1.695888e-03    1.351521e-01  1.351521e-01    3.509056e-04  -3.509056e-04  9.999e-01
12.579163  2.095106e-03  1.821739e-02  1.805511e-02  1.741316e-03  1.847490e-02  2.813195e-01  1.404934e-01  1.854159e-02  1.783694e-02  1.404813e-01  2.840447e-01  1.815773e-02  2.124073e-03  1.862525e-02  1.809691e-02  1.694844e-03    1.351654e-01  1.351654e-01    3.548379e-04  -3.548379e-04  9.999e-01
12.619163  2.094812e-03  1.821707e-02  1.805419e-02  1.740958e-03  1.847561e-02  2.813337e-01  1.404875e-01  1.853993e-02  1.783952e-02  1.404586e-01  2.840622e-01  1.815988e-02  2.123854e-03  1.862465e-02  1.809367e-02  1.693824e-03    1.351785e-01  1.351785e-01    3.583221e-04  -3.583221e-04  9.999e-01
12.659163  2.094525e-03  1.821678e-02  1.805330e-02  1.740636e-03  1.847650e-02  2.813475e-01  1.404819e-01  1.853850e-02  1.784212e-02  1.404358e-01  2.840794e-01  1.816211e-02  2.123642e-03  1.862400e-02  1.809047e-02  1.692827e-03    1.351913e-01  1.351913e-01    3.613507e-04  -3.613507e-04  9.999e-01
12.699163  2.094243e-03  1.821652e-02  1.805243e-02  1.740348e-03  1.847753e-02  2.813609e-01  1.404765e-01  1.853728e-02  1.784474e-02  1.404130e-01  2.840963e-01  1.816439e-02  2.123436e-03  1.862328e-02  1.808729e-02  1.691852e-03    1.352038e-01  1.352038e-01    3.639269e-04  -3.639269e-04  9.999e-01
12.739163  2.093967e-03  1.821628e-02  1.805158e-02  1.740093e-03  1.847871e-02  2.813738e-01  1.404712e-01  1.853628e-02  1.784738e-02  1.403903e-01  2.841129e-01  1.816674e-02  2.123235e-03  1.862249e-02  1.808415e-02  1.690898e-03    1.352161e-01  1.352161e-01    3.660452e-04  -3.660452e-04  9.999e-01
12.779163  2.093697e-03  1.821607e-02  1.805074e-02  1.739869e-03  1.848003e-02  2.813863e-01  1.404662e-01  1.853548e-02  1.785004e-02  1.403676e-01  2.841292e-01  1.816913e-02  2.123038e-03  1.862165e-02  1.808104e-02  1.689965e-03    1.352282e-01  1.352282e-01    3.677077e-04  -3.677077e-04  9.999e-01
12.819163  2.093432e-03  1.821587e-02  1.804992e-02  1.739675e-03  1.848148e-02  2.813984e-01  1.404612e-01  1.853487e-02  1.785270e-02  1.403449e-01  2.841453e-01  1.817156e-02  2.122844e-03  1.862073e-02  1.807795e-02  1.689051e-03    1.352400e-01  1.352400e-01    3.689127e-04  -3.689127e-04  9.999e-01
12.859163  2.093173e-03  1.821570e-02  1.804910e-02  1.739510e-03  1.848304e-02  2.814102e-01  1.404564e-01  1.853444e-02  1.785538e-02  1.403224e-01  2.841612e-01  1.817402e-02  2.122653e-03  1.861975e-02  1.807487e-02  1.688156e-03    1.352517e-01  1.352517e-01    3.696613e-04  -3.696613e-04  9.999e-01
12.899163  2.092918e-03  1.821554e-02  1.804828e-02  1.739370e-03  1.848471e-02  2.814216e-01  1.404518e-01  1.853418e-02  1.785807e-02  1.403000e-01  2.841768e-01  1.817651e-02  2.122463e-03  1.861870e-02  1.807182e-02  1.687278e-03    1.352631e-01  1.352631e-01    3.699576e-04  -3.699576e-04  9.999e-01
12.939163  2.092669e-03  1.821540e-02  1.804747e-02  1.739256e-03  1.848649e-02  2.814327e-01  1.404471e-01  1.853409e-02  1.786076e-02  1.402778e-01  2.841922e-01  1.817900e-02  2.122275e-03  1.861758e-02  1.806877e-02  1.686417e-03    1.352744e-01  1.352744e-01    3.698056e-04  -3.698056e-04  9.999e-01
12.979163  2.092425e-03  1.821527e-02  1.804665e-02  1.739165e-03  1.848835e-02  2.814435e-01  1.404426e-01  1.853414e-02  1.786345e-02  1.402558e-01  2.842074e-01  1.818150e-02  2.122088e-03  1.861639e-02  1.806574e-02  1.685572e-03    1.352854e-01  1.352854e-01    3.692116e-04  -3.692116e-04  9.999e-01
13.019163  2.092186e-03  1.821516e-02  1.804583e-02  1.739095e-03  1.849029e-02  2.814540e-01  1.404381e-01  1.853434e-02  1.786614e-02  1.402339e-01  2.842225e-01  1.818400e-02  2.121901e-03  1.861514e-02  1.806271e-02  1.684743e-03    1.352964e-01  1.352964e-01    3.681821e-04  -3.681821e-04  9.999e-01
13.059163  2.091951e-03  1.821506e-02  1.804501e-02  1.739045e-03  1.849231e-02  2.814642e-01  1.404336e-01  1.853468e-02  1.786883e-02  1.402123e-01  2.842375e-01  1.818649e-02  2.121713e-03  1.861382e-02  1.805969e-02  1.683928e-03    1.353071e-01  1.353071e-01    3.667234e-04  -3.667234e-04  9.999e-01
13.099163  2.091720e-03  1.821496e-02  1.804417e-02  1.739013e-03  1.849438e-02  2.814742e-01  1.404291e-01  1.853513e-02  1.787151e-02  1.401909e-01  2.842523e-01  1.818897e-02  2.121526e-03  1.861243e-02  1.805666e-02  1.683127e-03    1.353177e-01  1.353177e-01    3.648437e-04  -3.648437e-04  9.999e-01
13.139163  2.091494e-03  1.821487e-02  1.804332e-02  1.738998e-03  1.849652e-02  2.814839e-01  1.404246e-01  1.853570e-02  1.787419e-02  1.401698e-01  2.842670e-01  1.819141e-02  2.121337e-03  1.861097e-02  1.805363e-02  1.682340e-03    1.353282e-01  1.353282e-01    3.625613e-04  -3.625613e-04  9.999e-01
13.179163  2.091272e-03  1.821479e-02  1.804245e-02  1.738998e-03  1.849869e-02  2.814935e-01  1.404200e-01  1.853636e-02  1.787686e-02  1.401490e-01  2.842816e-01  1.819383e-02  2.121148e-03  1.860944e-02  1.805060e-02  1.681565e-03    1.353386e-01  1.353386e-01    3.598695e-04  -3.598695e-04  9.999e-01
13.219163  2.091053e-03  1.821472e-02  1.804157e-02  1.739011e-03  1.850090e-02  2.815028e-01  1.404154e-01  1.853712e-02  1.787952e-02  1.401285e-01  2.842961e-01  1.819621e-02  2.120958e-03  1.860786e-02  1.804755e-02  1.680803e-03    1.353488e-01  1.353488e-01    3.567920e-04  -3.567920e-04  9.999e-01
13.259163  2.090839e-03  1.821464e-02  1.804066e-02  1.739036e-03  1.850313e-02  2.815120e-01  1.404107e-01  1.853796e-02  1.788216e-02  1.401083e-01  2.843105e-01  1.819855e-02  2.120767e-03  1.860620e-02  1.804449e-02  1.680052e-03    1.353589e-01  1.353589e-01    3.533361e-04  -3.533361e-04  9.999e-01
13.299163  2.090628e-03  1.821457e-02  1.803973e-02  1.739072e-03  1.850538e-02  2.815210e-01  1.404059e-01  1.853887e-02  1.788479e-02  1.400884e-01  2.843249e-01  1.820083e-02  2.120575e-03  1.860449e-02  1.804141e-02  1.679313e-03    1.353689e-01  1.353689e-01    3.495191e-04  -3.495191e-04  9.999e-01
13.339163  2.090420e-03  1.821449e-02  1.803878e-02  1.739116e-03  1.850764e-02  2.815299e-01  1.404011e-01  1.853984e-02  1.788741e-02  1.400690e-01  2.843393e-01  1.820307e-02  2.120381e-03  1.860271e-02  1.803831e-02  1.678584e-03    1.353788e-01  1.353788e-01    3.453577e-04  -3.453577e-04  9.999e-01
13.379163  2.090215e-03  1.821441e-02  1.803780e-02  1.739168e-03  1.850990e-02  2.815387e-01  1.403961e-01  1.854087e-02  1.789000e-02  1.400499e-01  2.843536e-01  1.820524e-02  2.120187e-03  1.860087e-02  1.803519e-02  1.677865e-03    1.353887e-01  1.353887e-01    3.408585e-04  -3.408585e-04  9.999e-01
13.419163  2.090013e-03  1.821433e-02  1.803678e-02  1.739225e-03  1.851215e-02  2.815474e-01  1.403910e-01  1.854193e-02  1.789258e-02  1.400312e-01  2.843679e-01  1.820734e-02  2.119991e-03  1.859898e-02  1.803205e-02  1.677157e-03    1.353984e-01  1.353984e-01    3.360397e-04  -3.360397e-04  9.999e-01
13.459163  2.089813e-03  1.821424e-02  1.803574e-02  1.739287e-03  1.851438e-02  2.815559e-01  1.403857e-01  1.854303e-02  1.789514e-02  1.400129e-01  2.843822e-01  1.820938e-02  2.119795e-03  1.859703e-02  1.802888e-02  1.676458e-03    1.354080e-01  1.354080e-01    3.309195e-04  -3.309195e-04  9.999e-01
13.499163  2.089616e-03  1.821415e-02  1.803466e-02  1.739353e-03  1.851659e-02  2.815645e-01  1.403803e-01  1.854415e-02  1.789767e-02  1.399951e-01  2.843966e-01  1.821134e-02  2.119598e-03  1.859502e-02  1.802567e-02  1.675768e-03    1.354176e-01  1.354176e-01    3.255156e-04  -3.255156e-04  9.999e-01
13.539163  2.089421e-03  1.821404e-02  1.803354e-02  1.739421e-03  1.851877e-02  2.815729e-01  1.403747e-01  1.854528e-02  1.790019e-02  1.399777e-01  2.844109e-01  1.821323e-02  2.119400e-03  1.859297e-02  1.802243e-02  1.675088e-03    1.354271e-01  1.354271e-01    3.198415e-04  -3.198415e-04  9.999e-01
13.579163  2.089227e-03  1.821393e-02  1.803238e-02  1.739489e-03  1.852091e-02  2.815813e-01  1.403689e-01  1.854642e-02  1.790268e-02  1.399608e-01  2.844253e-01  1.821504e-02  2.119202e-03  1.859086e-02  1.801916e-02  1.674416e-03    1.354366e-01  1.354366e-01    3.139168e-04  -3.139168e-04  9.999e-01
13.619163  2.089035e-03  1.821380e-02  1.803119e-02  1.739557e-03  1.852301e-02  2.815897e-01  1.403629e-01  1.854756e-02  1.790514e-02  1.399443e-01  2.844397e-01  1.821676e-02  2.119004e-03  1.858871e-02  1.801585e-02  1.673753e-03    1.354459e-01  1.354459e-01    3.077586e-04  -3.077586e-04  9.999e-01
13.659163  2.088844e-03  1.821366e-02  1.802995e-02  1.739624e-03  1.852505e-02  2.815981e-01  1.403567e-01  1.854869e-02  1.790758e-02  1.399283e-01  2.844542e-01  1.821840e-02  2.118806e-03  1.858651e-02  1.801250e-02  1.673098e-03    1.354553e-01  1.354553e-01    3.013875e-04  -3.013875e-04  9.999e-01
13.699163  2.088653e-03  1.821350e-02  1.802867e-02  1.739688e-03  1.852703e-02  2.816065e-01  1.403504e-01  1.854979e-02  1.790999e-02  1.399127e-01  2.844687e-01  1.821995e-02  2.118608e-03  1.858427e-02  1.800911e-02  1.672451e-03    1.354645e-01  1.354645e-01    2.948206e-04  -2.948206e-04  9.999e-01
13.739163  2.088463e-03  1.821333e-02  1.802734e-02  1.739748e-03  1.852896e-02  2.816149e-01  1.403438e-01  1.855087e-02  1.791238e-02  1.398977e-01  2.844832e-01  1.822141e-02  2.118411e-03  1.858199e-02  1.800568e-02  1.671812e-03    1.354737e-01  1.354737e-01    2.880776e-04  -2.880776e-04  9.999e-01
13.779163  2.088273e-03  1.821315e-02  1.802597e-02  1.739804e-03  1.853081e-02  2.816233e-01  1.403370e-01  1.855192e-02  1.791474e-02  1.398831e-01  2.844979e-01  1.822278e-02  2.118214e-03  1.857968e-02  1.800220e-02  1.671180e-03    1.354829e-01  1.354829e-01    2.811782e-04  -2.811782e-04  9.999e-01
13.819163  2.088083e-03  1.821294e-02  1.802455e-02  1.739854e-03  1.853259e-02  2.816318e-01  1.403299e-01  1.855292e-02  1.791708e-02  1.398691e-01  2.845126e-01  1.822405e-02  2.118019e-03  1.857733e-02  1.799868e-02  1.670557e-03    1.354920e-01  1.354920e-01    2.741439e-04  -2.741439e-04  9.999e-01
13.859163  2.087892e-03  1.821271e-02  1.802309e-02  1.739898e-03  1.853429e-02  2.816403e-01  1.403226e-01  1.855388e-02  1.791938e-02  1.398555e-01  2.845274e-01  1.822523e-02  2.117825e-03  1.857495e-02  1.799511e-02  1.669941e-03    1.355011e-01  1.355011e-01    2.669878e-04  -2.669878e-04  9.999e-01
13.899163  2.087700e-03  1.821246e-02  1.802157e-02  1.739935e-03  1.853591e-02  2.816488e-01  1.403151e-01  1.855478e-02  1.792166e-02  1.398424e-01  2.845422e-01  1.822632e-02  2.117632e-03  1.857253e-02  1.799149e-02  1.669332e-03    1.355101e-01  1.355101e-01    2.597325e-04  -2.597325e-04  9.999e-01
13.939163  2.087508e-03  1.821219e-02  1.802001e-02  1.739964e-03  1.853745e-02  2.816575e-01  1.403074e-01  1.855563e-02  1.792391e-02  1.398299e-01  2.845572e-01  1.822732e-02  2.117441e-03  1.857010e-02  1.798782e-02  1.668731e-03    1.355191e-01  1.355191e-01    2.523973e-04  -2.523973e-04  9.999e-01
13.979163  2.087313e-03  1.821190e-02  1.801839e-02  1.739985e-03  1.853889e-02  2.816662e-01  1.402994e-01  1.855640e-02  1.792614e-02  1.398179e-01  2.845722e-01  1.822822e-02  2.117252e-03  1.856763e-02  1.798411e-02  1.668138e-03    1.355281e-01  1.355281e-01    2.450017e-04  -2.450017e-04  9.999e-01
14.019163  2.087117e-03  1.821159e-02  1.801672e-02  1.739996e-03  1.854024e-02  2.816749e-01  1.402912e-01  1.855711e-02  1.792834e-02  1.398064e-01  2.845873e-01  1.822902e-02  2.117066e-03  1.856515e-02  1.798034e-02  1.667551e-03    1.355370e-01  1.355370e-01    2.375654e-04  -2.375654e-04  9.999e-01
14.059163  2.086918e-03  1.821124e-02  1.801501e-02  1.739999e-03  1.854149e-02  2.816838e-01  1.402827e-01  1.855774e-02  1.793051e-02  1.397953e-01  2.846025e-01  1.822974e-02  2.116881e-03  1.856265e-02  1.797652e-02  1.666972e-03    1.355458e-01  1.355458e-01    2.301078e-04  -2.301078e-04  9.999e-01
14.099163  2.086717e-03  1.821088e-02  1.801324e-02  1.739991e-03  1.854265e-02  2.816927e-01  1.402740e-01  1.855829e-02  1.793265e-02  1.397848e-01  2.846178e-01  1.823036e-02  2.116700e-03  1.856013e-02  1.797265e-02  1.666401e-03    1.355546e-01  1.355546e-01    2.226500e-04  -2.226500e-04  9.999e-01
14.139163  2.086512e-03  1.821048e-02  1.801142e-02  1.739972e-03  1.854370e-02  2.817017e-01  1.402651e-01  1.855876e-02  1.793477e-02  1.397748e-01  2.846332e-01  1.823089e-02  2.116521e-03  1.855760e-02  1.796873e-02  1.665837e-03    1.355634e-01  1.355634e-01    2.152059e-04  -2.152059e-04  9.999e-01
14.179163  2.086305e-03  1.821006e-02  1.800955e-02  1.739943e-03  1.854466e-02  2.817109e-01  1.402559e-01  1.855914e-02  1.793686e-02  1.397653e-01  2.846487e-01  1.823133e-02  2.116346e-03  1.855505e-02  1.796476e-02  1.665280e-03    1.355721e-01  1.355721e-01    2.077959e-04  -2.077959e-04  9.999e-01
14.219163  2.086094e-03  1.820961e-02  1.800762e-02  1.739903e-03  1.854551e-02  2.817201e-01  1.402465e-01  1.855942e-02  1.793892e-02  1.397563e-01  2.846642e-01  1.823169e-02  2.116173e-03  1.855250e-02  1.796074e-02  1.664731e-03    1.355808e-01  1.355808e-01    2.004403e-04  -2.004403e-04  9.999e-01
14.259163  2.085880e-03  1.820913e-02  1.800565e-02  1.739852e-03  1.854625e-02  2.817294e-01  1.402368e-01  1.855961e-02  1.794097e-02  1.397478e-01  2.846799e-01  1.823196e-02  2.116005e-03  1.854994e-02  1.795667e-02  1.664189e-03    1.355895e-01  1.355895e-01    1.931531e-04  -1.931531e-04  9.999e-01
14.299163  2.085661e-03  1.820861e-02  1.800362e-02  1.739789e-03  1.854689e-02  2.817389e-01  1.402270e-01  1.855971e-02  1.794298e-02  1.397397e-01  2.846956e-01  1.823215e-02  2.115840e-03  1.854738e-02  1.795255e-02  1.663654e-03    1.355980e-01  1.355980e-01    1.859525e-04  -1.859525e-04  9.999e-01
14.339163  2.085438e-03  1.820807e-02  1.800154e-02  1.739715e-03  1.854743e-02  2.817485e-01  1.402169e-01  1.855971e-02  1.794498e-02  1.397321e-01  2.847114e-01  1.823225e-02  2.115680e-03  1.854481e-02  1.794838e-02  1.663127e-03    1.356066e-01  1.356066e-01    1.788582e-04  -1.788582e-04  9.999e-01
14.379163  2.085210e-03  1.820750e-02  1.799942e-02  1.739629e-03  1.854786e-02  2.817581e-01  1.402066e-01  1.855960e-02  1.794695e-02  1.397250e-01  2.847273e-01  1.823228e-02  2.115523e-03  1.854224e-02  1.794417e-02  1.662608e-03    1.356151e-01  1.356151e-01    1.718840e-04  -1.718840e-04  9.999e-01
14.419163  2.084977e-03  1.820689e-02  1.799724e-02  1.739531e-03  1.854819e-02  2.817679e-01  1.401961e-01  1.855940e-02  1.794889e-02  1.397183e-01  2.847432e-01  1.823223e-02  2.115371e-03  1.853968e-02  1.793990e-02  1.662096e-03    1.356235e-01  1.356235e-01    1.650427e-04  -1.650427e-04  9.999e-01
14.459163  2.084740e-03  1.820625e-02  1.799501e-02  1.739422e-03  1.854842e-02  2.817778e-01  1.401854e-01  1.855909e-02  1.795082e-02  1.397121e-01  2.847593e-01  1.823211e-02  2.115223e-03  1.853712e-02  1.793559e-02  1.661593e-03    1.356319e-01  1.356319e-01    1.583518e-04  -1.583518e-04  9.999e-01
14.499163  2.084496e-03  1.820558e-02  1.799274e-02  1.739301e-03  1.854854e-02  2.817878e-01  1.401746e-01  1.855867e-02  1.795272e-02  1.397063e-01  2.847754e-01  1.823192e-02  2.115080e-03  1.853456e-02  1.793124e-02  1.661097e-03    1.356402e-01  1.356402e-01    1.518260e-04  -1.518260e-04  9.999e-01
14.539163  2.084248e-03  1.820488e-02  1.799041e-02  1.739168e-03  1.854856e-02  2.817979e-01  1.401635e-01  1.855815e-02  1.795461e-02  1.397010e-01  2.847915e-01  1.823167e-02  2.114941e-03  1.853201e-02  1.792684e-02  1.660609e-03    1.356485e-01  1.356485e-01    1.454795e-04  -1.454795e-04  9.999e-01
14.579163  2.083993e-03  1.820414e-02  1.798805e-02  1.739024e-03  1.854848e-02  2.818081e-01  1.401523e-01  1.855753e-02  1.795647e-02  1.396960e-01  2.848077e-01  1.823135e-02  2.114808e-03  1.852947e-02  1.792240e-02  1.660129e-03    1.356567e-01  1.356567e-01    1.393267e-04  -1.393267e-04  9.999e-01
14.619163  2.083733e-03  1.820336e-02  1.798563e-02  1.738870e-03  1.854831e-02  2.818185e-01  1.401409e-01  1.855680e-02  1.795832e-02  1.396914e-01  2.848240e-01  1.823097e-02  2.114679e-03  1.852694e-02  1.791792e-02  1.659657e-03    1.356648e-01  1.356648e-01    1.333799e-04  -1.333799e-04  9.999e-01
14.659163  2.083466e-03  1.820256e-02  1.798317e-02  1.738704e-03  1.854803e-02  2.818289e-01  1.401294e-01  1.855597e-02  1.796014e-02  1.396873e-01  2.848403e-01  1.823054e-02  2.114555e-03  1.852442e-02  1.791339e-02  1.659194e-03    1.356728e-01  1.356728e-01    1.276468e-04  -1.276468e-04  9.999e-01
14.699163  2.083193e-03  1.820171e-02  1.798067e-02  1.738528e-03  1.854767e-02  2.818394e-01  1.401178e-01  1.855503e-02  1.796195e-02  1.396835e-01  2.848566e-01  1.823005e-02  2.114437e-03  1.852191e-02  1.790883e-02  1.658738e-03    1.356808e-01  1.356808e-01    1.221430e-04  -1.221430e-04  9.999e-01
14.739163  2.082914e-03  1.820083e-02  1.797813e-02  1.738341e-03  1.854722e-02  2.818500e-01  1.401060e-01  1.855400e-02  1.796375e-02  1.396800e-01  2.848730e-01  1.822951e-02  2.114324e-03  1.851941e-02  1.790424e-02  1.658292e-03    1.356887e-01  1.356887e-01    1.168762e-04  -1.168762e-04  9.999e-01
14.779163  2.082628e-03  1.819992e-02  1.797555e-02  1.738145e-03  1.854668e-02  2.818607e-01  1.400941e-01  1.855286e-02  1.796552e-02  1.396769e-01  2.848894e-01  1.822892e-02  2.114216e-03  1.851694e-02  1.789961e-02  1.657853e-03    1.356966e-01  1.356966e-01    1.118563e-04  -1.118563e-04  9.999e-01
14.819163  2.082336e-03  1.819897e-02  1.797293e-02  1.737939e-03  1.854605e-02  2.818715e-01  1.400821e-01  1.855162e-02  1.796728e-02  1.396741e-01  2.849058e-01  1.822830e-02  2.114114e-03  1.851447e-02  1.789495e-02  1.657424e-03    1.357043e-01  1.357043e-01    1.070930e-04  -1.070930e-04  9.999e-01
14.859163  2.082036e-03  1.819798e-02  1.797027e-02  1.737724e-03  1.854535e-02  2.818824e-01  1.400700e-01  1.855029e-02  1.796903e-02  1.396717e-01  2.849223e-01  1.822763e-02  2.114017e-03  1.851202e-02  1.789026e-02  1.657003e-03    1.357119e-01  1.357119e-01    1.025937e-04  -1.025937e-04  9.999e-01
14.899163  2.081730e-03  1.819696e-02  1.796758e-02  1.737500e-03  1.854457e-02  2.818934e-01  1.400579e-01  1.854886e-02  1.797076e-02  1.396695e-01  2.849387e-01  1.822693e-02  2.113926e-03  1.850959e-02  1.788554e-02  1.656592e-03    1.357195e-01  1.357195e-01    9.836650e-05  -9.836650e-05  9.999e-01
14.939163  2.081416e-03  1.819590e-02  1.796485e-02  1.737267e-03  1.854371e-02  2.819044e-01  1.400457e-01  1.854734e-02  1.797247e-02  1.396676e-01  2.849552e-01  1.822620e-02  2.113840e-03  1.850718e-02  1.788079e-02  1.656189e-03    1.357270e-01  1.357270e-01    9.441740e-05  -9.441740e-05  9.999e-01
14.979163  2.081096e-03  1.819481e-02  1.796209e-02  1.737027e-03  1.854279e-02  2.819155e-01  1.400334e-01  1.854573e-02  1.797417e-02  1.396659e-01  2.849716e-01  1.822543e-02  2.113761e-03  1.850479e-02  1.787602e-02  1.655795e-03    1.357344e-01  1.357344e-01    9.075374e-05  -9.075374e-05  9.999e-01
15.019163  2.080768e-03  1.819368e-02  1.795930e-02  1.736779e-03  1.854180e-02  2.819267e-01  1.400211e-01  1.854404e-02  1.797586e-02  1.396646e-01  2.849880e-01  1.822465e-02  2.113687e-03  1.850241e-02  1.787123e-02  1.655410e-03    1.357416e-01  1.357416e-01    8.737741e-05  -8.737741e-05  9.999e-01
15.059163  2.080433e-03  1.819252e-02  1.795648e-02  1.736525e-03  1.854075e-02  2.819379e-01  1.400088e-01  1.854226e-02  1.797754e-02  1.396634e-01  2.850045e-01  1.822384e-02  2.113618e-03  1.850006e-02  1.786641e-02  1.655035e-03    1.357488e-01  1.357488e-01    8.429358e-05  -8.429358e-05  9.999e-01
15.099163  2.080091e-03  1.819131e-02  1.795364e-02  1.736264e-03  1.853964e-02  2.819491e-01  1.399965e-01  1.854040e-02  1.797921e-02  1.396625e-01  2.850208e-01  1.822301e-02  2.113556e-03  1.849772e-02  1.786159e-02  1.654669e-03    1.357559e-01  1.357559e-01    8.150583e-05  -8.150583e-05  9.999e-01
15.139163  2.079742e-03  1.819008e-02  1.795077e-02  1.735997e-03  1.853848e-02  2.819604e-01  1.399841e-01  1.853847e-02  1.798086e-02  1.396617e-01  2.850372e-01  1.822217e-02  2.113500e-03  1.849541e-02  1.785674e-02  1.654313e-03    1.357628e-01  1.357628e-01    7.901645e-05  -7.901645e-05  9.999e-01
15.179163  2.079385e-03  1.818881e-02  1.794787e-02  1.735724e-03  1.853727e-02  2.819718e-01  1.399718e-01  1.853646e-02  1.798251e-02  1.396611e-01  2.850535e-01  1.822132e-02  2.113449e-03  1.849311e-02  1.785188e-02  1.653966e-03    1.357697e-01  1.357697e-01    7.682737e-05  -7.682737e-05  9.999e-01
15.219163  2.079022e-03  1.818750e-02  1.794496e-02  1.735447e-03  1.853602e-02  2.819831e-01  1.399596e-01  1.853438e-02  1.798414e-02  1.396607e-01  2.850698e-01  1.822046e-02  2.113404e-03  1.849083e-02  1.784702e-02  1.653628e-03    1.357764e-01  1.357764e-01    7.494126e-05  -7.494126e-05  9.999e-01
15.259163  2.078651e-03  1.818616e-02  1.794203e-02  1.735165e-03  1.853473e-02  2.819945e-01  1.399474e-01  1.853223e-02  1.798576e-02  1.396605e-01  2.850860e-01  1.821959e-02  2.113366e-03  1.848858e-02  1.784214e-02  1.653301e-03    1.357830e-01  1.357830e-01    7.335729e-05  -7.335729e-05  9.999e-01
15.299163  2.078273e-03  1.818478e-02  1.793907e-02  1.734879e-03  1.853340e-02  2.820059e-01  1.399352e-01  1.853002e-02  1.798737e-02  1.396603e-01  2.851021e-01  1.821872e-02  2.113334e-03  1.848634e-02  1.783726e-02  1.652982e-03    1.357895e-01  1.357895e-01    7.207104e-05  -7.207104e-05  9.999e-01
15.339163  2.077889e-03  1.818337e-02  1.793611e-02  1.734589e-03  1.853204e-02  2.820173e-01  1.399231e-01  1.852776e-02  1.798898e-02  1.396603e-01  2.851182e-01  1.821785e-02  2.113307e-03  1.848412e-02  1.783238e-02  1.652674e-03    1.357959e-01  1.357959e-01    7.108269e-05  -7.108269e-05  9.999e-01
15.379163  2.077497e-03  1.818193e-02  1.793313e-02  1.734297e-03  1.853066e-02  2.820287e-01  1.399111e-01  1.852544e-02  1.799057e-02  1.396604e-01  2.851342e-01  1.821698e-02  2.113287e-03  1.848193e-02  1.782749e-02  1.652376e-03    1.358021e-01  1.358021e-01    7.039239e-05  -7.039239e-05  9.999e-01
15.419163  2.077098e-03  1.818046e-02  1.793014e-02  1.734002e-03  1.852925e-02  2.820400e-01  1.398992e-01  1.852307e-02  1.799215e-02  1.396606e-01  2.851502e-01  1.821612e-02  2.113272e-03  1.847975e-02  1.782261e-02  1.652087e-03    1.358082e-01  1.358082e-01    6.999503e-05  -6.999503e-05  9.999e-01
15.459163  2.076693e-03  1.817895e-02  1.792714e-02  1.733705e-03  1.852783e-02  2.820514e-01  1.398874e-01  1.852066e-02  1.799373e-02  1.396608e-01  2.851660e-01  1.821527e-02  2.113264e-03  1.847759e-02  1.781773e-02  1.651808e-03    1.358142e-01  1.358142e-01    6.988728e-05  -6.988728e-05  9.999e-01
15.499163  2.076281e-03  1.817741e-02  1.792413e-02  1.733407e-03  1.852639e-02  2.820627e-01  1.398758e-01  1.851820e-02  1.799529e-02  1.396611e-01  2.851818e-01  1.821442e-02  2.113262e-03  1.847545e-02  1.781286e-02  1.651539e-03    1.358200e-01  1.358200e-01    7.006632e-05  -7.006632e-05  9.999e-01
15.539163  2.075863e-03  1.817584e-02  1.792112e-02  1.733108e-03  1.852495e-02  2.820740e-01  1.398642e-01  1.851571e-02  1.799685e-02  1.396614e-01  2.851975e-01  1.821359e-02  2.113266e-03  1.847333e-02  1.780800e-02  1.651280e-03    1.358257e-01  1.358257e-01    7.052549e-05  -7.052549e-05  9.999e-01
15.579163  2.075438e-03  1.817424e-02  1.791811e-02  1.732809e-03  1.852350e-02  2.820853e-01  1.398528e-01  1.851319e-02  1.799839e-02  1.396617e-01  2.852130e-01  1.821278e-02  2.113276e-03  1.847122e-02  1.780314e-02  1.651031e-03    1.358313e-01  1.358313e-01    7.126062e-05  -7.126062e-05  9.999e-01
15.619163  2.075007e-03  1.817260e-02  1.791509e-02  1.732509e-03  1.852205e-02  2.820965e-01  1.398416e-01  1.851063e-02  1.799993e-02  1.396621e-01  2.852285e-01  1.821198e-02  2.113293e-03  1.846914e-02  1.779831e-02  1.650792e-03    1.358367e-01  1.358367e-01    7.226497e-05  -7.226497e-05  9.999e-01
15.659163  2.074570e-03  1.817094e-02  1.791208e-02  1.732210e-03  1.852060e-02  2.821077e-01  1.398305e-01  1.850805e-02  1.800146e-02  1.396624e-01  2.852439e-01  1.821120e-02  2.113316e-03  1.846707e-02  1.779348e-02  1.650563e-03    1.358420e-01  1.358420e-01    7.353210e-05  -7.353210e-05  9.999e-01
15.699163  2.074128e-03  1.816925e-02  1.790907e-02  1.731912e-03  1.851917e-02  2.821188e-01  1.398197e-01  1.850545e-02  1.800297e-02  1.396627e-01  2.852591e-01  1.821044e-02  2.113345e-03  1.846501e-02  1.778868e-02  1.650343e-03    1.358472e-01  1.358472e-01    7.505805e-05  -7.505805e-05  9.999e-01
15.739163  2.073679e-03  1.816754e-02  1.790606e-02  1.731616e-03  1.851774e-02  2.821298e-01  1.398090e-01  1.850284e-02  1.800448e-02  1.396630e-01  2.852742e-01  1.820970e-02  2.113380e-03  1.846298e-02  1.778390e-02  1.650134e-03    1.358522e-01  1.358522e-01    7.682791e-05  -7.682791e-05  9.999e-01
15.779163  2.073226e-03  1.816579e-02  1.790306e-02  1.731321e-03  1.851633e-02  2.821408e-01  1.397985e-01  1.850021e-02  1.800598e-02  1.396632e-01  2.852892e-01  1.820899e-02  2.113421e-03  1.846096e-02  1.777913e-02  1.649934e-03    1.358570e-01  1.358570e-01    7.883693e-05  -7.883693e-05  9.999e-01
15.819163  2.072767e-03  1.816402e-02  1.790007e-02  1.731029e-03  1.851495e-02  2.821517e-01  1.397882e-01  1.849758e-02  1.800747e-02  1.396633e-01  2.853041e-01  1.820829e-02  2.113469e-03  1.845895e-02  1.777440e-02  1.649743e-03    1.358617e-01  1.358617e-01    8.107657e-05  -8.107657e-05  9.999e-01
15.859163  2.072303e-03  1.816222e-02  1.789709e-02  1.730740e-03  1.851358e-02  2.821625e-01  1.397781e-01  1.849494e-02  1.800895e-02  1.396634e-01  2.853188e-01  1.820763e-02  2.113523e-03  1.845696e-02  1.776969e-02  1.649562e-03    1.358663e-01  1.358663e-01    8.353699e-05  -8.353699e-05  9.999e-01
15.899163  2.071834e-03  1.816040e-02  1.789412e-02  1.730454e-03  1.851224e-02  2.821732e-01  1.397683e-01  1.849230e-02  1.801042e-02  1.396634e-01  2.853334e-01  1.820699e-02  2.113584e-03  1.845498e-02  1.776501e-02  1.649391e-03    1.358707e-01  1.358707e-01    8.620857e-05  -8.620857e-05  9.999e-01
15.939163  2.071361e-03  1.815856e-02  1.789116e-02  1.730171e-03  1.851093e-02  2.821838e-01  1.397587e-01  1.848967e-02  1.801187e-02  1.396633e-01  2.853478e-01  1.820638e-02  2.113651e-03  1.845302e-02  1.776036e-02  1.649229e-03    1.358750e-01  1.358750e-01    8.908176e-05  -8.908176e-05  9.999e-01
15.979163  2.070883e-03  1.815669e-02  1.788823e-02  1.729893e-03  1.850966e-02  2.821943e-01  1.397493e-01  1.848704e-02  1.801332e-02  1.396631e-01  2.853622e-01  1.820580e-02  2.113724e-03  1.845107e-02  1.775575e-02  1.649077e-03    1.358791e-01  1.358791e-01    9.214569e-05  -9.214569e-05  9.999e-01
16.019163  2.070402e-03  1.815481e-02  1.788530e-02  1.729618e-03  1.850842e-02  2.822047e-01  1.397402e-01  1.848443e-02  1.801475e-02  1.396628e-01  2.853763e-01  1.820524e-02  2.113804e-03  1.844914e-02  1.775118e-02  1.648933e-03    1.358831e-01  1.358831e-01    9.539065e-05  -9.539065e-05  9.999e-01
16.059163  2.069917e-03  1.815290e-02  1.788240e-02  1.729349e-03  1.850722e-02  2.822149e-01  1.397313e-01  1.848183e-02  1.801618e-02  1.396623e-01  2.853903e-01  1.820471e-02  2.113890e-03  1.844722e-02  1.774664e-02  1.648799e-03    1.358869e-01  1.358869e-01    9.880388e-05  -9.880388e-05  9.999e-01
16.099163  2.069429e-03  1.815097e-02  1.787952e-02  1.729084e-03  1.850606e-02  2.822251e-01  1.397227e-01  1.847924e-02  1.801759e-02  1.396618e-01  2.854042e-01  1.820422e-02  2.113982e-03  1.844531e-02  1.774214e-02  1.648674e-03    1.358906e-01  1.358906e-01    1.023748e-04  -1.023748e-04  9.999e-01
16.139163  2.068937e-03  1.814902e-02  1.787667e-02  1.728825e-03  1.850494e-02  2.822351e-01  1.397144e-01  1.847668e-02  1.801899e-02  1.396610e-01  2.854179e-01  1.820375e-02  2.114081e-03  1.844341e-02  1.773768e-02  1.648557e-03    1.358941e-01  1.358941e-01    1.060920e-04  -1.060920e-04  9.999e-01
16.179163  2.068443e-03  1.814705e-02  1.787383e-02  1.728572e-03  1.850387e-02  2.822451e-01  1.397063e-01  1.847414e-02  1.802037e-02  1.396602e-01  2.854315e-01  1.820331e-02  2.114186e-03  1.844153e-02  1.773327e-02  1.648449e-03    1.358975e-01  1.358975e-01    1.099436e-04  -1.099436e-04  9.999e-01
16.219163  2.067947e-03  1.814507e-02  1.787103e-02  1.728324e-03  1.850285e-02  2.822548e-01  1.396984e-01  1.847164e-02  1.802174e-02  1.396591e-01  2.854449e-01  1.820290e-02  2.114297e-03  1.843965e-02  1.772890e-02  1.648349e-03    1.359007e-01  1.359007e-01    1.139178e-04  -1.139178e-04  9.999e-01
16.259163  2.067448e-03  1.814307e-02  1.786825e-02  1.728083e-03  1.850188e-02  2.822645e-01  1.396909e-01  1.846916e-02  1.802310e-02  1.396579e-01  2.854581e-01  1.820253e-02  2.114415e-03  1.843779e-02  1.772458e-02  1.648257e-03    1.359038e-01  1.359038e-01    1.180027e-04  -1.180027e-04  9.999e-01
16.299163  2.066947e-03  1.814106e-02  1.786549e-02  1.727848e-03  1.850096e-02  2.822740e-01  1.396836e-01  1.846671e-02  1.802445e-02  1.396566e-01  2.854712e-01  1.820218e-02  2.114540e-03  1.843594e-02  1.772031e-02  1.648174e-03    1.359067e-01  1.359067e-01    1.221865e-04  -1.221865e-04  9.999e-01
16.339163  2.066445e-03  1.813903e-02  1.786277e-02  1.727619e-03  1.850009e-02  2.822833e-01  1.396766e-01  1.846430e-02  1.802578e-02  1.396550e-01  2.854842e-01  1.820185e-02  2.114670e-03  1.843410e-02  1.771609e-02  1.648098e-03    1.359095e-01  1.359095e-01    1.264565e-04  -1.264565e-04  9.999e-01
16.379163  2.065942e-03  1.813699e-02  1.786008e-02  1.727398e-03  1.849928e-02  2.822926e-01  1.396699e-01  1.846192e-02  1.802710e-02  1.396533e-01  2.854969e-01  1.820156e-02  2.114807e-03  1.843226e-02  1.771192e-02  1.648030e-03    1.359122e-01  1.359122e-01    1.308009e-04  -1.308009e-04  9.999e-01
16.419163  2.065438e-03  1.813494e-02  1.785742e-02  1.727183e-03  1.849852e-02  2.823016e-01  1.396634e-01  1.845959e-02  1.802840e-02  1.396514e-01  2.855095e-01  1.820130e-02  2.114950e-03  1.843044e-02  1.770781e-02  1.647969e-03    1.359147e-01  1.359147e-01    1.352069e-04  -1.352069e-04  9.999e-01
16.459163  2.064934e-03  1.813288e-02  1.785479e-02  1.726976e-03  1.849782e-02  2.823106e-01  1.396573e-01  1.845730e-02  1.802969e-02  1.396494e-01  2.855220e-01  1.820106e-02  2.115099e-03  1.842863e-02  1.770376e-02  1.647915e-03    1.359170e-01  1.359170e-01    1.396636e-04  -1.396636e-04  9.999e-01
16.499163  2.064429e-03  1.813081e-02  1.785220e-02  1.726776e-03  1.849718e-02  2.823193e-01  1.396514e-01  1.845505e-02  1.803096e-02  1.396471e-01  2.855342e-01  1.820085e-02  2.115254e-03  1.842683e-02  1.769976e-02  1.647868e-03    1.359193e-01  1.359193e-01    1.441588e-04  -1.441588e-04  9.999e-01
16.539163  2.063925e-03  1.812873e-02  1.784964e-02  1.726583e-03  1.849659e-02  2.823279e-01  1.396457e-01  1.845285e-02  1.803221e-02  1.396446e-01  2.855464e-01  1.820066e-02  2.115415e-03  1.842504e-02  1.769582e-02  1.647827e-03    1.359214e-01  1.359214e-01    1.486790e-04  -1.486790e-04  9.999e-01
16.579163  2.063421e-03  1.812665e-02  1.784712e-02  1.726398e-03  1.849606e-02  2.823364e-01  1.396404e-01  1.845070e-02  1.803345e-02  1.396420e-01  2.855583e-01  1.820050e-02  2.115582e-03  1.842326e-02  1.769194e-02  1.647793e-03    1.359233e-01  1.359233e-01    1.532148e-04  -1.532148e-04  9.999e-01
16.619163  2.062919e-03  1.812456e-02  1.784463e-02  1.726220e-03  1.849559e-02  2.823447e-01  1.396353e-01  1.844859e-02  1.803467e-02  1.396392e-01  2.855701e-01  1.820036e-02  2.115756e-03  1.842149e-02  1.768812e-02  1.647765e-03    1.359252e-01  1.359252e-01    1.577516e-04  -1.577516e-04  9.999e-01
16.659163  2.062417e-03  1.812246e-02  1.784219e-02  1.726050e-03  1.849517e-02  2.823529e-01  1.396305e-01  1.844654e-02  1.803588e-02  1.396362e-01  2.855817e-01  1.820025e-02  2.115935e-03  1.841973e-02  1.768436e-02  1.647743e-03    1.359268e-01  1.359268e-01    1.622796e-04  -1.622796e-04  9.999e-01
16.699163  2.061917e-03  1.812036e-02  1.783977e-02  1.725887e-03  1.849482e-02  2.823609e-01  1.396260e-01  1.844454e-02  1.803707e-02  1.396330e-01  2.855932e-01  1.820016e-02  2.116119e-03  1.841797e-02  1.768067e-02  1.647726e-03    1.359284e-01  1.359284e-01    1.667880e-04  -1.667880e-04  9.999e-01
16.739163  2.061419e-03  1.811825e-02  1.783740e-02  1.725732e-03  1.849452e-02  2.823687e-01  1.396217e-01  1.844258e-02  1.803824e-02  1.396296e-01  2.856045e-01  1.820009e-02  2.116309e-03  1.841623e-02  1.767704e-02  1.647715e-03    1.359299e-01  1.359299e-01    1.712652e-04  -1.712652e-04  9.999e-01
16.779163  2.060924e-03  1.811615e-02  1.783507e-02  1.725584e-03  1.849427e-02  2.823764e-01  1.396177e-01  1.844069e-02  1.803940e-02  1.396260e-01  2.856157e-01  1.820004e-02  2.116505e-03  1.841449e-02  1.767348e-02  1.647708e-03    1.359312e-01  1.359312e-01    1.756999e-04  -1.756999e-04  9.999e-01
16.819163  2.060431e-03  1.811404e-02  1.783277e-02  1.725443e-03  1.849409e-02  2.823839e-01  1.396139e-01  1.843884e-02  1.804053e-02  1.396222e-01  2.856267e-01  1.820000e-02  2.116706e-03  1.841277e-02  1.766998e-02  1.647707e-03    1.359324e-01  1.359324e-01    1.800828e-04  -1.800828e-04  9.999e-01
16.859163  2.059940e-03  1.811194e-02  1.783051e-02  1.725310e-03  1.849395e-02  2.823912e-01  1.396104e-01  1.843705e-02  1.804165e-02  1.396183e-01  2.856375e-01  1.819999e-02  2.116912e-03  1.841105e-02  1.766656e-02  1.647709e-03    1.359334e-01  1.359334e-01    1.844029e-04  -1.844029e-04  9.999e-01
16.899163  2.059453e-03  1.810983e-02  1.782830e-02  1.725185e-03  1.849388e-02  2.823985e-01  1.396071e-01  1.843531e-02  1.804275e-02  1.396142e-01  2.856482e-01  1.819999e-02  2.117124e-03  1.840934e-02  1.766320e-02  1.647716e-03    1.359344e-01  1.359344e-01    1.886508e-04  -1.886508e-04  9.999e-01
16.939163  2.058970e-03  1.810773e-02  1.782612e-02  1.725066e-03  1.849385e-02  2.824055e-01  1.396040e-01  1.843363e-02  1.804384e-02  1.396099e-01  2.856587e-01  1.820001e-02  2.117340e-03  1.840764e-02  1.765991e-02  1.647726e-03    1.359352e-01  1.359352e-01    1.928173e-04  -1.928173e-04  9.999e-01
16.979163  2.058490e-03  1.810563e-02  1.782398e-02  1.724954e-03  1.849387e-02  2.824124e-01  1.396012e-01  1.843200e-02  1.804490e-02  1.396054e-01  2.856691e-01  1.820004e-02  2.117560e-03  1.840595e-02  1.765668e-02  1.647740e-03    1.359360e-01  1.359360e-01    1.968935e-04  -1.968935e-04  9.999e-01
17.019163  2.058015e-03  1.810353e-02  1.782188e-02  1.724849e-03  1.849395e-02  2.824192e-01  1.395986e-01  1.843043e-02  1.804595e-02  1.396008e-01  2.856794e-01  1.820008e-02  2.117786e-03  1.840427e-02  1.765353e-02  1.647757e-03    1.359366e-01  1.359366e-01    2.008699e-04  -2.008699e-04  9.999e-01
17.059163  2.057544e-03  1.810144e-02  1.781981e-02  1.724750e-03  1.849407e-02  2.824258e-01  1.395962e-01  1.842891e-02  1.804698e-02  1.395960e-01  2.856895e-01  1.820013e-02  2.118016e-03  1.840259e-02  1.765045e-02  1.647777e-03    1.359371e-01  1.359371e-01    2.047389e-04  -2.047389e-04  9.999e-01
17.099163  2.057077e-03  1.809935e-02  1.781779e-02  1.724658e-03  1.849424e-02  2.824322e-01  1.395941e-01  1.842744e-02  1.804799e-02  1.395911e-01  2.856994e-01  1.820020e-02  2.118250e-03  1.840093e-02  1.764744e-02  1.647800e-03    1.359375e-01  1.359375e-01    2.084926e-04  -2.084926e-04  9.999e-01
17.139163  2.056615e-03  1.809728e-02  1.781581e-02  1.724572e-03  1.849446e-02  2.824385e-01  1.395921e-01  1.842603e-02  1.804899e-02  1.395860e-01  2.857092e-01  1.820027e-02  2.118487e-03  1.839928e-02  1.764450e-02  1.647825e-03    1.359378e-01  1.359378e-01    2.121241e-04  -2.121241e-04  9.999e-01
17.179163  2.056157e-03  1.809521e-02  1.781386e-02  1.724491e-03  1.849471e-02  2.824447e-01  1.395903e-01  1.842467e-02  1.804997e-02  1.395808e-01  2.857189e-01  1.820035e-02  2.118729e-03  1.839763e-02  1.764163e-02  1.647852e-03    1.359380e-01  1.359380e-01    2.156261e-04  -2.156261e-04  9.999e-01
17.219163  2.055706e-03  1.809314e-02  1.781195e-02  1.724416e-03  1.849501e-02  2.824507e-01  1.395887e-01  1.842336e-02  1.805093e-02  1.395755e-01  2.857285e-01  1.820044e-02  2.118973e-03  1.839600e-02  1.763883e-02  1.647881e-03    1.359382e-01  1.359382e-01    2.189913e-04  -2.189913e-04  9.999e-01
17.259163  2.055259e-03  1.809109e-02  1.781007e-02  1.724346e-03  1.849535e-02  2.824566e-01  1.395873e-01  1.842210e-02  1.805187e-02  1.395700e-01  2.857379e-01  1.820053e-02  2.119222e-03  1.839437e-02  1.763610e-02  1.647910e-03    1.359382e-01  1.359382e-01    2.222146e-04  -2.222146e-04  9.999e-01
17.299163  2.054818e-03  1.808905e-02  1.780824e-02  1.724281e-03  1.849572e-02  2.824624e-01  1.395861e-01  1.842089e-02  1.805280e-02  1.395644e-01  2.857471e-01  1.820062e-02  2.119473e-03  1.839275e-02  1.763344e-02  1.647942e-03    1.359381e-01  1.359381e-01    2.252903e-04  -2.252903e-04  9.999e-01
17.339163  2.054383e-03  1.808701e-02  1.780643e-02  1.724221e-03  1.849613e-02  2.824680e-01  1.395850e-01  1.841972e-02  1.805371e-02  1.395587e-01  2.857563e-01  1.820072e-02  2.119727e-03  1.839114e-02  1.763086e-02  1.647973e-03    1.359380e-01  1.359380e-01    2.282134e-04  -2.282134e-04  9.999e-01
17.379163  2.053953e-03  1.808499e-02  1.780466e-02  1.724165e-03  1.849657e-02  2.824735e-01  1.395840e-01  1.841860e-02  1.805460e-02  1.395529e-01  2.857653e-01  1.820082e-02  2.119983e-03  1.838955e-02  1.762834e-02  1.648006e-03    1.359377e-01  1.359377e-01    2.309795e-04  -2.309795e-04  9.999e-01
17.419163  2.053529e-03  1.808298e-02  1.780293e-02  1.724112e-03  1.849704e-02  2.824789e-01  1.395832e-01  1.841753e-02  1.805548e-02  1.395470e-01  2.857742e-01  1.820093e-02  2.120242e-03  1.838796e-02  1.762589e-02  1.648038e-03    1.359374e-01  1.359374e-01    2.335845e-04  -2.335845e-04  9.999e-01
17.459163  2.053111e-03  1.808098e-02  1.780123e-02  1.724063e-03  1.849753e-02  2.824841e-01  1.395826e-01  1.841650e-02  1.805634e-02  1.395410e-01  2.857830e-01  1.820103e-02  2.120503e-03  1.838638e-02  1.762351e-02  1.648071e-03    1.359370e-01  1.359370e-01    2.360247e-04  -2.360247e-04  9.999e-01
17.499163  2.052699e-03  1.807900e-02  1.779956e-02  1.724017e-03  1.849805e-02  2.824893e-01  1.395820e-01  1.841551e-02  1.805719e-02  1.395349e-01  2.857917e-01  1.820113e-02  2.120766e-03  1.838481e-02  1.762120e-02  1.648103e-03    1.359365e-01  1.359365e-01    2.382972e-04  -2.382972e-04  9.999e-01
17.539163  2.052293e-03  1.807703e-02  1.779792e-02  1.723974e-03  1.849860e-02  2.824943e-01  1.395816e-01  1.841457e-02  1.805802e-02  1.395288e-01  2.858003e-01  1.820123e-02  2.121031e-03  1.838325e-02  1.761896e-02  1.648134e-03    1.359360e-01  1.359360e-01    2.403996e-04  -2.403996e-04  9.999e-01
17.579163  2.051894e-03  1.807508e-02  1.779631e-02  1.723933e-03  1.849916e-02  2.824992e-01  1.395813e-01  1.841366e-02  1.805884e-02  1.395226e-01  2.858087e-01  1.820133e-02  2.121297e-03  1.838170e-02  1.761678e-02  1.648164e-03    1.359354e-01  1.359354e-01    2.423294e-04  -2.423294e-04  9.999e-01
17.619163  2.051500e-03  1.807314e-02  1.779473e-02  1.723894e-03  1.849974e-02  2.825040e-01  1.395811e-01  1.841278e-02  1.805964e-02  1.395164e-01  2.858171e-01  1.820142e-02  2.121564e-03  1.838017e-02  1.761467e-02  1.648192e-03    1.359347e-01  1.359347e-01    2.440852e-04  -2.440852e-04  9.999e-01
17.659163  2.051112e-03  1.807121e-02  1.779317e-02  1.723856e-03  1.850034e-02  2.825088e-01  1.395810e-01  1.841194e-02  1.806044e-02  1.395101e-01  2.858253e-01  1.820151e-02  2.121832e-03  1.837864e-02  1.761263e-02  1.648219e-03    1.359340e-01  1.359340e-01    2.456658e-04  -2.456658e-04  9.999e-01
17.699163  2.050731e-03  1.806931e-02  1.779164e-02  1.723819e-03  1.850094e-02  2.825134e-01  1.395809e-01  1.841113e-02  1.806121e-02  1.395037e-01  2.858334e-01  1.820160e-02  2.122101e-03  1.837712e-02  1.761064e-02  1.648244e-03    1.359331e-01  1.359331e-01    2.470706e-04  -2.470706e-04  9.999e-01
17.739163  2.050355e-03  1.806742e-02  1.779014e-02  1.723783e-03  1.850156e-02  2.825179e-01  1.395810e-01  1.841036e-02  1.806198e-02  1.394974e-01  2.858415e-01  1.820168e-02  2.122371e-03  1.837562e-02  1.760873e-02  1.648267e-03    1.359323e-01  1.359323e-01    2.482992e-04  -2.482992e-04  1.000e+00
17.779163  2.049986e-03  1.806554e-02  1.778866e-02  1.723746e-03  1.850219e-02  2.825223e-01  1.395811e-01  1.840961e-02  1.806274e-02  1.394910e-01  2.858495e-01  1.820175e-02  2.122640e-03  1.837413e-02  1.760687e-02  1.648287e-03    1.359314e-01  1.359314e-01    2.493520e-04  -2.493520e-04  1.000e+00
17.819163  2.049623e-03  1.806369e-02  1.778720e-02  1.723710e-03  1.850282e-02  2.825267e-01  1.395812e-01  1.840888e-02  1.806348e-02  1.394846e-01  2.858573e-01  1.820182e-02  2.122910e-03  1.837265e-02  1.760507e-02  1.648304e-03    1.359304e-01  1.359304e-01    2.502295e-04  -2.502295e-04  1.000e+00
17.859163  2.049265e-03  1.806185e-02  1.778576e-02  1.723672e-03  1.850345e-02  2.825310e-01  1.395814e-01  1.840818e-02  1.806421e-02  1.394782e-01  2.858651e-01  1.820188e-02  2.123179e-03  1.837118e-02  1.760333e-02  1.648318e-03    1.359293e-01  1.359293e-01    2.509330e-04  -2.509330e-04  1.000e+00
17.899163  2.048914e-03  1.806003e-02  1.778434e-02  1.723633e-03  1.850409e-02  2.825351e-01  1.395817e-01  1.840750e-02  1.806494e-02  1.394719e-01  2.858728e-01  1.820194e-02  2.123448e-03  1.836973e-02  1.760166e-02  1.648329e-03    1.359283e-01  1.359283e-01    2.514637e-04  -2.514637e-04  1.000e+00
17.939163  2.048568e-03  1.805824e-02  1.778294e-02  1.723592e-03  1.850472e-02  2.825393e-01  1.395819e-01  1.840684e-02  1.806565e-02  1.394655e-01  2.858804e-01  1.820198e-02  2.123716e-03  1.836829e-02  1.760003e-02  1.648335e-03    1.359271e-01  1.359271e-01    2.518238e-04  -2.518238e-04  1.000e+00
17.979163  2.048228e-03  1.805646e-02  1.778155e-02  1.723549e-03  1.850534e-02  2.825433e-01  1.395822e-01  1.840620e-02  1.806636e-02  1.394592e-01  2.858880e-01  1.820202e-02  2.123983e-03  1.836686e-02  1.759846e-02  1.648338e-03    1.359259e-01  1.359259e-01    2.520153e-04  -2.520153e-04  1.000e+00
18.019163  2.047894e-03  1.805470e-02  1.778018e-02  1.723504e-03  1.850597e-02  2.825473e-01  1.395825e-01  1.840557e-02  1.806705e-02  1.394528e-01  2.858954e-01  1.820205e-02  2.124248e-03  1.836544e-02  1.759695e-02  1.648337e-03    1.359247e-01  1.359247e-01    2.520410e-04  -2.520410e-04  1.000e+00
18.059163  2.047566e-03  1.805296e-02  1.777882e-02  1.723456e-03  1.850658e-02  2.825513e-01  1.395828e-01  1.840495e-02  1.806774e-02  1.394466e-01  2.859028e-01  1.820207e-02  2.124511e-03  1.836404e-02  1.759549e-02  1.648331e-03    1.359235e-01  1.359235e-01    2.519038e-04  -2.519038e-04  1.000e+00
18.099163  2.047243e-03  1.805124e-02  1.777748e-02  1.723404e-03  1.850718e-02  2.825551e-01  1.395832e-01  1.840434e-02  1.806843e-02  1.394404e-01  2.859101e-01  1.820209e-02  2.124773e-03  1.836266e-02  1.759408e-02  1.648320e-03    1.359221e-01  1.359221e-01    2.516073e-04  -2.516073e-04  1.000e+00
18.139163  2.046925e-03  1.804954e-02  1.777614e-02  1.723348e-03  1.850777e-02  2.825590e-01  1.395835e-01  1.840375e-02  1.806910e-02  1.394342e-01  2.859174e-01  1.820209e-02  2.125032e-03  1.836129e-02  1.759272e-02  1.648305e-03    1.359208e-01  1.359208e-01    2.511550e-04  -2.511550e-04  1.000e+00
18.179163  2.046612e-03  1.804787e-02  1.777482e-02  1.723289e-03  1.850834e-02  2.825627e-01  1.395838e-01  1.840315e-02  1.806978e-02  1.394281e-01  2.859246e-01  1.820208e-02  2.125288e-03  1.835993e-02  1.759140e-02  1.648284e-03    1.359194e-01  1.359194e-01    2.505507e-04  -2.505507e-04  1.000e+00
18.219163  2.046305e-03  1.804621e-02  1.777350e-02  1.723224e-03  1.850890e-02  2.825665e-01  1.395840e-01  1.840256e-02  1.807044e-02  1.394220e-01  2.859317e-01  1.820207e-02  2.125541e-03  1.835859e-02  1.759014e-02  1.648259e-03    1.359180e-01  1.359180e-01    2.497993e-04  -2.497993e-04  1.000e+00
18.259163  2.046003e-03  1.804458e-02  1.777218e-02  1.723155e-03  1.850943e-02  2.825702e-01  1.395843e-01  1.840198e-02  1.807110e-02  1.394161e-01  2.859388e-01  1.820205e-02  2.125791e-03  1.835727e-02  1.758892e-02  1.648228e-03    1.359166e-01  1.359166e-01    2.489050e-04  -2.489050e-04  1.000e+00
18.299163  2.045705e-03  1.804296e-02  1.777088e-02  1.723081e-03  1.850995e-02  2.825738e-01  1.395845e-01  1.840139e-02  1.807176e-02  1.394102e-01  2.859458e-01  1.820201e-02  2.126038e-03  1.835596e-02  1.758774e-02  1.648191e-03    1.359151e-01  1.359151e-01    2.478726e-04  -2.478726e-04  1.000e+00
18.339163  2.045412e-03  1.804137e-02  1.776957e-02  1.723001e-03  1.851045e-02  2.825774e-01  1.395847e-01  1.840080e-02  1.807242e-02  1.394044e-01  2.859527e-01  1.820197e-02  2.126280e-03  1.835467e-02  1.758660e-02  1.648149e-03    1.359136e-01  1.359136e-01    2.467073e-04  -2.467073e-04  1.000e+00
18.379163  2.045124e-03  1.803980e-02  1.776827e-02  1.722916e-03  1.851092e-02  2.825810e-01  1.395849e-01  1.840021e-02  1.807308e-02  1.393987e-01  2.859596e-01  1.820192e-02  2.126518e-03  1.835340e-02  1.758550e-02  1.648101e-03    1.359120e-01  1.359120e-01    2.454145e-04  -2.454145e-04  1.000e+00
18.419163  2.044840e-03  1.803825e-02  1.776696e-02  1.722824e-03  1.851137e-02  2.825846e-01  1.395850e-01  1.839961e-02  1.807373e-02  1.393931e-01  2.859665e-01  1.820186e-02  2.126751e-03  1.835214e-02  1.758445e-02  1.648048e-03    1.359104e-01  1.359104e-01    2.439996e-04  -2.439996e-04  1.000e+00
18.459163  2.044560e-03  1.803672e-02  1.776566e-02  1.722726e-03  1.851179e-02  2.825881e-01  1.395850e-01  1.839900e-02  1.807438e-02  1.393876e-01  2.859733e-01  1.820179e-02  2.126980e-03  1.835090e-02  1.758343e-02  1.647988e-03    1.359088e-01  1.359088e-01    2.424684e-04  -2.424684e-04  1.000e+00
18.499163  2.044284e-03  1.803522e-02  1.776435e-02  1.722621e-03  1.851218e-02  2.825917e-01  1.395850e-01  1.839839e-02  1.807503e-02  1.393822e-01  2.859801e-01  1.820171e-02  2.127204e-03  1.834968e-02  1.758244e-02  1.647922e-03    1.359072e-01  1.359072e-01    2.408269e-04  -2.408269e-04  1.000e+00
18.539163  2.044012e-03  1.803373e-02  1.776304e-02  1.722510e-03  1.851255e-02  2.825952e-01  1.395850e-01  1.839776e-02  1.807568e-02  1.393769e-01  2.859868e-01  1.820162e-02  2.127421e-03  1.834848e-02  1.758149e-02  1.647851e-03    1.359056e-01  1.359056e-01    2.390810e-04  -2.390810e-04  1.000e+00
18.579163  2.043744e-03  1.803227e-02  1.776173e-02  1.722391e-03  1.851289e-02  2.825987e-01  1.395848e-01  1.839712e-02  1.807634e-02  1.393718e-01  2.859935e-01  1.820152e-02  2.127634e-03  1.834730e-02  1.758057e-02  1.647773e-03    1.359039e-01  1.359039e-01    2.372369e-04  -2.372369e-04  1.000e+00
18.619163  2.043480e-03  1.803083e-02  1.776041e-02  1.722265e-03  1.851319e-02  2.826021e-01  1.395846e-01  1.839646e-02  1.807699e-02  1.393667e-01  2.860001e-01  1.820142e-02  2.127840e-03  1.834613e-02  1.757968e-02  1.647689e-03    1.359022e-01  1.359022e-01    2.353010e-04  -2.353010e-04  1.000e+00
18.659163  2.043219e-03  1.802941e-02  1.775909e-02  1.722132e-03  1.851347e-02  2.826056e-01  1.395844e-01  1.839579e-02  1.807765e-02  1.393618e-01  2.860067e-01  1.820130e-02  2.128040e-03  1.834499e-02  1.757883e-02  1.647598e-03    1.359005e-01  1.359005e-01    2.332797e-04  -2.332797e-04  1.000e+00
18.699163  2.042961e-03  1.802801e-02  1.775776e-02  1.721991e-03  1.851371e-02  2.826091e-01  1.395840e-01  1.839511e-02  1.807830e-02  1.393570e-01  2.860133e-01  1.820118e-02  2.128233e-03  1.834386e-02  1.757800e-02  1.647502e-03    1.358987e-01  1.358987e-01    2.311796e-04  -2.311796e-04  1.000e+00
18.739163  2.042706e-03  1.802663e-02  1.775641e-02  1.721842e-03  1.851392e-02  2.826125e-01  1.395836e-01  1.839440e-02  1.807897e-02  1.393524e-01  2.860198e-01  1.820105e-02  2.128420e-03  1.834275e-02  1.757720e-02  1.647399e-03    1.358970e-01  1.358970e-01    2.290070e-04  -2.290070e-04  1.000e+00
18.779163  2.042455e-03  1.802527e-02  1.775506e-02  1.721686e-03  1.851409e-02  2.826160e-01  1.395831e-01  1.839368e-02  1.807963e-02  1.393478e-01  2.860263e-01  1.820091e-02  2.128599e-03  1.834167e-02  1.757642e-02  1.647290e-03    1.358952e-01  1.358952e-01    2.267688e-04  -2.267688e-04  1.000e+00
18.819163  2.042205e-03  1.802393e-02  1.775370e-02  1.721521e-03  1.851423e-02  2.826194e-01  1.395826e-01  1.839294e-02  1.808030e-02  1.393434e-01  2.860327e-01  1.820077e-02  2.128771e-03  1.834060e-02  1.757567e-02  1.647175e-03    1.358934e-01  1.358934e-01    2.244715e-04  -2.244715e-04  1.000e+00
18.859163  2.041959e-03  1.802261e-02  1.775233e-02  1.721348e-03  1.851434e-02  2.826229e-01  1.395819e-01  1.839217e-02  1.808098e-02  1.393392e-01  2.860392e-01  1.820062e-02  2.128936e-03  1.833955e-02  1.757494e-02  1.647054e-03    1.358915e-01  1.358915e-01    2.221213e-04  -2.221213e-04  1.000e+00
18.899163  2.041715e-03  1.802130e-02  1.775095e-02  1.721167e-03  1.851442e-02  2.826263e-01  1.395812e-01  1.839139e-02  1.808166e-02  1.393351e-01  2.860455e-01  1.820046e-02  2.129093e-03  1.833853e-02  1.757423e-02  1.646926e-03    1.358897e-01  1.358897e-01    2.197259e-04  -2.197259e-04  1.000e+00
18.939163  2.041473e-03  1.802002e-02  1.774956e-02  1.720978e-03  1.851446e-02  2.826298e-01  1.395804e-01  1.839058e-02  1.808234e-02  1.393311e-01  2.860519e-01  1.820030e-02  2.129242e-03  1.833752e-02  1.757354e-02  1.646793e-03    1.358878e-01  1.358878e-01    2.172914e-04  -2.172914e-04  1.000e+00
18.979163  2.041233e-03  1.801876e-02  1.774815e-02  1.720780e-03  1.851446e-02  2.826332e-01  1.395795e-01  1.838975e-02  1.808303e-02  1.393273e-01  2.860582e-01  1.820013e-02  2.129383e-03  1.833654e-02  1.757287e-02  1.646653e-03    1.358859e-01  1.358859e-01    2.148245e-04  -2.148245e-04  1.000e+00
19.019163  2.040994e-03  1.801751e-02  1.774673e-02  1.720575e-03  1.851443e-02  2.826367e-01  1.395785e-01  1.838890e-02  1.808373e-02  1.393236e-01  2.860645e-01  1.819996e-02  2.129516e-03  1.833558e-02  1.757221e-02  1.646507e-03    1.358840e-01  1.358840e-01    2.123315e-04  -2.123315e-04  1.000e+00
19.059163  2.040758e-03  1.801628e-02  1.774530e-02  1.720360e-03  1.851437e-02  2.826402e-01  1.395774e-01  1.838802e-02  1.808444e-02  1.393201e-01  2.860708e-01  1.819978e-02  2.129641e-03  1.833464e-02  1.757158e-02  1.646355e-03    1.358820e-01  1.358820e-01    2.098189e-04  -2.098189e-04  1.000e+00
19.099163  2.040523e-03  1.801507e-02  1.774385e-02  1.720138e-03  1.851428e-02  2.826437e-01  1.395763e-01  1.838712e-02  1.808515e-02  1.393167e-01  2.860770e-01  1.819961e-02  2.129757e-03  1.833372e-02  1.757096e-02  1.646197e-03    1.358800e-01  1.358800e-01    2.072933e-04  -2.072933e-04  1.000e+00
19.139163  2.040289e-03  1.801387e-02  1.774239e-02  1.719907e-03  1.851415e-02  2.826472e-01  1.395750e-01  1.838619e-02  1.808587e-02  1.393134e-01  2.860833e-01  1.819942e-02  2.129864e-03  1.833282e-02  1.757035e-02  1.646033e-03    1.358781e-01  1.358781e-01    2.047609e-04  -2.047609e-04  1.000e+00
19.179163  2.040057e-03  1.801269e-02  1.774091e-02  1.719668e-03  1.851398e-02  2.826507e-01  1.395737e-01  1.838524e-02  1.808660e-02  1.393103e-01  2.860894e-01  1.819924e-02  2.129963e-03  1.833194e-02  1.756976e-02  1.645863e-03    1.358760e-01  1.358760e-01    2.022280e-04  -2.022280e-04  1.000e+00
19.219163  2.039825e-03  1.801152e-02  1.773943e-02  1.719421e-03  1.851379e-02  2.826542e-01  1.395723e-01  1.838427e-02  1.808734e-02  1.393073e-01  2.860956e-01  1.819905e-02  2.130053e-03  1.833108e-02  1.756917e-02  1.645687e-03    1.358740e-01  1.358740e-01    1.997003e-04  -1.997003e-04  1.000e+00
19.259163  2.039594e-03  1.801037e-02  1.773792e-02  1.719166e-03  1.851356e-02  2.826577e-01  1.395708e-01  1.838327e-02  1.808809e-02  1.393045e-01  2.861017e-01  1.819886e-02  2.130134e-03  1.833025e-02  1.756860e-02  1.645506e-03    1.358720e-01  1.358720e-01    1.971839e-04  -1.971839e-04  1.000e+00
19.299163  2.039364e-03  1.800924e-02  1.773640e-02  1.718903e-03  1.851330e-02  2.826612e-01  1.395692e-01  1.838224e-02  1.808884e-02  1.393018e-01  2.861078e-01  1.819867e-02  2.130205e-03  1.832943e-02  1.756804e-02  1.645319e-03    1.358699e-01  1.358699e-01    1.946848e-04  -1.946848e-04  1.000e+00
19.339163  2.039135e-03  1.800811e-02  1.773487e-02  1.718632e-03  1.851301e-02  2.826648e-01  1.395676e-01  1.838119e-02  1.808961e-02  1.392992e-01  2.861139e-01  1.819848e-02  2.130268e-03  1.832864e-02  1.756749e-02  1.645126e-03    1.358678e-01  1.358678e-01    1.922084e-04  -1.922084e-04  1.000e+00
19.379163  2.038906e-03  1.800700e-02  1.773333e-02  1.718353e-03  1.851269e-02  2.826683e-01  1.395659e-01  1.838012e-02  1.809038e-02  1.392967e-01  2.861199e-01  1.819829e-02  2.130322e-03  1.832787e-02  1.756695e-02  1.644928e-03    1.358656e-01  1.358656e-01    1.897601e-04  -1.897601e-04  1.000e+00
19.419163  2.038677e-03  1.800590e-02  1.773177e-02  1.718068e-03  1.851234e-02  2.826719e-01  1.395641e-01  1.837902e-02  1.809117e-02  1.392944e-01  2.861259e-01  1.819810e-02  2.130366e-03  1.832712e-02  1.756641e-02  1.644724e-03    1.358635e-01  1.358635e-01    1.873454e-04  -1.873454e-04  1.000e+00
19.459163  2.038449e-03  1.800481e-02  1.773019e-02  1.717775e-03  1.851196e-02  2.826755e-01  1.395622e-01  1.837790e-02  1.809196e-02  1.392922e-01  2.861319e-01  1.819792e-02  2.130402e-03  1.832639e-02  1.756589e-02  1.644514e-03    1.358613e-01  1.358613e-01    1.849691e-04  -1.849691e-04  1.000e+00
19.499163  2.038221e-03  1.800374e-02  1.772861e-02  1.717474e-03  1.851156e-02  2.826791e-01  1.395602e-01  1.837676e-02  1.809276e-02  1.392902e-01  2.861379e-01  1.819773e-02  2.130428e-03  1.832568e-02  1.756536e-02  1.644299e-03    1.358591e-01  1.358591e-01    1.826358e-04  -1.826358e-04  1.000e+00
19.539163  2.037993e-03  1.800267e-02  1.772701e-02  1.717167e-03  1.851113e-02  2.826827e-01  1.395582e-01  1.837559e-02  1.809358e-02  1.392882e-01  2.861438e-01  1.819755e-02  2.130446e-03  1.832500e-02  1.756485e-02  1.644079e-03    1.358568e-01  1.358568e-01    1.803510e-04  -1.803510e-04  1.000e+00
19.579163  2.037765e-03  1.800161e-02  1.772539e-02  1.716854e-03  1.851067e-02  2.826863e-01  1.395562e-01  1.837440e-02  1.809440e-02  1.392864e-01  2.861497e-01  1.819737e-02  2.130454e-03  1.832433e-02  1.756434e-02  1.643854e-03    1.358546e-01  1.358546e-01    1.781189e-04  -1.781189e-04  1.000e+00
19.619163  2.037536e-03  1.800056e-02  1.772377e-02  1.716533e-03  1.851019e-02  2.826900e-01  1.395540e-01  1.837319e-02  1.809523e-02  1.392847e-01  2.861555e-01  1.819719e-02  2.130453e-03  1.832368e-02  1.756383e-02  1.643624e-03    1.358523e-01  1.358523e-01    1.759431e-04  -1.759431e-04  1.000e+00
19.659163  2.037308e-03  1.799951e-02  1.772214e-02  1.716207e-03  1.850968e-02  2.826936e-01  1.395518e-01  1.837197e-02  1.809608e-02  1.392831e-01  2.861613e-01  1.819702e-02  2.130443e-03  1.832306e-02  1.756333e-02  1.643388e-03    1.358499e-01  1.358499e-01    1.738283e-04  -1.738283e-04  1.000e+00
19.699163  2.037079e-03  1.799848e-02  1.772049e-02  1.715874e-03  1.850916e-02  2.826972e-01  1.395496e-01  1.837072e-02  1.809693e-02  1.392816e-01  2.861671e-01  1.819685e-02  2.130425e-03  1.832245e-02  1.756283e-02  1.643148e-03    1.358476e-01  1.358476e-01    1.717780e-04  -1.717780e-04  1.000e+00
19.739163  2.036849e-03  1.799744e-02  1.771884e-02  1.715536e-03  1.850861e-02  2.827009e-01  1.395473e-01  1.836945e-02  1.809780e-02  1.392802e-01  2.861729e-01  1.819669e-02  2.130397e-03  1.832187e-02  1.756233e-02  1.642902e-03    1.358452e-01  1.358452e-01    1.697956e-04  -1.697956e-04  1.000e+00
19.779163  2.036619e-03  1.799642e-02  1.771718e-02  1.715193e-03  1.850804e-02  2.827046e-01  1.395449e-01  1.836816e-02  1.809867e-02  1.392790e-01  2.861786e-01  1.819653e-02  2.130361e-03  1.832130e-02  1.756184e-02  1.642652e-03    1.358428e-01  1.358428e-01    1.678846e-04  -1.678846e-04  1.000e+00
19.819163  2.036388e-03  1.799540e-02  1.771551e-02  1.714844e-03  1.850745e-02  2.827082e-01  1.395425e-01  1.836686e-02  1.809956e-02  1.392778e-01  2.861843e-01  1.819638e-02  2.130317e-03  1.832076e-02  1.756135e-02  1.642397e-03    1.358403e-01  1.358403e-01    1.660482e-04  -1.660482e-04  1.000e+00
19.859163  2.036157e-03  1.799438e-02  1.771383e-02  1.714490e-03  1.850685e-02  2.827119e-01  1.395401e-01  1.836554e-02  1.810045e-02  1.392767e-01  2.861899e-01  1.819623e-02  2.130264e-03  1.832023e-02  1.756087e-02  1.642138e-03    1.358378e-01  1.358378e-01    1.642885e-04  -1.642885e-04  1.000e+00
19.899163  2.035925e-03  1.799336e-02  1.771214e-02  1.714131e-03  1.850623e-02  2.827156e-01  1.395376e-01  1.836421e-02  1.810136e-02  1.392756e-01  2.861955e-01  1.819609e-02  2.130202e-03  1.831972e-02  1.756038e-02  1.641874e-03    1.358353e-01  1.358353e-01    1.626083e-04  -1.626083e-04  1.000e+00
19.939163  2.035692e-03  1.799235e-02  1.771046e-02  1.713768e-03  1.850559e-02  2.827193e-01  1.395351e-01  1.836286e-02  1.810227e-02  1.392747e-01  2.862011e-01  1.819596e-02  2.130132e-03  1.831923e-02  1.755990e-02  1.641606e-03    1.358327e-01  1.358327e-01    1.610102e-04  -1.610102e-04  1.000e+00
19.979163  2.035459e-03  1.799133e-02  1.770877e-02  1.713401e-03  1.850494e-02  2.827230e-01  1.395325e-01  1.836150e-02  1.810319e-02  1.392738e-01  2.862066e-01  1.819583e-02  2.130054e-03  1.831876e-02  1.755942e-02  1.641333e-03    1.358301e-01  1.358301e-01    1.594960e-04  -1.594960e-04  1.000e+00
20.019163  2.035224e-03  1.799032e-02  1.770707e-02  1.713031e-03  1.850428e-02  2.827267e-01  1.395300e-01  1.836013e-02  1.810413e-02  1.392730e-01  2.862121e-01  1.819572e-02  2.129969e-03  1.831831e-02  1.755894e-02  1.641055e-03    1.358275e-01  1.358275e-01    1.580675e-04  -1.580675e-04  1.000e+00
20.059163  2.034989e-03  1.798930e-02  1.770538e-02  1.712657e-03  1.850360e-02  2.827304e-01  1.395274e-01  1.835875e-02  1.810507e-02  1.392723e-01  2.862175e-01  1.819561e-02  2.129875e-03  1.831788e-02  1.755846e-02  1.640774e-03    1.358248e-01  1.358248e-01    1.567264e-04  -1.567264e-04  1.000e+00
20.099163  2.034753e-03  1.798829e-02  1.770368e-02  1.712279e-03  1.850292e-02  2.827342e-01  1.395248e-01  1.835735e-02  1.810602e-02  1.392716e-01  2.862229e-01  1.819551e-02  2.129774e-03  1.831746e-02  1.755799e-02  1.640489e-03    1.358221e-01  1.358221e-01    1.554739e-04  -1.554739e-04  1.000e+00
20.139163  2.034516e-03  1.798727e-02  1.770199e-02  1.711899e-03  1.850223e-02  2.827379e-01  1.395222e-01  1.835595e-02  1.810698e-02  1.392710e-01  2.862283e-01  1.819542e-02  2.129666e-03  1.831706e-02  1.755751e-02  1.640199e-03    1.358193e-01  1.358193e-01    1.543110e-04  -1.543110e-04  1.000e+00
20.179163  2.034277e-03  1.798625e-02  1.770029e-02  1.711516e-03  1.850152e-02  2.827416e-01  1.395195e-01  1.835454e-02  1.810795e-02  1.392705e-01  2.862336e-01  1.819533e-02  2.129550e-03  1.831668e-02  1.755704e-02  1.639906e-03    1.358165e-01  1.358165e-01    1.532384e-04  -1.532384e-04  1.000e+00
20.219163  2.034038e-03  1.798522e-02  1.769861e-02  1.711131e-03  1.850082e-02  2.827453e-01  1.395169e-01  1.835313e-02  1.810892e-02  1.392699e-01  2.862388e-01  1.819526e-02  2.129428e-03  1.831631e-02  1.755657e-02  1.639609e-03    1.358137e-01  1.358137e-01    1.522567e-04  -1.522567e-04  1.000e+00
20.259163  2.033798e-03  1.798419e-02  1.769692e-02  1.710743e-03  1.850010e-02  2.827490e-01  1.395142e-01  1.835171e-02  1.810990e-02  1.392695e-01  2.862440e-01  1.819520e-02  2.129298e-03  1.831596e-02  1.755611e-02  1.639308e-03    1.358108e-01  1.358108e-01    1.513662e-04  -1.513662e-04  1.000e+00
20.299163  2.033557e-03  1.798316e-02  1.769525e-02  1.710354e-03  1.849938e-02  2.827528e-01  1.395116e-01  1.835028e-02  1.811089e-02  1.392690e-01  2.862492e-01  1.819514e-02  2.129162e-03  1.831562e-02  1.755564e-02  1.639003e-03    1.358079e-01  1.358079e-01    1.505670e-04  -1.505670e-04  1.000e+00
20.339163  2.033315e-03  1.798211e-02  1.769358e-02  1.709964e-03  1.849866e-02  2.827565e-01  1.395090e-01  1.834885e-02  1.811189e-02  1.392686e-01  2.862543e-01  1.819510e-02  2.129020e-03  1.831530e-02  1.755518e-02  1.638695e-03    1.358050e-01  1.358050e-01    1.498589e-04  -1.498589e-04  1.000e+00
20.379163  2.033072e-03  1.798107e-02  1.769192e-02  1.709572e-03  1.849793e-02  2.827602e-01  1.395063e-01  1.834742e-02  1.811289e-02  1.392682e-01  2.862593e-01  1.819506e-02  2.128871e-03  1.831499e-02  1.755472e-02  1.638384e-03    1.358020e-01  1.358020e-01    1.492409e-04  -1.492409e-04  1.000e+00
20.419163  2.032828e-03  1.798001e-02  1.769027e-02  1.709179e-03  1.849721e-02  2.827639e-01  1.395037e-01  1.834599e-02  1.811390e-02  1.392679e-01  2.862643e-01  1.819504e-02  2.128717e-03  1.831470e-02  1.755427e-02  1.638069e-03    1.357989e-01  1.357989e-01    1.487134e-04  -1.487134e-04  1.000e+00
20.459163  2.032583e-03  1.797894e-02  1.768863e-02  1.708786e-03  1.849648e-02  2.827676e-01  1.395011e-01  1.834456e-02  1.811492e-02  1.392675e-01  2.862693e-01  1.819502e-02  2.128556e-03  1.831443e-02  1.755381e-02  1.637751e-03    1.357958e-01  1.357958e-01    1.482756e-04  -1.482756e-04  1.000e+00
20.499163  2.032337e-03  1.797787e-02  1.768701e-02  1.708393e-03  1.849575e-02  2.827713e-01  1.394985e-01  1.834313e-02  1.811594e-02  1.392672e-01  2.862741e-01  1.819501e-02  2.128390e-03  1.831416e-02  1.755336e-02  1.637430e-03    1.357927e-01  1.357927e-01    1.479260e-04  -1.479260e-04  1.000e+00
20.539163  2.032089e-03  1.797679e-02  1.768540e-02  1.707999e-03  1.849503e-02  2.827750e-01  1.394960e-01  1.834170e-02  1.811696e-02  1.392669e-01  2.862790e-01  1.819502e-02  2.128219e-03  1.831391e-02  1.755292e-02  1.637105e-03    1.357895e-01  1.357895e-01    1.476634e-04  -1.476634e-04  1.000e+00
20.579163  2.031841e-03  1.797569e-02  1.768381e-02  1.707605e-03  1.849431e-02  2.827787e-01  1.394934e-01  1.834027e-02  1.811799e-02  1.392666e-01  2.862837e-01  1.819503e-02  2.128042e-03  1.831367e-02  1.755248e-02  1.636778e-03    1.357863e-01  1.357863e-01    1.474865e-04  -1.474865e-04  1.000e+00
20.619163  2.031592e-03  1.797459e-02  1.768224e-02  1.707212e-03  1.849359e-02  2.827824e-01  1.394909e-01  1.833885e-02  1.811902e-02  1.392662e-01  2.862885e-01  1.819505e-02  2.127861e-03  1.831344e-02  1.755204e-02  1.636449e-03    1.357830e-01  1.357830e-01    1.473935e-04  -1.473935e-04  1.000e+00
20.659163  2.031341e-03  1.797347e-02  1.768068e-02  1.706819e-03  1.849288e-02  2.827861e-01  1.394884e-01  1.833744e-02  1.812005e-02  1.392659e-01  2.862931e-01  1.819509e-02  2.127675e-03  1.831323e-02  1.755161e-02  1.636116e-03    1.357797e-01  1.357797e-01    1.473829e-04  -1.473829e-04  1.000e+00
20.699163  2.031089e-03  1.797235e-02  1.767915e-02  1.706428e-03  1.849217e-02  2.827898e-01  1.394860e-01  1.833603e-02  1.812109e-02  1.392656e-01  2.862977e-01  1.819513e-02  2.127484e-03  1.831303e-02  1.755119e-02  1.635781e-03    1.357763e-01  1.357763e-01    1.474525e-04  -1.474525e-04  1.000e+00
20.739163  2.030836e-03  1.797121e-02  1.767764e-02  1.706037e-03  1.849147e-02  2.827935e-01  1.394836e-01  1.833463e-02  1.812213e-02  1.392652e-01  2.863022e-01  1.819518e-02  2.127289e-03  1.831284e-02  1.755077e-02  1.635443e-03    1.357729e-01  1.357729e-01    1.476005e-04  -1.476005e-04  1.000e+00
20.779163  2.030582e-03  1.797006e-02  1.767615e-02  1.705647e-03  1.849077e-02  2.827972e-01  1.394812e-01  1.833323e-02  1.812317e-02  1.392648e-01  2.863067e-01  1.819524e-02  2.127090e-03  1.831265e-02  1.755036e-02  1.635104e-03    1.357695e-01  1.357695e-01    1.478242e-04  -1.478242e-04  1.000e+00
20.819163  2.030327e-03  1.796889e-02  1.767469e-02  1.705259e-03  1.849008e-02  2.828008e-01  1.394789e-01  1.833185e-02  1.812421e-02  1.392644e-01  2.863111e-01  1.819531e-02  2.126887e-03  1.831248e-02  1.754995e-02  1.634761e-03    1.357660e-01  1.357660e-01    1.481219e-04  -1.481219e-04  1.000e+00
20.859163  2.030070e-03  1.796771e-02  1.767326e-02  1.704872e-03  1.848940e-02  2.828045e-01  1.394766e-01  1.833047e-02  1.812525e-02  1.392640e-01  2.863155e-01  1.819538e-02  2.126681e-03  1.831232e-02  1.754955e-02  1.634417e-03    1.357624e-01  1.357624e-01    1.484903e-04  -1.484903e-04  1.000e+00
20.899163  2.029811e-03  1.796652e-02  1.767185e-02  1.704487e-03  1.848873e-02  2.828081e-01  1.394744e-01  1.832911e-02  1.812629e-02  1.392636e-01  2.863198e-01  1.819547e-02  2.126471e-03  1.831217e-02  1.754916e-02  1.634071e-03    1.357588e-01  1.357588e-01    1.489274e-04  -1.489274e-04  1.000e+00
20.939163  2.029552e-03  1.796531e-02  1.767048e-02  1.704104e-03  1.848806e-02  2.828118e-01  1.394722e-01  1.832776e-02  1.812733e-02  1.392631e-01  2.863240e-01  1.819556e-02  2.126258e-03  1.831202e-02  1.754877e-02  1.633722e-03    1.357552e-01  1.357552e-01    1.494302e-04  -1.494302e-04  1.000e+00
20.979163  2.029291e-03  1.796408e-02  1.766913e-02  1.703724e-03  1.848741e-02  2.828154e-01  1.394700e-01  1.832642e-02  1.812837e-02  1.392626e-01  2.863282e-01  1.819566e-02  2.126041e-03  1.831189e-02  1.754839e-02  1.633372e-03    1.357515e-01  1.357515e-01    1.499954e-04  -1.499954e-04  1.000e+00
21.019163  2.029028e-03  1.796284e-02  1.766782e-02  1.703345e-03  1.848677e-02  2.828191e-01  1.394680e-01  1.832509e-02  1.812941e-02  1.392620e-01  2.863323e-01  1.819577e-02  2.125822e-03  1.831176e-02  1.754802e-02  1.633021e-03    1.357478e-01  1.357478e-01    1.506208e-04  -1.506208e-04  1.000e+00
21.059163  2.028764e-03  1.796159e-02  1.766654e-02  1.702969e-03  1.848613e-02  2.828227e-01  1.394659e-01  1.832378e-02  1.813044e-02  1.392614e-01  2.863363e-01  1.819588e-02  2.125600e-03  1.831164e-02  1.754766e-02  1.632667e-03    1.357440e-01  1.357440e-01    1.513031e-04  -1.513031e-04  1.000e+00
21.099163  2.028499e-03  1.796032e-02  1.766529e-02  1.702596e-03  1.848551e-02  2.828263e-01  1.394639e-01  1.832248e-02  1.813147e-02  1.392608e-01  2.863403e-01  1.819600e-02  2.125375e-03  1.831153e-02  1.754731e-02  1.632312e-03    1.357402e-01  1.357402e-01    1.520389e-04  -1.520389e-04  1.000e+00
21.139163  2.028232e-03  1.795903e-02  1.766408e-02  1.702225e-03  1.848490e-02  2.828299e-01  1.394620e-01  1.832119e-02  1.813249e-02  1.392601e-01  2.863442e-01  1.819612e-02  2.125148e-03  1.831142e-02  1.754697e-02  1.631956e-03    1.357363e-01  1.357363e-01    1.528253e-04  -1.528253e-04  1.000e+00
21.179163  2.027963e-03  1.795773e-02  1.766291e-02  1.701858e-03  1.848430e-02  2.828335e-01  1.394602e-01  1.831992e-02  1.813351e-02  1.392594e-01  2.863480e-01  1.819626e-02  2.124919e-03  1.831132e-02  1.754664e-02  1.631599e-03    1.357324e-01  1.357324e-01    1.536590e-04  -1.536590e-04  1.000e+00
21.219163  2.027692e-03  1.795641e-02  1.766177e-02  1.701493e-03  1.848372e-02  2.828371e-01  1.394584e-01  1.831866e-02  1.813453e-02  1.392586e-01  2.863518e-01  1.819639e-02  2.124688e-03  1.831122e-02  1.754631e-02  1.631241e-03    1.357284e-01  1.357284e-01    1.545366e-04  -1.545366e-04  1.000e+00
21.259163  2.027420e-03  1.795508e-02  1.766067e-02  1.701131e-03  1.848314e-02  2.828407e-01  1.394566e-01  1.831743e-02  1.813554e-02  1.392578e-01  2.863555e-01  1.819653e-02  2.124455e-03  1.831113e-02  1.754600e-02  1.630882e-03    1.357244e-01  1.357244e-01    1.554549e-04  -1.554549e-04  1.000e+00
21.299163  2.027146e-03  1.795372e-02  1.765962e-02  1.700772e-03  1.848258e-02  2.828443e-01  1.394549e-01  1.831620e-02  1.813654e-02  1.392569e-01  2.863592e-01  1.819668e-02  2.124220e-03  1.831105e-02  1.754570e-02  1.630522e-03    1.357204e-01  1.357204e-01    1.564104e-04  -1.564104e-04  1.000e+00
21.339163  2.026870e-03  1.795235e-02  1.765860e-02  1.700417e-03  1.848203e-02  2.828478e-01  1.394533e-01  1.831500e-02  1.813754e-02  1.392559e-01  2.863628e-01  1.819682e-02  2.123984e-03  1.831097e-02  1.754541e-02  1.630161e-03    1.357163e-01  1.357163e-01    1.573997e-04  -1.573997e-04  1.000e+00
21.379163  2.026592e-03  1.795097e-02  1.765763e-02  1.700065e-03  1.848150e-02  2.828514e-01  1.394517e-01  1.831381e-02  1.813852e-02  1.392549e-01  2.863663e-01  1.819697e-02  2.123746e-03  1.831089e-02  1.754513e-02  1.629800e-03    1.357122e-01  1.357122e-01    1.584195e-04  -1.584195e-04  1.000e+00
21.419163  2.026312e-03  1.794956e-02  1.765669e-02  1.699717e-03  1.848097e-02  2.828550e-01  1.394502e-01  1.831264e-02  1.813950e-02  1.392539e-01  2.863698e-01  1.819713e-02  2.123508e-03  1.831082e-02  1.754485e-02  1.629438e-03    1.357080e-01  1.357080e-01    1.594664e-04  -1.594664e-04  1.000e+00
21.459163  2.026030e-03  1.794814e-02  1.765580e-02  1.699371e-03  1.848046e-02  2.828586e-01  1.394488e-01  1.831149e-02  1.814047e-02  1.392528e-01  2.863732e-01  1.819728e-02  2.123268e-03  1.831075e-02  1.754460e-02  1.629076e-03    1.357038e-01  1.357038e-01    1.605368e-04  -1.605368e-04  1.000e+00
21.499163  2.025746e-03  1.794671e-02  1.765496e-02  1.699030e-03  1.847996e-02  2.828621e-01  1.394474e-01  1.831036e-02  1.814143e-02  1.392516e-01  2.863765e-01  1.819744e-02  2.123027e-03  1.831068e-02  1.754435e-02  1.628715e-03    1.356995e-01  1.356995e-01    1.616277e-04  -1.616277e-04  1.000e+00
21.539163  2.025459e-03  1.794525e-02  1.765416e-02  1.698692e-03  1.847948e-02  2.828657e-01  1.394461e-01  1.830924e-02  1.814238e-02  1.392503e-01  2.863798e-01  1.819760e-02  2.122785e-03  1.831061e-02  1.754411e-02  1.628353e-03    1.356953e-01  1.356953e-01    1.627354e-04  -1.627354e-04  1.000e+00
21.579163  2.025170e-03  1.794378e-02  1.765340e-02  1.698357e-03  1.847900e-02  2.828692e-01  1.394448e-01  1.830815e-02  1.814332e-02  1.392490e-01  2.863830e-01  1.819776e-02  2.122543e-03  1.831054e-02  1.754389e-02  1.627991e-03    1.356909e-01  1.356909e-01    1.638568e-04  -1.638568e-04  1.000e+00
21.619163  2.024879e-03  1.794229e-02  1.765269e-02  1.698026e-03  1.847854e-02  2.828728e-01  1.394436e-01  1.830707e-02  1.814424e-02  1.392477e-01  2.863862e-01  1.819791e-02  2.122300e-03  1.831048e-02  1.754367e-02  1.627630e-03    1.356866e-01  1.356866e-01    1.649886e-04  -1.649886e-04  1.000e+00
21.659163  2.024585e-03  1.794079e-02  1.765202e-02  1.697699e-03  1.847810e-02  2.828763e-01  1.394425e-01  1.830601e-02  1.814516e-02  1.392463e-01  2.863893e-01  1.819807e-02  2.122057e-03  1.831042e-02  1.754347e-02  1.627269e-03    1.356821e-01  1.356821e-01    1.661275e-04  -1.661275e-04  1.000e+00
21.699163  2.024289e-03  1.793927e-02  1.765140e-02  1.697375e-03  1.847766e-02  2.828799e-01  1.394414e-01  1.830497e-02  1.814606e-02  1.392448e-01  2.863924e-01  1.819822e-02  2.121813e-03  1.831035e-02  1.754328e-02  1.626909e-03    1.356777e-01  1.356777e-01    1.672705e-04  -1.672705e-04  1.000e+00
21.739163  2.023990e-03  1.793773e-02  1.765083e-02  1.697055e-03  1.847724e-02  2.828834e-01  1.394404e-01  1.830395e-02  1.814695e-02  1.392432e-01  2.863954e-01  1.819838e-02  2.121569e-03  1.831029e-02  1.754310e-02  1.626550e-03    1.356732e-01  1.356732e-01    1.684142e-04  -1.684142e-04  1.000e+00
21.779163  2.023688e-03  1.793618e-02  1.765031e-02  1.696738e-03  1.847683e-02  2.828870e-01  1.394394e-01  1.830295e-02  1.814782e-02  1.392416e-01  2.863983e-01  1.819853e-02  2.121325e-03  1.831022e-02  1.754293e-02  1.626191e-03    1.356687e-01  1.356687e-01    1.695561e-04  -1.695561e-04  1.000e+00
21.819163  2.023383e-03  1.793461e-02  1.764983e-02  1.696426e-03  1.847643e-02  2.828905e-01  1.394385e-01  1.830196e-02  1.814868e-02  1.392400e-01  2.864012e-01  1.819868e-02  2.121081e-03  1.831015e-02  1.754277e-02  1.625834e-03    1.356642e-01  1.356642e-01    1.706927e-04  -1.706927e-04  1.000e+00
21.859163  2.023076e-03  1.793302e-02  1.764939e-02  1.696117e-03  1.847604e-02  2.828941e-01  1.394376e-01  1.830100e-02  1.814952e-02  1.392383e-01  2.864040e-01  1.819882e-02  2.120837e-03  1.831008e-02  1.754263e-02  1.625478e-03    1.356596e-01  1.356596e-01    1.718214e-04  -1.718214e-04  1.000e+00
21.899163  2.022765e-03  1.793142e-02  1.764901e-02  1.695811e-03  1.847567e-02  2.828976e-01  1.394368e-01  1.830006e-02  1.815035e-02  1.392365e-01  2.864068e-01  1.819896e-02  2.120593e-03  1.831001e-02  1.754249e-02  1.625124e-03    1.356550e-01  1.356550e-01    1.729396e-04  -1.729396e-04  1.000e+00
21.939163  2.022452e-03  1.792980e-02  1.764867e-02  1.695509e-03  1.847530e-02  2.829012e-01  1.394360e-01  1.829913e-02  1.815116e-02  1.392346e-01  2.864096e-01  1.819909e-02  2.120350e-03  1.830994e-02  1.754237e-02  1.624771e-03    1.356503e-01  1.356503e-01    1.740441e-04  -1.740441e-04  1.000e+00
21.979163  2.022135e-03  1.792817e-02  1.764838e-02  1.695211e-03  1.847495e-02  2.829048e-01  1.394353e-01  1.829822e-02  1.815195e-02  1.392327e-01  2.864123e-01  1.819922e-02  2.120106e-03  1.830986e-02  1.754226e-02  1.624419e-03    1.356457e-01  1.356457e-01    1.751327e-04  -1.751327e-04  1.000e+00
22.019163  2.021816e-03  1.792653e-02  1.764814e-02  1.694916e-03  1.847460e-02  2.829084e-01  1.394346e-01  1.829734e-02  1.815273e-02  1.392308e-01  2.864149e-01  1.819935e-02  2.119863e-03  1.830977e-02  1.754216e-02  1.624070e-03    1.356410e-01  1.356410e-01    1.762029e-04  -1.762029e-04  1.000e+00
22.059163  2.021493e-03  1.792486e-02  1.764794e-02  1.694625e-03  1.847427e-02  2.829119e-01  1.394340e-01  1.829647e-02  1.815349e-02  1.392288e-01  2.864175e-01  1.819946e-02  2.119620e-03  1.830969e-02  1.754206e-02  1.623722e-03    1.356362e-01  1.356362e-01    1.772522e-04  -1.772522e-04  1.000e+00
22.099163  2.021167e-03  1.792319e-02  1.764779e-02  1.694337e-03  1.847394e-02  2.829155e-01  1.394334e-01  1.829562e-02  1.815423e-02  1.392268e-01  2.864201e-01  1.819957e-02  2.119378e-03  1.830960e-02  1.754198e-02  1.623377e-03    1.356315e-01  1.356315e-01    1.782784e-04  -1.782784e-04  1.000e+00
22.139163  2.020838e-03  1.792150e-02  1.764769e-02  1.694053e-03  1.847363e-02  2.829191e-01  1.394329e-01  1.829478e-02  1.815496e-02  1.392247e-01  2.864226e-01  1.819968e-02  2.119136e-03  1.830950e-02  1.754191e-02  1.623034e-03    1.356267e-01  1.356267e-01    1.792797e-04  -1.792797e-04  1.000e+00
22.179163  2.020506e-03  1.791980e-02  1.764763e-02  1.693772e-03  1.847332e-02  2.829227e-01  1.394324e-01  1.829397e-02  1.815566e-02  1.392225e-01  2.864251e-01  1.819977e-02  2.118894e-03  1.830939e-02  1.754185e-02  1.622694e-03    1.356219e-01  1.356219e-01    1.802536e-04  -1.802536e-04  1.000e+00
22.219163  2.020170e-03  1.791808e-02  1.764762e-02  1.693495e-03  1.847302e-02  2.829264e-01  1.394319e-01  1.829318e-02  1.815634e-02  1.392203e-01  2.864276e-01  1.819986e-02  2.118653e-03  1.830928e-02  1.754180e-02  1.622356e-03    1.356171e-01  1.356171e-01    1.811986e-04  -1.811986e-04  1.000e+00
22.259163  2.019832e-03  1.791635e-02  1.764766e-02  1.693221e-03  1.847273e-02  2.829300e-01  1.394315e-01  1.829240e-02  1.815701e-02  1.392181e-01  2.864300e-01  1.819993e-02  2.118413e-03  1.830917e-02  1.754176e-02  1.622020e-03    1.356122e-01  1.356122e-01    1.821128e-04  -1.821128e-04  1.000e+00
22.299163  2.019490e-03  1.791461e-02  1.764774e-02  1.692950e-03  1.847245e-02  2.829336e-01  1.394311e-01  1.829164e-02  1.815765e-02  1.392158e-01  2.864323e-01  1.820000e-02  2.118173e-03  1.830905e-02  1.754173e-02  1.621688e-03    1.356073e-01  1.356073e-01    1.829948e-04  -1.829948e-04  1.000e+00
22.339163  2.019145e-03  1.791285e-02  1.764786e-02  1.692682e-03  1.847218e-02  2.829373e-01  1.394307e-01  1.829090e-02  1.815827e-02  1.392135e-01  2.864347e-01  1.820006e-02  2.117933e-03  1.830891e-02  1.754171e-02  1.621358e-03    1.356024e-01  1.356024e-01    1.838431e-04  -1.838431e-04  1.000e+00
22.379163  2.018796e-03  1.791109e-02  1.764804e-02  1.692418e-03  1.847191e-02  2.829410e-01  1.394303e-01  1.829018e-02  1.815887e-02  1.392111e-01  2.864370e-01  1.820010e-02  2.117694e-03  1.830878e-02  1.754170e-02  1.621031e-03    1.355975e-01  1.355975e-01    1.846565e-04  -1.846565e-04  1.000e+00
22.419163  2.018445e-03  1.790932e-02  1.764825e-02  1.692156e-03  1.847165e-02  2.829446e-01  1.394300e-01  1.828947e-02  1.815945e-02  1.392087e-01  2.864392e-01  1.820014e-02  2.117455e-03  1.830863e-02  1.754170e-02  1.620707e-03    1.355926e-01  1.355926e-01    1.854337e-04  -1.854337e-04  1.000e+00
22.459163  2.018090e-03  1.790753e-02  1.764852e-02  1.691898e-03  1.847139e-02  2.829483e-01  1.394297e-01  1.828878e-02  1.816001e-02  1.392063e-01  2.864415e-01  1.820016e-02  2.117217e-03  1.830848e-02  1.754171e-02  1.620387e-03    1.355877e-01  1.355877e-01    1.861738e-04  -1.861738e-04  1.000e+00
22.499163  2.017732e-03  1.790574e-02  1.764882e-02  1.691642e-03  1.847114e-02  2.829520e-01  1.394294e-01  1.828811e-02  1.816055e-02  1.392038e-01  2.864437e-01  1.820018e-02  2.116979e-03  1.830831e-02  1.754172e-02  1.620070e-03    1.355827e-01  1.355827e-01    1.868761e-04  -1.868761e-04  1.000e+00
22.539163  2.017371e-03  1.790394e-02  1.764918e-02  1.691390e-03  1.847089e-02  2.829558e-01  1.394292e-01  1.828746e-02  1.816106e-02  1.392013e-01  2.864459e-01  1.820018e-02  2.116742e-03  1.830814e-02  1.754175e-02  1.619755e-03    1.355777e-01  1.355777e-01    1.875397e-04  -1.875397e-04  1.000e+00
22.579163  2.017006e-03  1.790213e-02  1.764957e-02  1.691140e-03  1.847065e-02  2.829595e-01  1.394289e-01  1.828682e-02  1.816156e-02  1.391988e-01  2.864480e-01  1.820017e-02  2.116506e-03  1.830796e-02  1.754179e-02  1.619444e-03    1.355727e-01  1.355727e-01    1.881643e-04  -1.881643e-04  1.000e+00
22.619163  2.016639e-03  1.790032e-02  1.765001e-02  1.690893e-03  1.847041e-02  2.829633e-01  1.394286e-01  1.828620e-02  1.816203e-02  1.391963e-01  2.864501e-01  1.820014e-02  2.116270e-03  1.830778e-02  1.754184e-02  1.619137e-03    1.355677e-01  1.355677e-01    1.887493e-04  -1.887493e-04  1.000e+00
22.659163  2.016268e-03  1.789850e-02  1.765050e-02  1.690649e-03  1.847018e-02  2.829671e-01  1.394284e-01  1.828560e-02  1.816247e-02  1.391937e-01  2.864522e-01  1.820011e-02  2.116034e-03  1.830758e-02  1.754190e-02  1.618833e-03    1.355627e-01  1.355627e-01    1.892944e-04  -1.892944e-04  1.000e+00
22.699163  2.015895e-03  1.789668e-02  1.765103e-02  1.690408e-03  1.846995e-02  2.829708e-01  1.394282e-01  1.828501e-02  1.816290e-02  1.391911e-01  2.864543e-01  1.820006e-02  2.115799e-03  1.830738e-02  1.754197e-02  1.618532e-03    1.355577e-01  1.355577e-01    1.897995e-04  -1.897995e-04  1.000e+00
22.739163  2.015518e-03  1.789486e-02  1.765161e-02  1.690169e-03  1.846972e-02  2.829746e-01  1.394279e-01  1.828444e-02  1.816330e-02  1.391885e-01  2.864563e-01  1.820000e-02  2.115564e-03  1.830716e-02  1.754205e-02  1.618234e-03    1.355527e-01  1.355527e-01    1.902648e-04  -1.902648e-04  1.000e+00
22.779163  2.015138e-03  1.789303e-02  1.765223e-02  1.689933e-03  1.846949e-02  2.829785e-01  1.394277e-01  1.828389e-02  1.816367e-02  1.391858e-01  2.864583e-01  1.819992e-02  2.115330e-03  1.830695e-02  1.754214e-02  1.617940e-03    1.355476e-01  1.355476e-01    1.906901e-04  -1.906901e-04  1.000e+00
22.819163  2.014755e-03  1.789121e-02  1.765289e-02  1.689699e-03  1.846926e-02  2.829823e-01  1.394274e-01  1.828335e-02  1.816403e-02  1.391832e-01  2.864603e-01  1.819983e-02  2.115097e-03  1.830672e-02  1.754225e-02  1.617650e-03    1.355426e-01  1.355426e-01    1.910758e-04  -1.910758e-04  1.000e+00
22.859163  2.014370e-03  1.788938e-02  1.765360e-02  1.689468e-03  1.846904e-02  2.829862e-01  1.394272e-01  1.828283e-02  1.816436e-02  1.391805e-01  2.864623e-01  1.819973e-02  2.114864e-03  1.830649e-02  1.754237e-02  1.617363e-03    1.355375e-01  1.355375e-01    1.914223e-04  -1.914223e-04  1.000e+00
22.899163  2.013981e-03  1.788756e-02  1.765436e-02  1.689240e-03  1.846881e-02  2.829900e-01  1.394269e-01  1.828232e-02  1.816466e-02  1.391778e-01  2.864642e-01  1.819961e-02  2.114632e-03  1.830625e-02  1.754250e-02  1.617079e-03    1.355325e-01  1.355325e-01    1.917301e-04  -1.917301e-04  1.000e+00
22.939163  2.013589e-03  1.788574e-02  1.765516e-02  1.689014e-03  1.846859e-02  2.829939e-01  1.394267e-01  1.828183e-02  1.816494e-02  1.391751e-01  2.864661e-01  1.819948e-02  2.114400e-03  1.830600e-02  1.754264e-02  1.616799e-03    1.355274e-01  1.355274e-01    1.919998e-04  -1.919998e-04  1.000e+00
22.979163  2.013195e-03  1.788392e-02  1.765600e-02  1.688791e-03  1.846836e-02  2.829978e-01  1.394264e-01  1.828136e-02  1.816520e-02  1.391724e-01  2.864680e-01  1.819933e-02  2.114169e-03  1.830575e-02  1.754280e-02  1.616523e-03    1.355224e-01  1.355224e-01    1.922322e-04  -1.922322e-04  1.000e+00
23.019163  2.012798e-03  1.788211e-02  1.765689e-02  1.688571e-03  1.846813e-02  2.830017e-01  1.394261e-01  1.828090e-02  1.816544e-02  1.391697e-01  2.864699e-01  1.819918e-02  2.113938e-03  1.830549e-02  1.754297e-02  1.616250e-03    1.355173e-01  1.355173e-01    1.924280e-04  -1.924280e-04  1.000e+00
23.059163  2.012398e-03  1.788031e-02  1.765783e-02  1.688353e-03  1.846790e-02  2.830057e-01  1.394257e-01  1.828045e-02  1.816565e-02  1.391669e-01  2.864717e-01  1.819900e-02  2.113708e-03  1.830523e-02  1.754316e-02  1.615980e-03    1.355122e-01  1.355122e-01    1.925881e-04  -1.925881e-04  1.000e+00
23.099163  2.011996e-03  1.787852e-02  1.765881e-02  1.688138e-03  1.846767e-02  2.830096e-01  1.394254e-01  1.828002e-02  1.816584e-02  1.391642e-01  2.864735e-01  1.819881e-02  2.113479e-03  1.830496e-02  1.754336e-02  1.615714e-03    1.355072e-01  1.355072e-01    1.927137e-04  -1.927137e-04  1.000e+00
23.139163  2.011591e-03  1.787674e-02  1.765983e-02  1.687925e-03  1.846744e-02  2.830136e-01  1.394250e-01  1.827960e-02  1.816600e-02  1.391614e-01  2.864753e-01  1.819861e-02  2.113251e-03  1.830469e-02  1.754357e-02  1.615452e-03    1.355021e-01  1.355021e-01    1.928057e-04  -1.928057e-04  1.000e+00
23.179163  2.011183e-03  1.787496e-02  1.766090e-02  1.687715e-03  1.846720e-02  2.830176e-01  1.394246e-01  1.827920e-02  1.816614e-02  1.391587e-01  2.864770e-01  1.819839e-02  2.113023e-03  1.830441e-02  1.754381e-02  1.615193e-03    1.354971e-01  1.354971e-01    1.928652e-04  -1.928652e-04  1.000e+00
23.219163  2.010773e-03  1.787320e-02  1.766202e-02  1.687508e-03  1.846696e-02  2.830215e-01  1.394242e-01  1.827880e-02  1.816626e-02  1.391559e-01  2.864788e-01  1.819816e-02  2.112796e-03  1.830414e-02  1.754406e-02  1.614938e-03    1.354921e-01  1.354921e-01    1.928939e-04  -1.928939e-04  1.000e+00
23.259163  2.010360e-03  1.787145e-02  1.766318e-02  1.687304e-03  1.846671e-02  2.830255e-01  1.394237e-01  1.827842e-02  1.816636e-02  1.391531e-01  2.864805e-01  1.819791e-02  2.112569e-03  1.830386e-02  1.754432e-02  1.614686e-03    1.354870e-01  1.354870e-01    1.928928e-04  -1.928928e-04  1.000e+00
23.299163  2.009945e-03  1.786972e-02  1.766438e-02  1.687102e-03  1.846646e-02  2.830296e-01  1.394232e-01  1.827806e-02  1.816643e-02  1.391504e-01  2.864821e-01  1.819765e-02  2.112344e-03  1.830358e-02  1.754461e-02  1.614438e-03    1.354820e-01  1.354820e-01    1.928632e-04  -1.928632e-04  1.000e+00
23.339163  2.009528e-03  1.786800e-02  1.766563e-02  1.686903e-03  1.846620e-02  2.830336e-01  1.394227e-01  1.827770e-02  1.816647e-02  1.391476e-01  2.864838e-01  1.819738e-02  2.112118e-03  1.830329e-02  1.754491e-02  1.614194e-03    1.354770e-01  1.354770e-01    1.928066e-04  -1.928066e-04  1.000e+00
23.379163  2.009108e-03  1.786629e-02  1.766692e-02  1.686708e-03  1.846594e-02  2.830376e-01  1.394221e-01  1.827736e-02  1.816650e-02  1.391448e-01  2.864854e-01  1.819709e-02  2.111894e-03  1.830301e-02  1.754523e-02  1.613953e-03    1.354720e-01  1.354720e-01    1.927247e-04  -1.927247e-04  1.000e+00
23.419163  2.008687e-03  1.786461e-02  1.766826e-02  1.686515e-03  1.846567e-02  2.830417e-01  1.394215e-01  1.827703e-02  1.816650e-02  1.391420e-01  2.864870e-01  1.819679e-02  2.111670e-03  1.830272e-02  1.754557e-02  1.613716e-03    1.354670e-01  1.354670e-01    1.926188e-04  -1.926188e-04  1.000e+00
23.459163  2.008263e-03  1.786294e-02  1.766963e-02  1.686326e-03  1.846539e-02  2.830457e-01  1.394209e-01  1.827671e-02  1.816648e-02  1.391393e-01  2.864886e-01  1.819647e-02  2.111447e-03  1.830244e-02  1.754593e-02  1.613482e-03    1.354620e-01  1.354620e-01    1.924903e-04  -1.924903e-04  1.000e+00
23.499163  2.007838e-03  1.786128e-02  1.767105e-02  1.686139e-03  1.846511e-02  2.830498e-01  1.394202e-01  1.827639e-02  1.816644e-02  1.391365e-01  2.864901e-01  1.819614e-02  2.111224e-03  1.830215e-02  1.754630e-02  1.613251e-03    1.354571e-01  1.354571e-01    1.923415e-04  -1.923415e-04  1.000e+00
23.539163  2.007410e-03  1.785965e-02  1.767251e-02  1.685956e-03  1.846482e-02  2.830539e-01  1.394195e-01  1.827609e-02  1.816637e-02  1.391337e-01  2.864917e-01  1.819580e-02  2.111002e-03  1.830187e-02  1.754670e-02  1.613024e-03    1.354521e-01  1.354521e-01    1.921737e-04  -1.921737e-04  1.000e+00
23.579163  2.006981e-03  1.785803e-02  1.767402e-02  1.685776e-03  1.846452e-02  2.830580e-01  1.394188e-01  1.827580e-02  1.816629e-02  1.391310e-01  2.864931e-01  1.819544e-02  2.110780e-03  1.830159e-02  1.754711e-02  1.612801e-03    1.354472e-01  1.354472e-01    1.919885e-04  -1.919885e-04  1.000e+00
23.619163  2.006550e-03  1.785644e-02  1.767556e-02  1.685599e-03  1.846421e-02  2.830621e-01  1.394180e-01  1.827552e-02  1.816618e-02  1.391282e-01  2.864946e-01  1.819507e-02  2.110559e-03  1.830131e-02  1.754755e-02  1.612581e-03    1.354423e-01  1.354423e-01    1.917877e-04  -1.917877e-04  1.000e+00
23.659163  2.006118e-03  1.785486e-02  1.767714e-02  1.685425e-03  1.846389e-02  2.830662e-01  1.394171e-01  1.827525e-02  1.816605e-02  1.391255e-01  2.864960e-01  1.819468e-02  2.110338e-03  1.830103e-02  1.754801e-02  1.612364e-03    1.354374e-01  1.354374e-01    1.915730e-04  -1.915730e-04  1.000e+00
23.699163  2.005684e-03  1.785331e-02  1.767876e-02  1.685255e-03  1.846356e-02  2.830704e-01  1.394162e-01  1.827498e-02  1.816590e-02  1.391227e-01  2.864975e-01  1.819428e-02  2.110118e-03  1.830075e-02  1.754848e-02  1.612151e-03    1.354325e-01  1.354325e-01    1.913460e-04  -1.913460e-04  1.000e+00
23.739163  2.005248e-03  1.785177e-02  1.768042e-02  1.685088e-03  1.846322e-02  2.830745e-01  1.394153e-01  1.827473e-02  1.816573e-02  1.391200e-01  2.864989e-01  1.819387e-02  2.109897e-03  1.830048e-02  1.754898e-02  1.611941e-03    1.354276e-01  1.354276e-01    1.911088e-04  -1.911088e-04  1.000e+00
23.779163  2.004812e-03  1.785026e-02  1.768211e-02  1.684924e-03  1.846287e-02  2.830786e-01  1.394144e-01  1.827448e-02  1.816554e-02  1.391172e-01  2.865002e-01  1.819345e-02  2.109677e-03  1.830021e-02  1.754949e-02  1.611734e-03    1.354228e-01  1.354228e-01    1.908624e-04  -1.908624e-04  1.000e+00
23.819163  2.004374e-03  1.784876e-02  1.768384e-02  1.684764e-03  1.846251e-02  2.830828e-01  1.394134e-01  1.827424e-02  1.816533e-02  1.391145e-01  2.865016e-01  1.819301e-02  2.109457e-03  1.829994e-02  1.755003e-02  1.611531e-03    1.354180e-01  1.354180e-01    1.906094e-04  -1.906094e-04  1.000e+00
23.859163  2.003935e-03  1.784729e-02  1.768560e-02  1.684607e-03  1.846214e-02  2.830870e-01  1.394123e-01  1.827400e-02  1.816510e-02  1.391118e-01  2.865029e-01  1.819256e-02  2.109237e-03  1.829967e-02  1.755058e-02  1.611330e-03    1.354132e-01  1.354132e-01    1.903511e-04  -1.903511e-04  1.000e+00
23.899163  2.003496e-03  1.784583e-02  1.768740e-02  1.684454e-03  1.846175e-02  2.830912e-01  1.394112e-01  1.827378e-02  1.816485e-02  1.391091e-01  2.865042e-01  1.819210e-02  2.109017e-03  1.829941e-02  1.755115e-02  1.611133e-03    1.354084e-01  1.354084e-01    1.900891e-04  -1.900891e-04  1.000e+00
23.939163  2.003055e-03  1.784440e-02  1.768922e-02  1.684303e-03  1.846136e-02  2.830954e-01  1.394101e-01  1.827355e-02  1.816459e-02  1.391063e-01  2.865054e-01  1.819163e-02  2.108797e-03  1.829915e-02  1.755175e-02  1.610939e-03    1.354036e-01  1.354036e-01    1.898252e-04  -1.898252e-04  1.000e+00
23.979163  2.002614e-03  1.784299e-02  1.769108e-02  1.684157e-03  1.846095e-02  2.830996e-01  1.394089e-01  1.827334e-02  1.816430e-02  1.391037e-01  2.865067e-01  1.819115e-02  2.108576e-03  1.829890e-02  1.755236e-02  1.610747e-03    1.353989e-01  1.353989e-01    1.895612e-04  -1.895612e-04  1.000e+00
24.019163  2.002173e-03  1.784159e-02  1.769296e-02  1.684013e-03  1.846053e-02  2.831038e-01  1.394077e-01  1.827313e-02  1.816400e-02  1.391010e-01  2.865079e-01  1.819065e-02  2.108355e-03  1.829865e-02  1.755299e-02  1.610559e-03    1.353942e-01  1.353942e-01    1.892983e-04  -1.892983e-04  1.000e+00
24.059163  2.001730e-03  1.784022e-02  1.769487e-02  1.683873e-03  1.846010e-02  2.831080e-01  1.394065e-01  1.827293e-02  1.816368e-02  1.390983e-01  2.865091e-01  1.819015e-02  2.108134e-03  1.829841e-02  1.755364e-02  1.610373e-03    1.353895e-01  1.353895e-01    1.890382e-04  -1.890382e-04  1.000e+00
24.099163  2.001288e-03  1.783886e-02  1.769681e-02  1.683735e-03  1.845966e-02  2.831123e-01  1.394052e-01  1.827273e-02  1.816334e-02  1.390956e-01  2.865103e-01  1.818963e-02  2.107912e-03  1.829817e-02  1.755430e-02  1.610190e-03    1.353848e-01  1.353848e-01    1.887827e-04  -1.887827e-04  1.000e+00
24.139163  2.000845e-03  1.783752e-02  1.769877e-02  1.683601e-03  1.845920e-02  2.831165e-01  1.394039e-01  1.827254e-02  1.816298e-02  1.390930e-01  2.865115e-01  1.818911e-02  2.107689e-03  1.829793e-02  1.755499e-02  1.610009e-03    1.353802e-01  1.353802e-01    1.885327e-04  -1.885327e-04  1.000e+00
24.179163  2.000402e-03  1.783620e-02  1.770075e-02  1.683470e-03  1.845873e-02  2.831208e-01  1.394025e-01  1.827235e-02  1.816261e-02  1.390903e-01  2.865126e-01  1.818857e-02  2.107465e-03  1.829770e-02  1.755569e-02  1.609831e-03    1.353756e-01  1.353756e-01    1.882902e-04  -1.882902e-04  1.000e+00
24.219163  1.999958e-03  1.783490e-02  1.770275e-02  1.683342e-03  1.845825e-02  2.831251e-01  1.394011e-01  1.827217e-02  1.816222e-02  1.390877e-01  2.865137e-01  1.818802e-02  2.107241e-03  1.829748e-02  1.755640e-02  1.609656e-03    1.353710e-01  1.353710e-01    1.880563e-04  -1.880563e-04  1.000e+00
24.259163  1.999515e-03  1.783362e-02  1.770477e-02  1.683217e-03  1.845776e-02  2.831294e-01  1.393997e-01  1.827199e-02  1.816182e-02  1.390850e-01  2.865149e-01  1.818747e-02  2.107015e-03  1.829726e-02  1.755714e-02  1.609482e-03    1.353664e-01  1.353664e-01    1.878326e-04  -1.878326e-04  1.000e+00
24.299163  1.999071e-03  1.783235e-02  1.770680e-02  1.683094e-03  1.845725e-02  2.831337e-01  1.393982e-01  1.827182e-02  1.816140e-02  1.390824e-01  2.865160e-01  1.818690e-02  2.106789e-03  1.829704e-02  1.755788e-02  1.609311e-03    1.353619e-01  1.353619e-01    1.876202e-04  -1.876202e-04  1.000e+00
24.339163  1.998628e-03  1.783109e-02  1.770885e-02  1.682974e-03  1.845672e-02  2.831380e-01  1.393968e-01  1.827165e-02  1.816097e-02  1.390798e-01  2.865171e-01  1.818633e-02  2.106561e-03  1.829684e-02  1.755864e-02  1.609142e-03    1.353574e-01  1.353574e-01    1.874205e-04  -1.874205e-04  1.000e+00
24.379163  1.998186e-03  1.782985e-02  1.771091e-02  1.682857e-03  1.845619e-02  2.831423e-01  1.393952e-01  1.827149e-02  1.816053e-02  1.390772e-01  2.865181e-01  1.818575e-02  2.106332e-03  1.829663e-02  1.755942e-02  1.608976e-03    1.353529e-01  1.353529e-01    1.872346e-04  -1.872346e-04  1.000e+00
24.419163  1.997743e-03  1.782863e-02  1.771299e-02  1.682742e-03  1.845564e-02  2.831467e-01  1.393937e-01  1.827133e-02  1.816007e-02  1.390746e-01  2.865192e-01  1.818516e-02  2.106101e-03  1.829643e-02  1.756020e-02  1.608811e-03    1.353485e-01  1.353485e-01    1.870635e-04  -1.870635e-04  1.000e+00
24.459163  1.997301e-03  1.782741e-02  1.771507e-02  1.682629e-03  1.845508e-02  2.831510e-01  1.393921e-01  1.827117e-02  1.815959e-02  1.390720e-01  2.865202e-01  1.818456e-02  2.105869e-03  1.829624e-02  1.756100e-02  1.608648e-03    1.353441e-01  1.353441e-01    1.869084e-04  -1.869084e-04  1.000e+00
24.499163  1.996860e-03  1.782621e-02  1.771717e-02  1.682518e-03  1.845450e-02  2.831554e-01  1.393906e-01  1.827102e-02  1.815911e-02  1.390694e-01  2.865213e-01  1.818396e-02  2.105635e-03  1.829605e-02  1.756181e-02  1.608486e-03    1.353397e-01  1.353397e-01    1.867699e-04  -1.867699e-04  1.000e+00
24.539163  1.996419e-03  1.782503e-02  1.771926e-02  1.682410e-03  1.845392e-02  2.831598e-01  1.393889e-01  1.827087e-02  1.815861e-02  1.390669e-01  2.865223e-01  1.818335e-02  2.105399e-03  1.829587e-02  1.756264e-02  1.608327e-03    1.353353e-01  1.353353e-01    1.866491e-04  -1.866491e-04  1.000e+00
24.579163  1.995980e-03  1.782385e-02  1.772137e-02  1.682303e-03  1.845331e-02  2.831642e-01  1.393873e-01  1.827072e-02  1.815810e-02  1.390643e-01  2.865234e-01  1.818273e-02  2.105161e-03  1.829569e-02  1.756347e-02  1.608169e-03    1.353310e-01  1.353310e-01    1.865467e-04  -1.865467e-04  1.000e+00
24.619163  1.995540e-03  1.782268e-02  1.772347e-02  1.682198e-03  1.845270e-02  2.831686e-01  1.393857e-01  1.827058e-02  1.815758e-02  1.390618e-01  2.865244e-01  1.818211e-02  2.104921e-03  1.829552e-02  1.756431e-02  1.608012e-03    1.353267e-01  1.353267e-01    1.864637e-04  -1.864637e-04  1.000e+00
24.659163  1.995102e-03  1.782152e-02  1.772558e-02  1.682094e-03  1.845207e-02  2.831730e-01  1.393840e-01  1.827044e-02  1.815705e-02  1.390592e-01  2.865254e-01  1.818147e-02  2.104679e-03  1.829535e-02  1.756516e-02  1.607856e-03    1.353224e-01  1.353224e-01    1.864004e-04  -1.864004e-04  1.000e+00
24.699163  1.994665e-03  1.782037e-02  1.772768e-02  1.681992e-03  1.845143e-02  2.831774e-01  1.393823e-01  1.827031e-02  1.815650e-02  1.390567e-01  2.865264e-01  1.818084e-02  2.104435e-03  1.829519e-02  1.756601e-02  1.607702e-03    1.353182e-01  1.353182e-01    1.863577e-04  -1.863577e-04  1.000e+00
24.739163  1.994229e-03  1.781923e-02  1.772978e-02  1.681891e-03  1.845078e-02  2.831819e-01  1.393806e-01  1.827017e-02  1.815595e-02  1.390542e-01  2.865274e-01  1.818020e-02  2.104188e-03  1.829503e-02  1.756688e-02  1.607549e-03    1.353140e-01  1.353140e-01    1.863362e-04  -1.863362e-04  1.000e+00
24.779163  1.993794e-03  1.781810e-02  1.773188e-02  1.681791e-03  1.845012e-02  2.831864e-01  1.393789e-01  1.827005e-02  1.815538e-02  1.390516e-01  2.865284e-01  1.817955e-02  2.103939e-03  1.829488e-02  1.756775e-02  1.607397e-03    1.353098e-01  1.353098e-01    1.863360e-04  -1.863360e-04  1.000e+00
24.819163  1.993360e-03  1.781697e-02  1.773398e-02  1.681691e-03  1.844944e-02  2.831909e-01  1.393772e-01  1.826992e-02  1.815481e-02  1.390491e-01  2.865294e-01  1.817890e-02  2.103687e-03  1.829474e-02  1.756862e-02  1.607246e-03    1.353056e-01  1.353056e-01    1.863572e-04  -1.863572e-04  1.000e+00
24.859163  1.992927e-03  1.781585e-02  1.773606e-02  1.681593e-03  1.844875e-02  2.831954e-01  1.393755e-01  1.826980e-02  1.815423e-02  1.390466e-01  2.865304e-01  1.817824e-02  2.103432e-03  1.829460e-02  1.756950e-02  1.607096e-03    1.353015e-01  1.353015e-01    1.863997e-04  -1.863997e-04  1.000e+00
24.899163  1.992496e-03  1.781473e-02  1.773814e-02  1.681495e-03  1.844805e-02  2.831999e-01  1.393738e-01  1.826968e-02  1.815364e-02  1.390441e-01  2.865315e-01  1.817758e-02  2.103174e-03  1.829446e-02  1.757039e-02  1.606946e-03    1.352974e-01  1.352974e-01    1.864646e-04  -1.864646e-04  1.000e+00
24.939163  1.992066e-03  1.781361e-02  1.774021e-02  1.681397e-03  1.844733e-02  2.832044e-01  1.393721e-01  1.826957e-02  1.815303e-02  1.390416e-01  2.865325e-01  1.817692e-02  2.102913e-03  1.829433e-02  1.757127e-02  1.606798e-03    1.352933e-01  1.352933e-01    1.865521e-04  -1.865521e-04  1.000e+00
24.979163  1.991637e-03  1.781250e-02  1.774227e-02  1.681299e-03  1.844661e-02  2.832090e-01  1.393704e-01  1.826946e-02  1.815243e-02  1.390391e-01  2.865335e-01  1.817625e-02  2.102649e-03  1.829420e-02  1.757216e-02  1.606650e-03    1.352893e-01  1.352893e-01    1.866622e-04  -1.866622e-04  1.000e+00
25.019163  1.991211e-03  1.781139e-02  1.774432e-02  1.681201e-03  1.844587e-02  2.832135e-01  1.393686e-01  1.826935e-02  1.815181e-02  1.390366e-01  2.865345e-01  1.817558e-02  2.102382e-03  1.829408e-02  1.757306e-02  1.606502e-03    1.352852e-01  1.352852e-01    1.867930e-04  -1.867930e-04  1.000e+00
25.059163  1.990785e-03  1.781029e-02  1.774635e-02  1.681103e-03  1.844512e-02  2.832181e-01  1.393669e-01  1.826925e-02  1.815118e-02  1.390341e-01  2.865355e-01  1.817490e-02  2.102112e-03  1.829397e-02  1.757395e-02  1.606355e-03    1.352813e-01  1.352813e-01    1.869469e-04  -1.869469e-04  1.000e+00
25.099163  1.990362e-03  1.780918e-02  1.774837e-02  1.681005e-03  1.844436e-02  2.832227e-01  1.393652e-01  1.826915e-02  1.815055e-02  1.390316e-01  2.865365e-01  1.817423e-02  2.101838e-03  1.829386e-02  1.757485e-02  1.606208e-03    1.352773e-01  1.352773e-01    1.871227e-04  -1.871227e-04  1.000e+00
25.139163  1.989940e-03  1.780808e-02  1.775037e-02  1.680906e-03  1.844360e-02  2.832273e-01  1.393635e-01  1.826906e-02  1.814991e-02  1.390291e-01  2.865376e-01  1.817355e-02  2.101560e-03  1.829375e-02  1.757574e-02  1.606061e-03    1.352734e-01  1.352734e-01    1.873198e-04  -1.873198e-04  1.000e+00
25.179163  1.989521e-03  1.780697e-02  1.775236e-02  1.680806e-03  1.844282e-02  2.832320e-01  1.393618e-01  1.826897e-02  1.814927e-02  1.390266e-01  2.865386e-01  1.817286e-02  2.101278e-03  1.829365e-02  1.757664e-02  1.605915e-03    1.352695e-01  1.352695e-01    1.875378e-04  -1.875378e-04  1.000e+00
25.219163  1.989103e-03  1.780587e-02  1.775433e-02  1.680706e-03  1.844203e-02  2.832366e-01  1.393601e-01  1.826888e-02  1.814861e-02  1.390241e-01  2.865397e-01  1.817218e-02  2.100993e-03  1.829356e-02  1.757753e-02  1.605769e-03    1.352656e-01  1.352656e-01    1.877768e-04  -1.877768e-04  1.000e+00
25.259163  1.988687e-03  1.780476e-02  1.775629e-02  1.680605e-03  1.844123e-02  2.832413e-01  1.393584e-01  1.826880e-02  1.814796e-02  1.390216e-01  2.865407e-01  1.817149e-02  2.100703e-03  1.829347e-02  1.757843e-02  1.605623e-03    1.352617e-01  1.352617e-01    1.880357e-04  -1.880357e-04  1.000e+00
25.299163  1.988273e-03  1.780365e-02  1.775822e-02  1.680502e-03  1.844042e-02  2.832459e-01  1.393568e-01  1.826872e-02  1.814729e-02  1.390191e-01  2.865418e-01  1.817080e-02  2.100410e-03  1.829338e-02  1.757932e-02  1.605477e-03    1.352579e-01  1.352579e-01    1.883147e-04  -1.883147e-04  1.000e+00
25.339163  1.987861e-03  1.780255e-02  1.776014e-02  1.680399e-03  1.843960e-02  2.832506e-01  1.393551e-01  1.826864e-02  1.814662e-02  1.390166e-01  2.865428e-01  1.817011e-02  2.100112e-03  1.829330e-02  1.758021e-02  1.605330e-03    1.352541e-01  1.352541e-01    1.886128e-04  -1.886128e-04  1.000e+00
25.379163  1.987452e-03  1.780143e-02  1.776203e-02  1.680294e-03  1.843877e-02  2.832553e-01  1.393535e-01  1.826857e-02  1.814594e-02  1.390141e-01  2.865439e-01  1.816942e-02  2.099810e-03  1.829322e-02  1.758110e-02  1.605184e-03    1.352503e-01  1.352503e-01    1.889294e-04  -1.889294e-04  1.000e+00
25.419163  1.987044e-03  1.780032e-02  1.776391e-02  1.680188e-03  1.843793e-02  2.832600e-01  1.393518e-01  1.826851e-02  1.814526e-02  1.390116e-01  2.865450e-01  1.816872e-02  2.099503e-03  1.829315e-02  1.758199e-02  1.605038e-03    1.352466e-01  1.352466e-01    1.892634e-04  -1.892634e-04  1.000e+00
25.459163  1.986639e-03  1.779920e-02  1.776576e-02  1.680080e-03  1.843709e-02  2.832648e-01  1.393502e-01  1.826844e-02  1.814458e-02  1.390091e-01  2.865461e-01  1.816803e-02  2.099192e-03  1.829308e-02  1.758287e-02  1.604891e-03    1.352429e-01  1.352429e-01    1.896132e-04  -1.896132e-04  1.000e+00
25.499163  1.986237e-03  1.779808e-02  1.776760e-02  1.679970e-03  1.843624e-02  2.832695e-01  1.393486e-01  1.826839e-02  1.814388e-02  1.390065e-01  2.865472e-01  1.816733e-02  2.098876e-03  1.829302e-02  1.758375e-02  1.604744e-03    1.352392e-01  1.352392e-01    1.899801e-04  -1.899801e-04  1.000e+00
25.539163  1.985837e-03  1.779696e-02  1.776941e-02  1.679860e-03  1.843537e-02  2.832743e-01  1.393471e-01  1.826834e-02  1.814319e-02  1.390040e-01  2.865483e-01  1.816663e-02  2.098556e-03  1.829296e-02  1.758463e-02  1.604597e-03    1.352355e-01  1.352355e-01    1.903619e-04  -1.903619e-04  1.000e+00
25.579163  1.985439e-03  1.779583e-02  1.777120e-02  1.679747e-03  1.843450e-02  2.832791e-01  1.393455e-01  1.826829e-02  1.814249e-02  1.390015e-01  2.865494e-01  1.816593e-02  2.098231e-03  1.829291e-02  1.758551e-02  1.604450e-03    1.352319e-01  1.352319e-01    1.907581e-04  -1.907581e-04  1.000e+00
25.619163  1.985044e-03  1.779470e-02  1.777297e-02  1.679633e-03  1.843363e-02  2.832839e-01  1.393440e-01  1.826825e-02  1.814178e-02  1.389990e-01  2.865505e-01  1.816523e-02  2.097901e-03  1.829286e-02  1.758638e-02  1.604302e-03    1.352283e-01  1.352283e-01    1.911677e-04  -1.911677e-04  1.000e+00
25.659163  1.984652e-03  1.779356e-02  1.777472e-02  1.679517e-03  1.843274e-02  2.832887e-01  1.393425e-01  1.826821e-02  1.814107e-02  1.389965e-01  2.865516e-01  1.816453e-02  2.097566e-03  1.829281e-02  1.758725e-02  1.604153e-03    1.352247e-01  1.352247e-01    1.915896e-04  -1.915896e-04  1.000e+00
25.699163  1.984262e-03  1.779242e-02  1.777644e-02  1.679399e-03  1.843185e-02  2.832935e-01  1.393410e-01  1.826818e-02  1.814036e-02  1.389939e-01  2.865527e-01  1.816383e-02  2.097227e-03  1.829277e-02  1.758811e-02  1.604004e-03    1.352211e-01  1.352211e-01    1.920224e-04  -1.920224e-04  1.000e+00
25.739163  1.983876e-03  1.779128e-02  1.777815e-02  1.679279e-03  1.843095e-02  2.832983e-01  1.393396e-01  1.826816e-02  1.813964e-02  1.389914e-01  2.865538e-01  1.816312e-02  2.096884e-03  1.829273e-02  1.758897e-02  1.603855e-03    1.352175e-01  1.352175e-01    1.924655e-04  -1.924655e-04  1.000e+00
25.779163  1.983493e-03  1.779013e-02  1.777983e-02  1.679158e-03  1.843005e-02  2.833032e-01  1.393381e-01  1.826814e-02  1.813892e-02  1.389888e-01  2.865550e-01  1.816242e-02  2.096535e-03  1.829269e-02  1.758983e-02  1.603704e-03    1.352140e-01  1.352140e-01    1.929181e-04  -1.929181e-04  1.000e+00
25.819163  1.983112e-03  1.778897e-02  1.778150e-02  1.679034e-03  1.842913e-02  2.833080e-01  1.393367e-01  1.826813e-02  1.813819e-02  1.389863e-01  2.865561e-01  1.816171e-02  2.096183e-03  1.829266e-02  1.759069e-02  1.603552e-03    1.352105e-01  1.352105e-01    1.933784e-04  -1.933784e-04  1.000e+00
25.859163  1.982736e-03  1.778781e-02  1.778314e-02  1.678909e-03  1.842821e-02  2.833129e-01  1.393353e-01  1.826812e-02  1.813746e-02  1.389837e-01  2.865572e-01  1.816101e-02  2.095826e-03  1.829264e-02  1.759154e-02  1.603400e-03    1.352070e-01  1.352070e-01    1.938459e-04  -1.938459e-04  1.000e+00
25.899163  1.982362e-03  1.778665e-02  1.778476e-02  1.678781e-03  1.842729e-02  2.833178e-01  1.393340e-01  1.826812e-02  1.813673e-02  1.389812e-01  2.865584e-01  1.816030e-02  2.095464e-03  1.829261e-02  1.759239e-02  1.603246e-03    1.352036e-01  1.352036e-01    1.943194e-04  -1.943194e-04  1.000e+00
