0.000140  3.301150e-03  2.532720e-02  2.532717e-02  3.301088e-03  2.532717e-02  1.960456e-01  1.960434e-01  2.532714e-02  2.532716e-02  1.960433e-01  1.960458e-01  2.532719e-02  3.301114e-03  2.532719e-02  2.532722e-02  3.301091e-03    3.636981e-06  3.636981e-06    -1.045686e-06  1.045686e-06  1.000e+00
0.000266  3.301208e-03  2.532719e-02  2.532717e-02  3.301084e-03  2.532717e-02  1.960456e-01  1.960434e-01  2.532713e-02  2.532716e-02  1.960433e-01  1.960458e-01  2.532720e-02  3.301141e-03  2.532718e-02  2.532722e-02  3.301091e-03    5.023595e-06  5.023595e-06    -2.053601e-06  2.053601e-06  1.000e+00
0.000398  3.301264e-03  2.532718e-02  2.532717e-02  3.301078e-03  2.532715e-02  1.960456e-01  1.960434e-01  2.532713e-02  2.532715e-02  1.960433e-01  1.960458e-01  2.532720e-02  3.301175e-03  2.532717e-02  2.532722e-02  3.301093e-03    6.350134e-06  6.350134e-06    -2.998355e-06  2.998355e-06  1.000e+00
0.000521  3.301313e-03  2.532717e-02  2.532716e-02  3.301073e-03  2.532714e-02  1.960456e-01  1.960434e-01  2.532712e-02  2.532715e-02  1.960433e-01  1.960458e-01  2.532721e-02  3.301204e-03  2.532716e-02  2.532722e-02  3.301106e-03    7.230712e-06  7.230712e-06    -3.582015e-06  3.582015e-06  1.000e+00
0.000658  3.301370e-03  2.532716e-02  2.532716e-02  3.301070e-03  2.532713e-02  1.960456e-01  1.960433e-01  2.532711e-02  2.532714e-02  1.960432e-01  1.960458e-01  2.532721e-02  3.301225e-03  2.532715e-02  2.532722e-02  3.301136e-03    7.812760e-06  7.812760e-06    -3.929274e-06  3.929274e-06  1.000e+00
0.000795  3.301429e-03  2.532716e-02  2.532715e-02  3.301069e-03  2.532712e-02  1.960456e-01  1.960433e-01  2.532711e-02  2.532713e-02  1.960432e-01  1.960458e-01  2.532721e-02  3.301234e-03  2.532715e-02  2.532721e-02  3.301173e-03    8.166834e-06  8.166834e-06    -4.112773e-06  4.112773e-06  1.000e+00
0.000925  3.301482e-03  2.532716e-02  2.532714e-02  3.301070e-03  2.532711e-02  1.960456e-01  1.960433e-01  2.532711e-02  2.532713e-02  1.960432e-01  1.960458e-01  2.532721e-02  3.301232e-03  2.532714e-02  2.532721e-02  3.301207e-03    8.399418e-06  8.399418e-06    -4.217032e-06  4.217032e-06  1.000e+00
0.001077  3.301542e-03  2.532716e-02  2.532712e-02  3.301071e-03  2.532710e-02  1.960456e-01  1.960433e-01  2.532710e-02  2.532713e-02  1.960432e-01  1.960458e-01  2.532721e-02  3.301221e-03  2.532713e-02  2.532720e-02  3.301241e-03    8.600187e-06  8.600187e-06    -4.296740e-06  4.296740e-06  1.000e+00
0.001290  3.301626e-03  2.532716e-02  2.532711e-02  3.301070e-03  2.532710e-02  1.960456e-01  1.960432e-01  2.532709e-02  2.532712e-02  1.960431e-01  1.960458e-01  2.532722e-02  3.301195e-03  2.532713e-02  2.532720e-02  3.301281e-03    8.804305e-06  8.804305e-06    -4.370108e-06  4.370108e-06  1.000e+00
0.001587  3.301747e-03  2.532716e-02  2.532708e-02  3.301068e-03  2.532709e-02  1.960456e-01  1.960432e-01  2.532708e-02  2.532711e-02  1.960431e-01  1.960458e-01  2.532722e-02  3.301149e-03  2.532712e-02  2.532719e-02  3.301324e-03    9.014193e-06  9.014193e-06    -4.438677e-06  4.438677e-06  1.000e+00
0.001892  3.301869e-03  2.532715e-02  2.532705e-02  3.301070e-03  2.532709e-02  1.960456e-01  1.960431e-01  2.532707e-02  2.532710e-02  1.960430e-01  1.960458e-01  2.532723e-02  3.301096e-03  2.532711e-02  2.532718e-02  3.301357e-03    9.190140e-06  9.190140e-06    -4.488881e-06  4.488881e-06  1.000e+00
0.002308  3.302027e-03  2.532715e-02  2.532701e-02  3.301078e-03  2.532709e-02  1.960457e-01  1.960430e-01  2.532706e-02  2.532709e-02  1.960430e-01  1.960459e-01  2.532723e-02  3.301019e-03  2.532710e-02  2.532718e-02  3.301384e-03    9.406340e-06  9.406340e-06    -4.538808e-06  4.538808e-06  1.000e+00
0.002733  3.302176e-03  2.532714e-02  2.532696e-02  3.301088e-03  2.532709e-02  1.960458e-01  1.960429e-01  2.532705e-02  2.532708e-02  1.960429e-01  1.960460e-01  2.532724e-02  3.300943e-03  2.532710e-02  2.532717e-02  3.301396e-03    9.628350e-06  9.628350e-06    -4.577768e-06  4.577768e-06  1.000e+00
0.003298  3.302355e-03  2.532713e-02  2.532691e-02  3.301104e-03  2.532709e-02  1.960459e-01  1.960428e-01  2.532704e-02  2.532707e-02  1.960427e-01  1.960461e-01  2.532724e-02  3.300857e-03  2.532709e-02  2.532717e-02  3.301399e-03    9.954081e-06  9.954081e-06    -4.620713e-06  4.620713e-06  1.000e+00
0.003808  3.302499e-03  2.532711e-02  2.532685e-02  3.301120e-03  2.532709e-02  1.960461e-01  1.960426e-01  2.532703e-02  2.532705e-02  1.960425e-01  1.960463e-01  2.532725e-02  3.300799e-03  2.532708e-02  2.532718e-02  3.301397e-03    1.029314e-05  1.029314e-05    -4.655363e-06  4.655363e-06  1.000e+00
0.004268  3.302618e-03  2.532710e-02  2.532681e-02  3.301136e-03  2.532710e-02  1.960462e-01  1.960425e-01  2.532702e-02  2.532704e-02  1.960424e-01  1.960464e-01  2.532725e-02  3.300762e-03  2.532708e-02  2.532717e-02  3.301397e-03    1.064135e-05  1.064135e-05    -4.684666e-06  4.684666e-06  1.000e+00
0.004787  3.302743e-03  2.532708e-02  2.532675e-02  3.301155e-03  2.532710e-02  1.960464e-01  1.960422e-01  2.532702e-02  2.532703e-02  1.960422e-01  1.960467e-01  2.532725e-02  3.300734e-03  2.532706e-02  2.532717e-02  3.301400e-03    1.108407e-05  1.108407e-05    -4.715884e-06  4.715884e-06  1.000e+00
0.005306  3.302861e-03  2.532706e-02  2.532670e-02  3.301174e-03  2.532711e-02  1.960467e-01  1.960420e-01  2.532702e-02  2.532701e-02  1.960419e-01  1.960469e-01  2.532725e-02  3.300715e-03  2.532705e-02  2.532716e-02  3.301408e-03    1.157845e-05  1.157845e-05    -4.745225e-06  4.745225e-06  1.000e+00
0.005757  3.302959e-03  2.532705e-02  2.532665e-02  3.301193e-03  2.532711e-02  1.960469e-01  1.960418e-01  2.532701e-02  2.532700e-02  1.960417e-01  1.960471e-01  2.532725e-02  3.300699e-03  2.532704e-02  2.532715e-02  3.301420e-03    1.204784e-05  1.204784e-05    -4.769097e-06  4.769097e-06  1.000e+00
0.006208  3.303055e-03  2.532703e-02  2.532661e-02  3.301213e-03  2.532712e-02  1.960471e-01  1.960415e-01  2.532701e-02  2.532699e-02  1.960415e-01  1.960473e-01  2.532725e-02  3.300681e-03  2.532704e-02  2.532714e-02  3.301435e-03    1.255231e-05  1.255231e-05    -4.791449e-06  4.791449e-06  1.000e+00
0.006630  3.303141e-03  2.532702e-02  2.532656e-02  3.301234e-03  2.532713e-02  1.960473e-01  1.960413e-01  2.532701e-02  2.532698e-02  1.960412e-01  1.960476e-01  2.532725e-02  3.300662e-03  2.532703e-02  2.532713e-02  3.301451e-03    1.305421e-05  1.305421e-05    -4.811016e-06  4.811016e-06  1.000e+00
0.007169  3.303246e-03  2.532700e-02  2.532651e-02  3.301262e-03  2.532713e-02  1.960476e-01  1.960410e-01  2.532701e-02  2.532697e-02  1.960409e-01  1.960479e-01  2.532725e-02  3.300630e-03  2.532702e-02  2.532711e-02  3.301472e-03    1.373958e-05  1.373958e-05    -4.834421e-06  4.834421e-06  1.000e+00
0.007687  3.303342e-03  2.532699e-02  2.532646e-02  3.301288e-03  2.532714e-02  1.960480e-01  1.960406e-01  2.532702e-02  2.532696e-02  1.960406e-01  1.960482e-01  2.532724e-02  3.300593e-03  2.532701e-02  2.532709e-02  3.301491e-03    1.444150e-05  1.444150e-05    -4.855372e-06  4.855372e-06  1.000e+00
0.008307  3.303452e-03  2.532697e-02  2.532639e-02  3.301317e-03  2.532715e-02  1.960484e-01  1.960402e-01  2.532702e-02  2.532695e-02  1.960401e-01  1.960487e-01  2.532724e-02  3.300540e-03  2.532701e-02  2.532707e-02  3.301509e-03    1.533900e-05  1.533900e-05    -4.878890e-06  4.878890e-06  1.000e+00
0.008928  3.303558e-03  2.532696e-02  2.532634e-02  3.301343e-03  2.532716e-02  1.960489e-01  1.960397e-01  2.532703e-02  2.532694e-02  1.960397e-01  1.960491e-01  2.532724e-02  3.300479e-03  2.532701e-02  2.532705e-02  3.301520e-03    1.629813e-05  1.629813e-05    -4.901030e-06  4.901030e-06  1.000e+00
0.009635  3.303676e-03  2.532695e-02  2.532627e-02  3.301368e-03  2.532717e-02  1.960494e-01  1.960391e-01  2.532703e-02  2.532693e-02  1.960391e-01  1.960497e-01  2.532724e-02  3.300401e-03  2.532700e-02  2.532702e-02  3.301522e-03    1.746665e-05  1.746665e-05    -4.924891e-06  4.924891e-06  1.000e+00
0.010743  3.303856e-03  2.532694e-02  2.532618e-02  3.301396e-03  2.532718e-02  1.960505e-01  1.960381e-01  2.532704e-02  2.532692e-02  1.960381e-01  1.960507e-01  2.532725e-02  3.300266e-03  2.532700e-02  2.532699e-02  3.301505e-03    1.945417e-05  1.945417e-05    -4.959675e-06  4.959675e-06  1.000e+00
0.012251  3.304095e-03  2.532692e-02  2.532605e-02  3.301409e-03  2.532719e-02  1.960520e-01  1.960367e-01  2.532706e-02  2.532691e-02  1.960367e-01  1.960523e-01  2.532726e-02  3.300068e-03  2.532700e-02  2.532695e-02  3.301448e-03    2.246776e-05  2.246776e-05    -5.002795e-06  5.002795e-06  1.000e+00
0.013760  3.304333e-03  2.532691e-02  2.532594e-02  3.301396e-03  2.532720e-02  1.960538e-01  1.960350e-01  2.532707e-02  2.532690e-02  1.960350e-01  1.960541e-01  2.532728e-02  3.299864e-03  2.532700e-02  2.532692e-02  3.301368e-03    2.584302e-05  2.584302e-05    -5.041805e-06  5.041805e-06  1.000e+00
0.015316  3.304576e-03  2.532689e-02  2.532582e-02  3.301367e-03  2.532720e-02  1.960558e-01  1.960330e-01  2.532709e-02  2.532690e-02  1.960330e-01  1.960561e-01  2.532731e-02  3.299648e-03  2.532700e-02  2.532690e-02  3.301275e-03    2.971851e-05  2.971851e-05    -5.078896e-06  5.078896e-06  1.000e+00
0.016558  3.304769e-03  2.532687e-02  2.532573e-02  3.301340e-03  2.532720e-02  1.960576e-01  1.960313e-01  2.532710e-02  2.532691e-02  1.960314e-01  1.960579e-01  2.532734e-02  3.299470e-03  2.532700e-02  2.532688e-02  3.301198e-03    3.309998e-05  3.309998e-05    -5.106838e-06  5.106838e-06  1.000e+00
0.017799  3.304958e-03  2.532685e-02  2.532564e-02  3.301313e-03  2.532720e-02  1.960595e-01  1.960295e-01  2.532712e-02  2.532691e-02  1.960295e-01  1.960598e-01  2.532736e-02  3.299286e-03  2.532699e-02  2.532686e-02  3.301122e-03    3.674381e-05  3.674381e-05    -5.133849e-06  5.133849e-06  1.000e+00
0.019898  3.305258e-03  2.532681e-02  2.532549e-02  3.301272e-03  2.532720e-02  1.960630e-01  1.960261e-01  2.532713e-02  2.532692e-02  1.960262e-01  1.960634e-01  2.532741e-02  3.298963e-03  2.532699e-02  2.532684e-02  3.300998e-03    4.351019e-05  4.351019e-05    -5.178397e-06  5.178397e-06  1.000e+00
0.022777  3.305608e-03  2.532674e-02  2.532529e-02  3.301226e-03  2.532720e-02  1.960685e-01  1.960208e-01  2.532715e-02  2.532695e-02  1.960210e-01  1.960689e-01  2.532750e-02  3.298516e-03  2.532698e-02  2.532681e-02  3.300846e-03    5.402418e-05  5.402418e-05    -5.238236e-06  5.238236e-06  1.000e+00
0.025756  3.305876e-03  2.532667e-02  2.532508e-02  3.301194e-03  2.532721e-02  1.960750e-01  1.960146e-01  2.532717e-02  2.532697e-02  1.960148e-01  1.960754e-01  2.532758e-02  3.298077e-03  2.532698e-02  2.532677e-02  3.300726e-03    6.640864e-05  6.640864e-05    -5.301759e-06  5.301759e-06  1.000e+00
0.028825  3.306062e-03  2.532660e-02  2.532487e-02  3.301186e-03  2.532722e-02  1.960824e-01  1.960073e-01  2.532719e-02  2.532700e-02  1.960076e-01  1.960829e-01  2.532766e-02  3.297656e-03  2.532697e-02  2.532672e-02  3.300634e-03    8.076919e-05  8.076919e-05    -5.369360e-06  5.369360e-06  1.000e+00
0.031893  3.306182e-03  2.532653e-02  2.532466e-02  3.301202e-03  2.532724e-02  1.960907e-01  1.959993e-01  2.532721e-02  2.532703e-02  1.959996e-01  1.960911e-01  2.532775e-02  3.297253e-03  2.532697e-02  2.532668e-02  3.300552e-03    9.675380e-05  9.675380e-05    -5.439598e-06  5.439598e-06  1.000e+00
0.034926  3.306258e-03  2.532647e-02  2.532445e-02  3.301234e-03  2.532727e-02  1.960997e-01  1.959906e-01  2.532722e-02  2.532706e-02  1.959908e-01  1.961001e-01  2.532783e-02  3.296860e-03  2.532697e-02  2.532664e-02  3.300465e-03    1.141443e-04  1.141443e-04    -5.511595e-06  5.511595e-06  1.000e+00
0.037688  3.306300e-03  2.532641e-02  2.532425e-02  3.301275e-03  2.532729e-02  1.961086e-01  1.959819e-01  2.532724e-02  2.532709e-02  1.959822e-01  1.961090e-01  2.532791e-02  3.296496e-03  2.532697e-02  2.532661e-02  3.300376e-03    1.313538e-04  1.313538e-04    -5.579040e-06  5.579040e-06  1.000e+00
0.041471  3.306326e-03  2.532634e-02  2.532399e-02  3.301344e-03  2.532733e-02  1.961218e-01  1.959690e-01  2.532727e-02  2.532715e-02  1.959694e-01  1.961223e-01  2.532802e-02  3.295980e-03  2.532698e-02  2.532658e-02  3.300238e-03    1.570521e-04  1.570521e-04    -5.673871e-06  5.673871e-06  1.000e+00
0.045255  3.306315e-03  2.532626e-02  2.532372e-02  3.301423e-03  2.532737e-02  1.961363e-01  1.959549e-01  2.532731e-02  2.532721e-02  1.959553e-01  1.961367e-01  2.532813e-02  3.295439e-03  2.532699e-02  2.532657e-02  3.300086e-03    1.851946e-04  1.851946e-04    -5.771127e-06  5.771127e-06  1.000e+00
0.049124  3.306262e-03  2.532619e-02  2.532346e-02  3.301508e-03  2.532743e-02  1.961523e-01  1.959392e-01  2.532735e-02  2.532729e-02  1.959396e-01  1.961528e-01  2.532826e-02  3.294864e-03  2.532701e-02  2.532657e-02  3.299923e-03    2.164972e-04  2.164972e-04    -5.872853e-06  5.872853e-06  1.000e+00
0.051781  3.306195e-03  2.532614e-02  2.532329e-02  3.301565e-03  2.532747e-02  1.961641e-01  1.959277e-01  2.532738e-02  2.532736e-02  1.959281e-01  1.961646e-01  2.532834e-02  3.294465e-03  2.532702e-02  2.532658e-02  3.299815e-03    2.394563e-04  2.394563e-04    -5.944107e-06  5.944107e-06  1.000e+00
0.054437  3.306107e-03  2.532608e-02  2.532312e-02  3.301620e-03  2.532751e-02  1.961764e-01  1.959155e-01  2.532742e-02  2.532743e-02  1.959160e-01  1.961769e-01  2.532843e-02  3.294067e-03  2.532703e-02  2.532660e-02  3.299712e-03    2.636078e-04  2.636078e-04    -6.016565e-06  6.016565e-06  1.000e+00
0.056886  3.306007e-03  2.532604e-02  2.532297e-02  3.301670e-03  2.532756e-02  1.961883e-01  1.959038e-01  2.532745e-02  2.532749e-02  1.959044e-01  1.961888e-01  2.532851e-02  3.293703e-03  2.532704e-02  2.532662e-02  3.299621e-03    2.869220e-04  2.869220e-04    -6.084410e-06  6.084410e-06  1.000e+00
0.059260  3.305895e-03  2.532599e-02  2.532283e-02  3.301718e-03  2.532760e-02  1.962003e-01  1.958920e-01  2.532750e-02  2.532756e-02  1.958926e-01  1.962009e-01  2.532859e-02  3.293351e-03  2.532705e-02  2.532664e-02  3.299537e-03    3.104896e-04  3.104896e-04    -6.151273e-06  6.151273e-06  1.000e+00
0.062021  3.305747e-03  2.532595e-02  2.532267e-02  3.301774e-03  2.532767e-02  1.962149e-01  1.958776e-01  2.532755e-02  2.532764e-02  1.958783e-01  1.962154e-01  2.532869e-02  3.292943e-03  2.532706e-02  2.532667e-02  3.299443e-03    3.390755e-04  3.390755e-04    -6.230435e-06  6.230435e-06  1.000e+00
0.064577  3.305595e-03  2.532590e-02  2.532252e-02  3.301826e-03  2.532773e-02  1.962289e-01  1.958638e-01  2.532760e-02  2.532771e-02  1.958644e-01  1.962295e-01  2.532878e-02  3.292561e-03  2.532708e-02  2.532671e-02  3.299357e-03    3.666874e-04  3.666874e-04    -6.305217e-06  6.305217e-06  1.000e+00
0.067279  3.305418e-03  2.532586e-02  2.532237e-02  3.301881e-03  2.532780e-02  1.962444e-01  1.958485e-01  2.532766e-02  2.532780e-02  1.958492e-01  1.962449e-01  2.532889e-02  3.292149e-03  2.532710e-02  2.532675e-02  3.299267e-03    3.970461e-04  3.970461e-04    -6.385918e-06  6.385918e-06  1.000e+00
0.069740  3.305245e-03  2.532583e-02  2.532223e-02  3.301931e-03  2.532788e-02  1.962589e-01  1.958341e-01  2.532772e-02  2.532788e-02  1.958349e-01  1.962595e-01  2.532898e-02  3.291764e-03  2.532712e-02  2.532679e-02  3.299183e-03    4.257501e-04  4.257501e-04    -6.461126e-06  6.461126e-06  1.000e+00
0.072960  3.305006e-03  2.532580e-02  2.532206e-02  3.301993e-03  2.532799e-02  1.962787e-01  1.958145e-01  2.532780e-02  2.532799e-02  1.958153e-01  1.962794e-01  2.532912e-02  3.291245e-03  2.532716e-02  2.532686e-02  3.299065e-03    4.648150e-04  4.648150e-04    -6.562414e-06  6.562414e-06  1.000e+00
0.075571  3.304806e-03  2.532578e-02  2.532192e-02  3.302039e-03  2.532808e-02  1.962954e-01  1.957980e-01  2.532787e-02  2.532808e-02  1.957988e-01  1.962961e-01  2.532923e-02  3.290813e-03  2.532720e-02  2.532692e-02  3.298959e-03    4.977384e-04  4.977384e-04    -6.646932e-06  6.646932e-06  1.000e+00
0.077856  3.304629e-03  2.532577e-02  2.532180e-02  3.302075e-03  2.532816e-02  1.963105e-01  1.957831e-01  2.532793e-02  2.532816e-02  1.957840e-01  1.963111e-01  2.532934e-02  3.290430e-03  2.532724e-02  2.532698e-02  3.298858e-03    5.274608e-04  5.274608e-04    -6.722931e-06  6.722931e-06  1.000e+00
0.080134  3.304453e-03  2.532576e-02  2.532168e-02  3.302105e-03  2.532825e-02  1.963259e-01  1.957678e-01  2.532800e-02  2.532825e-02  1.957687e-01  1.963266e-01  2.532945e-02  3.290045e-03  2.532729e-02  2.532704e-02  3.298746e-03    5.579549e-04  5.579549e-04    -6.800822e-06  6.800822e-06  1.000e+00
0.082428  3.304276e-03  2.532575e-02  2.532157e-02  3.302129e-03  2.532834e-02  1.963418e-01  1.957519e-01  2.532808e-02  2.532834e-02  1.957529e-01  1.963425e-01  2.532956e-02  3.289657e-03  2.532734e-02  2.532711e-02  3.298623e-03    5.895027e-04  5.895027e-04    -6.881458e-06  6.881458e-06  1.000e+00
0.084752  3.304100e-03  2.532575e-02  2.532145e-02  3.302144e-03  2.532843e-02  1.963584e-01  1.957355e-01  2.532816e-02  2.532843e-02  1.957365e-01  1.963591e-01  2.532968e-02  3.289266e-03  2.532739e-02  2.532719e-02  3.298487e-03    6.223211e-04  6.223211e-04    -6.965574e-06  6.965574e-06  1.000e+00
0.087681  3.303882e-03  2.532576e-02  2.532131e-02  3.302148e-03  2.532855e-02  1.963799e-01  1.957141e-01  2.532826e-02  2.532855e-02  1.957152e-01  1.963807e-01  2.532984e-02  3.288777e-03  2.532746e-02  2.532729e-02  3.298299e-03    6.649243e-04  6.649243e-04    -7.075324e-06  7.075324e-06  1.000e+00
0.091020  3.303640e-03  2.532577e-02  2.532116e-02  3.302131e-03  2.532869e-02  1.964052e-01  1.956889e-01  2.532839e-02  2.532870e-02  1.956901e-01  1.964060e-01  2.533003e-02  3.288227e-03  2.532756e-02  2.532742e-02  3.298066e-03    7.151575e-04  7.151575e-04    -7.205874e-06  7.205874e-06  1.000e+00
0.094479  3.303400e-03  2.532580e-02  2.532102e-02  3.302089e-03  2.532884e-02  1.964324e-01  1.956618e-01  2.532854e-02  2.532885e-02  1.956631e-01  1.964332e-01  2.533024e-02  3.287667e-03  2.532766e-02  2.532756e-02  3.297809e-03    7.690793e-04  7.690793e-04    -7.347877e-06  7.347877e-06  1.000e+00
0.097894  3.303178e-03  2.532583e-02  2.532088e-02  3.302024e-03  2.532900e-02  1.964601e-01  1.956342e-01  2.532869e-02  2.532900e-02  1.956355e-01  1.964610e-01  2.533046e-02  3.287126e-03  2.532778e-02  2.532771e-02  3.297546e-03    8.241479e-04  8.241479e-04    -7.494718e-06  7.494718e-06  1.000e+00
0.101659  3.302956e-03  2.532587e-02  2.532074e-02  3.301931e-03  2.532919e-02  1.964916e-01  1.956027e-01  2.532888e-02  2.532917e-02  1.956041e-01  1.964926e-01  2.533071e-02  3.286543e-03  2.532792e-02  2.532789e-02  3.297250e-03    8.869718e-04  8.869718e-04    -7.665102e-06  7.665102e-06  1.000e+00
0.105736  3.302749e-03  2.532592e-02  2.532060e-02  3.301810e-03  2.532939e-02  1.965270e-01  1.955672e-01  2.532909e-02  2.532936e-02  1.955688e-01  1.965280e-01  2.533101e-02  3.285931e-03  2.532809e-02  2.532809e-02  3.296928e-03    9.574815e-04  9.574815e-04    -7.860966e-06  7.860966e-06  1.000e+00
0.109616  3.302588e-03  2.532599e-02  2.532047e-02  3.301681e-03  2.532960e-02  1.965618e-01  1.955324e-01  2.532931e-02  2.532953e-02  1.955340e-01  1.965629e-01  2.533129e-02  3.285369e-03  2.532827e-02  2.532829e-02  3.296620e-03    1.026964e-03  1.026964e-03    -8.057911e-06  8.057911e-06  1.000e+00
0.113704  3.302449e-03  2.532606e-02  2.532034e-02  3.301530e-03  2.532984e-02  1.965997e-01  1.954944e-01  2.532957e-02  2.532972e-02  1.954960e-01  1.966008e-01  2.533160e-02  3.284797e-03  2.532847e-02  2.532851e-02  3.296288e-03    1.102637e-03  1.102637e-03    -8.276477e-06  8.276477e-06  1.000e+00
0.118873  3.302292e-03  2.532618e-02  2.532020e-02  3.301323e-03  2.533015e-02  1.966493e-01  1.954444e-01  2.532991e-02  2.532997e-02  1.954462e-01  1.966505e-01  2.533202e-02  3.284099e-03  2.532874e-02  2.532881e-02  3.295857e-03    1.201922e-03  1.201922e-03    -8.570216e-06  8.570216e-06  1.000e+00
0.123251  3.302153e-03  2.532629e-02  2.532009e-02  3.301126e-03  2.533043e-02  1.966928e-01  1.954006e-01  2.533022e-02  2.533020e-02  1.954025e-01  1.966941e-01  2.533240e-02  3.283529e-03  2.532900e-02  2.532909e-02  3.295481e-03    1.289144e-03  1.289144e-03    -8.835213e-06  8.835213e-06  1.000e+00
0.127565  3.302004e-03  2.532643e-02  2.532002e-02  3.300910e-03  2.533073e-02  1.967370e-01  1.953560e-01  2.533055e-02  2.533043e-02  1.953580e-01  1.967384e-01  2.533280e-02  3.282989e-03  2.532927e-02  2.532939e-02  3.295106e-03    1.377831e-03  1.377831e-03    -9.111333e-06  9.111333e-06  1.000e+00
0.131292  3.301869e-03  2.532656e-02  2.531996e-02  3.300703e-03  2.533100e-02  1.967763e-01  1.953163e-01  2.533085e-02  2.533063e-02  1.953185e-01  1.967777e-01  2.533315e-02  3.282544e-03  2.532951e-02  2.532966e-02  3.294780e-03    1.456648e-03  1.456648e-03    -9.362477e-06  9.362477e-06  1.000e+00
0.135020  3.301733e-03  2.532672e-02  2.531993e-02  3.300476e-03  2.533129e-02  1.968165e-01  1.952756e-01  2.533118e-02  2.533085e-02  1.952779e-01  1.968180e-01  2.533352e-02  3.282123e-03  2.532977e-02  2.532995e-02  3.294457e-03    1.537467e-03  1.537467e-03    -9.625432e-06  9.625432e-06  1.000e+00
0.139745  3.301566e-03  2.532694e-02  2.531990e-02  3.300164e-03  2.533169e-02  1.968688e-01  1.952226e-01  2.533162e-02  2.533112e-02  1.952250e-01  1.968704e-01  2.533400e-02  3.281627e-03  2.533012e-02  2.533035e-02  3.294058e-03    1.642763e-03  1.642763e-03    -9.976719e-06  9.976719e-06  1.000e+00
0.144844  3.301402e-03  2.532721e-02  2.531990e-02  3.299802e-03  2.533215e-02  1.969269e-01  1.951635e-01  2.533214e-02  2.533143e-02  1.951662e-01  1.969287e-01  2.533455e-02  3.281134e-03  2.533052e-02  2.533080e-02  3.293639e-03    1.759909e-03  1.759909e-03    -1.037791e-05  1.037791e-05  1.000e+00
0.149919  3.301272e-03  2.532752e-02  2.531994e-02  3.299422e-03  2.533263e-02  1.969865e-01  1.951029e-01  2.533269e-02  2.533175e-02  1.951058e-01  1.969884e-01  2.533511e-02  3.280671e-03  2.533094e-02  2.533128e-02  3.293227e-03    1.880088e-03  1.880088e-03    -1.080035e-05  1.080035e-05  1.000e+00
0.154607  3.301181e-03  2.532783e-02  2.532000e-02  3.299051e-03  2.533311e-02  1.970430e-01  1.950453e-01  2.533324e-02  2.533207e-02  1.950484e-01  1.970451e-01  2.533566e-02  3.280243e-03  2.533136e-02  2.533176e-02  3.292834e-03    1.994242e-03  1.994242e-03    -1.121209e-05  1.121209e-05  1.000e+00
0.159893  3.301094e-03  2.532822e-02  2.532010e-02  3.298607e-03  2.533367e-02  1.971083e-01  1.949784e-01  2.533390e-02  2.533245e-02  1.949819e-01  1.971107e-01  2.533633e-02  3.279731e-03  2.533189e-02  2.533234e-02  3.292364e-03    2.126493e-03  2.126493e-03    -1.169955e-05  1.169955e-05  1.000e+00
0.164789  3.301006e-03  2.532862e-02  2.532024e-02  3.298170e-03  2.533424e-02  1.971705e-01  1.949149e-01  2.533457e-02  2.533284e-02  1.949186e-01  1.971730e-01  2.533697e-02  3.279214e-03  2.533241e-02  2.533292e-02  3.291894e-03    2.252307e-03  2.252307e-03    -1.217552e-05  1.217552e-05  1.000e+00
0.171326  3.300866e-03  2.532922e-02  2.532048e-02  3.297554e-03  2.533505e-02  1.972558e-01  1.948274e-01  2.533552e-02  2.533341e-02  1.948316e-01  1.972586e-01  2.533788e-02  3.278471e-03  2.533317e-02  2.533374e-02  3.291213e-03    2.425151e-03  2.425151e-03    -1.284422e-05  1.284422e-05  1.000e+00
0.177047  3.300742e-03  2.532980e-02  2.532075e-02  3.296985e-03  2.533583e-02  1.973326e-01  1.947486e-01  2.533643e-02  2.533394e-02  1.947532e-01  1.973357e-01  2.533874e-02  3.277792e-03  2.533389e-02  2.533450e-02  3.290566e-03    2.580936e-03  2.580936e-03    -1.346330e-05  1.346330e-05  1.000e+00
0.182769  3.300633e-03  2.533043e-02  2.532107e-02  3.296393e-03  2.533666e-02  1.974113e-01  1.946676e-01  2.533740e-02  2.533452e-02  1.946726e-01  1.974147e-01  2.533964e-02  3.277106e-03  2.533467e-02  2.533531e-02  3.289882e-03    2.740834e-03  2.740834e-03    -1.411090e-05  1.411090e-05  1.000e+00
0.188511  3.300542e-03  2.533112e-02  2.532144e-02  3.295784e-03  2.533754e-02  1.974923e-01  1.945843e-01  2.533843e-02  2.533512e-02  1.945897e-01  1.974959e-01  2.534059e-02  3.276419e-03  2.533551e-02  2.533616e-02  3.289167e-03    2.905351e-03  2.905351e-03    -1.479240e-05  1.479240e-05  1.000e+00
0.193861  3.300474e-03  2.533181e-02  2.532183e-02  3.295205e-03  2.533841e-02  1.975694e-01  1.945047e-01  2.533945e-02  2.533572e-02  1.945106e-01  1.975733e-01  2.534153e-02  3.275788e-03  2.533633e-02  2.533699e-02  3.288480e-03    3.062238e-03  3.062238e-03    -1.545387e-05  1.545387e-05  1.000e+00
0.198261  3.300431e-03  2.533241e-02  2.532219e-02  3.294722e-03  2.533917e-02  1.976340e-01  1.944380e-01  2.534033e-02  2.533623e-02  1.944441e-01  1.976381e-01  2.534233e-02  3.275280e-03  2.533704e-02  2.533769e-02  3.287900e-03    3.193787e-03  3.193787e-03    -1.601662e-05  1.601662e-05  1.000e+00
0.201823  3.300403e-03  2.533292e-02  2.532249e-02  3.294325e-03  2.533980e-02  1.976871e-01  1.943831e-01  2.534107e-02  2.533666e-02  1.943895e-01  1.976914e-01  2.534300e-02  3.274875e-03  2.533764e-02  2.533828e-02  3.287420e-03    3.301976e-03  3.301976e-03    -1.648465e-05  1.648465e-05  1.000e+00
0.205237  3.300384e-03  2.533344e-02  2.532281e-02  3.293938e-03  2.534042e-02  1.977386e-01  1.943297e-01  2.534180e-02  2.533708e-02  1.943364e-01  1.977432e-01  2.534366e-02  3.274495e-03  2.533823e-02  2.533885e-02  3.286952e-03    3.407031e-03  3.407031e-03    -1.694343e-05  1.694343e-05  1.000e+00
0.208573  3.300371e-03  2.533395e-02  2.532313e-02  3.293554e-03  2.534105e-02  1.977895e-01  1.942769e-01  2.534253e-02  2.533750e-02  1.942839e-01  1.977943e-01  2.534432e-02  3.274130e-03  2.533883e-02  2.533943e-02  3.286486e-03    3.510962e-03  3.510962e-03    -1.740129e-05  1.740129e-05  1.000e+00
0.212548  3.300362e-03  2.533460e-02  2.532354e-02  3.293087e-03  2.534182e-02  1.978510e-01  1.942131e-01  2.534343e-02  2.533802e-02  1.942205e-01  1.978560e-01  2.534513e-02  3.273704e-03  2.533956e-02  2.534013e-02  3.285920e-03    3.636444e-03  3.636444e-03    -1.795889e-05  1.795889e-05  1.000e+00
0.217371  3.300360e-03  2.533541e-02  2.532407e-02  3.292507e-03  2.534279e-02  1.979267e-01  1.941345e-01  2.534456e-02  2.533867e-02  1.941423e-01  1.979321e-01  2.534615e-02  3.273201e-03  2.534048e-02  2.534101e-02  3.285218e-03    3.791070e-03  3.791070e-03    -1.865299e-05  1.865299e-05  1.000e+00
0.222988  3.300364e-03  2.533641e-02  2.532473e-02  3.291812e-03  2.534396e-02  1.980164e-01  1.940412e-01  2.534593e-02  2.533945e-02  1.940495e-01  1.980221e-01  2.534739e-02  3.272629e-03  2.534160e-02  2.534207e-02  3.284378e-03    3.974350e-03  3.974350e-03    -1.948570e-05  1.948570e-05  1.000e+00
0.228252  3.300369e-03  2.533740e-02  2.532540e-02  3.291142e-03  2.534511e-02  1.981019e-01  1.939522e-01  2.534727e-02  2.534022e-02  1.939610e-01  1.981079e-01  2.534858e-02  3.272104e-03  2.534269e-02  2.534309e-02  3.283572e-03    4.149163e-03  4.149163e-03    -2.028766e-05  2.028766e-05  1.000e+00
0.236294  3.300370e-03  2.533901e-02  2.532650e-02  3.290085e-03  2.534696e-02  1.982351e-01  1.938132e-01  2.534940e-02  2.534145e-02  1.938229e-01  1.982417e-01  2.535050e-02  3.271309e-03  2.534444e-02  2.534472e-02  3.282301e-03    4.421839e-03  4.421839e-03    -2.155377e-05  2.155377e-05  1.000e+00
0.242134  3.300357e-03  2.534024e-02  2.532737e-02  3.289297e-03  2.534836e-02  1.983338e-01  1.937101e-01  2.535102e-02  2.534238e-02  1.937205e-01  1.983408e-01  2.535195e-02  3.270727e-03  2.534576e-02  2.534596e-02  3.281347e-03    4.623998e-03  4.623998e-03    -2.250222e-05  2.250222e-05  1.000e+00
0.247974  3.300328e-03  2.534153e-02  2.532829e-02  3.288493e-03  2.534983e-02  1.984341e-01  1.936052e-01  2.535270e-02  2.534336e-02  1.936163e-01  1.984416e-01  2.535345e-02  3.270130e-03  2.534713e-02  2.534724e-02  3.280366e-03    4.829556e-03  4.829556e-03    -2.347436e-05  2.347436e-05  1.000e+00
0.254211  3.300281e-03  2.534297e-02  2.532934e-02  3.287623e-03  2.535146e-02  1.985429e-01  1.934912e-01  2.535456e-02  2.534444e-02  1.935031e-01  1.985509e-01  2.535510e-02  3.269473e-03  2.534865e-02  2.534866e-02  3.279287e-03    5.052738e-03  5.052738e-03    -2.453912e-05  2.453912e-05  1.000e+00
0.260447  3.300216e-03  2.534448e-02  2.533045e-02  3.286745e-03  2.535316e-02  1.986535e-01  1.933753e-01  2.535647e-02  2.534556e-02  1.933880e-01  1.986620e-01  2.535682e-02  3.268790e-03  2.535022e-02  2.535014e-02  3.278175e-03    5.279617e-03  5.279617e-03    -2.562689e-05  2.562689e-05  1.000e+00
0.268047  3.300123e-03  2.534638e-02  2.533190e-02  3.285672e-03  2.535533e-02  1.987906e-01  1.932314e-01  2.535890e-02  2.534697e-02  1.932452e-01  1.987996e-01  2.535898e-02  3.267922e-03  2.535219e-02  2.535201e-02  3.276782e-03    5.560960e-03  5.560960e-03    -2.698711e-05  2.698711e-05  1.000e+00
0.276440  3.300018e-03  2.534858e-02  2.533359e-02  3.284486e-03  2.535783e-02  1.989448e-01  1.930693e-01  2.536166e-02  2.534860e-02  1.930844e-01  1.989545e-01  2.536145e-02  3.266926e-03  2.535445e-02  2.535417e-02  3.275198e-03    5.877660e-03  5.877660e-03    -2.852297e-05  2.852297e-05  1.000e+00
0.283322  3.299935e-03  2.535045e-02  2.533506e-02  3.283513e-03  2.535997e-02  1.990735e-01  1.929339e-01  2.536400e-02  2.534999e-02  1.929501e-01  1.990837e-01  2.536354e-02  3.266083e-03  2.535636e-02  2.535601e-02  3.273872e-03    6.141978e-03  6.141978e-03    -2.981019e-05  2.981019e-05  1.000e+00
0.290205  3.299860e-03  2.535237e-02  2.533661e-02  3.282541e-03  2.536217e-02  1.992041e-01  1.927964e-01  2.536640e-02  2.535141e-02  1.928137e-01  1.992148e-01  2.536569e-02  3.265219e-03  2.535831e-02  2.535792e-02  3.272524e-03    6.410298e-03  6.410298e-03    -3.111912e-05  3.111912e-05  1.000e+00
0.297536  3.299792e-03  2.535449e-02  2.533833e-02  3.281502e-03  2.536460e-02  1.993451e-01  1.926476e-01  2.536903e-02  2.535297e-02  1.926663e-01  1.993564e-01  2.536803e-02  3.264278e-03  2.536043e-02  2.536003e-02  3.271070e-03    6.700338e-03  6.700338e-03    -3.253594e-05  3.253594e-05  1.000e+00
0.306509  3.299725e-03  2.535715e-02  2.534053e-02  3.280228e-03  2.536767e-02  1.995206e-01  1.924624e-01  2.537233e-02  2.535495e-02  1.924828e-01  1.995325e-01  2.537098e-02  3.263105e-03  2.536309e-02  2.536270e-02  3.269269e-03    7.061202e-03  7.061202e-03    -3.430031e-05  3.430031e-05  1.000e+00
0.316233  3.299671e-03  2.536014e-02  2.534305e-02  3.278841e-03  2.537112e-02  1.997141e-01  1.922579e-01  2.537601e-02  2.535716e-02  1.922803e-01  1.997267e-01  2.537428e-02  3.261818e-03  2.536602e-02  2.536571e-02  3.267298e-03    7.459172e-03  7.459172e-03    -3.624510e-05  3.624510e-05  1.000e+00
0.327453  3.299626e-03  2.536370e-02  2.534609e-02  3.277236e-03  2.537524e-02  1.999414e-01  1.920173e-01  2.538037e-02  2.535979e-02  1.920421e-01  1.999548e-01  2.537818e-02  3.260332e-03  2.536948e-02  2.536931e-02  3.265007e-03    7.926995e-03  7.926995e-03    -3.852723e-05  3.852723e-05  1.000e+00
0.335986  3.299600e-03  2.536650e-02  2.534850e-02  3.276012e-03  2.537846e-02  2.001171e-01  1.918312e-01  2.538378e-02  2.536185e-02  1.918580e-01  2.001311e-01  2.538123e-02  3.259211e-03  2.537214e-02  2.537214e-02  3.263255e-03    8.288672e-03  8.288672e-03    -4.028653e-05  4.028653e-05  1.000e+00
0.344518  3.299576e-03  2.536936e-02  2.535099e-02  3.274793e-03  2.538176e-02  2.002952e-01  1.916424e-01  2.538724e-02  2.536394e-02  1.916712e-01  2.003097e-01  2.538433e-02  3.258102e-03  2.537483e-02  2.537504e-02  3.261501e-03    8.655236e-03  8.655236e-03    -4.206435e-05  4.206435e-05  1.000e+00
0.352433  3.299552e-03  2.537207e-02  2.535336e-02  3.273668e-03  2.538489e-02  2.004625e-01  1.914650e-01  2.539050e-02  2.536591e-02  1.914958e-01  2.004774e-01  2.538726e-02  3.257083e-03  2.537735e-02  2.537779e-02  3.259875e-03    8.999466e-03  8.999466e-03    -4.372822e-05  4.372822e-05  1.000e+00
0.362628  3.299507e-03  2.537562e-02  2.535650e-02  3.272237e-03  2.538901e-02  2.006807e-01  1.912335e-01  2.539477e-02  2.536848e-02  1.912669e-01  2.006962e-01  2.539110e-02  3.255782e-03  2.538060e-02  2.538140e-02  3.257787e-03    9.448544e-03  9.448544e-03    -4.589133e-05  4.589133e-05  1.000e+00
0.373575  3.299430e-03  2.537952e-02  2.535998e-02  3.270730e-03  2.539353e-02  2.009183e-01  1.909811e-01  2.539941e-02  2.537127e-02  1.910176e-01  2.009344e-01  2.539529e-02  3.254390e-03  2.538411e-02  2.538537e-02  3.255559e-03    9.937640e-03  9.937640e-03    -4.823247e-05  4.823247e-05  1.000e+00
0.385130  3.299296e-03  2.538370e-02  2.536376e-02  3.269187e-03  2.539842e-02  2.011728e-01  1.907108e-01  2.540437e-02  2.537424e-02  1.907507e-01  2.011894e-01  2.539978e-02  3.252914e-03  2.538782e-02  2.538966e-02  3.253231e-03    1.046118e-02  1.046118e-02    -5.072151e-05  5.072151e-05  1.000e+00
0.395683  3.299109e-03  2.538757e-02  2.536730e-02  3.267831e-03  2.540296e-02  2.014083e-01  1.904606e-01  2.540894e-02  2.537696e-02  1.905037e-01  2.014253e-01  2.540394e-02  3.251549e-03  2.539119e-02  2.539364e-02  3.251126e-03    1.094553e-02  1.094553e-02    -5.300700e-05  5.300700e-05  1.000e+00
0.405424  3.298871e-03  2.539119e-02  2.537064e-02  3.266628e-03  2.540721e-02  2.016282e-01  1.902270e-01  2.541318e-02  2.537948e-02  1.902731e-01  2.016456e-01  2.540782e-02  3.250269e-03  2.539429e-02  2.539738e-02  3.249199e-03    1.139761e-02  1.139761e-02    -5.512424e-05  5.512424e-05  1.000e+00
0.414268  3.298600e-03  2.539449e-02  2.537372e-02  3.265577e-03  2.541110e-02  2.018299e-01  1.900128e-01  2.541704e-02  2.538177e-02  1.900618e-01  2.018475e-01  2.541136e-02  3.249089e-03  2.539708e-02  2.540082e-02  3.247463e-03    1.181198e-02  1.181198e-02    -5.705049e-05  5.705049e-05  1.000e+00
0.423014  3.298282e-03  2.539778e-02  2.537680e-02  3.264571e-03  2.541499e-02  2.020311e-01  1.897991e-01  2.542086e-02  2.538403e-02  1.898510e-01  2.020490e-01  2.541488e-02  3.247907e-03  2.539981e-02  2.540424e-02  3.245758e-03    1.222531e-02  1.222531e-02    -5.895667e-05  5.895667e-05  1.000e+00
0.432810  3.297871e-03  2.540148e-02  2.538029e-02  3.263480e-03  2.541936e-02  2.022585e-01  1.895576e-01  2.542512e-02  2.538654e-02  1.896129e-01  2.022766e-01  2.541884e-02  3.246567e-03  2.540284e-02  2.540811e-02  3.243863e-03    1.269216e-02  1.269216e-02    -6.109209e-05  6.109209e-05  1.000e+00
0.441857  3.297445e-03  2.540491e-02  2.538355e-02  3.262497e-03  2.542342e-02  2.024704e-01  1.893327e-01  2.542904e-02  2.538885e-02  1.893912e-01  2.024887e-01  2.542251e-02  3.245316e-03  2.540559e-02  2.541170e-02  3.242127e-03    1.312689e-02  1.312689e-02    -6.306117e-05  6.306117e-05  1.000e+00
0.451973  3.296921e-03  2.540874e-02  2.538722e-02  3.261421e-03  2.542796e-02  2.027094e-01  1.890793e-01  2.543339e-02  2.539139e-02  1.891415e-01  2.027278e-01  2.542660e-02  3.243905e-03  2.540862e-02  2.541573e-02  3.240200e-03    1.361678e-02  1.361678e-02    -6.525956e-05  6.525956e-05  1.000e+00
0.464243  3.296224e-03  2.541336e-02  2.539168e-02  3.260139e-03  2.543346e-02  2.030019e-01  1.887692e-01  2.543861e-02  2.539440e-02  1.888360e-01  2.030205e-01  2.543156e-02  3.242183e-03  2.541221e-02  2.542062e-02  3.237886e-03    1.421604e-02  1.421604e-02    -6.791697e-05  6.791697e-05  1.000e+00
0.484326  3.294950e-03  2.542086e-02  2.539899e-02  3.258085e-03  2.544240e-02  2.034869e-01  1.882560e-01  2.544694e-02  2.539913e-02  1.883307e-01  2.035055e-01  2.543960e-02  3.239366e-03  2.541783e-02  2.542857e-02  3.234141e-03    1.520794e-02  1.520794e-02    -7.223712e-05  7.223712e-05  1.000e+00
0.503017  3.293642e-03  2.542770e-02  2.540571e-02  3.256221e-03  2.545055e-02  2.039445e-01  1.877727e-01  2.545440e-02  2.540324e-02  1.878551e-01  2.039632e-01  2.544695e-02  3.236796e-03  2.542272e-02  2.543586e-02  3.230685e-03    1.614224e-02  1.614224e-02    -7.620567e-05  7.620567e-05  1.000e+00
0.521499  3.292249e-03  2.543423e-02  2.541220e-02  3.254429e-03  2.545838e-02  2.044026e-01  1.872902e-01  2.546146e-02  2.540692e-02  1.873804e-01  2.044211e-01  2.545401e-02  3.234345e-03  2.542719e-02  2.544290e-02  3.227281e-03    1.707540e-02  1.707540e-02    -8.007561e-05  8.007561e-05  1.000e+00
0.539667  3.290790e-03  2.544036e-02  2.541837e-02  3.252715e-03  2.546579e-02  2.048579e-01  1.868121e-01  2.546802e-02  2.541013e-02  1.869103e-01  2.048761e-01  2.546069e-02  3.232021e-03  2.543115e-02  2.544958e-02  3.223930e-03    1.800069e-02  1.800069e-02    -8.381918e-05  8.381918e-05  1.000e+00
0.553091  3.289653e-03  2.544467e-02  2.542275e-02  3.251468e-03  2.547105e-02  2.051973e-01  1.864567e-01  2.547261e-02  2.541220e-02  1.865611e-01  2.052152e-01  2.546543e-02  3.230334e-03  2.543379e-02  2.545435e-02  3.221441e-03    1.868892e-02  1.868892e-02    -8.653648e-05  8.653648e-05  1.000e+00
0.566516  3.288469e-03  2.544876e-02  2.542696e-02  3.250221e-03  2.547609e-02  2.055390e-01  1.860999e-01  2.547695e-02  2.541400e-02  1.862104e-01  2.055566e-01  2.546996e-02  3.228645e-03  2.543616e-02  2.545894e-02  3.218928e-03    1.938057e-02  1.938057e-02    -8.921317e-05  8.921317e-05  1.000e+00
0.581380  3.287115e-03  2.545300e-02  2.543139e-02  3.248828e-03  2.548141e-02  2.059200e-01  1.857033e-01  2.548143e-02  2.541564e-02  1.858209e-01  2.059372e-01  2.547471e-02  3.226741e-03  2.543845e-02  2.546380e-02  3.216109e-03    2.014988e-02  2.014988e-02    -9.212246e-05  9.212246e-05  1.000e+00
0.599382  3.285440e-03  2.545767e-02  2.543636e-02  3.247103e-03  2.548745e-02  2.063848e-01  1.852213e-01  2.548639e-02  2.541709e-02  1.853477e-01  2.064015e-01  2.548006e-02  3.224355e-03  2.544072e-02  2.546934e-02  3.212622e-03    2.108597e-02  2.108597e-02    -9.556425e-05  9.556425e-05  1.000e+00
0.616276  3.283862e-03  2.546153e-02  2.544060e-02  3.245433e-03  2.549267e-02  2.068243e-01  1.847678e-01  2.549052e-02  2.541787e-02  1.849026e-01  2.068405e-01  2.548462e-02  3.222019e-03  2.544230e-02  2.547413e-02  3.209259e-03    2.196822e-02  2.196822e-02    -9.870248e-05  9.870248e-05  1.000e+00
0.633171  3.282309e-03  2.546484e-02  2.544437e-02  3.243703e-03  2.549744e-02  2.072667e-01  1.843134e-01  2.549411e-02  2.541803e-02  1.844569e-01  2.072823e-01  2.548868e-02  3.219589e-03  2.544334e-02  2.547847e-02  3.205800e-03    2.285344e-02  2.285344e-02    -1.017498e-04  1.017498e-04  1.000e+00
0.648485  3.280941e-03  2.546731e-02  2.544732e-02  3.242088e-03  2.550133e-02  2.076700e-01  1.839012e-01  2.549685e-02  2.541760e-02  1.840527e-01  2.076851e-01  2.549190e-02  3.217305e-03  2.544376e-02  2.548198e-02  3.202586e-03    2.365789e-02  2.365789e-02    -1.044275e-04  1.044275e-04  1.000e+00
0.663373  3.279650e-03  2.546920e-02  2.544973e-02  3.240479e-03  2.550470e-02  2.080641e-01  1.835004e-01  2.549902e-02  2.541663e-02  1.836597e-01  2.080787e-01  2.549457e-02  3.215004e-03  2.544369e-02  2.548497e-02  3.199403e-03    2.444151e-02  2.444151e-02    -1.069513e-04  1.069513e-04  1.000e+00
0.683248  3.277978e-03  2.547087e-02  2.545219e-02  3.238277e-03  2.550854e-02  2.085931e-01  1.829656e-01  2.550111e-02  2.541445e-02  1.831357e-01  2.086070e-01  2.549738e-02  3.211803e-03  2.544278e-02  2.548823e-02  3.195078e-03    2.548934e-02  2.548934e-02    -1.101910e-04  1.101910e-04  1.000e+00
0.709088  3.275826e-03  2.547151e-02  2.545398e-02  3.235317e-03  2.551233e-02  2.092853e-01  1.822715e-01  2.550235e-02  2.540999e-02  1.824559e-01  2.092983e-01  2.549965e-02  3.207405e-03  2.544017e-02  2.549112e-02  3.189349e-03    2.685344e-02  2.685344e-02    -1.141775e-04  1.141775e-04  1.000e+00
0.724952  3.274470e-03  2.547099e-02  2.545423e-02  3.233435e-03  2.551395e-02  2.097125e-01  1.818465e-01  2.550223e-02  2.540632e-02  1.820399e-01  2.097251e-01  2.550020e-02  3.204577e-03  2.543772e-02  2.549208e-02  3.185775e-03    2.769124e-02  2.769124e-02    -1.164926e-04  1.164926e-04  1.000e+00
0.738903  3.273230e-03  2.546993e-02  2.545389e-02  3.231733e-03  2.551491e-02  2.100896e-01  1.814738e-01  2.550154e-02  2.540250e-02  1.816750e-01  2.101017e-01  2.550015e-02  3.202013e-03  2.543501e-02  2.549237e-02  3.182597e-03    2.842794e-02  2.842794e-02    -1.184470e-04  1.184470e-04  1.000e+00
0.752854  3.271930e-03  2.546830e-02  2.545301e-02  3.229983e-03  2.551542e-02  2.104679e-01  1.811020e-01  2.550029e-02  2.539810e-02  1.813113e-01  2.104795e-01  2.549956e-02  3.199376e-03  2.543177e-02  2.549214e-02  3.179386e-03    2.916433e-02  2.916433e-02    -1.203233e-04  1.203233e-04  1.000e+00
0.765094  3.270732e-03  2.546637e-02  2.545178e-02  3.228404e-03  2.551548e-02  2.108007e-01  1.807768e-01  2.549872e-02  2.539375e-02  1.809932e-01  2.108120e-01  2.549859e-02  3.197002e-03  2.542848e-02  2.549147e-02  3.176542e-03    2.980998e-02  2.980998e-02    -1.219057e-04  1.219057e-04  1.000e+00
0.776033  3.269612e-03  2.546426e-02  2.545030e-02  3.226958e-03  2.551522e-02  2.110988e-01  1.804871e-01  2.549693e-02  2.538949e-02  1.807097e-01  2.111098e-01  2.549736e-02  3.194830e-03  2.542517e-02  2.549051e-02  3.173981e-03    3.038656e-02  3.038656e-02    -1.232702e-04  1.232702e-04  1.000e+00
0.786760  3.268465e-03  2.546182e-02  2.544849e-02  3.225504e-03  2.551467e-02  2.113917e-01  1.802037e-01  2.549480e-02  2.538495e-02  1.804327e-01  2.114024e-01  2.549582e-02  3.192652e-03  2.542160e-02  2.548921e-02  3.171451e-03    3.095145e-02  3.095145e-02    -1.245635e-04  1.245635e-04  1.000e+00
0.796079  3.267429e-03  2.545940e-02  2.544664e-02  3.224212e-03  2.551395e-02  2.116466e-01  1.799583e-01  2.549266e-02  2.538072e-02  1.801927e-01  2.116571e-01  2.549419e-02  3.190720e-03  2.541822e-02  2.548780e-02  3.169239e-03    3.144173e-02  3.144173e-02    -1.256495e-04  1.256495e-04  1.000e+00
0.805399  3.266356e-03  2.545670e-02  2.544450e-02  3.222892e-03  2.551301e-02  2.119019e-01  1.797136e-01  2.549023e-02  2.537622e-02  1.799535e-01  2.119123e-01  2.549230e-02  3.188747e-03  2.541458e-02  2.548611e-02  3.167015e-03    3.193152e-02  3.193152e-02    -1.267015e-04  1.267015e-04  1.000e+00
0.814669  3.265250e-03  2.545373e-02  2.544211e-02  3.221550e-03  2.551183e-02  2.121563e-01  1.794710e-01  2.548753e-02  2.537147e-02  1.797163e-01  2.121664e-01  2.549016e-02  3.186745e-03  2.541071e-02  2.548416e-02  3.164791e-03    3.241819e-02  3.241819e-02    -1.277148e-04  1.277148e-04  1.000e+00
0.823939  3.264106e-03  2.545047e-02  2.543943e-02  3.220177e-03  2.551043e-02  2.124111e-01  1.792290e-01  2.548454e-02  2.536645e-02  1.794798e-01  2.124210e-01  2.548774e-02  3.184699e-03  2.540659e-02  2.548193e-02  3.162555e-03    3.290428e-02  3.290428e-02    -1.286950e-04  1.286950e-04  1.000e+00
0.838265  3.262258e-03  2.544487e-02  2.543472e-02  3.217992e-03  2.550778e-02  2.128054e-01  1.788568e-01  2.547934e-02  2.535815e-02  1.791160e-01  2.128151e-01  2.548347e-02  3.181450e-03  2.539970e-02  2.547792e-02  3.159077e-03    3.365418e-02  3.365418e-02    -1.301457e-04  1.301457e-04  1.000e+00
0.851995  3.260393e-03  2.543884e-02  2.542956e-02  3.215825e-03  2.550471e-02  2.131841e-01  1.785019e-01  2.547368e-02  2.534959e-02  1.787693e-01  2.131935e-01  2.547875e-02  3.178231e-03  2.539252e-02  2.547343e-02  3.155719e-03    3.437129e-02  3.437129e-02    -1.314641e-04  1.314641e-04  1.000e+00
0.874840  3.257090e-03  2.542735e-02  2.541952e-02  3.212118e-03  2.549838e-02  2.138155e-01  1.779159e-01  2.546275e-02  2.533397e-02  1.781967e-01  2.138246e-01  2.546950e-02  3.172669e-03  2.537928e-02  2.546453e-02  3.150118e-03    3.556064e-02  3.556064e-02    -1.335042e-04  1.335042e-04  1.000e+00
0.902410  3.252712e-03  2.541103e-02  2.540491e-02  3.207426e-03  2.548870e-02  2.145798e-01  1.772165e-01  2.544700e-02  2.531285e-02  1.775134e-01  2.145885e-01  2.545591e-02  3.165493e-03  2.536119e-02  2.545137e-02  3.143276e-03    3.698889e-02  3.698889e-02    -1.357051e-04  1.357051e-04  1.000e+00
0.928718  3.248137e-03  2.539291e-02  2.538837e-02  3.202803e-03  2.547729e-02  2.153108e-01  1.765575e-01  2.542927e-02  2.529034e-02  1.768698e-01  2.153194e-01  2.544043e-02  3.158121e-03  2.534174e-02  2.543633e-02  3.136671e-03    3.834369e-02  3.834369e-02    -1.375750e-04  1.375750e-04  1.000e+00
0.957965  3.242656e-03  2.536980e-02  2.536689e-02  3.197590e-03  2.546206e-02  2.161252e-01  1.758352e-01  2.540642e-02  2.526259e-02  1.761648e-01  2.161337e-01  2.542022e-02  3.149253e-03  2.531764e-02  2.541673e-02  3.129248e-03    3.983962e-02  3.983962e-02    -1.393929e-04  1.393929e-04  1.000e+00
0.978585  3.238604e-03  2.535161e-02  2.534977e-02  3.193911e-03  2.544967e-02  2.167002e-01  1.753328e-01  2.538828e-02  2.524127e-02  1.756745e-01  2.167087e-01  2.540400e-02  3.142543e-03  2.529907e-02  2.540108e-02  3.123967e-03    4.088726e-02  4.088726e-02    -1.405169e-04  1.405169e-04  1.000e+00
0.999205  3.234438e-03  2.533184e-02  2.533101e-02  3.190244e-03  2.543591e-02  2.172756e-01  1.748364e-01  2.536846e-02  2.521849e-02  1.751899e-01  2.172843e-01  2.538611e-02  3.135437e-03  2.527920e-02  2.538393e-02  3.118654e-03    4.192878e-02  4.192878e-02    -1.415186e-04  1.415186e-04  1.000e+00
1.018934  3.230366e-03  2.531143e-02  2.531150e-02  3.186747e-03  2.542144e-02  2.178266e-01  1.743670e-01  2.534792e-02  2.519534e-02  1.747319e-01  2.178355e-01  2.536740e-02  3.128258e-03  2.525899e-02  2.536610e-02  3.113545e-03    4.291933e-02  4.291933e-02    -1.423746e-04  1.423746e-04  1.000e+00
1.038664  3.226220e-03  2.528956e-02  2.529048e-02  3.183257e-03  2.540568e-02  2.183777e-01  1.739032e-01  2.532584e-02  2.517087e-02  1.742794e-01  2.183870e-01  2.534713e-02  3.120710e-03  2.523762e-02  2.534689e-02  3.108417e-03    4.390377e-02  4.390377e-02    -1.431342e-04  1.431342e-04  1.000e+00
1.064918  3.220587e-03  2.525817e-02  2.526019e-02  3.178617e-03  2.538272e-02  2.191111e-01  1.732950e-01  2.529410e-02  2.513627e-02  1.736862e-01  2.191211e-01  2.531769e-02  3.110103e-03  2.520741e-02  2.531920e-02  3.101576e-03    4.520396e-02  4.520396e-02    -1.440171e-04  1.440171e-04  1.000e+00
1.092535  3.214515e-03  2.522236e-02  2.522551e-02  3.173740e-03  2.535612e-02  2.198824e-01  1.726663e-01  2.525780e-02  2.509742e-02  1.730733e-01  2.198933e-01  2.528369e-02  3.098274e-03  2.517348e-02  2.528745e-02  3.094378e-03    4.655900e-02  4.655900e-02    -1.448080e-04  1.448080e-04  1.000e+00
1.112564  3.210005e-03  2.519461e-02  2.519858e-02  3.170203e-03  2.533525e-02  2.204415e-01  1.722177e-01  2.522965e-02  2.506768e-02  1.726360e-01  2.204531e-01  2.525707e-02  3.089279e-03  2.514752e-02  2.526277e-02  3.089166e-03    4.753342e-02  4.753342e-02    -1.452918e-04  1.452918e-04  1.000e+00
1.128491  3.206347e-03  2.517148e-02  2.517613e-02  3.167385e-03  2.531772e-02  2.208858e-01  1.718654e-01  2.520616e-02  2.504312e-02  1.722926e-01  2.208980e-01  2.523473e-02  3.081883e-03  2.512610e-02  2.524217e-02  3.085027e-03    4.830309e-02  4.830309e-02    -1.456298e-04  1.456298e-04  1.000e+00
1.144417  3.202618e-03  2.514742e-02  2.515276e-02  3.164557e-03  2.529936e-02  2.213297e-01  1.715170e-01  2.518173e-02  2.501776e-02  1.719532e-01  2.213426e-01  2.521136e-02  3.074274e-03  2.510399e-02  2.522071e-02  3.080892e-03    4.906812e-02  4.906812e-02    -1.459365e-04  1.459365e-04  9.999e-01
1.159234  3.199080e-03  2.512421e-02  2.513023e-02  3.161910e-03  2.528154e-02  2.217424e-01  1.711964e-01  2.515815e-02  2.499347e-02  1.716410e-01  2.217560e-01  2.518869e-02  3.067005e-03  2.508283e-02  2.519998e-02  3.077044e-03    4.977566e-02  4.977566e-02    -1.461934e-04  1.461934e-04  9.999e-01
1.174051  3.195470e-03  2.510022e-02  2.510694e-02  3.159240e-03  2.526301e-02  2.221547e-01  1.708793e-01  2.513377e-02  2.496851e-02  1.713322e-01  2.221691e-01  2.516514e-02  3.059554e-03  2.506110e-02  2.517854e-02  3.073191e-03    5.047906e-02  5.047906e-02    -1.464200e-04  1.464200e-04  9.999e-01
1.191696  3.191074e-03  2.507063e-02  2.507824e-02  3.156020e-03  2.524002e-02  2.226452e-01  1.705062e-01  2.510369e-02  2.493794e-02  1.709689e-01  2.226604e-01  2.513594e-02  3.050441e-03  2.503452e-02  2.515206e-02  3.068589e-03    5.131122e-02  5.131122e-02    -1.466620e-04  1.466620e-04  9.999e-01
1.207889  3.186942e-03  2.504251e-02  2.505100e-02  3.153016e-03  2.521806e-02  2.230948e-01  1.701682e-01  2.507511e-02  2.490908e-02  1.706398e-01  2.231109e-01  2.510806e-02  3.041844e-03  2.500947e-02  2.512689e-02  3.064347e-03    5.206967e-02  5.206967e-02    -1.468584e-04  1.468584e-04  9.999e-01
1.224083  3.182714e-03  2.501350e-02  2.502292e-02  3.149951e-03  2.519528e-02  2.235438e-01  1.698342e-01  2.504562e-02  2.487947e-02  1.703149e-01  2.235607e-01  2.507915e-02  3.033016e-03  2.498381e-02  2.510089e-02  3.060081e-03    5.282301e-02  5.282301e-02    -1.470348e-04  1.470348e-04  9.999e-01
1.247886  3.176321e-03  2.496924e-02  2.498016e-02  3.145316e-03  2.516032e-02  2.242025e-01  1.693509e-01  2.500063e-02  2.483463e-02  1.698447e-01  2.242208e-01  2.503480e-02  3.019602e-03  2.494504e-02  2.506121e-02  3.053759e-03    5.392096e-02  5.392096e-02    -1.472645e-04  1.472645e-04  9.999e-01
1.278001  3.167922e-03  2.491058e-02  2.492363e-02  3.139188e-03  2.511365e-02  2.250337e-01  1.687523e-01  2.494100e-02  2.477570e-02  1.692627e-01  2.250537e-01  2.497555e-02  3.001851e-03  2.489428e-02  2.500856e-02  3.045664e-03    5.529381e-02  5.529381e-02    -1.475166e-04  1.475166e-04  9.999e-01
1.303570  3.160513e-03  2.485851e-02  2.487359e-02  3.133727e-03  2.507194e-02  2.257371e-01  1.682553e-01  2.488807e-02  2.472380e-02  1.687798e-01  2.257587e-01  2.492255e-02  2.986065e-03  2.484977e-02  2.496178e-02  3.038705e-03    5.644499e-02  5.644499e-02    -1.477040e-04  1.477040e-04  9.999e-01
1.329138  3.152851e-03  2.480442e-02  2.482177e-02  3.128019e-03  2.502836e-02  2.264383e-01  1.677687e-01  2.483307e-02  2.467026e-02  1.683072e-01  2.264614e-01  2.486711e-02  2.969611e-03  2.480406e-02  2.491315e-02  3.031668e-03    5.758279e-02  5.758279e-02    -1.478712e-04  1.478712e-04  9.999e-01
1.363975  3.142029e-03  2.472760e-02  2.474845e-02  3.119852e-03  2.496609e-02  2.273897e-01  1.671220e-01  2.475494e-02  2.459477e-02  1.676798e-01  2.274150e-01  2.478770e-02  2.946135e-03  2.473994e-02  2.484402e-02  3.021961e-03    5.911124e-02  5.911124e-02    -1.480930e-04  1.480930e-04  9.999e-01
1.396838  3.131462e-03  2.465195e-02  2.467655e-02  3.111767e-03  2.490440e-02  2.282826e-01  1.665292e-01  2.467797e-02  2.452096e-02  1.671051e-01  2.283101e-01  2.470880e-02  2.922931e-03  2.467764e-02  2.477589e-02  3.012697e-03    6.052990e-02  6.052990e-02    -1.483058e-04  1.483058e-04  9.999e-01
1.428852  3.120890e-03  2.457540e-02  2.460410e-02  3.103584e-03  2.484166e-02  2.291477e-01  1.659676e-01  2.460009e-02  2.444674e-02  1.665614e-01  2.291773e-01  2.462830e-02  2.899416e-03  2.461538e-02  2.470691e-02  3.003596e-03    6.188999e-02  6.188999e-02    -1.485206e-04  1.485206e-04  9.999e-01
1.457681  3.111179e-03  2.450417e-02  2.453694e-02  3.095994e-03  2.478304e-02  2.299224e-01  1.654751e-01  2.452761e-02  2.437801e-02  1.660852e-01  2.299539e-01  2.455285e-02  2.877536e-03  2.455807e-02  2.464268e-02  2.995362e-03    6.309616e-02  6.309616e-02    -1.487152e-04  1.487152e-04  9.999e-01
1.485191  3.101760e-03  2.443423e-02  2.447125e-02  3.088589e-03  2.472530e-02  2.306575e-01  1.650166e-01  2.445649e-02  2.431082e-02  1.656425e-01  2.306911e-01  2.447831e-02  2.856086e-03  2.450235e-02  2.457961e-02  2.987489e-03    6.423061e-02  6.423061e-02    -1.488996e-04  1.488996e-04  9.999e-01
1.519064  3.089963e-03  2.434560e-02  2.438834e-02  3.079296e-03  2.465192e-02  2.315571e-01  1.644674e-01  2.436641e-02  2.422599e-02  1.651128e-01  2.315930e-01  2.438323e-02  2.828970e-03  2.443246e-02  2.449966e-02  2.977806e-03    6.560530e-02  6.560530e-02    -1.491365e-04  1.491365e-04  9.999e-01
1.558249  3.076014e-03  2.423979e-02  2.428986e-02  3.068371e-03  2.456408e-02  2.325893e-01  1.638528e-01  2.425898e-02  2.412512e-02  1.645211e-01  2.326280e-01  2.426892e-02  2.796740e-03  2.434998e-02  2.440423e-02  2.966663e-03    6.716487e-02  6.716487e-02    -1.493907e-04  1.493907e-04  9.999e-01
1.596095  3.062188e-03  2.413451e-02  2.419231e-02  3.057707e-03  2.447643e-02  2.335770e-01  1.632798e-01  2.415215e-02  2.402505e-02  1.639707e-01  2.336189e-01  2.415439e-02  2.764855e-03  2.426879e-02  2.430926e-02  2.956010e-03    6.863988e-02  6.863988e-02    -1.495748e-04  1.495748e-04  9.999e-01
1.634645  3.047718e-03  2.402442e-02  2.409071e-02  3.046779e-03  2.438455e-02  2.345733e-01  1.627164e-01  2.404053e-02  2.392060e-02  1.634308e-01  2.346186e-01  2.403384e-02  2.731763e-03  2.418470e-02  2.420995e-02  2.945304e-03    7.011079e-02  7.011079e-02    -1.496846e-04  1.496846e-04  9.999e-01
1.674645  3.032300e-03  2.390746e-02  2.398309e-02  3.035412e-03  2.428665e-02  2.355959e-01  1.621531e-01  2.392199e-02  2.380970e-02  1.628923e-01  2.356453e-01  2.390495e-02  2.696942e-03  2.409614e-02  2.410438e-02  2.934375e-03    7.160343e-02  7.160343e-02    -1.496849e-04  1.496849e-04  9.999e-01
1.714645  3.016520e-03  2.378808e-02  2.387341e-02  3.024063e-03  2.418638e-02  2.366069e-01  1.616105e-01  2.380100e-02  2.369640e-02  1.623753e-01  2.366604e-01  2.377259e-02  2.661820e-03  2.400643e-02  2.399653e-02  2.923648e-03    7.306200e-02  7.306200e-02    -1.495483e-04  1.495483e-04  9.999e-01
1.749125  3.002684e-03  2.368349e-02  2.377736e-02  3.014338e-03  2.409821e-02  2.374685e-01  1.611592e-01  2.369496e-02  2.359699e-02  1.619463e-01  2.375258e-01  2.365600e-02  2.631448e-03  2.392829e-02  2.390196e-02  2.914575e-03    7.429205e-02  7.429205e-02    -1.492752e-04  1.492752e-04  9.998e-01
1.783605  2.988691e-03  2.357755e-02  2.368004e-02  3.004702e-03  2.400860e-02  2.383203e-01  1.607225e-01  2.358751e-02  2.349611e-02  1.615323e-01  2.383820e-01  2.353736e-02  2.601105e-03  2.384950e-02  2.380606e-02  2.905672e-03    7.549710e-02  7.549710e-02    -1.488518e-04  1.488518e-04  9.998e-01
1.818305  2.974506e-03  2.346984e-02  2.358094e-02  2.995130e-03  2.391708e-02  2.391679e-01  1.602974e-01  2.347817e-02  2.339325e-02  1.611304e-01  2.392337e-01  2.341614e-02  2.570699e-03  2.376966e-02  2.370841e-02  2.896894e-03    7.668477e-02  7.668477e-02    -1.482549e-04  1.482549e-04  9.998e-01
1.855766  2.959138e-03  2.335251e-02  2.347280e-02  2.984968e-03  2.381695e-02  2.400711e-01  1.598542e-01  2.335900e-02  2.328093e-02  1.607125e-01  2.401418e-01  2.328355e-02  2.538134e-03  2.368292e-02  2.360188e-02  2.887632e-03    7.793890e-02  7.793890e-02    -1.473987e-04  1.473987e-04  9.998e-01
1.890501  2.944898e-03  2.324302e-02  2.337162e-02  2.975727e-03  2.372300e-02  2.408977e-01  1.594574e-01  2.324771e-02  2.317578e-02  1.603393e-01  2.409727e-01  2.315923e-02  2.508273e-03  2.360208e-02  2.350226e-02  2.879253e-03    7.907602e-02  7.907602e-02    -1.463533e-04  1.463533e-04  9.998e-01
1.930280  2.928678e-03  2.311702e-02  2.325485e-02  2.965367e-03  2.361430e-02  2.418310e-01  1.590191e-01  2.311961e-02  2.305445e-02  1.599283e-01  2.419107e-01  2.301558e-02  2.474578e-03  2.350913e-02  2.338743e-02  2.869923e-03    8.034816e-02  8.034816e-02    -1.448505e-04  1.448505e-04  9.998e-01
1.970280  2.912551e-03  2.298991e-02  2.313671e-02  2.955190e-03  2.350401e-02  2.427547e-01  1.585951e-01  2.299046e-02  2.293179e-02  1.595319e-01  2.428387e-01  2.287011e-02  2.441344e-03  2.341533e-02  2.327139e-02  2.860842e-03    8.159536e-02  8.159536e-02    -1.429480e-04  1.429480e-04  9.998e-01
2.010280  2.896687e-03  2.286267e-02  2.301814e-02  2.945245e-03  2.339293e-02  2.436630e-01  1.581871e-01  2.286135e-02  2.280878e-02  1.591517e-01  2.437511e-01  2.272402e-02  2.408863e-03  2.332126e-02  2.315501e-02  2.852071e-03    8.281086e-02  8.281086e-02    -1.405739e-04  1.405739e-04  9.998e-01
2.043019  2.883936e-03  2.275860e-02  2.292096e-02  2.937257e-03  2.330161e-02  2.443948e-01  1.578646e-01  2.275597e-02  2.270808e-02  1.588521e-01  2.444858e-01  2.260425e-02  2.382912e-03  2.324415e-02  2.305972e-02  2.845129e-03    8.378246e-02  8.378246e-02    -1.382402e-04  1.382402e-04  9.998e-01
2.071224  2.873133e-03  2.266909e-02  2.283728e-02  2.930471e-03  2.322275e-02  2.450167e-01  1.575948e-01  2.266558e-02  2.262147e-02  1.586020e-01  2.451098e-01  2.250110e-02  2.361060e-03  2.317767e-02  2.297774e-02  2.839318e-03    8.460292e-02  8.460292e-02    -1.359140e-04  1.359140e-04  9.998e-01
2.099429  2.862497e-03  2.257981e-02  2.275375e-02  2.923764e-03  2.314383e-02  2.456306e-01  1.573321e-01  2.257566e-02  2.253512e-02  1.583590e-01  2.457253e-01  2.239813e-02  2.339710e-03  2.311120e-02  2.289595e-02  2.833662e-03    8.540823e-02  8.540823e-02    -1.332697e-04  1.332697e-04  9.998e-01
2.130158  2.851093e-03  2.248291e-02  2.266306e-02  2.916533e-03  2.305787e-02  2.462900e-01  1.570537e-01  2.247838e-02  2.244148e-02  1.581020e-01  2.463859e-01  2.228631e-02  2.317059e-03  2.303881e-02  2.280721e-02  2.827674e-03    8.626856e-02  8.626856e-02    -1.299924e-04  1.299924e-04  9.998e-01
2.160953  2.839840e-03  2.238628e-02  2.257263e-02  2.909354e-03  2.297187e-02  2.469411e-01  1.567826e-01  2.238176e-02  2.234825e-02  1.578522e-01  2.470373e-01  2.217482e-02  2.295035e-03  2.296635e-02  2.271878e-02  2.821851e-03    8.711311e-02  8.711311e-02    -1.262774e-04  1.262774e-04  9.998e-01
2.197554  2.826665e-03  2.227222e-02  2.246596e-02  2.900893e-03  2.287002e-02  2.477020e-01  1.564701e-01  2.226820e-02  2.223843e-02  1.575650e-01  2.477973e-01  2.204329e-02  2.269788e-03  2.288038e-02  2.261452e-02  2.815156e-03    8.809428e-02  8.809428e-02    -1.212365e-04  1.212365e-04  9.998e-01
2.226841  2.816260e-03  2.218170e-02  2.238140e-02  2.894167e-03  2.278893e-02  2.483006e-01  1.562275e-01  2.217846e-02  2.215152e-02  1.573424e-01  2.483940e-01  2.193903e-02  2.250351e-03  2.281175e-02  2.253190e-02  2.809974e-03    8.886188e-02  8.886188e-02    -1.166837e-04  1.166837e-04  9.998e-01
2.254159  2.806646e-03  2.209794e-02  2.230328e-02  2.887923e-03  2.271370e-02  2.488507e-01  1.560068e-01  2.209574e-02  2.207133e-02  1.571402e-01  2.489414e-01  2.184271e-02  2.232858e-03  2.274789e-02  2.245558e-02  2.805281e-03    8.956409e-02  8.956409e-02    -1.120033e-04  1.120033e-04  9.998e-01
2.281195  2.797207e-03  2.201578e-02  2.222677e-02  2.881769e-03  2.263970e-02  2.493873e-01  1.557936e-01  2.201487e-02  2.199292e-02  1.569450e-01  2.494740e-01  2.174841e-02  2.216171e-03  2.268486e-02  2.238085e-02  2.800773e-03    9.024606e-02  9.024606e-02    -1.069498e-04  1.069498e-04  9.998e-01
2.315459  2.785337e-03  2.191278e-02  2.213110e-02  2.874002e-03  2.254670e-02  2.500560e-01  1.555304e-01  2.191389e-02  2.189506e-02  1.567044e-01  2.501360e-01  2.163053e-02  2.195943e-03  2.260524e-02  2.228741e-02  2.795262e-03    9.109208e-02  9.109208e-02    -9.993448e-05  9.993448e-05  9.998e-01
2.349375  2.773670e-03  2.181219e-02  2.203799e-02  2.866352e-03  2.245560e-02  2.507053e-01  1.552774e-01  2.181568e-02  2.180003e-02  1.564730e-01  2.507766e-01  2.151586e-02  2.176957e-03  2.252677e-02  2.219647e-02  2.790038e-03    9.190964e-02  9.190964e-02    -9.227973e-05  9.227973e-05  9.998e-01
2.380026  2.763175e-03  2.172255e-02  2.195533e-02  2.859470e-03  2.237420e-02  2.512814e-01  1.550550e-01  2.172851e-02  2.171588e-02  1.562694e-01  2.513429e-01  2.141412e-02  2.160708e-03  2.245616e-02  2.211571e-02  2.785526e-03    9.263176e-02  9.263176e-02    -8.474760e-05  8.474760e-05  9.998e-01
2.417866  2.750253e-03  2.161367e-02  2.185541e-02  2.851025e-03  2.227506e-02  2.519784e-01  1.547879e-01  2.162302e-02  2.161445e-02  1.560249e-01  2.520251e-01  2.129122e-02  2.141853e-03  2.236946e-02  2.201799e-02  2.780250e-03    9.350169e-02  9.350169e-02    -7.466757e-05  7.466757e-05  9.998e-01
2.457390  2.736754e-03  2.150216e-02  2.175373e-02  2.842269e-03  2.217325e-02  2.526898e-01  1.545174e-01  2.151547e-02  2.151166e-02  1.557769e-01  2.527177e-01  2.116625e-02  2.123588e-03  2.227950e-02  2.191842e-02  2.775119e-03    9.438535e-02  9.438535e-02    -6.322994e-05  6.322994e-05  9.998e-01
2.497390  2.723054e-03  2.139176e-02  2.165382e-02  2.833483e-03  2.207220e-02  2.533924e-01  1.542521e-01  2.140947e-02  2.141113e-02  1.555331e-01  2.533976e-01  2.104355e-02  2.106597e-03  2.218915e-02  2.182037e-02  2.770366e-03    9.525417e-02  9.525417e-02    -5.073643e-05  5.073643e-05  9.997e-01
2.537390  2.709294e-03  2.128392e-02  2.155713e-02  2.824776e-03  2.197329e-02  2.540776e-01  1.539947e-01  2.130644e-02  2.131432e-02  1.552957e-01  2.540562e-01  2.092484e-02  2.091116e-03  2.209956e-02  2.172516e-02  2.766104e-03    9.609790e-02  9.609790e-02    -3.736359e-05  3.736359e-05  9.997e-01
2.571269  2.697583e-03  2.119463e-02  2.147788e-02  2.817467e-03  2.189130e-02  2.546443e-01  1.537826e-01  2.122156e-02  2.123537e-02  1.550992e-01  2.545973e-01  2.082753e-02  2.079202e-03  2.202432e-02  2.164679e-02  2.762913e-03    9.679328e-02  9.679328e-02    -2.537742e-05  2.537742e-05  9.997e-01
2.604073  2.686192e-03  2.111004e-02  2.140356e-02  2.810447e-03  2.181355e-02  2.551812e-01  1.535820e-01  2.114152e-02  2.116166e-02  1.549128e-01  2.551069e-01  2.073623e-02  2.068730e-03  2.195207e-02  2.157292e-02  2.760210e-03    9.745013e-02  9.745013e-02    -1.324264e-05  1.324264e-05  9.997e-01
2.638271  2.674260e-03  2.102381e-02  2.132870e-02  2.803188e-03  2.173428e-02  2.557285e-01  1.533777e-01  2.106037e-02  2.108775e-02  1.547221e-01  2.556229e-01  2.064418e-02  2.058947e-03  2.187740e-02  2.149804e-02  2.757813e-03    9.811800e-02  9.811800e-02    -7.420933e-08  7.420933e-08  9.997e-01
2.665401  2.664750e-03  2.095684e-02  2.127127e-02  2.797468e-03  2.167274e-02  2.561538e-01  1.532189e-01  2.099771e-02  2.103126e-02  1.545733e-01  2.560213e-01  2.057348e-02  2.052023e-03  2.181868e-02  2.144018e-02  2.756223e-03    9.863578e-02  9.863578e-02    1.070615e-05  -1.070615e-05  9.997e-01
2.692530  2.655196e-03  2.089117e-02  2.121560e-02  2.791779e-03  2.161243e-02  2.565712e-01  1.530630e-01  2.093658e-02  2.097669e-02  1.544266e-01  2.564101e-01  2.050487e-02  2.045850e-03  2.176043e-02  2.138370e-02  2.754910e-03    9.914311e-02  9.914311e-02    2.175219e-05  -2.175219e-05  9.997e-01
2.719885  2.645516e-03  2.082625e-02  2.116128e-02  2.786069e-03  2.155291e-02  2.569840e-01  1.529084e-01  2.087652e-02  2.092361e-02  1.542805e-01  2.567925e-01  2.043783e-02  2.040395e-03  2.170219e-02  2.132814e-02  2.753861e-03    9.964426e-02  9.964426e-02    3.313563e-05  -3.313563e-05  9.997e-01
2.748047  2.635498e-03  2.076080e-02  2.110729e-02  2.780214e-03  2.149300e-02  2.574009e-01  1.527521e-01  2.081637e-02  2.087098e-02  1.541319e-01  2.571760e-01  2.037108e-02  2.035598e-03  2.164280e-02  2.127240e-02  2.753067e-03    1.001495e-01  1.001495e-01    4.505490e-05  -4.505490e-05  9.997e-01
2.774166  2.626161e-03  2.070135e-02  2.105898e-02  2.774802e-03  2.143871e-02  2.577799e-01  1.526094e-01  2.076213e-02  2.082401e-02  1.539958e-01  2.575228e-01  2.031124e-02  2.031898e-03  2.158823e-02  2.122200e-02  2.752580e-03    1.006086e-01  1.006086e-01    5.629123e-05  -5.629123e-05  9.997e-01
2.804346  2.615314e-03  2.063416e-02  2.100529e-02  2.768566e-03  2.137755e-02  2.582090e-01  1.524472e-01  2.070133e-02  2.077190e-02  1.538402e-01  2.579129e-01  2.024459e-02  2.028530e-03  2.152583e-02  2.116534e-02  2.752307e-03    1.011278e-01  1.011278e-01    6.943329e-05  -6.943329e-05  9.997e-01
2.834526  2.604409e-03  2.056858e-02  2.095389e-02  2.762347e-03  2.131809e-02  2.586286e-01  1.522878e-01  2.064254e-02  2.072210e-02  1.536865e-01  2.582916e-01  2.018061e-02  2.026142e-03  2.146417e-02  2.111033e-02  2.752329e-03    1.016353e-01  1.016353e-01    8.272723e-05  -8.272723e-05  9.997e-01
2.864113  2.593663e-03  2.050584e-02  2.090572e-02  2.756265e-03  2.126148e-02  2.590307e-01  1.521341e-01  2.058688e-02  2.067547e-02  1.535373e-01  2.586522e-01  2.012049e-02  2.024755e-03  2.140445e-02  2.105800e-02  2.752622e-03    1.021216e-01  1.021216e-01    9.585381e-05  -9.585381e-05  9.997e-01
2.898970  2.580935e-03  2.043389e-02  2.085178e-02  2.749119e-03  2.119695e-02  2.594931e-01  1.519562e-01  2.052382e-02  2.062328e-02  1.533635e-01  2.590635e-01  2.005294e-02  2.024331e-03  2.133508e-02  2.099836e-02  2.753288e-03    1.026808e-01  1.026808e-01    1.113901e-04  -1.113901e-04  9.997e-01
2.932705  2.568550e-03  2.036627e-02  2.080244e-02  2.742221e-03  2.113676e-02  2.599290e-01  1.517871e-01  2.046537e-02  2.057551e-02  1.531970e-01  2.594479e-01  1.999092e-02  2.025154e-03  2.126899e-02  2.094269e-02  2.754236e-03    1.032081e-01  1.032081e-01    1.264391e-04  -1.264391e-04  9.997e-01
2.962609  2.557519e-03  2.030797e-02  2.076105e-02  2.736121e-03  2.108526e-02  2.603057e-01  1.516395e-01  2.041566e-02  2.053539e-02  1.530509e-01  2.597778e-01  1.993869e-02  2.026880e-03  2.121129e-02  2.089498e-02  2.755298e-03    1.036644e-01  1.036644e-01    1.397580e-04  -1.397580e-04  9.997e-01
2.990994  2.547005e-03  2.025404e-02  2.072377e-02  2.730339e-03  2.103799e-02  2.606552e-01  1.515015e-01  2.037031e-02  2.049917e-02  1.529132e-01  2.600817e-01  1.989146e-02  2.029367e-03  2.115733e-02  2.085112e-02  2.756476e-03    1.040880e-01  1.040880e-01    1.523537e-04  -1.523537e-04  9.997e-01
3.015128  2.538032e-03  2.020926e-02  2.069359e-02  2.725424e-03  2.099904e-02  2.609462e-01  1.513857e-01  2.033313e-02  2.046979e-02  1.527970e-01  2.603330e-01  1.985306e-02  2.032113e-03  2.111210e-02  2.081490e-02  2.757591e-03    1.044412e-01  1.044412e-01    1.629991e-04  -1.629991e-04  9.997e-01
3.039262  2.529030e-03  2.016547e-02  2.066478e-02  2.720507e-03  2.096124e-02  2.612316e-01  1.512713e-01  2.029722e-02  2.044165e-02  1.526815e-01  2.605781e-01  1.981628e-02  2.035424e-03  2.106747e-02  2.077966e-02  2.758791e-03    1.047880e-01  1.047880e-01    1.735736e-04  -1.735736e-04  9.997e-01
3.059618  2.521416e-03  2.012928e-02  2.064153e-02  2.716352e-03  2.093022e-02  2.614680e-01  1.511758e-01  2.026790e-02  2.041889e-02  1.525846e-01  2.607800e-01  1.978649e-02  2.038642e-03  2.103031e-02  2.075067e-02  2.759858e-03    1.050756e-01  1.050756e-01    1.824401e-04  -1.824401e-04  9.997e-01
3.079974  2.513783e-03  2.009378e-02  2.061923e-02  2.712187e-03  2.090001e-02  2.617005e-01  1.510812e-01  2.023946e-02  2.039698e-02  1.524882e-01  2.609777e-01  1.975780e-02  2.042238e-03  2.099360e-02  2.072237e-02  2.760963e-03    1.053589e-01  1.053589e-01    1.912500e-04  -1.912500e-04  9.997e-01
3.112967  2.501376e-03  2.003769e-02  2.058505e-02  2.705405e-03  2.085274e-02  2.620692e-01  1.509297e-01  2.019522e-02  2.036325e-02  1.523329e-01  2.612892e-01  1.971363e-02  2.048833e-03  2.093510e-02  2.067791e-02  2.762806e-03    1.058091e-01  1.058091e-01    2.053867e-04  -2.053867e-04  9.997e-01
3.152967  2.486290e-03  1.997205e-02  2.054680e-02  2.697109e-03  2.079820e-02  2.625030e-01  1.507492e-01  2.014465e-02  2.032520e-02  1.521460e-01  2.616524e-01  1.966383e-02  2.058026e-03  2.086589e-02  2.062632e-02  2.765067e-03    1.063403e-01  1.063403e-01    2.222347e-04  -2.222347e-04  9.997e-01
3.188164  2.472997e-03  1.991641e-02  2.051593e-02  2.689721e-03  2.075271e-02  2.628731e-01  1.505930e-01  2.010287e-02  2.029420e-02  1.519828e-01  2.619592e-01  1.962329e-02  2.067118e-03  2.080664e-02  2.058297e-02  2.767017e-03    1.067950e-01  1.067950e-01    2.367520e-04  -2.367520e-04  9.997e-01
3.221878  2.460269e-03  1.986493e-02  2.048871e-02  2.682551e-03  2.071127e-02  2.632173e-01  1.504456e-01  2.006519e-02  2.026658e-02  1.518276e-01  2.622427e-01  1.958724e-02  2.076624e-03  2.075136e-02  2.054320e-02  2.768794e-03    1.072198e-01  1.072198e-01    2.504667e-04  -2.504667e-04  9.997e-01
3.255567  2.447581e-03  1.981525e-02  2.046372e-02  2.675284e-03  2.067191e-02  2.635515e-01  1.503006e-01  2.002978e-02  2.024092e-02  1.516735e-01  2.625160e-01  1.955383e-02  2.086825e-03  2.069765e-02  2.050514e-02  2.770438e-03    1.076339e-01  1.076339e-01    2.639187e-04  -2.639187e-04  9.997e-01
3.286098  2.436132e-03  1.977170e-02  2.044290e-02  2.668602e-03  2.063799e-02  2.638462e-01  1.501710e-01  1.999959e-02  2.021926e-02  1.515347e-01  2.627554e-01  1.952572e-02  2.096609e-03  2.065033e-02  2.047205e-02  2.771780e-03    1.080008e-01  1.080008e-01    2.758858e-04  -2.758858e-04  9.997e-01
3.321702  2.422871e-03  1.972265e-02  2.042072e-02  2.660692e-03  2.060047e-02  2.641802e-01  1.500220e-01  1.996664e-02  2.019581e-02  1.513738e-01  2.630250e-01  1.949542e-02  2.108586e-03  2.059683e-02  2.043510e-02  2.773132e-03    1.084186e-01  1.084186e-01    2.895596e-04  -2.895596e-04  9.997e-01
3.358146  2.409436e-03  1.967434e-02  2.040023e-02  2.652460e-03  2.056430e-02  2.645116e-01  1.498719e-01  1.993536e-02  2.017371e-02  1.512101e-01  2.632908e-01  1.946703e-02  2.121385e-03  2.054401e-02  2.039902e-02  2.774248e-03    1.088357e-01  1.088357e-01    3.032356e-04  -3.032356e-04  9.997e-01
3.391109  2.397443e-03  1.963224e-02  2.038353e-02  2.644895e-03  2.053348e-02  2.648024e-01  1.497381e-01  1.990915e-02  2.015526e-02  1.510630e-01  2.635228e-01  1.944349e-02  2.133346e-03  2.049797e-02  2.036784e-02  2.774999e-03    1.092040e-01  1.092040e-01    3.153106e-04  -3.153106e-04  9.997e-01
3.417458  2.387988e-03  1.959965e-02  2.037136e-02  2.638770e-03  2.051010e-02  2.650289e-01  1.496326e-01  1.988959e-02  2.014150e-02  1.509459e-01  2.637028e-01  1.942606e-02  2.143120e-03  2.046238e-02  2.034386e-02  2.775414e-03    1.094925e-01  1.094925e-01    3.247488e-04  -3.247488e-04  9.997e-01
3.443806  2.378671e-03  1.956797e-02  2.036019e-02  2.632575e-03  2.048780e-02  2.652503e-01  1.495282e-01  1.987124e-02  2.012855e-02  1.508294e-01  2.638780e-01  1.940978e-02  2.153043e-03  2.042788e-02  2.032070e-02  2.775656e-03    1.097759e-01  1.097759e-01    3.340013e-04  -3.340013e-04  9.997e-01
3.473528  2.368349e-03  1.953330e-02  2.034872e-02  2.625506e-03  2.046393e-02  2.654939e-01  1.494119e-01  1.985196e-02  2.011487e-02  1.506986e-01  2.640704e-01  1.939271e-02  2.164371e-03  2.039027e-02  2.029550e-02  2.775717e-03    1.100897e-01  1.100897e-01    3.442009e-04  -3.442009e-04  9.997e-01
3.506195  2.357264e-03  1.949647e-02  2.033742e-02  2.617640e-03  2.043921e-02  2.657544e-01  1.492857e-01  1.983246e-02  2.010086e-02  1.505556e-01  2.642756e-01  1.937543e-02  2.176925e-03  2.035057e-02  2.026889e-02  2.775521e-03    1.104276e-01  1.104276e-01    3.551140e-04  -3.551140e-04  9.997e-01
3.546195  2.344109e-03  1.945312e-02  2.032530e-02  2.607873e-03  2.041101e-02  2.660633e-01  1.491336e-01  1.981092e-02  2.008507e-02  1.503817e-01  2.645185e-01  1.935621e-02  2.192349e-03  2.030429e-02  2.023774e-02  2.774895e-03    1.108319e-01  1.108319e-01    3.680041e-04  -3.680041e-04  9.997e-01
3.586195  2.331464e-03  1.941161e-02  2.031492e-02  2.597959e-03  2.038500e-02  2.663616e-01  1.489842e-01  1.979184e-02  2.007057e-02  1.502089e-01  2.647528e-01  1.933889e-02  2.207715e-03  2.026058e-02  2.020811e-02  2.773840e-03    1.112260e-01  1.112260e-01    3.804065e-04  -3.804065e-04  9.997e-01
3.624179  2.319972e-03  1.937384e-02  2.030650e-02  2.588413e-03  2.036223e-02  2.666353e-01  1.488447e-01  1.977592e-02  2.005787e-02  1.500460e-01  2.649680e-01  1.932402e-02  2.222141e-03  2.022143e-02  2.018125e-02  2.772434e-03    1.115915e-01  1.115915e-01    3.916815e-04  -3.916815e-04  9.997e-01
3.664179  2.308448e-03  1.933571e-02  2.029898e-02  2.578225e-03  2.034018e-02  2.669140e-01  1.487002e-01  1.976133e-02  2.004545e-02  1.498757e-01  2.651875e-01  1.930981e-02  2.237050e-03  2.018266e-02  2.015425e-02  2.770521e-03    1.119674e-01  1.119674e-01    4.030028e-04  -4.030028e-04  9.997e-01
3.704179  2.297549e-03  1.929919e-02  2.029267e-02  2.567903e-03  2.032000e-02  2.671832e-01  1.485583e-01  1.974886e-02  2.003386e-02  1.497067e-01  2.654003e-01  1.929691e-02  2.251564e-03  2.014637e-02  2.012844e-02  2.768158e-03    1.123347e-01  1.123347e-01    4.137289e-04  -4.137289e-04  9.997e-01
3.744179  2.287296e-03  1.926422e-02  2.028741e-02  2.557453e-03  2.030155e-02  2.674434e-01  1.484190e-01  1.973837e-02  2.002294e-02  1.495392e-01  2.656069e-01  1.928511e-02  2.265587e-03  2.011250e-02  2.010374e-02  2.765341e-03    1.126937e-01  1.126937e-01    4.238478e-04  -4.238478e-04  9.997e-01
3.784179  2.277705e-03  1.923070e-02  2.028301e-02  2.546879e-03  2.028473e-02  2.676949e-01  1.482821e-01  1.972972e-02  2.001256e-02  1.493731e-01  2.658081e-01  1.927424e-02  2.279037e-03  2.008098e-02  2.008006e-02  2.762067e-03    1.130450e-01  1.130450e-01    4.333736e-04  -4.333736e-04  9.997e-01
3.824179  2.268785e-03  1.919857e-02  2.027933e-02  2.536184e-03  2.026941e-02  2.679384e-01  1.481477e-01  1.972277e-02  2.000256e-02  1.492086e-01  2.660042e-01  1.926415e-02  2.291837e-03  2.005172e-02  2.005728e-02  2.758334e-03    1.133890e-01  1.133890e-01    4.422233e-04  -4.422233e-04  9.997e-01
3.864179  2.260534e-03  1.916774e-02  2.027623e-02  2.525367e-03  2.025546e-02  2.681743e-01  1.480159e-01  1.971736e-02  1.999281e-02  1.490458e-01  2.661959e-01  1.925469e-02  2.303929e-03  2.002462e-02  2.003532e-02  2.754143e-03    1.137261e-01  1.137261e-01    4.504220e-04  -4.504220e-04  9.997e-01
3.904179  2.252948e-03  1.913812e-02  2.027356e-02  2.514423e-03  2.024276e-02  2.684029e-01  1.478865e-01  1.971335e-02  1.998319e-02  1.488846e-01  2.663835e-01  1.924571e-02  2.315261e-03  1.999958e-02  2.001408e-02  2.749495e-03    1.140566e-01  1.140566e-01    4.579892e-04  -4.579892e-04  9.997e-01
3.944179  2.246011e-03  1.910963e-02  2.027119e-02  2.503343e-03  2.023118e-02  2.686247e-01  1.477597e-01  1.971061e-02  1.997358e-02  1.487252e-01  2.665676e-01  1.923710e-02  2.325792e-03  1.997647e-02  1.999347e-02  2.744390e-03    1.143810e-01  1.143810e-01    4.648949e-04  -4.648949e-04  9.997e-01
3.982636  2.239937e-03  1.908323e-02  2.026909e-02  2.492553e-03  2.022097e-02  2.688321e-01  1.476401e-01  1.970901e-02  1.996423e-02  1.485738e-01  2.667416e-01  1.922906e-02  2.335132e-03  1.995598e-02  1.997416e-02  2.739048e-03    1.146874e-01  1.146874e-01    4.708999e-04  -4.708999e-04  9.997e-01
4.022636  2.234220e-03  1.905670e-02  2.026698e-02  2.481173e-03  2.021120e-02  2.690420e-01  1.475182e-01  1.970830e-02  1.995429e-02  1.484183e-01  2.669200e-01  1.922086e-02  2.344009e-03  1.993632e-02  1.995451e-02  2.733037e-03    1.150008e-01  1.150008e-01    4.764907e-04  -4.764907e-04  9.997e-01
4.061452  2.229238e-03  1.903181e-02  2.026491e-02  2.469966e-03  2.020243e-02  2.692405e-01  1.474024e-01  1.970842e-02  1.994435e-02  1.482693e-01  2.670907e-01  1.921297e-02  2.351793e-03  1.991873e-02  1.993580e-02  2.726757e-03    1.153001e-01  1.153001e-01    4.812922e-04  -4.812922e-04  9.997e-01
4.097453  2.225102e-03  1.900941e-02  2.026289e-02  2.459419e-03  2.019483e-02  2.694206e-01  1.472971e-01  1.970912e-02  1.993479e-02  1.481328e-01  2.672473e-01  1.920563e-02  2.358274e-03  1.990360e-02  1.991866e-02  2.720532e-03    1.155736e-01  1.155736e-01    4.852281e-04  -4.852281e-04  9.997e-01
4.130495  2.221698e-03  1.898936e-02  2.026088e-02  2.449604e-03  2.018820e-02  2.695823e-01  1.472023e-01  1.971018e-02  1.992566e-02  1.480092e-01  2.673899e-01  1.919887e-02  2.363594e-03  1.989067e-02  1.990311e-02  2.714481e-03    1.158214e-01  1.158214e-01    4.883109e-04  -4.883109e-04  9.997e-01
4.161045  2.218878e-03  1.897122e-02  2.025883e-02  2.440411e-03  2.018231e-02  2.697293e-01  1.471163e-01  1.971144e-02  1.991688e-02  1.478963e-01  2.675208e-01  1.919255e-02  2.367979e-03  1.987943e-02  1.988882e-02  2.708597e-03    1.160479e-01  1.160479e-01    4.907506e-04  -4.907506e-04  9.997e-01
4.201045  2.215645e-03  1.894800e-02  2.025580e-02  2.428201e-03  2.017489e-02  2.699182e-01  1.470060e-01  1.971341e-02  1.990481e-02  1.477505e-01  2.676911e-01  1.918414e-02  2.372946e-03  1.986565e-02  1.987019e-02  2.700475e-03    1.163409e-01  1.163409e-01    4.933245e-04  -4.933245e-04  9.997e-01
4.237178  2.213160e-03  1.892750e-02  2.025267e-02  2.417004e-03  2.016837e-02  2.700858e-01  1.469086e-01  1.971538e-02  1.989330e-02  1.476208e-01  2.678442e-01  1.917636e-02  2.376685e-03  1.985403e-02  1.985341e-02  2.692740e-03    1.166023e-01  1.166023e-01    4.950615e-04  -4.950615e-04  9.997e-01
4.275672  2.210952e-03  1.890608e-02  2.024884e-02  2.404904e-03  2.016152e-02  2.702614e-01  1.468072e-01  1.971757e-02  1.988033e-02  1.474850e-01  2.680066e-01  1.916784e-02  2.379895e-03  1.984237e-02  1.983551e-02  2.684099e-03    1.168775e-01  1.168775e-01    4.962774e-04  -4.962774e-04  9.997e-01
4.314301  2.209177e-03  1.888499e-02  2.024441e-02  2.392591e-03  2.015468e-02  2.704348e-01  1.467078e-01  1.971974e-02  1.986652e-02  1.473509e-01  2.681691e-01  1.915901e-02  2.382323e-03  1.983131e-02  1.981750e-02  2.675034e-03    1.171504e-01  1.171504e-01    4.968359e-04  -4.968359e-04  9.997e-01
4.352817  2.207831e-03  1.886429e-02  2.023934e-02  2.380150e-03  2.014781e-02  2.706053e-01  1.466112e-01  1.972174e-02  1.985189e-02  1.472197e-01  2.683310e-01  1.914988e-02  2.383964e-03  1.982079e-02  1.979943e-02  2.665628e-03    1.174197e-01  1.174197e-01    4.967205e-04  -4.967205e-04  9.997e-01
4.387571  2.206964e-03  1.884587e-02  2.023417e-02  2.368795e-03  2.014149e-02  2.707573e-01  1.465262e-01  1.972332e-02  1.983791e-02  1.471034e-01  2.684769e-01  1.914134e-02  2.384786e-03  1.981164e-02  1.978302e-02  2.656855e-03    1.176601e-01  1.176601e-01    4.960248e-04  -4.960248e-04  9.997e-01
4.419885  2.206441e-03  1.882894e-02  2.022881e-02  2.358133e-03  2.013548e-02  2.708974e-01  1.464489e-01  1.972451e-02  1.982421e-02  1.469971e-01  2.686126e-01  1.913310e-02  2.385000e-03  1.980335e-02  1.976763e-02  2.648475e-03    1.178818e-01  1.178818e-01    4.948700e-04  -4.948700e-04  9.997e-01
4.449282  2.206192e-03  1.881367e-02  2.022346e-02  2.348353e-03  2.012985e-02  2.710238e-01  1.463800e-01  1.972531e-02  1.981114e-02  1.469019e-01  2.687362e-01  1.912534e-02  2.384739e-03  1.979593e-02  1.975352e-02  2.640684e-03    1.180819e-01  1.180819e-01    4.933922e-04  -4.933922e-04  9.997e-01
4.479560  2.206148e-03  1.879805e-02  2.021746e-02  2.338206e-03  2.012387e-02  2.711531e-01  1.463105e-01  1.972578e-02  1.979706e-02  1.468054e-01  2.688636e-01  1.911707e-02  2.384024e-03  1.978835e-02  1.973887e-02  2.632508e-03    1.182866e-01  1.182866e-01    4.914455e-04  -4.914455e-04  9.997e-01
4.509797  2.206310e-03  1.878255e-02  2.021095e-02  2.328003e-03  2.011768e-02  2.712815e-01  1.462425e-01  1.972586e-02  1.978235e-02  1.467107e-01  2.689911e-01  1.910852e-02  2.382861e-03  1.978079e-02  1.972410e-02  2.624205e-03    1.184895e-01  1.184895e-01    4.890678e-04  -4.890678e-04  9.996e-01
4.544124  2.206724e-03  1.876506e-02  2.020291e-02  2.316345e-03  2.011034e-02  2.714265e-01  1.461671e-01  1.972541e-02  1.976486e-02  1.466051e-01  2.691362e-01  1.909843e-02  2.381007e-03  1.977218e-02  1.970716e-02  2.614634e-03    1.187182e-01  1.187182e-01    4.858265e-04  -4.858265e-04  9.996e-01
4.578451  2.207364e-03  1.874764e-02  2.019419e-02  2.304615e-03  2.010264e-02  2.715709e-01  1.460936e-01  1.972432e-02  1.974651e-02  1.465015e-01  2.692818e-01  1.908793e-02  2.378592e-03  1.976346e-02  1.969005e-02  2.604928e-03    1.189452e-01  1.189452e-01    4.820166e-04  -4.820166e-04  9.996e-01
4.618451  2.208370e-03  1.872740e-02  2.018313e-02  2.290865e-03  2.009314e-02  2.717386e-01  1.460101e-01  1.972217e-02  1.972403e-02  1.463835e-01  2.694521e-01  1.907515e-02  2.375079e-03  1.975307e-02  1.966987e-02  2.593472e-03    1.192077e-01  1.192077e-01    4.768664e-04  -4.768664e-04  9.996e-01
4.658451  2.209624e-03  1.870721e-02  2.017112e-02  2.277036e-03  2.008300e-02  2.719058e-01  1.459289e-01  1.971897e-02  1.970040e-02  1.462684e-01  2.696233e-01  1.906178e-02  2.370823e-03  1.974235e-02  1.964943e-02  2.581884e-03    1.194681e-01  1.194681e-01    4.710365e-04  -4.710365e-04  9.996e-01
4.697065  2.211040e-03  1.868772e-02  2.015860e-02  2.263618e-03  2.007258e-02  2.720671e-01  1.458528e-01  1.971484e-02  1.967648e-02  1.461600e-01  2.697892e-01  1.904830e-02  2.366023e-03  1.973162e-02  1.962947e-02  2.570600e-03    1.197175e-01  1.197175e-01    4.645873e-04  -4.645873e-04  9.996e-01
4.737065  2.212687e-03  1.866751e-02  2.014469e-02  2.249653e-03  2.006104e-02  2.722343e-01  1.457762e-01  1.970940e-02  1.965057e-02  1.460505e-01  2.699620e-01  1.903375e-02  2.360345e-03  1.972001e-02  1.960855e-02  2.558830e-03    1.199740e-01  1.199740e-01    4.571697e-04  -4.571697e-04  9.996e-01
4.777065  2.214486e-03  1.864726e-02  2.012981e-02  2.235622e-03  2.004870e-02  2.724017e-01  1.457017e-01  1.970275e-02  1.962355e-02  1.459439e-01  2.701357e-01  1.901859e-02  2.353963e-03  1.970783e-02  1.958740e-02  2.546993e-03    1.202285e-01  1.202285e-01    4.489877e-04  -4.489877e-04  9.996e-01
4.814022  2.216255e-03  1.862849e-02  2.011523e-02  2.222599e-03  2.003652e-02  2.725567e-01  1.456348e-01  1.969547e-02  1.959762e-02  1.458479e-01  2.702972e-01  1.900405e-02  2.347455e-03  1.969600e-02  1.956765e-02  2.536012e-03    1.204621e-01  1.204621e-01    4.407754e-04  -4.407754e-04  9.996e-01
4.853859  2.218246e-03  1.860819e-02  2.009863e-02  2.208494e-03  2.002254e-02  2.727245e-01  1.455647e-01  1.968640e-02  1.956866e-02  1.457472e-01  2.704720e-01  1.898782e-02  2.339803e-03  1.968258e-02  1.954617e-02  2.524137e-03    1.207121e-01  1.207121e-01    4.311860e-04  -4.311860e-04  9.996e-01
4.893859  2.220301e-03  1.858772e-02  2.008106e-02  2.194260e-03  2.000753e-02  2.728936e-01  1.454962e-01  1.967599e-02  1.953857e-02  1.456488e-01  2.706487e-01  1.897095e-02  2.331476e-03  1.966834e-02  1.952440e-02  2.512182e-03    1.209614e-01  1.209614e-01    4.208321e-04  -4.208321e-04  9.996e-01
4.927308  2.222037e-03  1.857052e-02  2.006570e-02  2.182299e-03  1.999423e-02  2.730356e-01  1.454403e-01  1.966628e-02  1.951267e-02  1.455688e-01  2.707971e-01  1.895641e-02  2.324038e-03  1.965579e-02  1.950605e-02  2.502167e-03    1.211686e-01  1.211686e-01    4.116186e-04  -4.116186e-04  9.996e-01
4.960757  2.223770e-03  1.855325e-02  2.004975e-02  2.170283e-03  1.998019e-02  2.731783e-01  1.453857e-01  1.965564e-02  1.948611e-02  1.454906e-01  2.709463e-01  1.894149e-02  2.316190e-03  1.964264e-02  1.948759e-02  2.492139e-03    1.213745e-01  1.213745e-01    4.019100e-04  -4.019100e-04  9.996e-01
5.000757  2.225811e-03  1.853249e-02  2.002994e-02  2.155842e-03  1.996244e-02  2.733500e-01  1.453220e-01  1.964172e-02  1.945354e-02  1.453998e-01  2.711255e-01  1.892317e-02  2.306294e-03  1.962608e-02  1.946537e-02  2.480135e-03    1.216192e-01  1.216192e-01    3.896729e-04  -3.896729e-04  9.996e-01
5.040757  2.227787e-03  1.851162e-02  2.000937e-02  2.141323e-03  1.994359e-02  2.735227e-01  1.452599e-01  1.962649e-02  1.942012e-02  1.453116e-01  2.713056e-01  1.890434e-02  2.295881e-03  1.960854e-02  1.944301e-02  2.468121e-03    1.218622e-01  1.218622e-01    3.767717e-04  -3.767717e-04  9.996e-01
5.080757  2.229666e-03  1.849064e-02  1.998809e-02  2.126731e-03  1.992360e-02  2.736965e-01  1.451993e-01  1.960998e-02  1.938590e-02  1.452262e-01  2.714867e-01  1.888505e-02  2.284990e-03  1.959001e-02  1.942054e-02  2.456104e-03    1.221035e-01  1.221035e-01    3.631530e-04  -3.631530e-04  9.996e-01
5.120757  2.231423e-03  1.846952e-02  1.996612e-02  2.112068e-03  1.990252e-02  2.738718e-01  1.451401e-01  1.959219e-02  1.935096e-02  1.451435e-01  2.716684e-01  1.886527e-02  2.273673e-03  1.957044e-02  1.939797e-02  2.444083e-03    1.223430e-01  1.223430e-01    3.490059e-04  -3.490059e-04  9.996e-01
5.157752  2.232916e-03  1.844987e-02  1.994523e-02  2.098455e-03  1.988200e-02  2.740350e-01  1.450866e-01  1.957462e-02  1.931802e-02  1.450694e-01  2.718370e-01  1.884661e-02  2.262864e-03  1.955139e-02  1.937702e-02  2.432968e-03    1.225631e-01  1.225631e-01    3.354064e-04  -3.354064e-04  9.996e-01
5.197397  2.234354e-03  1.842869e-02  1.992230e-02  2.083823e-03  1.985893e-02  2.742112e-01  1.450305e-01  1.955461e-02  1.928212e-02  1.449924e-01  2.720184e-01  1.882623e-02  2.250958e-03  1.952993e-02  1.935452e-02  2.421061e-03    1.227972e-01  1.227972e-01    3.203104e-04  -3.203104e-04  9.996e-01
5.232592  2.235474e-03  1.840976e-02  1.990148e-02  2.070808e-03  1.983751e-02  2.743688e-01  1.449816e-01  1.953586e-02  1.924976e-02  1.449262e-01  2.721798e-01  1.880783e-02  2.240144e-03  1.950997e-02  1.933452e-02  2.410499e-03    1.230036e-01  1.230036e-01    3.064819e-04  -3.064819e-04  9.996e-01
5.266010  2.236390e-03  1.839169e-02  1.988134e-02  2.058439e-03  1.981635e-02  2.745194e-01  1.449359e-01  1.951719e-02  1.921863e-02  1.448652e-01  2.723335e-01  1.879012e-02  2.229691e-03  1.949022e-02  1.931551e-02  2.400478e-03    1.231982e-01  1.231982e-01    2.930055e-04  -2.930055e-04  9.996e-01
5.299468  2.237155e-03  1.837349e-02  1.986085e-02  2.046057e-03  1.979438e-02  2.746711e-01  1.448909e-01  1.949769e-02  1.918710e-02  1.448059e-01  2.724875e-01  1.877216e-02  2.219070e-03  1.946966e-02  1.929647e-02  2.390457e-03    1.233919e-01  1.233919e-01    2.791993e-04  -2.791993e-04  9.996e-01
5.332001  2.237746e-03  1.835570e-02  1.984062e-02  2.034031e-03  1.977226e-02  2.748195e-01  1.448478e-01  1.947796e-02  1.915611e-02  1.447499e-01  2.726376e-01  1.875451e-02  2.208616e-03  1.944892e-02  1.927797e-02  2.380725e-03    1.235789e-01  1.235789e-01    2.655057e-04  -2.655057e-04  9.996e-01
5.368055  2.238219e-03  1.833587e-02  1.981787e-02  2.020732e-03  1.974690e-02  2.749850e-01  1.448008e-01  1.945522e-02  1.912142e-02  1.446898e-01  2.728040e-01  1.873475e-02  2.196911e-03  1.942507e-02  1.925748e-02  2.369957e-03    1.237847e-01  1.237847e-01    2.500232e-04  -2.500232e-04  9.996e-01
5.408055  2.238513e-03  1.831372e-02  1.979226e-02  2.006031e-03  1.971774e-02  2.751698e-01  1.447493e-01  1.942897e-02  1.908254e-02  1.446254e-01  2.729889e-01  1.871261e-02  2.183809e-03  1.939757e-02  1.923479e-02  2.358033e-03    1.240113e-01  1.240113e-01    2.325442e-04  -2.325442e-04  9.996e-01
5.445345  2.238564e-03  1.829296e-02  1.976804e-02  1.992395e-03  1.968961e-02  2.753432e-01  1.447020e-01  1.940354e-02  1.904594e-02  1.445676e-01  2.731613e-01  1.869178e-02  2.171514e-03  1.937096e-02  1.921367e-02  2.346942e-03    1.242206e-01  1.242206e-01    2.159669e-04  -2.159669e-04  9.996e-01
5.485345  2.238379e-03  1.827055e-02  1.974173e-02  1.977859e-03  1.965844e-02  2.755303e-01  1.446520e-01  1.937528e-02  1.900635e-02  1.445079e-01  2.733462e-01  1.866927e-02  2.158271e-03  1.934141e-02  1.919106e-02  2.335072e-03    1.244433e-01  1.244433e-01    1.979490e-04  -1.979490e-04  9.996e-01
5.525345  2.237944e-03  1.824802e-02  1.971509e-02  1.963434e-03  1.962628e-02  2.757185e-01  1.446026e-01  1.934604e-02  1.896643e-02  1.444505e-01  2.735310e-01  1.864660e-02  2.145002e-03  1.931084e-02  1.916850e-02  2.323232e-03    1.246638e-01  1.246638e-01    1.797269e-04  -1.797269e-04  9.996e-01
5.565345  2.237260e-03  1.822539e-02  1.968815e-02  1.949135e-03  1.959316e-02  2.759077e-01  1.445538e-01  1.931589e-02  1.892621e-02  1.443954e-01  2.737156e-01  1.862382e-02  2.131736e-03  1.927931e-02  1.914601e-02  2.311423e-03    1.248823e-01  1.248823e-01    1.613953e-04  -1.613953e-04  9.996e-01
5.604297  2.236354e-03  1.820325e-02  1.966165e-02  1.935341e-03  1.956004e-02  2.760928e-01  1.445068e-01  1.928568e-02  1.888679e-02  1.443440e-01  2.738952e-01  1.860153e-02  2.118846e-03  1.924772e-02  1.912416e-02  2.299948e-03    1.250928e-01  1.250928e-01    1.434124e-04  -1.434124e-04  9.996e-01
5.644297  2.235178e-03  1.818045e-02  1.963417e-02  1.921318e-03  1.952516e-02  2.762836e-01  1.444589e-01  1.925384e-02  1.884608e-02  1.442934e-01  2.740793e-01  1.857854e-02  2.105664e-03  1.921442e-02  1.910178e-02  2.288190e-03    1.253068e-01  1.253068e-01    1.248956e-04  -1.248956e-04  9.996e-01
5.684297  2.233753e-03  1.815758e-02  1.960646e-02  1.907446e-03  1.948945e-02  2.764752e-01  1.444115e-01  1.922125e-02  1.880515e-02  1.442450e-01  2.742630e-01  1.855549e-02  2.092562e-03  1.918031e-02  1.907945e-02  2.276455e-03    1.255185e-01  1.255185e-01    1.063742e-04  -1.063742e-04  9.996e-01
5.724297  2.232078e-03  1.813469e-02  1.957854e-02  1.893726e-03  1.945296e-02  2.766673e-01  1.443644e-01  1.918796e-02  1.876402e-02  1.441987e-01  2.744463e-01  1.853236e-02  2.079565e-03  1.914545e-02  1.905717e-02  2.264740e-03    1.257278e-01  1.257278e-01    8.790851e-05  -8.790851e-05  9.996e-01
5.764297  2.230149e-03  1.811178e-02  1.955044e-02  1.880162e-03  1.941574e-02  2.768598e-01  1.443177e-01  1.915405e-02  1.872271e-02  1.441546e-01  2.746290e-01  1.850918e-02  2.066696e-03  1.910990e-02  1.903494e-02  2.253042e-03    1.259346e-01  1.259346e-01    6.953546e-05  -6.953546e-05  9.996e-01
5.804297  2.227965e-03  1.808888e-02  1.952218e-02  1.866752e-03  1.937784e-02  2.770527e-01  1.442713e-01  1.911956e-02  1.868126e-02  1.441126e-01  2.748113e-01  1.848593e-02  2.053978e-03  1.907373e-02  1.901275e-02  2.241359e-03    1.261389e-01  1.261389e-01    5.132590e-05  -5.132590e-05  9.996e-01
5.844297  2.225521e-03  1.806602e-02  1.949380e-02  1.853498e-03  1.933931e-02  2.772456e-01  1.442251e-01  1.908457e-02  1.863968e-02  1.440727e-01  2.749928e-01  1.846262e-02  2.041431e-03  1.903700e-02  1.899059e-02  2.229691e-03    1.263407e-01  1.263407e-01    3.332247e-05  -3.332247e-05  9.996e-01
5.884297  2.222811e-03  1.804323e-02  1.946533e-02  1.840399e-03  1.930022e-02  2.774387e-01  1.441792e-01  1.904915e-02  1.859799e-02  1.440348e-01  2.751737e-01  1.843924e-02  2.029077e-03  1.899980e-02  1.896846e-02  2.218040e-03    1.265399e-01  1.265399e-01    1.557164e-05  -1.557164e-05  9.996e-01
5.924297  2.219831e-03  1.802053e-02  1.943680e-02  1.827455e-03  1.926061e-02  2.776316e-01  1.441334e-01  1.901337e-02  1.855621e-02  1.439988e-01  2.753538e-01  1.841578e-02  2.016931e-03  1.896218e-02  1.894635e-02  2.206406e-03    1.267364e-01  1.267364e-01    -1.881835e-06  1.881835e-06  9.996e-01
5.964297  2.216575e-03  1.799794e-02  1.940822e-02  1.814664e-03  1.922056e-02  2.778242e-01  1.440878e-01  1.897730e-02  1.851437e-02  1.439648e-01  2.755330e-01  1.839222e-02  2.005011e-03  1.892423e-02  1.892426e-02  2.194794e-03    1.269302e-01  1.269302e-01    -1.898390e-05  1.898390e-05  9.996e-01
6.004297  2.213039e-03  1.797549e-02  1.937964e-02  1.802031e-03  1.918011e-02  2.780164e-01  1.440424e-01  1.894100e-02  1.847251e-02  1.439327e-01  2.757113e-01  1.836857e-02  1.993327e-03  1.888602e-02  1.890219e-02  2.183212e-03    1.271212e-01  1.271212e-01    -3.569274e-05  3.569274e-05  9.996e-01
6.044297  2.209218e-03  1.795322e-02  1.935107e-02  1.789555e-03  1.913934e-02  2.782081e-01  1.439971e-01  1.890455e-02  1.843064e-02  1.439024e-01  2.758887e-01  1.834480e-02  1.981891e-03  1.884761e-02  1.888012e-02  2.171664e-03    1.273095e-01  1.273095e-01    -5.196599e-05  5.196599e-05  9.996e-01
6.084297  2.205106e-03  1.793114e-02  1.932255e-02  1.777238e-03  1.909831e-02  2.783990e-01  1.439520e-01  1.886800e-02  1.838881e-02  1.438739e-01  2.760650e-01  1.832090e-02  1.970707e-03  1.880909e-02  1.885806e-02  2.160161e-03    1.274950e-01  1.274950e-01    -6.776091e-05  6.776091e-05  9.996e-01
6.124297  2.200699e-03  1.790927e-02  1.929409e-02  1.765082e-03  1.905708e-02  2.785891e-01  1.439070e-01  1.883142e-02  1.834705e-02  1.438472e-01  2.762401e-01  1.829686e-02  1.959780e-03  1.877052e-02  1.883602e-02  2.148712e-03    1.276776e-01  1.276776e-01    -8.303564e-05  8.303564e-05  9.996e-01
6.164297  2.195995e-03  1.788764e-02  1.926572e-02  1.753092e-03  1.901571e-02  2.787781e-01  1.438622e-01  1.879487e-02  1.830540e-02  1.438222e-01  2.764140e-01  1.827268e-02  1.949110e-03  1.873198e-02  1.881398e-02  2.137328e-03    1.278574e-01  1.278574e-01    -9.775082e-05  9.775082e-05  9.996e-01
6.204297  2.190991e-03  1.786627e-02  1.923745e-02  1.741269e-03  1.897429e-02  2.789660e-01  1.438175e-01  1.875840e-02  1.826392e-02  1.437988e-01  2.765865e-01  1.824836e-02  1.938695e-03  1.869354e-02  1.879197e-02  2.126022e-03    1.280343e-01  1.280343e-01    -1.118668e-04  1.118668e-04  9.996e-01
6.244297  2.185687e-03  1.784518e-02  1.920930e-02  1.729619e-03  1.893287e-02  2.791526e-01  1.437730e-01  1.872207e-02  1.822264e-02  1.437769e-01  2.767577e-01  1.822388e-02  1.928531e-03  1.865526e-02  1.876998e-02  2.114809e-03    1.282083e-01  1.282083e-01    -1.253458e-04  1.253458e-04  9.996e-01
6.284297  2.180083e-03  1.782438e-02  1.918129e-02  1.718146e-03  1.889152e-02  2.793376e-01  1.437286e-01  1.868594e-02  1.818163e-02  1.437566e-01  2.769274e-01  1.819925e-02  1.918612e-03  1.861721e-02  1.874803e-02  2.103701e-03    1.283793e-01  1.283793e-01    -1.381557e-04  1.381557e-04  9.996e-01
6.324297  2.174180e-03  1.780390e-02  1.915344e-02  1.706855e-03  1.885032e-02  2.795211e-01  1.436844e-01  1.865004e-02  1.814094e-02  1.437377e-01  2.770954e-01  1.817448e-02  1.908931e-03  1.857947e-02  1.872612e-02  2.092715e-03    1.285475e-01  1.285475e-01    -1.502576e-04  1.502576e-04  9.996e-01
6.364297  2.167982e-03  1.778373e-02  1.912576e-02  1.695750e-03  1.880932e-02  2.797028e-01  1.436403e-01  1.861442e-02  1.810063e-02  1.437203e-01  2.772618e-01  1.814957e-02  1.899479e-03  1.854208e-02  1.870426e-02  2.081866e-03    1.287127e-01  1.287127e-01    -1.616213e-04  1.616213e-04  9.996e-01
6.404297  2.161492e-03  1.776387e-02  1.909826e-02  1.684838e-03  1.876860e-02  2.798826e-01  1.435966e-01  1.857914e-02  1.806074e-02  1.437040e-01  2.774263e-01  1.812455e-02  1.890245e-03  1.850509e-02  1.868248e-02  2.071172e-03    1.288750e-01  1.288750e-01    -1.721989e-04  1.721989e-04  9.996e-01
6.444297  2.154721e-03  1.774436e-02  1.907095e-02  1.674123e-03  1.872823e-02  2.800604e-01  1.435530e-01  1.854422e-02  1.802136e-02  1.436891e-01  2.775890e-01  1.809941e-02  1.881219e-03  1.846859e-02  1.866077e-02  2.060645e-03    1.290343e-01  1.290343e-01    -1.819905e-04  1.819905e-04  9.996e-01
6.484297  2.147675e-03  1.772517e-02  1.904385e-02  1.663610e-03  1.868825e-02  2.802360e-01  1.435097e-01  1.850972e-02  1.798254e-02  1.436753e-01  2.777496e-01  1.807419e-02  1.872391e-03  1.843260e-02  1.863916e-02  2.050305e-03    1.291907e-01  1.291907e-01    -1.909657e-04  1.909657e-04  9.996e-01
6.524297  2.140364e-03  1.770632e-02  1.901696e-02  1.653303e-03  1.864875e-02  2.804094e-01  1.434666e-01  1.847565e-02  1.794434e-02  1.436626e-01  2.779081e-01  1.804889e-02  1.863748e-03  1.839718e-02  1.861766e-02  2.040164e-03    1.293441e-01  1.293441e-01    -1.990840e-04  1.990840e-04  9.996e-01
6.564297  2.132800e-03  1.768779e-02  1.899029e-02  1.643205e-03  1.860979e-02  2.805804e-01  1.434238e-01  1.844205e-02  1.790682e-02  1.436509e-01  2.780644e-01  1.802355e-02  1.855279e-03  1.836237e-02  1.859629e-02  2.030241e-03    1.294947e-01  1.294947e-01    -2.063301e-04  2.063301e-04  9.996e-01
6.604297  2.124994e-03  1.766959e-02  1.896386e-02  1.633318e-03  1.857141e-02  2.807489e-01  1.433813e-01  1.840897e-02  1.787004e-02  1.436402e-01  2.782183e-01  1.799820e-02  1.846971e-03  1.832822e-02  1.857506e-02  2.020550e-03    1.296422e-01  1.296422e-01    -2.126897e-04  2.126897e-04  9.996e-01
6.644297  2.116960e-03  1.765170e-02  1.893767e-02  1.623645e-03  1.853368e-02  2.809149e-01  1.433392e-01  1.837643e-02  1.783407e-02  1.436304e-01  2.783698e-01  1.797287e-02  1.838811e-03  1.829476e-02  1.855398e-02  2.011106e-03    1.297869e-01  1.297869e-01    -2.181684e-04  2.181684e-04  9.996e-01
6.681185  2.109360e-03  1.763546e-02  1.891374e-02  1.614915e-03  1.849951e-02  2.810656e-01  1.433007e-01  1.834693e-02  1.780166e-02  1.436220e-01  2.785073e-01  1.794954e-02  1.831408e-03  1.826455e-02  1.853471e-02  2.002628e-03    1.299178e-01  1.299178e-01    -2.223966e-04  2.223966e-04  9.996e-01
6.721185  2.100926e-03  1.761814e-02  1.888805e-02  1.605655e-03  1.846318e-02  2.812263e-01  1.432593e-01  1.831552e-02  1.776739e-02  1.436136e-01  2.786539e-01  1.792433e-02  1.823502e-03  1.823251e-02  1.851399e-02  1.993698e-03    1.300569e-01  1.300569e-01    -2.261010e-04  2.261010e-04  9.996e-01
6.761185  2.092308e-03  1.760111e-02  1.886263e-02  1.596610e-03  1.842764e-02  2.813842e-01  1.432183e-01  1.828473e-02  1.773409e-02  1.436059e-01  2.787978e-01  1.789922e-02  1.815709e-03  1.820126e-02  1.849349e-02  1.985053e-03    1.301931e-01  1.301931e-01    -2.288879e-04  2.288879e-04  9.996e-01
6.801185  2.083521e-03  1.758435e-02  1.883749e-02  1.587777e-03  1.839295e-02  2.815391e-01  1.431777e-01  1.825460e-02  1.770181e-02  1.435988e-01  2.789388e-01  1.787427e-02  1.808021e-03  1.817083e-02  1.847321e-02  1.976703e-03    1.303265e-01  1.303265e-01    -2.307544e-04  2.307544e-04  9.996e-01
6.841185  2.074581e-03  1.756784e-02  1.881265e-02  1.579155e-03  1.835914e-02  2.816911e-01  1.431377e-01  1.822515e-02  1.767059e-02  1.435921e-01  2.790770e-01  1.784950e-02  1.800425e-03  1.814123e-02  1.845318e-02  1.968659e-03    1.304570e-01  1.304570e-01    -2.317042e-04  2.317042e-04  9.996e-01
6.881185  2.065507e-03  1.755159e-02  1.878810e-02  1.570741e-03  1.832625e-02  2.818400e-01  1.430981e-01  1.819639e-02  1.764048e-02  1.435859e-01  2.792122e-01  1.782496e-02  1.792912e-03  1.811249e-02  1.843342e-02  1.960926e-03    1.305847e-01  1.305847e-01    -2.317403e-04  2.317403e-04  9.996e-01
6.921185  2.056316e-03  1.753558e-02  1.876386e-02  1.562531e-03  1.829431e-02  2.819858e-01  1.430589e-01  1.816837e-02  1.761153e-02  1.435801e-01  2.793444e-01  1.780068e-02  1.785474e-03  1.808463e-02  1.841394e-02  1.953510e-03    1.307097e-01  1.307097e-01    -2.308713e-04  2.308713e-04  9.996e-01
6.959045  2.047524e-03  1.752063e-02  1.874122e-02  1.554944e-03  1.826499e-02  2.821209e-01  1.430224e-01  1.814253e-02  1.758521e-02  1.435749e-01  2.794666e-01  1.777798e-02  1.778495e-03  1.805909e-02  1.839578e-02  1.946786e-03    1.308254e-01  1.308254e-01    -2.292220e-04  2.292220e-04  9.996e-01
6.999045  2.038156e-03  1.750506e-02  1.871761e-02  1.547117e-03  1.823498e-02  2.822605e-01  1.429843e-01  1.811598e-02  1.755858e-02  1.435696e-01  2.795927e-01  1.775433e-02  1.771179e-03  1.803299e-02  1.837691e-02  1.939997e-03    1.309450e-01  1.309450e-01    -2.266148e-04  2.266148e-04  9.996e-01
7.039045  2.028722e-03  1.748968e-02  1.869433e-02  1.539480e-03  1.820599e-02  2.823967e-01  1.429469e-01  1.809023e-02  1.753320e-02  1.435644e-01  2.797156e-01  1.773107e-02  1.763916e-03  1.800781e-02  1.835837e-02  1.933532e-03    1.310619e-01  1.310619e-01    -2.231353e-04  2.231353e-04  9.996e-01
7.078152  2.019457e-03  1.747487e-02  1.867189e-02  1.532193e-03  1.817866e-02  2.825269e-01  1.429108e-01  1.806582e-02  1.750960e-02  1.435595e-01  2.798325e-01  1.770872e-02  1.756865e-03  1.798410e-02  1.834058e-02  1.927522e-03    1.311736e-01  1.311736e-01    -2.189102e-04  2.189102e-04  9.996e-01
7.117968  2.009999e-03  1.745998e-02  1.864939e-02  1.524951e-03  1.815187e-02  2.826562e-01  1.428746e-01  1.804177e-02  1.748685e-02  1.435545e-01  2.799483e-01  1.768641e-02  1.749732e-03  1.796087e-02  1.832281e-02  1.921719e-03    1.312847e-01  1.312847e-01    -2.137803e-04  2.137803e-04  9.996e-01
7.156336  2.000876e-03  1.744582e-02  1.862802e-02  1.518137e-03  1.812705e-02  2.827777e-01  1.428403e-01  1.801937e-02  1.746613e-02  1.435497e-01  2.800567e-01  1.766537e-02  1.742900e-03  1.793938e-02  1.830605e-02  1.916425e-03    1.313894e-01  1.313894e-01    -2.080640e-04  2.080640e-04  9.996e-01
7.195867  1.991487e-03  1.743142e-02  1.860634e-02  1.511283e-03  1.810249e-02  2.828997e-01  1.428056e-01  1.799711e-02  1.744604e-02  1.435446e-01  2.801652e-01  1.764419e-02  1.735903e-03  1.791814e-02  1.828914e-02  1.911272e-03    1.314947e-01  1.314947e-01    -2.014017e-04  2.014017e-04  9.996e-01
7.235867  1.982014e-03  1.741704e-02  1.858475e-02  1.504513e-03  1.807869e-02  2.830198e-01  1.427712e-01  1.797543e-02  1.742702e-02  1.435394e-01  2.802716e-01  1.762332e-02  1.728868e-03  1.789758e-02  1.827243e-02  1.906363e-03    1.315989e-01  1.315989e-01    -1.938836e-04  1.938836e-04  9.996e-01
7.275867  1.972587e-03  1.740285e-02  1.856350e-02  1.497909e-03  1.805594e-02  2.831367e-01  1.427374e-01  1.795461e-02  1.740930e-02  1.435339e-01  2.803746e-01  1.760304e-02  1.721880e-03  1.787795e-02  1.825612e-02  1.901757e-03    1.317005e-01  1.317005e-01    -1.856120e-04  1.856120e-04  9.996e-01
7.315867  1.963223e-03  1.738885e-02  1.854260e-02  1.491466e-03  1.803425e-02  2.832503e-01  1.427044e-01  1.793464e-02  1.739290e-02  1.435281e-01  2.804741e-01  1.758337e-02  1.714942e-03  1.785924e-02  1.824021e-02  1.897444e-03    1.317998e-01  1.317998e-01    -1.766056e-04  1.766056e-04  9.996e-01
7.355867  1.953939e-03  1.737506e-02  1.852204e-02  1.485184e-03  1.801358e-02  2.833606e-01  1.426720e-01  1.791554e-02  1.737779e-02  1.435221e-01  2.805702e-01  1.756436e-02  1.708059e-03  1.784145e-02  1.822473e-02  1.893418e-03    1.318966e-01  1.318966e-01    -1.668965e-04  1.668965e-04  9.996e-01
7.395867  1.944749e-03  1.736146e-02  1.850182e-02  1.479059e-03  1.799394e-02  2.834676e-01  1.426404e-01  1.789730e-02  1.736397e-02  1.435156e-01  2.806629e-01  1.754603e-02  1.701235e-03  1.782455e-02  1.820966e-02  1.889670e-03    1.319911e-01  1.319911e-01    -1.565110e-04  1.565110e-04  9.996e-01
7.435867  1.935668e-03  1.734807e-02  1.848194e-02  1.473090e-03  1.797530e-02  2.835715e-01  1.426095e-01  1.787992e-02  1.735143e-02  1.435088e-01  2.807522e-01  1.752841e-02  1.694478e-03  1.780853e-02  1.819501e-02  1.886189e-03    1.320834e-01  1.320834e-01    -1.454806e-04  1.454806e-04  9.996e-01
7.474641  1.926979e-03  1.733528e-02  1.846299e-02  1.467453e-03  1.795817e-02  2.836691e-01  1.425804e-01  1.786389e-02  1.734047e-02  1.435017e-01  2.808355e-01  1.751202e-02  1.687997e-03  1.779382e-02  1.818123e-02  1.883060e-03    1.321707e-01  1.321707e-01    -1.342025e-04  1.342025e-04  9.996e-01
7.514000  1.918286e-03  1.732251e-02  1.844406e-02  1.461879e-03  1.794170e-02  2.837652e-01  1.425515e-01  1.784843e-02  1.733053e-02  1.434940e-01  2.809168e-01  1.749612e-02  1.681496e-03  1.777969e-02  1.816764e-02  1.880123e-03    1.322573e-01  1.322573e-01    -1.221918e-04  1.221918e-04  9.996e-01
7.554000  1.909591e-03  1.730975e-02  1.842515e-02  1.456368e-03  1.792589e-02  2.838598e-01  1.425230e-01  1.783355e-02  1.732164e-02  1.434856e-01  2.809962e-01  1.748073e-02  1.674977e-03  1.776613e-02  1.815426e-02  1.877371e-03    1.323431e-01  1.323431e-01    -1.094511e-04  1.094511e-04  9.996e-01
7.592025  1.901462e-03  1.729783e-02  1.840746e-02  1.451272e-03  1.791170e-02  2.839469e-01  1.424967e-01  1.782016e-02  1.731428e-02  1.434771e-01  2.810686e-01  1.746684e-02  1.668870e-03  1.775397e-02  1.814194e-02  1.874964e-03    1.324228e-01  1.324228e-01    -9.686489e-05  9.686489e-05  9.996e-01
7.627102  1.894086e-03  1.728703e-02  1.839140e-02  1.446695e-03  1.789932e-02  2.840248e-01  1.424730e-01  1.780847e-02  1.730843e-02  1.434688e-01  2.811328e-01  1.745468e-02  1.663321e-03  1.774336e-02  1.813091e-02  1.872916e-03    1.324948e-01  1.324948e-01    -8.487594e-05  8.487594e-05  9.996e-01
7.663701  1.886518e-03  1.727595e-02  1.837491e-02  1.442046e-03  1.788711e-02  2.841037e-01  1.424491e-01  1.779692e-02  1.730325e-02  1.434595e-01  2.811971e-01  1.744268e-02  1.657624e-03  1.773288e-02  1.811975e-02  1.870945e-03    1.325683e-01  1.325683e-01    -7.200839e-05  7.200839e-05  9.996e-01
7.703701  1.878399e-03  1.726408e-02  1.835717e-02  1.437113e-03  1.787455e-02  2.841873e-01  1.424237e-01  1.778504e-02  1.729865e-02  1.434488e-01  2.812643e-01  1.743038e-02  1.651516e-03  1.772208e-02  1.810796e-02  1.868975e-03    1.326468e-01  1.326468e-01    -5.755248e-05  5.755248e-05  9.997e-01
7.743701  1.870440e-03  1.725246e-02  1.833974e-02  1.432337e-03  1.786279e-02  2.842680e-01  1.423992e-01  1.777393e-02  1.729512e-02  1.434374e-01  2.813284e-01  1.741894e-02  1.645541e-03  1.771195e-02  1.809658e-02  1.867188e-03    1.327235e-01  1.327235e-01    -4.273285e-05  4.273285e-05  9.997e-01
7.782100  1.862949e-03  1.724156e-02  1.832329e-02  1.427898e-03  1.785222e-02  2.843429e-01  1.423765e-01  1.776396e-02  1.729272e-02  1.434257e-01  2.813871e-01  1.740879e-02  1.639939e-03  1.770281e-02  1.808604e-02  1.865632e-03    1.327954e-01  1.327954e-01    -2.820408e-05  2.820408e-05  9.997e-01
7.822100  1.855298e-03  1.723047e-02  1.830645e-02  1.423426e-03  1.784192e-02  2.844183e-01  1.423538e-01  1.775429e-02  1.729119e-02  1.434128e-01  2.814453e-01  1.739907e-02  1.634251e-03  1.769386e-02  1.807546e-02  1.864167e-03    1.328687e-01  1.328687e-01    -1.280455e-05  1.280455e-05  9.997e-01
7.862100  1.847797e-03  1.721966e-02  1.828991e-02  1.419111e-03  1.783232e-02  2.844912e-01  1.423320e-01  1.774531e-02  1.729063e-02  1.433991e-01  2.815005e-01  1.739024e-02  1.628722e-03  1.768545e-02  1.806527e-02  1.862852e-03    1.329404e-01  1.329404e-01    2.860043e-06  -2.860043e-06  9.997e-01
7.902100  1.840442e-03  1.720913e-02  1.827367e-02  1.414953e-03  1.782339e-02  2.845615e-01  1.423110e-01  1.773701e-02  1.729100e-02  1.433847e-01  2.815528e-01  1.738231e-02  1.623363e-03  1.767756e-02  1.805546e-02  1.861676e-03    1.330106e-01  1.330106e-01    1.869960e-05  -1.869960e-05  9.997e-01
7.942100  1.833226e-03  1.719889e-02  1.825771e-02  1.410951e-03  1.781509e-02  2.846294e-01  1.422910e-01  1.772936e-02  1.729226e-02  1.433695e-01  2.816023e-01  1.737526e-02  1.618179e-03  1.767013e-02  1.804603e-02  1.860629e-03    1.330792e-01  1.330792e-01    3.468126e-05  -3.468126e-05  9.997e-01
7.982100  1.826141e-03  1.718895e-02  1.824206e-02  1.407106e-03  1.780739e-02  2.846949e-01  1.422720e-01  1.772233e-02  1.729435e-02  1.433536e-01  2.816491e-01  1.736911e-02  1.613180e-03  1.766314e-02  1.803696e-02  1.859702e-03    1.331464e-01  1.331464e-01    5.079521e-05  -5.079521e-05  9.997e-01
8.022100  1.819181e-03  1.717931e-02  1.822669e-02  1.403419e-03  1.780025e-02  2.847582e-01  1.422538e-01  1.771591e-02  1.729725e-02  1.433368e-01  2.816933e-01  1.736383e-02  1.608372e-03  1.765654e-02  1.802825e-02  1.858887e-03    1.332123e-01  1.332123e-01    6.693858e-05  -6.693858e-05  9.997e-01
8.062100  1.812338e-03  1.716998e-02  1.821161e-02  1.399888e-03  1.779366e-02  2.848193e-01  1.422366e-01  1.771005e-02  1.730091e-02  1.433193e-01  2.817348e-01  1.735943e-02  1.603762e-03  1.765029e-02  1.801988e-02  1.858174e-03    1.332768e-01  1.332768e-01    8.311172e-05  -8.311172e-05  9.997e-01
8.102100  1.805601e-03  1.716095e-02  1.819682e-02  1.396514e-03  1.778756e-02  2.848784e-01  1.422203e-01  1.770475e-02  1.730527e-02  1.433010e-01  2.817739e-01  1.735588e-02  1.599353e-03  1.764436e-02  1.801184e-02  1.857557e-03    1.333402e-01  1.333402e-01    9.924682e-05  -9.924682e-05  9.997e-01
8.142100  1.798965e-03  1.715224e-02  1.818231e-02  1.393296e-03  1.778194e-02  2.849354e-01  1.422049e-01  1.769997e-02  1.731030e-02  1.432820e-01  2.818106e-01  1.735318e-02  1.595152e-03  1.763871e-02  1.800411e-02  1.857026e-03    1.334023e-01  1.334023e-01    1.153012e-04  -1.153012e-04  9.997e-01
8.182100  1.792423e-03  1.714384e-02  1.816808e-02  1.390235e-03  1.777677e-02  2.849905e-01  1.421904e-01  1.769568e-02  1.731594e-02  1.432622e-01  2.818449e-01  1.735131e-02  1.591162e-03  1.763330e-02  1.799669e-02  1.856576e-03    1.334634e-01  1.334634e-01    1.312361e-04  -1.312361e-04  9.997e-01
8.222100  1.785968e-03  1.713576e-02  1.815413e-02  1.387329e-03  1.777200e-02  2.850437e-01  1.421768e-01  1.769187e-02  1.732214e-02  1.432417e-01  2.818771e-01  1.735024e-02  1.587385e-03  1.762811e-02  1.798956e-02  1.856198e-03    1.335234e-01  1.335234e-01    1.470052e-04  -1.470052e-04  9.997e-01
8.259261  1.780044e-03  1.712853e-02  1.814142e-02  1.384768e-03  1.776791e-02  2.850916e-01  1.421650e-01  1.768873e-02  1.732837e-02  1.432221e-01  2.819050e-01  1.734995e-02  1.584070e-03  1.762344e-02  1.798318e-02  1.855907e-03    1.335783e-01  1.335783e-01    1.615043e-04  -1.615043e-04  9.997e-01
8.299261  1.773742e-03  1.712105e-02  1.812800e-02  1.382160e-03  1.776386e-02  2.851415e-01  1.421531e-01  1.768577e-02  1.733553e-02  1.432003e-01  2.819331e-01  1.735036e-02  1.580711e-03  1.761856e-02  1.797658e-02  1.855650e-03    1.336366e-01  1.336366e-01    1.768567e-04  -1.768567e-04  9.997e-01
8.339261  1.767513e-03  1.711388e-02  1.811484e-02  1.379702e-03  1.776013e-02  2.851898e-01  1.421421e-01  1.768320e-02  1.734310e-02  1.431779e-01  2.819593e-01  1.735150e-02  1.577570e-03  1.761380e-02  1.797023e-02  1.855447e-03    1.336939e-01  1.336939e-01    1.919256e-04  -1.919256e-04  9.997e-01
8.379261  1.761353e-03  1.710701e-02  1.810194e-02  1.377395e-03  1.775670e-02  2.852366e-01  1.421319e-01  1.768103e-02  1.735103e-02  1.431549e-01  2.819836e-01  1.735335e-02  1.574645e-03  1.760913e-02  1.796411e-02  1.855290e-03    1.337504e-01  1.337504e-01    2.066553e-04  -2.066553e-04  9.997e-01
8.419261  1.755260e-03  1.710045e-02  1.808930e-02  1.375235e-03  1.775354e-02  2.852819e-01  1.421225e-01  1.767920e-02  1.735929e-02  1.431314e-01  2.820062e-01  1.735586e-02  1.571936e-03  1.760453e-02  1.795823e-02  1.855174e-03    1.338063e-01  1.338063e-01    2.210805e-04  -2.210805e-04  9.997e-01
8.459261  1.749231e-03  1.709418e-02  1.807691e-02  1.373220e-03  1.775063e-02  2.853258e-01  1.421140e-01  1.767773e-02  1.736781e-02  1.431073e-01  2.820271e-01  1.735901e-02  1.569439e-03  1.759998e-02  1.795257e-02  1.855092e-03    1.338614e-01  1.338614e-01    2.350574e-04  -2.350574e-04  9.997e-01
8.499261  1.743267e-03  1.708821e-02  1.806477e-02  1.371345e-03  1.774793e-02  2.853685e-01  1.421062e-01  1.767659e-02  1.737655e-02  1.430827e-01  2.820464e-01  1.736276e-02  1.567152e-03  1.759545e-02  1.794711e-02  1.855038e-03    1.339158e-01  1.339158e-01    2.485960e-04  -2.485960e-04  9.997e-01
8.539261  1.737365e-03  1.708251e-02  1.805287e-02  1.369608e-03  1.774544e-02  2.854099e-01  1.420992e-01  1.767574e-02  1.738545e-02  1.430577e-01  2.820643e-01  1.736708e-02  1.565070e-03  1.759093e-02  1.794184e-02  1.855006e-03    1.339697e-01  1.339697e-01    2.616699e-04  -2.616699e-04  9.997e-01
8.579261  1.731527e-03  1.707709e-02  1.804120e-02  1.368004e-03  1.774311e-02  2.854502e-01  1.420929e-01  1.767519e-02  1.739448e-02  1.430323e-01  2.820807e-01  1.737193e-02  1.563189e-03  1.758639e-02  1.793676e-02  1.854991e-03    1.340230e-01  1.340230e-01    2.742494e-04  -2.742494e-04  9.997e-01
8.618957  1.725797e-03  1.707198e-02  1.802985e-02  1.366538e-03  1.774095e-02  2.854890e-01  1.420873e-01  1.767490e-02  1.740352e-02  1.430068e-01  2.820959e-01  1.737725e-02  1.561515e-03  1.758186e-02  1.793189e-02  1.854986e-03    1.340755e-01  1.340755e-01    2.862642e-04  -2.862642e-04  9.997e-01
8.658957  1.720084e-03  1.706708e-02  1.801863e-02  1.365184e-03  1.773890e-02  2.855271e-01  1.420824e-01  1.767487e-02  1.741265e-02  1.429808e-01  2.821098e-01  1.738306e-02  1.560017e-03  1.757726e-02  1.792714e-02  1.854987e-03    1.341278e-01  1.341278e-01    2.977915e-04  -2.977915e-04  9.997e-01
8.698957  1.714457e-03  1.706243e-02  1.800763e-02  1.363950e-03  1.773695e-02  2.855643e-01  1.420781e-01  1.767508e-02  1.742177e-02  1.429545e-01  2.821227e-01  1.738931e-02  1.558710e-03  1.757261e-02  1.792255e-02  1.854987e-03    1.341798e-01  1.341798e-01    3.087416e-04  -3.087416e-04  9.997e-01
8.738957  1.708897e-03  1.705801e-02  1.799683e-02  1.362831e-03  1.773508e-02  2.856006e-01  1.420744e-01  1.767551e-02  1.743083e-02  1.429279e-01  2.821346e-01  1.739595e-02  1.557578e-03  1.756789e-02  1.791810e-02  1.854982e-03    1.342314e-01  1.342314e-01    3.190955e-04  -3.190955e-04  9.997e-01
8.778957  1.703409e-03  1.705381e-02  1.798625e-02  1.361823e-03  1.773327e-02  2.856360e-01  1.420713e-01  1.767615e-02  1.743980e-02  1.429013e-01  2.821455e-01  1.740295e-02  1.556617e-03  1.756311e-02  1.791380e-02  1.854968e-03    1.342826e-01  1.342826e-01    3.288489e-04  -3.288489e-04  9.997e-01
8.818957  1.697994e-03  1.704982e-02  1.797586e-02  1.360922e-03  1.773150e-02  2.856707e-01  1.420688e-01  1.767698e-02  1.744863e-02  1.428745e-01  2.821555e-01  1.741027e-02  1.555815e-03  1.755825e-02  1.790962e-02  1.854938e-03    1.343336e-01  1.343336e-01    3.379677e-04  -3.379677e-04  9.997e-01
8.858957  1.692656e-03  1.704603e-02  1.796566e-02  1.360122e-03  1.772975e-02  2.857046e-01  1.420668e-01  1.767799e-02  1.745729e-02  1.428476e-01  2.821647e-01  1.741789e-02  1.555167e-03  1.755331e-02  1.790557e-02  1.854889e-03    1.343843e-01  1.343843e-01    3.464591e-04  -3.464591e-04  9.997e-01
8.898957  1.687395e-03  1.704242e-02  1.795564e-02  1.359417e-03  1.772800e-02  2.857378e-01  1.420653e-01  1.767916e-02  1.746575e-02  1.428207e-01  2.821733e-01  1.742576e-02  1.554662e-03  1.754830e-02  1.790164e-02  1.854814e-03    1.344347e-01  1.344347e-01    3.542913e-04  -3.542913e-04  9.997e-01
8.938957  1.682215e-03  1.703898e-02  1.794580e-02  1.358803e-03  1.772624e-02  2.857704e-01  1.420642e-01  1.768046e-02  1.747397e-02  1.427938e-01  2.821812e-01  1.743386e-02  1.554292e-03  1.754320e-02  1.789783e-02  1.854711e-03    1.344850e-01  1.344850e-01    3.614768e-04  -3.614768e-04  9.997e-01
8.978957  1.677115e-03  1.703571e-02  1.793613e-02  1.358271e-03  1.772444e-02  2.858025e-01  1.420636e-01  1.768191e-02  1.748193e-02  1.427670e-01  2.821885e-01  1.744215e-02  1.554049e-03  1.753802e-02  1.789412e-02  1.854575e-03    1.345351e-01  1.345351e-01    3.679863e-04  -3.679863e-04  9.997e-01
9.018957  1.672098e-03  1.703258e-02  1.792662e-02  1.357817e-03  1.772259e-02  2.858340e-01  1.420635e-01  1.768348e-02  1.748959e-02  1.427403e-01  2.821953e-01  1.745059e-02  1.553923e-03  1.753275e-02  1.789052e-02  1.854403e-03    1.345850e-01  1.345850e-01    3.738311e-04  -3.738311e-04  9.997e-01
9.058957  1.667165e-03  1.702958e-02  1.791727e-02  1.357433e-03  1.772067e-02  2.858651e-01  1.420636e-01  1.768515e-02  1.749693e-02  1.427137e-01  2.822017e-01  1.745916e-02  1.553906e-03  1.752740e-02  1.788701e-02  1.854192e-03    1.346348e-01  1.346348e-01    3.790049e-04  -3.790049e-04  9.997e-01
9.098957  1.662315e-03  1.702671e-02  1.790808e-02  1.357113e-03  1.771868e-02  2.858957e-01  1.420642e-01  1.768692e-02  1.750393e-02  1.426874e-01  2.822077e-01  1.746783e-02  1.553989e-03  1.752196e-02  1.788360e-02  1.853940e-03    1.346845e-01  1.346845e-01    3.835107e-04  -3.835107e-04  9.997e-01
9.138957  1.657549e-03  1.702394e-02  1.789902e-02  1.356851e-03  1.771659e-02  2.859259e-01  1.420650e-01  1.768877e-02  1.751056e-02  1.426613e-01  2.822134e-01  1.747657e-02  1.554163e-03  1.751644e-02  1.788027e-02  1.853643e-03    1.347341e-01  1.347341e-01    3.873497e-04  -3.873497e-04  9.997e-01
9.178957  1.652867e-03  1.702127e-02  1.789011e-02  1.356641e-03  1.771440e-02  2.859557e-01  1.420662e-01  1.769069e-02  1.751681e-02  1.426355e-01  2.822189e-01  1.748533e-02  1.554420e-03  1.751085e-02  1.787702e-02  1.853301e-03    1.347836e-01  1.347836e-01    3.905312e-04  -3.905312e-04  9.997e-01
9.218957  1.648270e-03  1.701869e-02  1.788133e-02  1.356475e-03  1.771209e-02  2.859853e-01  1.420676e-01  1.769267e-02  1.752265e-02  1.426101e-01  2.822241e-01  1.749411e-02  1.554751e-03  1.750518e-02  1.787385e-02  1.852913e-03    1.348331e-01  1.348331e-01    3.930451e-04  -3.930451e-04  9.997e-01
9.258957  1.643757e-03  1.701619e-02  1.787267e-02  1.356348e-03  1.770966e-02  2.860145e-01  1.420692e-01  1.769470e-02  1.752807e-02  1.425850e-01  2.822292e-01  1.750287e-02  1.555149e-03  1.749944e-02  1.787074e-02  1.852477e-03    1.348825e-01  1.348825e-01    3.949091e-04  -3.949091e-04  9.997e-01
9.298957  1.639327e-03  1.701375e-02  1.786413e-02  1.356253e-03  1.770709e-02  2.860436e-01  1.420711e-01  1.769677e-02  1.753307e-02  1.425603e-01  2.822342e-01  1.751158e-02  1.555605e-03  1.749362e-02  1.786771e-02  1.851993e-03    1.349319e-01  1.349319e-01    3.961355e-04  -3.961355e-04  9.997e-01
9.338957  1.634979e-03  1.701136e-02  1.785570e-02  1.356186e-03  1.770438e-02  2.860724e-01  1.420732e-01  1.769886e-02  1.753762e-02  1.425360e-01  2.822391e-01  1.752021e-02  1.556112e-03  1.748775e-02  1.786472e-02  1.851461e-03    1.349813e-01  1.349813e-01    3.967373e-04  -3.967373e-04  9.997e-01
9.378957  1.630713e-03  1.700902e-02  1.784737e-02  1.356140e-03  1.770151e-02  2.861010e-01  1.420754e-01  1.770097e-02  1.754171e-02  1.425122e-01  2.822440e-01  1.752875e-02  1.556662e-03  1.748181e-02  1.786180e-02  1.850881e-03    1.350307e-01  1.350307e-01    3.967182e-04  -3.967182e-04  9.997e-01
9.418957  1.626528e-03  1.700671e-02  1.783914e-02  1.356110e-03  1.769849e-02  2.861295e-01  1.420778e-01  1.770309e-02  1.754535e-02  1.424890e-01  2.822490e-01  1.753717e-02  1.557249e-03  1.747582e-02  1.785892e-02  1.850253e-03    1.350800e-01  1.350800e-01    3.960991e-04  -3.960991e-04  9.997e-01
9.458957  1.622423e-03  1.700442e-02  1.783100e-02  1.356092e-03  1.769531e-02  2.861578e-01  1.420802e-01  1.770521e-02  1.754851e-02  1.424663e-01  2.822540e-01  1.754544e-02  1.557865e-03  1.746977e-02  1.785608e-02  1.849577e-03    1.351294e-01  1.351294e-01    3.948949e-04  -3.948949e-04  9.997e-01
9.498957  1.618396e-03  1.700216e-02  1.782294e-02  1.356079e-03  1.769195e-02  2.861860e-01  1.420828e-01  1.770731e-02  1.755122e-02  1.424441e-01  2.822592e-01  1.755354e-02  1.558504e-03  1.746367e-02  1.785329e-02  1.848855e-03    1.351788e-01  1.351788e-01    3.931393e-04  -3.931393e-04  9.997e-01
9.538957  1.614446e-03  1.699990e-02  1.781496e-02  1.356069e-03  1.768842e-02  2.862141e-01  1.420855e-01  1.770940e-02  1.755344e-02  1.424226e-01  2.822645e-01  1.756146e-02  1.559160e-03  1.745753e-02  1.785052e-02  1.848087e-03    1.352282e-01  1.352282e-01    3.908224e-04  -3.908224e-04  9.997e-01
9.578957  1.610571e-03  1.699764e-02  1.780705e-02  1.356057e-03  1.768472e-02  2.862422e-01  1.420882e-01  1.771146e-02  1.755519e-02  1.424017e-01  2.822699e-01  1.756918e-02  1.559826e-03  1.745136e-02  1.784778e-02  1.847275e-03    1.352776e-01  1.352776e-01    3.879737e-04  -3.879737e-04  9.997e-01
9.618957  1.606770e-03  1.699537e-02  1.779920e-02  1.356039e-03  1.768083e-02  2.862702e-01  1.420909e-01  1.771349e-02  1.755647e-02  1.423814e-01  2.822755e-01  1.757667e-02  1.560497e-03  1.744515e-02  1.784507e-02  1.846420e-03    1.353270e-01  1.353270e-01    3.846171e-04  -3.846171e-04  9.997e-01
9.658957  1.603042e-03  1.699308e-02  1.779140e-02  1.356011e-03  1.767677e-02  2.862982e-01  1.420937e-01  1.771548e-02  1.755728e-02  1.423618e-01  2.822814e-01  1.758392e-02  1.561167e-03  1.743890e-02  1.784238e-02  1.845523e-03    1.353764e-01  1.353764e-01    3.807769e-04  -3.807769e-04  9.997e-01
9.698957  1.599383e-03  1.699078e-02  1.778366e-02  1.355971e-03  1.767252e-02  2.863262e-01  1.420964e-01  1.771742e-02  1.755763e-02  1.423429e-01  2.822875e-01  1.759092e-02  1.561831e-03  1.743264e-02  1.783971e-02  1.844585e-03    1.354258e-01  1.354258e-01    3.764895e-04  -3.764895e-04  9.997e-01
9.738957  1.595794e-03  1.698845e-02  1.777596e-02  1.355915e-03  1.766809e-02  2.863541e-01  1.420992e-01  1.771931e-02  1.755751e-02  1.423248e-01  2.822938e-01  1.759764e-02  1.562485e-03  1.742635e-02  1.783704e-02  1.843609e-03    1.354752e-01  1.354752e-01    3.717461e-04  -3.717461e-04  9.997e-01
9.778957  1.592270e-03  1.698608e-02  1.776830e-02  1.355841e-03  1.766348e-02  2.863821e-01  1.421019e-01  1.772114e-02  1.755694e-02  1.423073e-01  2.823004e-01  1.760408e-02  1.563123e-03  1.742004e-02  1.783439e-02  1.842595e-03    1.355245e-01  1.355245e-01    3.665919e-04  -3.665919e-04  9.997e-01
9.818957  1.588811e-03  1.698368e-02  1.776067e-02  1.355746e-03  1.765869e-02  2.864101e-01  1.421045e-01  1.772291e-02  1.755592e-02  1.422906e-01  2.823073e-01  1.761023e-02  1.563742e-03  1.741373e-02  1.783174e-02  1.841547e-03    1.355739e-01  1.355739e-01    3.610518e-04  -3.610518e-04  9.997e-01
9.858957  1.585413e-03  1.698124e-02  1.775307e-02  1.355630e-03  1.765373e-02  2.864382e-01  1.421071e-01  1.772461e-02  1.755447e-02  1.422747e-01  2.823145e-01  1.761607e-02  1.564338e-03  1.740740e-02  1.782910e-02  1.840464e-03    1.356232e-01  1.356232e-01    3.551461e-04  -3.551461e-04  9.997e-01
9.898957  1.582076e-03  1.697876e-02  1.774550e-02  1.355489e-03  1.764858e-02  2.864662e-01  1.421096e-01  1.772624e-02  1.755259e-02  1.422596e-01  2.823220e-01  1.762159e-02  1.564906e-03  1.740107e-02  1.782646e-02  1.839350e-03    1.356724e-01  1.356724e-01    3.489185e-04  -3.489185e-04  9.997e-01
9.938957  1.578797e-03  1.697622e-02  1.773795e-02  1.355322e-03  1.764327e-02  2.864944e-01  1.421120e-01  1.772779e-02  1.755030e-02  1.422452e-01  2.823298e-01  1.762680e-02  1.565443e-03  1.739474e-02  1.782382e-02  1.838206e-03    1.357216e-01  1.357216e-01    3.423800e-04  -3.423800e-04  9.997e-01
9.978957  1.575572e-03  1.697364e-02  1.773041e-02  1.355129e-03  1.763780e-02  2.865225e-01  1.421143e-01  1.772927e-02  1.754760e-02  1.422316e-01  2.823379e-01  1.763167e-02  1.565946e-03  1.738842e-02  1.782118e-02  1.837034e-03    1.357708e-01  1.357708e-01    3.355502e-04  -3.355502e-04  9.997e-01
10.018957  1.572402e-03  1.697100e-02  1.772289e-02  1.354909e-03  1.763216e-02  2.865507e-01  1.421165e-01  1.773067e-02  1.754451e-02  1.422188e-01  2.823463e-01  1.763620e-02  1.566413e-03  1.738210e-02  1.781853e-02  1.835836e-03    1.358198e-01  1.358198e-01    3.284780e-04  -3.284780e-04  9.997e-01
10.058957  1.569281e-03  1.696830e-02  1.771538e-02  1.354661e-03  1.762637e-02  2.865790e-01  1.421186e-01  1.773200e-02  1.754105e-02  1.422068e-01  2.823550e-01  1.764039e-02  1.566840e-03  1.737579e-02  1.781589e-02  1.834614e-03    1.358688e-01  1.358688e-01    3.211725e-04  -3.211725e-04  9.997e-01
10.098957  1.566208e-03  1.696555e-02  1.770788e-02  1.354384e-03  1.762044e-02  2.866073e-01  1.421206e-01  1.773324e-02  1.753723e-02  1.421957e-01  2.823640e-01  1.764424e-02  1.567224e-03  1.736949e-02  1.781323e-02  1.833371e-03    1.359177e-01  1.359177e-01    3.136644e-04  -3.136644e-04  9.997e-01
10.138957  1.563182e-03  1.696274e-02  1.770038e-02  1.354080e-03  1.761436e-02  2.866357e-01  1.421224e-01  1.773440e-02  1.753306e-02  1.421853e-01  2.823732e-01  1.764773e-02  1.567565e-03  1.736322e-02  1.781057e-02  1.832107e-03    1.359664e-01  1.359664e-01    3.059872e-04  -3.059872e-04  9.997e-01
10.178957  1.560198e-03  1.695988e-02  1.769289e-02  1.353747e-03  1.760814e-02  2.866641e-01  1.421241e-01  1.773548e-02  1.752857e-02  1.421757e-01  2.823828e-01  1.765088e-02  1.567859e-03  1.735696e-02  1.780791e-02  1.830826e-03    1.360150e-01  1.360150e-01    2.981684e-04  -2.981684e-04  9.997e-01
10.218957  1.557255e-03  1.695696e-02  1.768541e-02  1.353387e-03  1.760180e-02  2.866925e-01  1.421256e-01  1.773648e-02  1.752376e-02  1.421669e-01  2.823926e-01  1.765367e-02  1.568106e-03  1.735072e-02  1.780525e-02  1.829528e-03    1.360635e-01  1.360635e-01    2.902475e-04  -2.902475e-04  9.997e-01
10.258957  1.554350e-03  1.695398e-02  1.767793e-02  1.353001e-03  1.759533e-02  2.867210e-01  1.421270e-01  1.773739e-02  1.751866e-02  1.421589e-01  2.824027e-01  1.765612e-02  1.568303e-03  1.734452e-02  1.780258e-02  1.828218e-03    1.361118e-01  1.361118e-01    2.822390e-04  -2.822390e-04  9.997e-01
10.298957  1.551480e-03  1.695094e-02  1.767046e-02  1.352589e-03  1.758876e-02  2.867495e-01  1.421282e-01  1.773823e-02  1.751329e-02  1.421517e-01  2.824131e-01  1.765822e-02  1.568450e-03  1.733833e-02  1.779992e-02  1.826895e-03    1.361599e-01  1.361599e-01    2.741668e-04  -2.741668e-04  9.997e-01
10.338957  1.548644e-03  1.694785e-02  1.766299e-02  1.352152e-03  1.758208e-02  2.867780e-01  1.421293e-01  1.773899e-02  1.750765e-02  1.421453e-01  2.824236e-01  1.765996e-02  1.568546e-03  1.733218e-02  1.779725e-02  1.825564e-03    1.362078e-01  1.362078e-01    2.660706e-04  -2.660706e-04  9.997e-01
10.378957  1.545839e-03  1.694470e-02  1.765553e-02  1.351693e-03  1.757531e-02  2.868064e-01  1.421302e-01  1.773967e-02  1.750178e-02  1.421396e-01  2.824344e-01  1.766137e-02  1.568589e-03  1.732607e-02  1.779459e-02  1.824224e-03    1.362555e-01  1.362555e-01    2.579855e-04  -2.579855e-04  9.997e-01
10.418957  1.543062e-03  1.694151e-02  1.764808e-02  1.351212e-03  1.756845e-02  2.868349e-01  1.421309e-01  1.774028e-02  1.749568e-02  1.421347e-01  2.824454e-01  1.766243e-02  1.568580e-03  1.731999e-02  1.779193e-02  1.822880e-03    1.363030e-01  1.363030e-01    2.499148e-04  -2.499148e-04  9.997e-01
10.458957  1.540310e-03  1.693826e-02  1.764064e-02  1.350712e-03  1.756152e-02  2.868634e-01  1.421315e-01  1.774081e-02  1.748938e-02  1.421305e-01  2.824565e-01  1.766316e-02  1.568518e-03  1.731394e-02  1.778929e-02  1.821533e-03    1.363502e-01  1.363502e-01    2.418871e-04  -2.418871e-04  9.997e-01
10.498957  1.537583e-03  1.693496e-02  1.763321e-02  1.350195e-03  1.755452e-02  2.868919e-01  1.421319e-01  1.774128e-02  1.748290e-02  1.421270e-01  2.824678e-01  1.766355e-02  1.568403e-03  1.730794e-02  1.778665e-02  1.820184e-03    1.363972e-01  1.363972e-01    2.339322e-04  -2.339322e-04  9.997e-01
10.538957  1.534877e-03  1.693162e-02  1.762579e-02  1.349662e-03  1.754746e-02  2.869203e-01  1.421322e-01  1.774169e-02  1.747625e-02  1.421243e-01  2.824792e-01  1.766362e-02  1.568235e-03  1.730198e-02  1.778404e-02  1.818836e-03    1.364439e-01  1.364439e-01    2.260732e-04  -2.260732e-04  9.997e-01
10.578957  1.532190e-03  1.692824e-02  1.761840e-02  1.349117e-03  1.754035e-02  2.869487e-01  1.421323e-01  1.774203e-02  1.746945e-02  1.421222e-01  2.824907e-01  1.766336e-02  1.568015e-03  1.729606e-02  1.778144e-02  1.817491e-03    1.364903e-01  1.364903e-01    2.183439e-04  -2.183439e-04  9.997e-01
10.618957  1.529521e-03  1.692481e-02  1.761102e-02  1.348562e-03  1.753321e-02  2.869770e-01  1.421322e-01  1.774231e-02  1.746253e-02  1.421209e-01  2.825022e-01  1.766280e-02  1.567743e-03  1.729019e-02  1.777887e-02  1.816150e-03    1.365364e-01  1.365364e-01    2.107556e-04  -2.107556e-04  9.997e-01
10.658957  1.526866e-03  1.692135e-02  1.760367e-02  1.347999e-03  1.752602e-02  2.870052e-01  1.421320e-01  1.774254e-02  1.745549e-02  1.421201e-01  2.825139e-01  1.766193e-02  1.567419e-03  1.728436e-02  1.777632e-02  1.814816e-03    1.365821e-01  1.365821e-01    2.033427e-04  -2.033427e-04  9.997e-01
10.698957  1.524225e-03  1.691785e-02  1.759635e-02  1.347432e-03  1.751882e-02  2.870333e-01  1.421317e-01  1.774271e-02  1.744836e-02  1.421200e-01  2.825255e-01  1.766076e-02  1.567046e-03  1.727859e-02  1.777381e-02  1.813491e-03    1.366276e-01  1.366276e-01    1.961133e-04  -1.961133e-04  9.997e-01
10.738957  1.521596e-03  1.691432e-02  1.758906e-02  1.346863e-03  1.751160e-02  2.870614e-01  1.421312e-01  1.774284e-02  1.744116e-02  1.421205e-01  2.825371e-01  1.765930e-02  1.566624e-03  1.727286e-02  1.777134e-02  1.812175e-03    1.366727e-01  1.366727e-01    1.891001e-04  -1.891001e-04  9.997e-01
10.778957  1.518976e-03  1.691076e-02  1.758181e-02  1.346295e-03  1.750438e-02  2.870892e-01  1.421306e-01  1.774293e-02  1.743390e-02  1.421216e-01  2.825488e-01  1.765755e-02  1.566155e-03  1.726720e-02  1.776891e-02  1.810870e-03    1.367174e-01  1.367174e-01    1.823185e-04  -1.823185e-04  9.997e-01
10.818957  1.516365e-03  1.690718e-02  1.757460e-02  1.345731e-03  1.749716e-02  2.871170e-01  1.421299e-01  1.774297e-02  1.742660e-02  1.421233e-01  2.825603e-01  1.765554e-02  1.565639e-03  1.726158e-02  1.776654e-02  1.809579e-03    1.367617e-01  1.367617e-01    1.757845e-04  -1.757845e-04  9.997e-01
10.858957  1.513761e-03  1.690357e-02  1.756744e-02  1.345175e-03  1.748995e-02  2.871446e-01  1.421291e-01  1.774298e-02  1.741928e-02  1.421255e-01  2.825718e-01  1.765326e-02  1.565080e-03  1.725603e-02  1.776421e-02  1.808302e-03    1.368057e-01  1.368057e-01    1.695169e-04  -1.695169e-04  9.997e-01
10.898957  1.511162e-03  1.689995e-02  1.756033e-02  1.344630e-03  1.748276e-02  2.871720e-01  1.421282e-01  1.774296e-02  1.741194e-02  1.421282e-01  2.825831e-01  1.765073e-02  1.564479e-03  1.725054e-02  1.776195e-02  1.807040e-03    1.368493e-01  1.368493e-01    1.635402e-04  -1.635402e-04  9.997e-01
10.937791  1.508642e-03  1.689641e-02  1.755347e-02  1.344113e-03  1.747580e-02  2.871985e-01  1.421272e-01  1.774292e-02  1.740483e-02  1.421313e-01  2.825940e-01  1.764804e-02  1.563858e-03  1.724526e-02  1.775982e-02  1.805830e-03    1.368912e-01  1.368912e-01    1.580197e-04  -1.580197e-04  9.997e-01
10.977791  1.506051e-03  1.689276e-02  1.754648e-02  1.343598e-03  1.746867e-02  2.872255e-01  1.421261e-01  1.774285e-02  1.739753e-02  1.421349e-01  2.826051e-01  1.764504e-02  1.563181e-03  1.723990e-02  1.775769e-02  1.804601e-03    1.369339e-01  1.369339e-01    1.526486e-04  -1.526486e-04  9.997e-01
11.017791  1.503461e-03  1.688909e-02  1.753955e-02  1.343102e-03  1.746157e-02  2.872523e-01  1.421250e-01  1.774276e-02  1.739026e-02  1.421390e-01  2.826160e-01  1.764181e-02  1.562470e-03  1.723460e-02  1.775564e-02  1.803389e-03    1.369762e-01  1.369762e-01    1.476032e-04  -1.476032e-04  9.997e-01
11.057791  1.500874e-03  1.688542e-02  1.753268e-02  1.342629e-03  1.745452e-02  2.872789e-01  1.421238e-01  1.774266e-02  1.738304e-02  1.421435e-01  2.826266e-01  1.763836e-02  1.561727e-03  1.722938e-02  1.775368e-02  1.802196e-03    1.370180e-01  1.370180e-01    1.428982e-04  -1.428982e-04  9.997e-01
11.097791  1.498286e-03  1.688174e-02  1.752590e-02  1.342182e-03  1.744752e-02  2.873053e-01  1.421226e-01  1.774254e-02  1.737588e-02  1.421484e-01  2.826370e-01  1.763471e-02  1.560955e-03  1.722423e-02  1.775180e-02  1.801021e-03    1.370594e-01  1.370594e-01    1.385464e-04  -1.385464e-04  9.997e-01
11.137791  1.495699e-03  1.687806e-02  1.751919e-02  1.341764e-03  1.744057e-02  2.873314e-01  1.421213e-01  1.774241e-02  1.736879e-02  1.421536e-01  2.826471e-01  1.763086e-02  1.560157e-03  1.721916e-02  1.775002e-02  1.799865e-03    1.371004e-01  1.371004e-01    1.345566e-04  -1.345566e-04  9.997e-01
11.177791  1.493112e-03  1.687438e-02  1.751257e-02  1.341377e-03  1.743369e-02  2.873572e-01  1.421200e-01  1.774228e-02  1.736179e-02  1.421591e-01  2.826570e-01  1.762683e-02  1.559337e-03  1.721418e-02  1.774834e-02  1.798727e-03    1.371408e-01  1.371408e-01    1.309429e-04  -1.309429e-04  9.997e-01
11.217791  1.490525e-03  1.687070e-02  1.750604e-02  1.341024e-03  1.742687e-02  2.873828e-01  1.421188e-01  1.774215e-02  1.735488e-02  1.421650e-01  2.826665e-01  1.762263e-02  1.558498e-03  1.720928e-02  1.774676e-02  1.797608e-03    1.371808e-01  1.371808e-01    1.277092e-04  -1.277092e-04  9.997e-01
11.257791  1.487937e-03  1.686703e-02  1.749961e-02  1.340708e-03  1.742013e-02  2.874080e-01  1.421175e-01  1.774201e-02  1.734807e-02  1.421711e-01  2.826758e-01  1.761826e-02  1.557644e-03  1.720448e-02  1.774530e-02  1.796506e-03    1.372204e-01  1.372204e-01    1.248625e-04  -1.248625e-04  9.997e-01
11.297791  1.485349e-03  1.686336e-02  1.749327e-02  1.340431e-03  1.741345e-02  2.874329e-01  1.421163e-01  1.774188e-02  1.734138e-02  1.421774e-01  2.826846e-01  1.761373e-02  1.556777e-03  1.719976e-02  1.774395e-02  1.795422e-03    1.372594e-01  1.372594e-01    1.224062e-04  -1.224062e-04  9.997e-01
11.337791  1.482761e-03  1.685970e-02  1.748703e-02  1.340195e-03  1.740685e-02  2.874576e-01  1.421151e-01  1.774175e-02  1.733480e-02  1.421840e-01  2.826931e-01  1.760907e-02  1.555903e-03  1.719515e-02  1.774272e-02  1.794354e-03    1.372979e-01  1.372979e-01    1.203504e-04  -1.203504e-04  9.997e-01
11.377791  1.480174e-03  1.685606e-02  1.748091e-02  1.340002e-03  1.740034e-02  2.874818e-01  1.421140e-01  1.774162e-02  1.732835e-02  1.421907e-01  2.827012e-01  1.760426e-02  1.555025e-03  1.719065e-02  1.774162e-02  1.793302e-03    1.373359e-01  1.373359e-01    1.186958e-04  -1.186958e-04  9.997e-01
11.416727  1.477656e-03  1.685252e-02  1.747505e-02  1.339857e-03  1.739407e-02  2.875052e-01  1.421130e-01  1.774150e-02  1.732220e-02  1.421974e-01  2.827086e-01  1.759947e-02  1.554170e-03  1.718636e-02  1.774067e-02  1.792291e-03    1.373724e-01  1.373724e-01    1.174711e-04  -1.174711e-04  9.997e-01
11.456727  1.475071e-03  1.684891e-02  1.746915e-02  1.339753e-03  1.738772e-02  2.875288e-01  1.421121e-01  1.774139e-02  1.731602e-02  1.422044e-01  2.827159e-01  1.759444e-02  1.553295e-03  1.718208e-02  1.773982e-02  1.791267e-03    1.374095e-01  1.374095e-01    1.166060e-04  -1.166060e-04  9.997e-01
11.496727  1.472488e-03  1.684531e-02  1.746336e-02  1.339696e-03  1.738145e-02  2.875520e-01  1.421113e-01  1.774128e-02  1.730998e-02  1.422115e-01  2.827227e-01  1.758930e-02  1.552427e-03  1.717792e-02  1.773911e-02  1.790255e-03    1.374460e-01  1.374460e-01    1.161472e-04  -1.161472e-04  9.997e-01
11.536727  1.469909e-03  1.684172e-02  1.745770e-02  1.339688e-03  1.737526e-02  2.875749e-01  1.421106e-01  1.774118e-02  1.730408e-02  1.422186e-01  2.827290e-01  1.758406e-02  1.551570e-03  1.717388e-02  1.773854e-02  1.789254e-03    1.374820e-01  1.374820e-01    1.160916e-04  -1.160916e-04  9.997e-01
11.576727  1.467335e-03  1.683816e-02  1.745216e-02  1.339729e-03  1.736917e-02  2.875974e-01  1.421101e-01  1.774109e-02  1.729833e-02  1.422259e-01  2.827348e-01  1.757874e-02  1.550728e-03  1.716997e-02  1.773810e-02  1.788263e-03    1.375175e-01  1.375175e-01    1.164350e-04  -1.164350e-04  9.997e-01
11.616727  1.464767e-03  1.683462e-02  1.744675e-02  1.339819e-03  1.736316e-02  2.876195e-01  1.421098e-01  1.774101e-02  1.729273e-02  1.422331e-01  2.827402e-01  1.757335e-02  1.549905e-03  1.716620e-02  1.773781e-02  1.787281e-03    1.375525e-01  1.375525e-01    1.171725e-04  -1.171725e-04  9.997e-01
11.656727  1.462206e-03  1.683110e-02  1.744147e-02  1.339960e-03  1.735724e-02  2.876412e-01  1.421097e-01  1.774093e-02  1.728727e-02  1.422403e-01  2.827451e-01  1.756789e-02  1.549104e-03  1.716258e-02  1.773767e-02  1.786307e-03    1.375870e-01  1.375870e-01    1.182966e-04  -1.182966e-04  9.997e-01
11.696727  1.459655e-03  1.682761e-02  1.743632e-02  1.340150e-03  1.735140e-02  2.876626e-01  1.421098e-01  1.774085e-02  1.728197e-02  1.422475e-01  2.827494e-01  1.756237e-02  1.548328e-03  1.715910e-02  1.773767e-02  1.785339e-03    1.376210e-01  1.376210e-01    1.198043e-04  -1.198043e-04  9.997e-01
11.736727  1.457115e-03  1.682413e-02  1.743130e-02  1.340390e-03  1.734566e-02  2.876835e-01  1.421101e-01  1.774078e-02  1.727682e-02  1.422546e-01  2.827533e-01  1.755680e-02  1.547581e-03  1.715577e-02  1.773782e-02  1.784376e-03    1.376545e-01  1.376545e-01    1.216857e-04  -1.216857e-04  9.997e-01
11.776727  1.454588e-03  1.682069e-02  1.742642e-02  1.340680e-03  1.733999e-02  2.877041e-01  1.421106e-01  1.774071e-02  1.727181e-02  1.422617e-01  2.827566e-01  1.755119e-02  1.546865e-03  1.715261e-02  1.773811e-02  1.783417e-03    1.376874e-01  1.376874e-01    1.239309e-04  -1.239309e-04  9.997e-01
11.816727  1.452075e-03  1.681727e-02  1.742168e-02  1.341019e-03  1.733442e-02  2.877242e-01  1.421114e-01  1.774063e-02  1.726695e-02  1.422686e-01  2.827594e-01  1.754555e-02  1.546183e-03  1.714961e-02  1.773856e-02  1.782461e-03    1.377199e-01  1.377199e-01    1.265250e-04  -1.265250e-04  9.997e-01
11.856727  1.449580e-03  1.681387e-02  1.741707e-02  1.341407e-03  1.732892e-02  2.877440e-01  1.421125e-01  1.774055e-02  1.726223e-02  1.422754e-01  2.827616e-01  1.753989e-02  1.545538e-03  1.714677e-02  1.773915e-02  1.781508e-03    1.377519e-01  1.377519e-01    1.294680e-04  -1.294680e-04  9.997e-01
11.896727  1.447103e-03  1.681051e-02  1.741261e-02  1.341842e-03  1.732351e-02  2.877633e-01  1.421139e-01  1.774046e-02  1.725765e-02  1.422821e-01  2.827634e-01  1.753421e-02  1.544932e-03  1.714412e-02  1.773989e-02  1.780556e-03    1.377834e-01  1.377834e-01    1.327390e-04  -1.327390e-04  9.997e-01
11.936727  1.444648e-03  1.680717e-02  1.740828e-02  1.342323e-03  1.731817e-02  2.877823e-01  1.421156e-01  1.774036e-02  1.725320e-02  1.422886e-01  2.827645e-01  1.752851e-02  1.544366e-03  1.714164e-02  1.774077e-02  1.779606e-03    1.378144e-01  1.378144e-01    1.363276e-04  -1.363276e-04  9.997e-01
11.976727  1.442215e-03  1.680386e-02  1.740409e-02  1.342850e-03  1.731292e-02  2.878008e-01  1.421176e-01  1.774025e-02  1.724889e-02  1.422949e-01  2.827652e-01  1.752282e-02  1.543843e-03  1.713934e-02  1.774179e-02  1.778656e-03    1.378449e-01  1.378449e-01    1.402123e-04  -1.402123e-04  9.997e-01
12.016727  1.439808e-03  1.680057e-02  1.740004e-02  1.343421e-03  1.730774e-02  2.878190e-01  1.421200e-01  1.774012e-02  1.724470e-02  1.423010e-01  2.827653e-01  1.751712e-02  1.543365e-03  1.713724e-02  1.774296e-02  1.777707e-03    1.378750e-01  1.378750e-01    1.443791e-04  -1.443791e-04  9.997e-01
12.056727  1.437429e-03  1.679732e-02  1.739614e-02  1.344034e-03  1.730263e-02  2.878367e-01  1.421227e-01  1.773996e-02  1.724064e-02  1.423069e-01  2.827648e-01  1.751143e-02  1.542931e-03  1.713532e-02  1.774426e-02  1.776759e-03    1.379045e-01  1.379045e-01    1.488237e-04  -1.488237e-04  9.997e-01
12.096727  1.435080e-03  1.679410e-02  1.739237e-02  1.344688e-03  1.729760e-02  2.878541e-01  1.421258e-01  1.773979e-02  1.723669e-02  1.423126e-01  2.827638e-01  1.750575e-02  1.542543e-03  1.713360e-02  1.774570e-02  1.775811e-03    1.379337e-01  1.379337e-01    1.535193e-04  -1.535193e-04  9.997e-01
12.136727  1.432764e-03  1.679091e-02  1.738874e-02  1.345382e-03  1.729264e-02  2.878710e-01  1.421292e-01  1.773958e-02  1.723285e-02  1.423181e-01  2.827623e-01  1.750009e-02  1.542203e-03  1.713208e-02  1.774728e-02  1.774864e-03    1.379623e-01  1.379623e-01    1.584452e-04  -1.584452e-04  9.997e-01
12.176727  1.430482e-03  1.678774e-02  1.738525e-02  1.346113e-03  1.728774e-02  2.878876e-01  1.421331e-01  1.773934e-02  1.722911e-02  1.423232e-01  2.827603e-01  1.749445e-02  1.541909e-03  1.713076e-02  1.774898e-02  1.773918e-03    1.379906e-01  1.379906e-01    1.635774e-04  -1.635774e-04  9.997e-01
12.216727  1.428237e-03  1.678461e-02  1.738189e-02  1.346880e-03  1.728291e-02  2.879038e-01  1.421373e-01  1.773906e-02  1.722547e-02  1.423282e-01  2.827577e-01  1.748884e-02  1.541662e-03  1.712964e-02  1.775082e-02  1.772974e-03    1.380184e-01  1.380184e-01    1.689106e-04  -1.689106e-04  9.997e-01
12.256727  1.426030e-03  1.678150e-02  1.737867e-02  1.347681e-03  1.727815e-02  2.879196e-01  1.421420e-01  1.773874e-02  1.722191e-02  1.423328e-01  2.827546e-01  1.748325e-02  1.541463e-03  1.712872e-02  1.775277e-02  1.772034e-03    1.380457e-01  1.380457e-01    1.744175e-04  -1.744175e-04  9.997e-01
12.296727  1.423864e-03  1.677843e-02  1.737559e-02  1.348514e-03  1.727345e-02  2.879351e-01  1.421471e-01  1.773837e-02  1.721844e-02  1.423372e-01  2.827510e-01  1.747769e-02  1.541309e-03  1.712801e-02  1.775485e-02  1.771097e-03    1.380727e-01  1.380727e-01    1.800598e-04  -1.800598e-04  9.997e-01
12.336727  1.421741e-03  1.677538e-02  1.737264e-02  1.349378e-03  1.726881e-02  2.879502e-01  1.421526e-01  1.773796e-02  1.721504e-02  1.423413e-01  2.827469e-01  1.747217e-02  1.541202e-03  1.712751e-02  1.775704e-02  1.770164e-03    1.380992e-01  1.380992e-01    1.858451e-04  -1.858451e-04  9.997e-01
12.376727  1.419661e-03  1.677236e-02  1.736983e-02  1.350270e-03  1.726423e-02  2.879650e-01  1.421585e-01  1.773749e-02  1.721172e-02  1.423450e-01  2.827423e-01  1.746668e-02  1.541138e-03  1.712721e-02  1.775935e-02  1.769238e-03    1.381254e-01  1.381254e-01    1.917379e-04  -1.917379e-04  9.997e-01
12.416727  1.417628e-03  1.676938e-02  1.736714e-02  1.351188e-03  1.725971e-02  2.879794e-01  1.421648e-01  1.773697e-02  1.720845e-02  1.423486e-01  2.827373e-01  1.746122e-02  1.541119e-03  1.712711e-02  1.776176e-02  1.768320e-03    1.381511e-01  1.381511e-01    1.977247e-04  -1.977247e-04  9.997e-01
12.456727  1.415642e-03  1.676642e-02  1.736459e-02  1.352131e-03  1.725525e-02  2.879934e-01  1.421716e-01  1.773638e-02  1.720524e-02  1.423518e-01  2.827317e-01  1.745581e-02  1.541142e-03  1.712722e-02  1.776427e-02  1.767410e-03    1.381765e-01  1.381765e-01    2.037751e-04  -2.037751e-04  9.997e-01
12.496727  1.413706e-03  1.676349e-02  1.736216e-02  1.353096e-03  1.725083e-02  2.880072e-01  1.421788e-01  1.773574e-02  1.720207e-02  1.423547e-01  2.827257e-01  1.745044e-02  1.541206e-03  1.712752e-02  1.776688e-02  1.766510e-03    1.382015e-01  1.382015e-01    2.098703e-04  -2.098703e-04  9.997e-01
12.536727  1.411820e-03  1.676059e-02  1.735986e-02  1.354083e-03  1.724648e-02  2.880206e-01  1.421864e-01  1.773502e-02  1.719894e-02  1.423573e-01  2.827192e-01  1.744510e-02  1.541309e-03  1.712803e-02  1.776959e-02  1.765623e-03    1.382261e-01  1.382261e-01    2.159729e-04  -2.159729e-04  9.997e-01
12.576727  1.409986e-03  1.675772e-02  1.735768e-02  1.355088e-03  1.724218e-02  2.880337e-01  1.421945e-01  1.773424e-02  1.719584e-02  1.423597e-01  2.827123e-01  1.743980e-02  1.541449e-03  1.712873e-02  1.777239e-02  1.764748e-03    1.382504e-01  1.382504e-01    2.220889e-04  -2.220889e-04  9.997e-01
12.616727  1.408205e-03  1.675487e-02  1.735562e-02  1.356111e-03  1.723792e-02  2.880465e-01  1.422030e-01  1.773339e-02  1.719277e-02  1.423617e-01  2.827050e-01  1.743455e-02  1.541626e-03  1.712962e-02  1.777527e-02  1.763888e-03    1.382744e-01  1.382744e-01    2.281822e-04  -2.281822e-04  9.997e-01
12.656727  1.406478e-03  1.675205e-02  1.735369e-02  1.357149e-03  1.723372e-02  2.880590e-01  1.422119e-01  1.773245e-02  1.718972e-02  1.423635e-01  2.826972e-01  1.742933e-02  1.541835e-03  1.713070e-02  1.777823e-02  1.763045e-03    1.382980e-01  1.382980e-01    2.342172e-04  -2.342172e-04  9.997e-01
12.696727  1.404806e-03  1.674926e-02  1.735187e-02  1.358201e-03  1.722957e-02  2.880712e-01  1.422212e-01  1.773145e-02  1.718667e-02  1.423650e-01  2.826891e-01  1.742416e-02  1.542076e-03  1.713196e-02  1.778128e-02  1.762220e-03    1.383213e-01  1.383213e-01    2.402035e-04  -2.402035e-04  9.997e-01
12.736727  1.403189e-03  1.674649e-02  1.735017e-02  1.359265e-03  1.722547e-02  2.880832e-01  1.422309e-01  1.773036e-02  1.718364e-02  1.423663e-01  2.826805e-01  1.741903e-02  1.542347e-03  1.713340e-02  1.778439e-02  1.761414e-03    1.383444e-01  1.383444e-01    2.461051e-04  -2.461051e-04  9.997e-01
12.776727  1.401628e-03  1.674375e-02  1.734858e-02  1.360340e-03  1.722142e-02  2.880949e-01  1.422410e-01  1.772919e-02  1.718060e-02  1.423673e-01  2.826716e-01  1.741393e-02  1.542644e-03  1.713501e-02  1.778757e-02  1.760630e-03    1.383671e-01  1.383671e-01    2.519019e-04  -2.519019e-04  9.997e-01
12.816727  1.400124e-03  1.674103e-02  1.734710e-02  1.361424e-03  1.721741e-02  2.881063e-01  1.422515e-01  1.772794e-02  1.717756e-02  1.423680e-01  2.826623e-01  1.740888e-02  1.542965e-03  1.713678e-02  1.779081e-02  1.759868e-03    1.383895e-01  1.383895e-01    2.575739e-04  -2.575739e-04  9.997e-01
12.856727  1.398676e-03  1.673833e-02  1.734572e-02  1.362516e-03  1.721346e-02  2.881175e-01  1.422624e-01  1.772660e-02  1.717451e-02  1.423685e-01  2.826526e-01  1.740386e-02  1.543309e-03  1.713872e-02  1.779412e-02  1.759130e-03    1.384116e-01  1.384116e-01    2.631015e-04  -2.631015e-04  9.998e-01
12.896727  1.397286e-03  1.673565e-02  1.734446e-02  1.363614e-03  1.720955e-02  2.881285e-01  1.422736e-01  1.772517e-02  1.717144e-02  1.423688e-01  2.826426e-01  1.739888e-02  1.543673e-03  1.714081e-02  1.779748e-02  1.758418e-03    1.384335e-01  1.384335e-01    2.684697e-04  -2.684697e-04  9.998e-01
12.936727  1.395952e-03  1.673300e-02  1.734329e-02  1.364717e-03  1.720569e-02  2.881393e-01  1.422852e-01  1.772366e-02  1.716835e-02  1.423689e-01  2.826322e-01  1.739394e-02  1.544054e-03  1.714304e-02  1.780089e-02  1.757732e-03    1.384552e-01  1.384552e-01    2.736630e-04  -2.736630e-04  9.998e-01
12.976727  1.394676e-03  1.673037e-02  1.734223e-02  1.365824e-03  1.720187e-02  2.881499e-01  1.422971e-01  1.772206e-02  1.716524e-02  1.423688e-01  2.826215e-01  1.738903e-02  1.544451e-03  1.714541e-02  1.780434e-02  1.757074e-03    1.384765e-01  1.384765e-01    2.786639e-04  -2.786639e-04  9.998e-01
13.016727  1.393457e-03  1.672775e-02  1.734126e-02  1.366933e-03  1.719810e-02  2.881603e-01  1.423094e-01  1.772037e-02  1.716210e-02  1.423686e-01  2.826105e-01  1.738416e-02  1.544860e-03  1.714791e-02  1.780784e-02  1.756444e-03    1.384977e-01  1.384977e-01    2.834570e-04  -2.834570e-04  9.998e-01
13.056727  1.392295e-03  1.672515e-02  1.734038e-02  1.368044e-03  1.719438e-02  2.881705e-01  1.423220e-01  1.771859e-02  1.715893e-02  1.423681e-01  2.825993e-01  1.737933e-02  1.545280e-03  1.715053e-02  1.781137e-02  1.755844e-03    1.385186e-01  1.385186e-01    2.880300e-04  -2.880300e-04  9.998e-01
13.096727  1.391189e-03  1.672257e-02  1.733959e-02  1.369155e-03  1.719071e-02  2.881806e-01  1.423348e-01  1.771673e-02  1.715572e-02  1.423675e-01  2.825877e-01  1.737452e-02  1.545708e-03  1.715327e-02  1.781494e-02  1.755274e-03    1.385393e-01  1.385393e-01    2.923670e-04  -2.923670e-04  9.998e-01
13.136727  1.390139e-03  1.672000e-02  1.733890e-02  1.370265e-03  1.718708e-02  2.881905e-01  1.423479e-01  1.771477e-02  1.715247e-02  1.423668e-01  2.825759e-01  1.736976e-02  1.546142e-03  1.715611e-02  1.781854e-02  1.754735e-03    1.385598e-01  1.385598e-01    2.964578e-04  -2.964578e-04  9.998e-01
13.176727  1.389146e-03  1.671745e-02  1.733828e-02  1.371374e-03  1.718349e-02  2.882003e-01  1.423613e-01  1.771273e-02  1.714919e-02  1.423660e-01  2.825637e-01  1.736502e-02  1.546580e-03  1.715905e-02  1.782217e-02  1.754228e-03    1.385801e-01  1.385801e-01    3.002836e-04  -3.002836e-04  9.998e-01
13.216727  1.388206e-03  1.671491e-02  1.733775e-02  1.372479e-03  1.717996e-02  2.882099e-01  1.423749e-01  1.771060e-02  1.714587e-02  1.423650e-01  2.825514e-01  1.736032e-02  1.547020e-03  1.716207e-02  1.782581e-02  1.753752e-03    1.386002e-01  1.386002e-01    3.038405e-04  -3.038405e-04  9.998e-01
13.256727  1.387322e-03  1.671238e-02  1.733729e-02  1.373581e-03  1.717647e-02  2.882194e-01  1.423888e-01  1.770838e-02  1.714250e-02  1.423640e-01  2.825388e-01  1.735566e-02  1.547459e-03  1.716517e-02  1.782948e-02  1.753308e-03    1.386201e-01  1.386201e-01    3.071272e-04  -3.071272e-04  9.998e-01
13.296727  1.386491e-03  1.670987e-02  1.733691e-02  1.374678e-03  1.717302e-02  2.882289e-01  1.424028e-01  1.770608e-02  1.713909e-02  1.423629e-01  2.825260e-01  1.735103e-02  1.547897e-03  1.716835e-02  1.783316e-02  1.752896e-03    1.386398e-01  1.386398e-01    3.101270e-04  -3.101270e-04  9.998e-01
13.336727  1.385713e-03  1.670736e-02  1.733659e-02  1.375770e-03  1.716962e-02  2.882382e-01  1.424170e-01  1.770370e-02  1.713563e-02  1.423618e-01  2.825129e-01  1.734643e-02  1.548330e-03  1.717159e-02  1.783685e-02  1.752516e-03    1.386594e-01  1.386594e-01    3.128336e-04  -3.128336e-04  9.998e-01
13.376727  1.384987e-03  1.670486e-02  1.733635e-02  1.376855e-03  1.716626e-02  2.882474e-01  1.424314e-01  1.770123e-02  1.713214e-02  1.423606e-01  2.824997e-01  1.734186e-02  1.548758e-03  1.717488e-02  1.784055e-02  1.752167e-03    1.386788e-01  1.386788e-01    3.152441e-04  -3.152441e-04  9.998e-01
13.416727  1.384312e-03  1.670237e-02  1.733616e-02  1.377933e-03  1.716295e-02  2.882566e-01  1.424460e-01  1.769869e-02  1.712860e-02  1.423594e-01  2.824862e-01  1.733733e-02  1.549179e-03  1.717821e-02  1.784425e-02  1.751850e-03    1.386980e-01  1.386980e-01    3.173444e-04  -3.173444e-04  9.998e-01
13.456727  1.383687e-03  1.669988e-02  1.733604e-02  1.379004e-03  1.715968e-02  2.882657e-01  1.424607e-01  1.769607e-02  1.712501e-02  1.423582e-01  2.824726e-01  1.733283e-02  1.549590e-03  1.718158e-02  1.784795e-02  1.751563e-03    1.387171e-01  1.387171e-01    3.191438e-04  -3.191438e-04  9.998e-01
13.496727  1.383111e-03  1.669740e-02  1.733596e-02  1.380066e-03  1.715646e-02  2.882747e-01  1.424754e-01  1.769337e-02  1.712138e-02  1.423570e-01  2.824588e-01  1.732837e-02  1.549992e-03  1.718498e-02  1.785165e-02  1.751307e-03    1.387361e-01  1.387361e-01    3.206342e-04  -3.206342e-04  9.998e-01
13.536727  1.382584e-03  1.669492e-02  1.733595e-02  1.381119e-03  1.715328e-02  2.882837e-01  1.424903e-01  1.769060e-02  1.711772e-02  1.423559e-01  2.824448e-01  1.732394e-02  1.550382e-03  1.718840e-02  1.785535e-02  1.751080e-03    1.387549e-01  1.387549e-01    3.218114e-04  -3.218114e-04  9.998e-01
13.576727  1.382104e-03  1.669245e-02  1.733597e-02  1.382162e-03  1.715014e-02  2.882927e-01  1.425052e-01  1.768776e-02  1.711401e-02  1.423548e-01  2.824306e-01  1.731955e-02  1.550759e-03  1.719183e-02  1.785903e-02  1.750881e-03    1.387736e-01  1.387736e-01    3.226791e-04  -3.226791e-04  9.998e-01
13.616727  1.381670e-03  1.668997e-02  1.733604e-02  1.383195e-03  1.714705e-02  2.883016e-01  1.425202e-01  1.768485e-02  1.711027e-02  1.423538e-01  2.824163e-01  1.731520e-02  1.551122e-03  1.719526e-02  1.786270e-02  1.750710e-03    1.387922e-01  1.387922e-01    3.232273e-04  -3.232273e-04  9.998e-01
13.656727  1.381281e-03  1.668749e-02  1.733616e-02  1.384216e-03  1.714400e-02  2.883105e-01  1.425352e-01  1.768188e-02  1.710649e-02  1.423529e-01  2.824019e-01  1.731089e-02  1.551470e-03  1.719869e-02  1.786635e-02  1.750565e-03    1.388106e-01  1.388106e-01    3.234739e-04  -3.234739e-04  9.998e-01
13.696727  1.380936e-03  1.668502e-02  1.733630e-02  1.385226e-03  1.714099e-02  2.883194e-01  1.425503e-01  1.767886e-02  1.710268e-02  1.423520e-01  2.823873e-01  1.730661e-02  1.551802e-03  1.720211e-02  1.786999e-02  1.750445e-03    1.388289e-01  1.388289e-01    3.234142e-04  -3.234142e-04  9.998e-01
13.736727  1.380634e-03  1.668254e-02  1.733648e-02  1.386223e-03  1.713802e-02  2.883283e-01  1.425653e-01  1.767577e-02  1.709885e-02  1.423513e-01  2.823726e-01  1.730238e-02  1.552118e-03  1.720552e-02  1.787360e-02  1.750350e-03    1.388471e-01  1.388471e-01    3.230497e-04  -3.230497e-04  9.998e-01
13.776727  1.380373e-03  1.668005e-02  1.733669e-02  1.387208e-03  1.713510e-02  2.883372e-01  1.425803e-01  1.767263e-02  1.709498e-02  1.423507e-01  2.823578e-01  1.729818e-02  1.552416e-03  1.720890e-02  1.787719e-02  1.750276e-03    1.388652e-01  1.388652e-01    3.223829e-04  -3.223829e-04  9.998e-01
13.816727  1.380153e-03  1.667757e-02  1.733692e-02  1.388179e-03  1.713221e-02  2.883461e-01  1.425953e-01  1.766944e-02  1.709110e-02  1.423502e-01  2.823429e-01  1.729404e-02  1.552696e-03  1.721225e-02  1.788075e-02  1.750224e-03    1.388832e-01  1.388832e-01    3.214111e-04  -3.214111e-04  9.998e-01
13.856727  1.379973e-03  1.667508e-02  1.733717e-02  1.389135e-03  1.712937e-02  2.883551e-01  1.426102e-01  1.766620e-02  1.708719e-02  1.423499e-01  2.823278e-01  1.728993e-02  1.552958e-03  1.721556e-02  1.788427e-02  1.750191e-03    1.389011e-01  1.389011e-01    3.201038e-04  -3.201038e-04  9.998e-01
13.896727  1.379831e-03  1.667258e-02  1.733744e-02  1.390077e-03  1.712656e-02  2.883640e-01  1.426250e-01  1.766293e-02  1.708327e-02  1.423498e-01  2.823127e-01  1.728587e-02  1.553201e-03  1.721883e-02  1.788777e-02  1.750176e-03    1.389189e-01  1.389189e-01    3.185686e-04  -3.185686e-04  9.998e-01
13.936727  1.379726e-03  1.667008e-02  1.733772e-02  1.391004e-03  1.712380e-02  2.883729e-01  1.426398e-01  1.765961e-02  1.707934e-02  1.423498e-01  2.822974e-01  1.728186e-02  1.553425e-03  1.722206e-02  1.789123e-02  1.750178e-03    1.389367e-01  1.389367e-01    3.167507e-04  -3.167507e-04  9.998e-01
13.976727  1.379657e-03  1.666757e-02  1.733801e-02  1.391914e-03  1.712107e-02  2.883819e-01  1.426544e-01  1.765626e-02  1.707540e-02  1.423500e-01  2.822821e-01  1.727790e-02  1.553629e-03  1.722523e-02  1.789466e-02  1.750194e-03    1.389543e-01  1.389543e-01    3.146692e-04  -3.146692e-04  9.998e-01
14.016727  1.379623e-03  1.666505e-02  1.733830e-02  1.392809e-03  1.711838e-02  2.883909e-01  1.426690e-01  1.765288e-02  1.707146e-02  1.423505e-01  2.822667e-01  1.727399e-02  1.553815e-03  1.722835e-02  1.789804e-02  1.750224e-03    1.389718e-01  1.389718e-01    3.123227e-04  -3.123227e-04  9.998e-01
14.056727  1.379623e-03  1.666252e-02  1.733860e-02  1.393686e-03  1.711573e-02  2.884000e-01  1.426834e-01  1.764948e-02  1.706752e-02  1.423511e-01  2.822512e-01  1.727013e-02  1.553981e-03  1.723140e-02  1.790138e-02  1.750266e-03    1.389892e-01  1.389892e-01    3.097278e-04  -3.097278e-04  9.998e-01
14.096727  1.379656e-03  1.665999e-02  1.733890e-02  1.394546e-03  1.711311e-02  2.884091e-01  1.426976e-01  1.764605e-02  1.706359e-02  1.423520e-01  2.822357e-01  1.726633e-02  1.554127e-03  1.723440e-02  1.790467e-02  1.750317e-03    1.390066e-01  1.390066e-01    3.068885e-04  -3.068885e-04  9.998e-01
14.136727  1.379720e-03  1.665745e-02  1.733919e-02  1.395389e-03  1.711053e-02  2.884182e-01  1.427117e-01  1.764260e-02  1.705966e-02  1.423530e-01  2.822201e-01  1.726258e-02  1.554255e-03  1.723732e-02  1.790792e-02  1.750378e-03    1.390238e-01  1.390238e-01    3.038165e-04  -3.038165e-04  9.998e-01
14.176727  1.379815e-03  1.665490e-02  1.733948e-02  1.396212e-03  1.710799e-02  2.884273e-01  1.427256e-01  1.763914e-02  1.705575e-02  1.423543e-01  2.822044e-01  1.725889e-02  1.554364e-03  1.724018e-02  1.791112e-02  1.750445e-03    1.390410e-01  1.390410e-01    3.005114e-04  -3.005114e-04  9.998e-01
14.216727  1.379939e-03  1.665234e-02  1.733975e-02  1.397017e-03  1.710548e-02  2.884365e-01  1.427394e-01  1.763566e-02  1.705186e-02  1.423559e-01  2.821887e-01  1.725526e-02  1.554454e-03  1.724296e-02  1.791426e-02  1.750517e-03    1.390581e-01  1.390581e-01    2.969908e-04  -2.969908e-04  9.998e-01
14.256727  1.380091e-03  1.664977e-02  1.734001e-02  1.397802e-03  1.710301e-02  2.884458e-01  1.427529e-01  1.763218e-02  1.704799e-02  1.423577e-01  2.821729e-01  1.725168e-02  1.554526e-03  1.724567e-02  1.791736e-02  1.750594e-03    1.390751e-01  1.390751e-01    2.932796e-04  -2.932796e-04  9.998e-01
14.296727  1.380271e-03  1.664720e-02  1.734025e-02  1.398567e-03  1.710057e-02  2.884551e-01  1.427662e-01  1.762870e-02  1.704415e-02  1.423598e-01  2.821571e-01  1.724817e-02  1.554581e-03  1.724830e-02  1.792039e-02  1.750673e-03    1.390920e-01  1.390920e-01    2.893785e-04  -2.893785e-04  9.998e-01
14.336727  1.380477e-03  1.664461e-02  1.734048e-02  1.399311e-03  1.709817e-02  2.884644e-01  1.427794e-01  1.762521e-02  1.704034e-02  1.423621e-01  2.821413e-01  1.724473e-02  1.554618e-03  1.725085e-02  1.792338e-02  1.750753e-03    1.391089e-01  1.391089e-01    2.852947e-04  -2.852947e-04  9.998e-01
14.376727  1.380709e-03  1.664202e-02  1.734068e-02  1.400035e-03  1.709580e-02  2.884738e-01  1.427923e-01  1.762173e-02  1.703657e-02  1.423646e-01  2.821253e-01  1.724134e-02  1.554639e-03  1.725332e-02  1.792630e-02  1.750832e-03    1.391256e-01  1.391256e-01    2.810385e-04  -2.810385e-04  9.998e-01
14.416727  1.380964e-03  1.663942e-02  1.734086e-02  1.400737e-03  1.709346e-02  2.884832e-01  1.428050e-01  1.761826e-02  1.703285e-02  1.423675e-01  2.821094e-01  1.723802e-02  1.554644e-03  1.725571e-02  1.792916e-02  1.750910e-03    1.391423e-01  1.391423e-01    2.766336e-04  -2.766336e-04  9.998e-01
14.456727  1.381243e-03  1.663681e-02  1.734101e-02  1.401418e-03  1.709115e-02  2.884926e-01  1.428174e-01  1.761480e-02  1.702916e-02  1.423706e-01  2.820934e-01  1.723477e-02  1.554633e-03  1.725801e-02  1.793196e-02  1.750984e-03    1.391589e-01  1.391589e-01    2.720837e-04  -2.720837e-04  9.998e-01
14.496727  1.381544e-03  1.663419e-02  1.734113e-02  1.402076e-03  1.708888e-02  2.885021e-01  1.428296e-01  1.761136e-02  1.702553e-02  1.423740e-01  2.820774e-01  1.723159e-02  1.554609e-03  1.726024e-02  1.793470e-02  1.751055e-03    1.391754e-01  1.391754e-01    2.674057e-04  -2.674057e-04  9.998e-01
14.536727  1.381867e-03  1.663157e-02  1.734123e-02  1.402712e-03  1.708664e-02  2.885116e-01  1.428415e-01  1.760793e-02  1.702195e-02  1.423776e-01  2.820614e-01  1.722847e-02  1.554570e-03  1.726238e-02  1.793738e-02  1.751120e-03    1.391919e-01  1.391919e-01    2.626046e-04  -2.626046e-04  9.998e-01
14.576727  1.382210e-03  1.662894e-02  1.734129e-02  1.403325e-03  1.708443e-02  2.885211e-01  1.428532e-01  1.760452e-02  1.701842e-02  1.423816e-01  2.820453e-01  1.722543e-02  1.554519e-03  1.726445e-02  1.793999e-02  1.751179e-03    1.392082e-01  1.392082e-01    2.577023e-04  -2.577023e-04  9.998e-01
14.616727  1.382572e-03  1.662631e-02  1.734132e-02  1.403914e-03  1.708225e-02  2.885307e-01  1.428647e-01  1.760114e-02  1.701496e-02  1.423858e-01  2.820293e-01  1.722245e-02  1.554455e-03  1.726643e-02  1.794254e-02  1.751230e-03    1.392245e-01  1.392245e-01    2.527041e-04  -2.527041e-04  9.998e-01
14.656727  1.382953e-03  1.662367e-02  1.734131e-02  1.404481e-03  1.708011e-02  2.885403e-01  1.428759e-01  1.759778e-02  1.701157e-02  1.423903e-01  2.820132e-01  1.721954e-02  1.554381e-03  1.726833e-02  1.794501e-02  1.751273e-03    1.392407e-01  1.392407e-01    2.476234e-04  -2.476234e-04  9.998e-01
14.696727  1.383352e-03  1.662103e-02  1.734127e-02  1.405023e-03  1.707799e-02  2.885499e-01  1.428868e-01  1.759445e-02  1.700824e-02  1.423950e-01  2.819970e-01  1.721671e-02  1.554296e-03  1.727016e-02  1.794742e-02  1.751307e-03    1.392568e-01  1.392568e-01    2.424676e-04  -2.424676e-04  9.998e-01
14.736727  1.383768e-03  1.661839e-02  1.734119e-02  1.405541e-03  1.707591e-02  2.885596e-01  1.428974e-01  1.759115e-02  1.700498e-02  1.424000e-01  2.819809e-01  1.721394e-02  1.554202e-03  1.727191e-02  1.794977e-02  1.751331e-03    1.392728e-01  1.392728e-01    2.372563e-04  -2.372563e-04  9.998e-01
14.776727  1.384201e-03  1.661575e-02  1.734107e-02  1.406035e-03  1.707386e-02  2.885692e-01  1.429078e-01  1.758789e-02  1.700180e-02  1.424053e-01  2.819648e-01  1.721125e-02  1.554100e-03  1.727358e-02  1.795204e-02  1.751344e-03    1.392887e-01  1.392887e-01    2.320018e-04  -2.320018e-04  9.998e-01
14.816727  1.384648e-03  1.661310e-02  1.734091e-02  1.406504e-03  1.707184e-02  2.885789e-01  1.429179e-01  1.758466e-02  1.699869e-02  1.424109e-01  2.819486e-01  1.720863e-02  1.553990e-03  1.727518e-02  1.795424e-02  1.751347e-03    1.393046e-01  1.393046e-01    2.267104e-04  -2.267104e-04  9.998e-01
14.856727  1.385111e-03  1.661046e-02  1.734072e-02  1.406949e-03  1.706985e-02  2.885886e-01  1.429277e-01  1.758147e-02  1.699567e-02  1.424167e-01  2.819324e-01  1.720608e-02  1.553873e-03  1.727671e-02  1.795638e-02  1.751337e-03    1.393203e-01  1.393203e-01    2.213964e-04  -2.213964e-04  9.998e-01
14.896727  1.385588e-03  1.660781e-02  1.734048e-02  1.407368e-03  1.706789e-02  2.885982e-01  1.429372e-01  1.757832e-02  1.699272e-02  1.424228e-01  2.819163e-01  1.720360e-02  1.553751e-03  1.727817e-02  1.795844e-02  1.751315e-03    1.393360e-01  1.393360e-01    2.160650e-04  -2.160650e-04  9.998e-01
14.936727  1.386078e-03  1.660517e-02  1.734021e-02  1.407763e-03  1.706596e-02  2.886079e-01  1.429465e-01  1.757521e-02  1.698986e-02  1.424291e-01  2.819001e-01  1.720120e-02  1.553624e-03  1.727956e-02  1.796043e-02  1.751281e-03    1.393516e-01  1.393516e-01    2.107394e-04  -2.107394e-04  9.998e-01
14.976727  1.386582e-03  1.660254e-02  1.733989e-02  1.408133e-03  1.706406e-02  2.886176e-01  1.429555e-01  1.757215e-02  1.698709e-02  1.424357e-01  2.818839e-01  1.719886e-02  1.553494e-03  1.728089e-02  1.796235e-02  1.751233e-03    1.393671e-01  1.393671e-01    2.054225e-04  -2.054225e-04  9.998e-01
15.016727  1.387097e-03  1.659991e-02  1.733954e-02  1.408477e-03  1.706220e-02  2.886272e-01  1.429642e-01  1.756913e-02  1.698441e-02  1.424426e-01  2.818677e-01  1.719660e-02  1.553361e-03  1.728216e-02  1.796420e-02  1.751172e-03    1.393824e-01  1.393824e-01    2.001258e-04  -2.001258e-04  9.998e-01
15.056727  1.387624e-03  1.659728e-02  1.733915e-02  1.408796e-03  1.706036e-02  2.886369e-01  1.429727e-01  1.756616e-02  1.698182e-02  1.424497e-01  2.818515e-01  1.719441e-02  1.553226e-03  1.728337e-02  1.796598e-02  1.751098e-03    1.393977e-01  1.393977e-01    1.948622e-04  -1.948622e-04  9.998e-01
15.096727  1.388162e-03  1.659466e-02  1.733871e-02  1.409090e-03  1.705856e-02  2.886465e-01  1.429809e-01  1.756323e-02  1.697932e-02  1.424570e-01  2.818353e-01  1.719228e-02  1.553090e-03  1.728453e-02  1.796769e-02  1.751011e-03    1.394129e-01  1.394129e-01    1.896418e-04  -1.896418e-04  9.998e-01
15.136727  1.388710e-03  1.659206e-02  1.733824e-02  1.409359e-03  1.705679e-02  2.886561e-01  1.429888e-01  1.756035e-02  1.697691e-02  1.424646e-01  2.818190e-01  1.719023e-02  1.552954e-03  1.728563e-02  1.796933e-02  1.750910e-03    1.394280e-01  1.394280e-01    1.844730e-04  -1.844730e-04  9.998e-01
15.176727  1.389268e-03  1.658946e-02  1.733773e-02  1.409602e-03  1.705506e-02  2.886656e-01  1.429965e-01  1.755752e-02  1.697460e-02  1.424723e-01  2.818028e-01  1.718824e-02  1.552818e-03  1.728669e-02  1.797090e-02  1.750796e-03    1.394430e-01  1.394430e-01    1.793622e-04  -1.793622e-04  9.998e-01
15.216727  1.389836e-03  1.658687e-02  1.733718e-02  1.409820e-03  1.705336e-02  2.886751e-01  1.430039e-01  1.755474e-02  1.697239e-02  1.424803e-01  2.817866e-01  1.718632e-02  1.552685e-03  1.728770e-02  1.797240e-02  1.750668e-03    1.394579e-01  1.394579e-01    1.743245e-04  -1.743245e-04  9.998e-01
15.256727  1.390413e-03  1.658429e-02  1.733660e-02  1.410013e-03  1.705169e-02  2.886846e-01  1.430111e-01  1.755201e-02  1.697026e-02  1.424885e-01  2.817704e-01  1.718447e-02  1.552553e-03  1.728866e-02  1.797383e-02  1.750527e-03    1.394727e-01  1.394727e-01    1.693619e-04  -1.693619e-04  9.998e-01
15.296727  1.390997e-03  1.658173e-02  1.733598e-02  1.410181e-03  1.705005e-02  2.886941e-01  1.430180e-01  1.754934e-02  1.696824e-02  1.424969e-01  2.817542e-01  1.718268e-02  1.552425e-03  1.728959e-02  1.797518e-02  1.750373e-03    1.394874e-01  1.394874e-01    1.644900e-04  -1.644900e-04  9.998e-01
15.336727  1.391591e-03  1.657919e-02  1.733533e-02  1.410324e-03  1.704845e-02  2.887034e-01  1.430247e-01  1.754671e-02  1.696631e-02  1.425056e-01  2.817380e-01  1.718096e-02  1.552301e-03  1.729048e-02  1.797647e-02  1.750205e-03    1.395020e-01  1.395020e-01    1.597098e-04  -1.597098e-04  9.998e-01
15.376727  1.392191e-03  1.657666e-02  1.733464e-02  1.410443e-03  1.704688e-02  2.887128e-01  1.430312e-01  1.754413e-02  1.696448e-02  1.425143e-01  2.817217e-01  1.717930e-02  1.552181e-03  1.729134e-02  1.797769e-02  1.750026e-03    1.395164e-01  1.395164e-01    1.550397e-04  -1.550397e-04  9.998e-01
15.416727  1.392798e-03  1.657415e-02  1.733392e-02  1.410536e-03  1.704535e-02  2.887220e-01  1.430374e-01  1.754161e-02  1.696274e-02  1.425233e-01  2.817055e-01  1.717770e-02  1.552066e-03  1.729217e-02  1.797885e-02  1.749834e-03    1.395308e-01  1.395308e-01    1.504711e-04  -1.504711e-04  9.998e-01
15.456727  1.393412e-03  1.657165e-02  1.733318e-02  1.410605e-03  1.704386e-02  2.887312e-01  1.430434e-01  1.753914e-02  1.696111e-02  1.425325e-01  2.816893e-01  1.717616e-02  1.551958e-03  1.729297e-02  1.797993e-02  1.749631e-03    1.395451e-01  1.395451e-01    1.460274e-04  -1.460274e-04  9.998e-01
15.496727  1.394031e-03  1.656918e-02  1.733240e-02  1.410650e-03  1.704240e-02  2.887404e-01  1.430492e-01  1.753672e-02  1.695956e-02  1.425418e-01  2.816731e-01  1.717468e-02  1.551855e-03  1.729375e-02  1.798095e-02  1.749416e-03    1.395592e-01  1.395592e-01    1.417088e-04  -1.417088e-04  9.998e-01
15.536727  1.394656e-03  1.656672e-02  1.733159e-02  1.410671e-03  1.704098e-02  2.887494e-01  1.430548e-01  1.753435e-02  1.695811e-02  1.425512e-01  2.816569e-01  1.717325e-02  1.551760e-03  1.729451e-02  1.798191e-02  1.749191e-03    1.395732e-01  1.395732e-01    1.375195e-04  -1.375195e-04  9.998e-01
15.576727  1.395287e-03  1.656429e-02  1.733076e-02  1.410669e-03  1.703960e-02  2.887584e-01  1.430601e-01  1.753203e-02  1.695676e-02  1.425608e-01  2.816407e-01  1.717188e-02  1.551672e-03  1.729525e-02  1.798280e-02  1.748955e-03    1.395872e-01  1.395872e-01    1.334676e-04  -1.334676e-04  9.998e-01
15.616727  1.395923e-03  1.656189e-02  1.732991e-02  1.410643e-03  1.703826e-02  2.887673e-01  1.430653e-01  1.752976e-02  1.695549e-02  1.425705e-01  2.816245e-01  1.717057e-02  1.551592e-03  1.729598e-02  1.798363e-02  1.748710e-03    1.396010e-01  1.396010e-01    1.295567e-04  -1.295567e-04  9.998e-01
15.656727  1.396563e-03  1.655950e-02  1.732903e-02  1.410594e-03  1.703696e-02  2.887761e-01  1.430703e-01  1.752754e-02  1.695432e-02  1.425804e-01  2.816083e-01  1.716931e-02  1.551520e-03  1.729670e-02  1.798439e-02  1.748456e-03    1.396147e-01  1.396147e-01    1.257917e-04  -1.257917e-04  9.998e-01
15.696727  1.397207e-03  1.655715e-02  1.732813e-02  1.410522e-03  1.703570e-02  2.887848e-01  1.430751e-01  1.752537e-02  1.695324e-02  1.425904e-01  2.815921e-01  1.716809e-02  1.551457e-03  1.729740e-02  1.798509e-02  1.748194e-03    1.396282e-01  1.396282e-01    1.221754e-04  -1.221754e-04  9.998e-01
15.736727  1.397856e-03  1.655481e-02  1.732721e-02  1.410427e-03  1.703448e-02  2.887934e-01  1.430798e-01  1.752325e-02  1.695225e-02  1.426005e-01  2.815759e-01  1.716693e-02  1.551403e-03  1.729811e-02  1.798573e-02  1.747923e-03    1.396417e-01  1.396417e-01    1.187156e-04  -1.187156e-04  9.998e-01
15.776727  1.398508e-03  1.655251e-02  1.732627e-02  1.410311e-03  1.703330e-02  2.888020e-01  1.430842e-01  1.752118e-02  1.695135e-02  1.426107e-01  2.815598e-01  1.716581e-02  1.551359e-03  1.729881e-02  1.798631e-02  1.747645e-03    1.396551e-01  1.396551e-01    1.154130e-04  -1.154130e-04  9.998e-01
15.816727  1.399162e-03  1.655023e-02  1.732532e-02  1.410172e-03  1.703216e-02  2.888104e-01  1.430886e-01  1.751916e-02  1.695053e-02  1.426209e-01  2.815436e-01  1.716474e-02  1.551324e-03  1.729950e-02  1.798683e-02  1.747360e-03    1.396683e-01  1.396683e-01    1.122751e-04  -1.122751e-04  9.998e-01
15.856727  1.399820e-03  1.654798e-02  1.732435e-02  1.410013e-03  1.703107e-02  2.888187e-01  1.430927e-01  1.751718e-02  1.694979e-02  1.426313e-01  2.815275e-01  1.716371e-02  1.551299e-03  1.730020e-02  1.798729e-02  1.747070e-03    1.396814e-01  1.396814e-01    1.092967e-04  -1.092967e-04  9.998e-01
15.896727  1.400480e-03  1.654576e-02  1.732337e-02  1.409833e-03  1.703002e-02  2.888270e-01  1.430968e-01  1.751525e-02  1.694914e-02  1.426417e-01  2.815113e-01  1.716273e-02  1.551284e-03  1.730091e-02  1.798770e-02  1.746774e-03    1.396944e-01  1.396944e-01    1.064843e-04  -1.064843e-04  9.998e-01
15.936727  1.401143e-03  1.654357e-02  1.732238e-02  1.409632e-03  1.702902e-02  2.888351e-01  1.431007e-01  1.751336e-02  1.694857e-02  1.426522e-01  2.814952e-01  1.716178e-02  1.551279e-03  1.730162e-02  1.798805e-02  1.746473e-03    1.397073e-01  1.397073e-01    1.038376e-04  -1.038376e-04  9.998e-01
15.976727  1.401807e-03  1.654141e-02  1.732138e-02  1.409411e-03  1.702806e-02  2.888431e-01  1.431044e-01  1.751152e-02  1.694808e-02  1.426627e-01  2.814790e-01  1.716087e-02  1.551285e-03  1.730233e-02  1.798834e-02  1.746169e-03    1.397200e-01  1.397200e-01    1.013597e-04  -1.013597e-04  9.998e-01
16.016727  1.402474e-03  1.653928e-02  1.732038e-02  1.409170e-03  1.702715e-02  2.888511e-01  1.431081e-01  1.750973e-02  1.694766e-02  1.426733e-01  2.814629e-01  1.716000e-02  1.551301e-03  1.730306e-02  1.798858e-02  1.745861e-03    1.397326e-01  1.397326e-01    9.905510e-05  -9.905510e-05  9.998e-01
16.056727  1.403143e-03  1.653719e-02  1.731937e-02  1.408911e-03  1.702629e-02  2.888589e-01  1.431117e-01  1.750797e-02  1.694731e-02  1.426839e-01  2.814468e-01  1.715916e-02  1.551327e-03  1.730380e-02  1.798877e-02  1.745549e-03    1.397452e-01  1.397452e-01    9.692013e-05  -9.692013e-05  9.998e-01
16.096727  1.403812e-03  1.653512e-02  1.731835e-02  1.408632e-03  1.702548e-02  2.888666e-01  1.431151e-01  1.750626e-02  1.694704e-02  1.426946e-01  2.814307e-01  1.715835e-02  1.551363e-03  1.730455e-02  1.798890e-02  1.745236e-03    1.397575e-01  1.397575e-01    9.495628e-05  -9.495628e-05  9.998e-01
16.136727  1.404483e-03  1.653309e-02  1.731733e-02  1.408336e-03  1.702471e-02  2.888742e-01  1.431185e-01  1.750459e-02  1.694684e-02  1.427052e-01  2.814146e-01  1.715758e-02  1.551410e-03  1.730531e-02  1.798898e-02  1.744921e-03    1.397698e-01  1.397698e-01    9.316392e-05  -9.316392e-05  9.998e-01
16.176727  1.405155e-03  1.653108e-02  1.731631e-02  1.408021e-03  1.702399e-02  2.888816e-01  1.431218e-01  1.750295e-02  1.694670e-02  1.427159e-01  2.813985e-01  1.715684e-02  1.551467e-03  1.730609e-02  1.798902e-02  1.744604e-03    1.397820e-01  1.397820e-01    9.153896e-05  -9.153896e-05  9.998e-01
16.216727  1.405828e-03  1.652911e-02  1.731529e-02  1.407689e-03  1.702333e-02  2.888890e-01  1.431250e-01  1.750136e-02  1.694663e-02  1.427266e-01  2.813824e-01  1.715612e-02  1.551535e-03  1.730689e-02  1.798900e-02  1.744287e-03    1.397940e-01  1.397940e-01    9.008706e-05  -9.008706e-05  9.998e-01
16.256727  1.406501e-03  1.652718e-02  1.731428e-02  1.407341e-03  1.702271e-02  2.888962e-01  1.431281e-01  1.749981e-02  1.694662e-02  1.427372e-01  2.813663e-01  1.715543e-02  1.551612e-03  1.730771e-02  1.798893e-02  1.743970e-03    1.398059e-01  1.398059e-01    8.879902e-05  -8.879902e-05  9.998e-01
16.296727  1.407174e-03  1.652527e-02  1.731327e-02  1.406976e-03  1.702215e-02  2.889034e-01  1.431312e-01  1.749829e-02  1.694667e-02  1.427479e-01  2.813503e-01  1.715476e-02  1.551699e-03  1.730854e-02  1.798882e-02  1.743654e-03    1.398177e-01  1.398177e-01    8.768036e-05  -8.768036e-05  9.998e-01
16.336727  1.407847e-03  1.652340e-02  1.731226e-02  1.406595e-03  1.702163e-02  2.889104e-01  1.431343e-01  1.749681e-02  1.694678e-02  1.427585e-01  2.813342e-01  1.715412e-02  1.551795e-03  1.730939e-02  1.798867e-02  1.743338e-03    1.398294e-01  1.398294e-01    8.672849e-05  -8.672849e-05  9.998e-01
16.376727  1.408520e-03  1.652156e-02  1.731126e-02  1.406199e-03  1.702117e-02  2.889173e-01  1.431373e-01  1.749536e-02  1.694694e-02  1.427690e-01  2.813182e-01  1.715350e-02  1.551902e-03  1.731026e-02  1.798846e-02  1.743024e-03    1.398409e-01  1.398409e-01    8.593925e-05  -8.593925e-05  9.998e-01
16.416727  1.409192e-03  1.651976e-02  1.731027e-02  1.405787e-03  1.702077e-02  2.889241e-01  1.431402e-01  1.749395e-02  1.694716e-02  1.427796e-01  2.813022e-01  1.715290e-02  1.552017e-03  1.731116e-02  1.798822e-02  1.742712e-03    1.398524e-01  1.398524e-01    8.531095e-05  -8.531095e-05  9.998e-01
16.456727  1.409864e-03  1.651798e-02  1.730929e-02  1.405362e-03  1.702041e-02  2.889308e-01  1.431432e-01  1.749258e-02  1.694742e-02  1.427901e-01  2.812862e-01  1.715231e-02  1.552141e-03  1.731207e-02  1.798793e-02  1.742402e-03    1.398637e-01  1.398637e-01    8.484049e-05  -8.484049e-05  9.998e-01
16.496727  1.410534e-03  1.651624e-02  1.730832e-02  1.404923e-03  1.702011e-02  2.889374e-01  1.431461e-01  1.749123e-02  1.694774e-02  1.428005e-01  2.812702e-01  1.715175e-02  1.552274e-03  1.731300e-02  1.798759e-02  1.742095e-03    1.398749e-01  1.398749e-01    8.452424e-05  -8.452424e-05  9.998e-01
16.536727  1.411204e-03  1.651453e-02  1.730736e-02  1.404470e-03  1.701986e-02  2.889439e-01  1.431490e-01  1.748992e-02  1.694809e-02  1.428109e-01  2.812543e-01  1.715120e-02  1.552414e-03  1.731395e-02  1.798722e-02  1.741791e-03    1.398860e-01  1.398860e-01    8.435837e-05  -8.435837e-05  9.998e-01
16.576727  1.411873e-03  1.651285e-02  1.730641e-02  1.404005e-03  1.701967e-02  2.889502e-01  1.431519e-01  1.748864e-02  1.694850e-02  1.428212e-01  2.812383e-01  1.715066e-02  1.552563e-03  1.731492e-02  1.798681e-02  1.741491e-03    1.398969e-01  1.398969e-01    8.433717e-05  -8.433717e-05  9.998e-01
16.616727  1.412540e-03  1.651120e-02  1.730547e-02  1.403528e-03  1.701953e-02  2.889565e-01  1.431548e-01  1.748740e-02  1.694894e-02  1.428314e-01  2.812224e-01  1.715014e-02  1.552720e-03  1.731591e-02  1.798635e-02  1.741195e-03    1.399078e-01  1.399078e-01    8.446317e-05  -8.446317e-05  9.998e-01
16.656727  1.413206e-03  1.650958e-02  1.730455e-02  1.403038e-03  1.701945e-02  2.889627e-01  1.431577e-01  1.748618e-02  1.694943e-02  1.428415e-01  2.812065e-01  1.714963e-02  1.552884e-03  1.731693e-02  1.798586e-02  1.740904e-03    1.399185e-01  1.399185e-01    8.472798e-05  -8.472798e-05  9.998e-01
16.696727  1.413870e-03  1.650800e-02  1.730365e-02  1.402538e-03  1.701942e-02  2.889687e-01  1.431606e-01  1.748499e-02  1.694994e-02  1.428515e-01  2.811906e-01  1.714913e-02  1.553055e-03  1.731796e-02  1.798533e-02  1.740617e-03    1.399291e-01  1.399291e-01    8.512715e-05  -8.512715e-05  9.998e-01
16.736727  1.414532e-03  1.650644e-02  1.730276e-02  1.402027e-03  1.701944e-02  2.889747e-01  1.431636e-01  1.748383e-02  1.695050e-02  1.428615e-01  2.811747e-01  1.714864e-02  1.553232e-03  1.731901e-02  1.798477e-02  1.740335e-03    1.399396e-01  1.399396e-01    8.565806e-05  -8.565806e-05  9.998e-01
16.776727  1.415193e-03  1.650491e-02  1.730189e-02  1.401506e-03  1.701952e-02  2.889805e-01  1.431666e-01  1.748270e-02  1.695108e-02  1.428713e-01  2.811589e-01  1.714816e-02  1.553416e-03  1.732007e-02  1.798417e-02  1.740058e-03    1.399500e-01  1.399500e-01    8.631184e-05  -8.631184e-05  9.998e-01
16.816727  1.415850e-03  1.650341e-02  1.730103e-02  1.400975e-03  1.701966e-02  2.889863e-01  1.431696e-01  1.748160e-02  1.695170e-02  1.428811e-01  2.811431e-01  1.714769e-02  1.553606e-03  1.732115e-02  1.798353e-02  1.739787e-03    1.399602e-01  1.399602e-01    8.708609e-05  -8.708609e-05  9.998e-01
16.856727  1.416506e-03  1.650194e-02  1.730019e-02  1.400436e-03  1.701985e-02  2.889920e-01  1.431726e-01  1.748052e-02  1.695234e-02  1.428907e-01  2.811273e-01  1.714722e-02  1.553801e-03  1.732225e-02  1.798286e-02  1.739522e-03    1.399704e-01  1.399704e-01    8.797553e-05  -8.797553e-05  9.998e-01
16.896727  1.417159e-03  1.650049e-02  1.729937e-02  1.399887e-03  1.702010e-02  2.889976e-01  1.431757e-01  1.747947e-02  1.695301e-02  1.429002e-01  2.811115e-01  1.714676e-02  1.554000e-03  1.732337e-02  1.798215e-02  1.739263e-03    1.399804e-01  1.399804e-01    8.897584e-05  -8.897584e-05  9.998e-01
16.936727  1.417810e-03  1.649907e-02  1.729857e-02  1.399331e-03  1.702040e-02  2.890031e-01  1.431788e-01  1.747845e-02  1.695371e-02  1.429096e-01  2.810957e-01  1.714630e-02  1.554205e-03  1.732450e-02  1.798142e-02  1.739010e-03    1.399904e-01  1.399904e-01    9.008107e-05  -9.008107e-05  9.998e-01
16.976727  1.418459e-03  1.649768e-02  1.729779e-02  1.398766e-03  1.702076e-02  2.890085e-01  1.431820e-01  1.747746e-02  1.695443e-02  1.429189e-01  2.810800e-01  1.714584e-02  1.554414e-03  1.732564e-02  1.798065e-02  1.738763e-03    1.400002e-01  1.400002e-01    9.128077e-05  -9.128077e-05  9.998e-01
17.016727  1.419104e-03  1.649632e-02  1.729703e-02  1.398195e-03  1.702117e-02  2.890139e-01  1.431852e-01  1.747649e-02  1.695517e-02  1.429280e-01  2.810643e-01  1.714539e-02  1.554626e-03  1.732679e-02  1.797985e-02  1.738523e-03    1.400099e-01  1.400099e-01    9.257694e-05  -9.257694e-05  9.998e-01
17.056727  1.419747e-03  1.649497e-02  1.729628e-02  1.397617e-03  1.702164e-02  2.890191e-01  1.431885e-01  1.747554e-02  1.695592e-02  1.429370e-01  2.810486e-01  1.714494e-02  1.554842e-03  1.732795e-02  1.797901e-02  1.738290e-03    1.400195e-01  1.400195e-01    9.396112e-05  -9.396112e-05  9.998e-01
17.096727  1.420387e-03  1.649366e-02  1.729556e-02  1.397032e-03  1.702216e-02  2.890243e-01  1.431918e-01  1.747463e-02  1.695670e-02  1.429459e-01  2.810330e-01  1.714449e-02  1.555061e-03  1.732912e-02  1.797815e-02  1.738063e-03    1.400290e-01  1.400290e-01    9.542691e-05  -9.542691e-05  9.998e-01
17.136727  1.421024e-03  1.649236e-02  1.729485e-02  1.396441e-03  1.702274e-02  2.890294e-01  1.431952e-01  1.747373e-02  1.695749e-02  1.429546e-01  2.810174e-01  1.714404e-02  1.555283e-03  1.733030e-02  1.797726e-02  1.737843e-03    1.400384e-01  1.400384e-01    9.696592e-05  -9.696592e-05  9.998e-01
17.176727  1.421658e-03  1.649109e-02  1.729417e-02  1.395845e-03  1.702337e-02  2.890345e-01  1.431987e-01  1.747286e-02  1.695830e-02  1.429632e-01  2.810018e-01  1.714359e-02  1.555506e-03  1.733149e-02  1.797634e-02  1.737630e-03    1.400477e-01  1.400477e-01    9.857363e-05  -9.857363e-05  9.998e-01
17.216727  1.422288e-03  1.648984e-02  1.729350e-02  1.395245e-03  1.702405e-02  2.890395e-01  1.432023e-01  1.747202e-02  1.695912e-02  1.429716e-01  2.809862e-01  1.714314e-02  1.555731e-03  1.733268e-02  1.797539e-02  1.737424e-03    1.400569e-01  1.400569e-01    1.002478e-04  -1.002478e-04  9.998e-01
17.256727  1.422916e-03  1.648861e-02  1.729286e-02  1.394639e-03  1.702479e-02  2.890444e-01  1.432059e-01  1.747120e-02  1.695995e-02  1.429799e-01  2.809707e-01  1.714269e-02  1.555958e-03  1.733387e-02  1.797441e-02  1.737225e-03    1.400660e-01  1.400660e-01    1.019781e-04  -1.019781e-04  9.998e-01
17.296727  1.423541e-03  1.648740e-02  1.729223e-02  1.394029e-03  1.702557e-02  2.890493e-01  1.432096e-01  1.747040e-02  1.696079e-02  1.429880e-01  2.809552e-01  1.714224e-02  1.556185e-03  1.733507e-02  1.797341e-02  1.737033e-03    1.400749e-01  1.400749e-01    1.037606e-04  -1.037606e-04  9.998e-01
17.336727  1.424162e-03  1.648621e-02  1.729162e-02  1.393415e-03  1.702641e-02  2.890541e-01  1.432133e-01  1.746963e-02  1.696164e-02  1.429960e-01  2.809398e-01  1.714179e-02  1.556413e-03  1.733627e-02  1.797238e-02  1.736849e-03    1.400838e-01  1.400838e-01    1.055877e-04  -1.055877e-04  9.998e-01
17.376727  1.424780e-03  1.648504e-02  1.729104e-02  1.392798e-03  1.702730e-02  2.890588e-01  1.432172e-01  1.746888e-02  1.696250e-02  1.430039e-01  2.809244e-01  1.714133e-02  1.556642e-03  1.733747e-02  1.797133e-02  1.736671e-03    1.400926e-01  1.400926e-01    1.074537e-04  -1.074537e-04  9.998e-01
17.416727  1.425395e-03  1.648389e-02  1.729047e-02  1.392178e-03  1.702825e-02  2.890635e-01  1.432211e-01  1.746816e-02  1.696337e-02  1.430115e-01  2.809090e-01  1.714087e-02  1.556869e-03  1.733866e-02  1.797025e-02  1.736501e-03    1.401013e-01  1.401013e-01    1.093519e-04  -1.093519e-04  9.998e-01
17.456727  1.426006e-03  1.648275e-02  1.728991e-02  1.391555e-03  1.702924e-02  2.890682e-01  1.432251e-01  1.746746e-02  1.696425e-02  1.430191e-01  2.808936e-01  1.714040e-02  1.557097e-03  1.733985e-02  1.796914e-02  1.736338e-03    1.401099e-01  1.401099e-01    1.112787e-04  -1.112787e-04  9.998e-01
17.496727  1.426614e-03  1.648164e-02  1.728938e-02  1.390929e-03  1.703028e-02  2.890728e-01  1.432292e-01  1.746678e-02  1.696513e-02  1.430265e-01  2.808783e-01  1.713994e-02  1.557323e-03  1.734104e-02  1.796801e-02  1.736182e-03    1.401183e-01  1.401183e-01    1.132244e-04  -1.132244e-04  9.998e-01
17.536727  1.427218e-03  1.648053e-02  1.728886e-02  1.390302e-03  1.703137e-02  2.890774e-01  1.432333e-01  1.746613e-02  1.696601e-02  1.430337e-01  2.808631e-01  1.713946e-02  1.557547e-03  1.734222e-02  1.796686e-02  1.736033e-03    1.401267e-01  1.401267e-01    1.151842e-04  -1.151842e-04  9.998e-01
17.576727  1.427819e-03  1.647945e-02  1.728836e-02  1.389672e-03  1.703251e-02  2.890819e-01  1.432375e-01  1.746550e-02  1.696690e-02  1.430407e-01  2.808478e-01  1.713899e-02  1.557770e-03  1.734340e-02  1.796568e-02  1.735891e-03    1.401350e-01  1.401350e-01    1.171529e-04  -1.171529e-04  9.998e-01
17.616727  1.428416e-03  1.647837e-02  1.728788e-02  1.389041e-03  1.703369e-02  2.890864e-01  1.432418e-01  1.746489e-02  1.696780e-02  1.430477e-01  2.808327e-01  1.713850e-02  1.557991e-03  1.734457e-02  1.796448e-02  1.735757e-03    1.401432e-01  1.401432e-01    1.191237e-04  -1.191237e-04  9.998e-01
17.656727  1.429010e-03  1.647732e-02  1.728741e-02  1.388410e-03  1.703492e-02  2.890909e-01  1.432462e-01  1.746431e-02  1.696869e-02  1.430544e-01  2.808175e-01  1.713802e-02  1.558209e-03  1.734572e-02  1.796326e-02  1.735629e-03    1.401513e-01  1.401513e-01    1.210945e-04  -1.210945e-04  9.998e-01
17.696727  1.429601e-03  1.647627e-02  1.728696e-02  1.387777e-03  1.703620e-02  2.890954e-01  1.432507e-01  1.746375e-02  1.696959e-02  1.430610e-01  2.808024e-01  1.713752e-02  1.558425e-03  1.734687e-02  1.796201e-02  1.735509e-03    1.401593e-01  1.401593e-01    1.230559e-04  -1.230559e-04  9.998e-01
17.736727  1.430188e-03  1.647524e-02  1.728652e-02  1.387144e-03  1.703752e-02  2.890998e-01  1.432552e-01  1.746322e-02  1.697049e-02  1.430675e-01  2.807874e-01  1.713703e-02  1.558638e-03  1.734800e-02  1.796075e-02  1.735396e-03    1.401672e-01  1.401672e-01    1.250024e-04  -1.250024e-04  9.998e-01
17.776727  1.430772e-03  1.647422e-02  1.728610e-02  1.386511e-03  1.703889e-02  2.891042e-01  1.432598e-01  1.746271e-02  1.697139e-02  1.430738e-01  2.807723e-01  1.713652e-02  1.558847e-03  1.734912e-02  1.795946e-02  1.735289e-03    1.401751e-01  1.401751e-01    1.269295e-04  -1.269295e-04  9.998e-01
17.816727  1.431352e-03  1.647322e-02  1.728569e-02  1.385879e-03  1.704029e-02  2.891086e-01  1.432645e-01  1.746222e-02  1.697230e-02  1.430799e-01  2.807574e-01  1.713601e-02  1.559053e-03  1.735022e-02  1.795815e-02  1.735190e-03    1.401828e-01  1.401828e-01    1.288331e-04  -1.288331e-04  9.998e-01
17.856727  1.431929e-03  1.647222e-02  1.728529e-02  1.385246e-03  1.704174e-02  2.891130e-01  1.432693e-01  1.746176e-02  1.697320e-02  1.430860e-01  2.807424e-01  1.713550e-02  1.559255e-03  1.735131e-02  1.795682e-02  1.735097e-03    1.401905e-01  1.401905e-01    1.307061e-04  -1.307061e-04  9.998e-01
17.896727  1.432502e-03  1.647124e-02  1.728490e-02  1.384615e-03  1.704323e-02  2.891173e-01  1.432741e-01  1.746132e-02  1.697411e-02  1.430918e-01  2.807276e-01  1.713497e-02  1.559453e-03  1.735239e-02  1.795547e-02  1.735011e-03    1.401980e-01  1.401980e-01    1.325458e-04  -1.325458e-04  9.998e-01
17.936727  1.433072e-03  1.647027e-02  1.728453e-02  1.383984e-03  1.704476e-02  2.891216e-01  1.432790e-01  1.746091e-02  1.697501e-02  1.430975e-01  2.807127e-01  1.713445e-02  1.559646e-03  1.735344e-02  1.795410e-02  1.734932e-03    1.402055e-01  1.402055e-01    1.343445e-04  -1.343445e-04  9.998e-01
17.976727  1.433639e-03  1.646930e-02  1.728416e-02  1.383355e-03  1.704633e-02  2.891260e-01  1.432839e-01  1.746052e-02  1.697592e-02  1.431031e-01  2.806979e-01  1.713391e-02  1.559835e-03  1.735448e-02  1.795271e-02  1.734859e-03    1.402129e-01  1.402129e-01    1.361016e-04  -1.361016e-04  9.998e-01
18.016727  1.434202e-03  1.646835e-02  1.728381e-02  1.382727e-03  1.704794e-02  2.891303e-01  1.432889e-01  1.746015e-02  1.697682e-02  1.431086e-01  2.806832e-01  1.713337e-02  1.560019e-03  1.735549e-02  1.795130e-02  1.734794e-03    1.402202e-01  1.402202e-01    1.378111e-04  -1.378111e-04  9.998e-01
18.056727  1.434762e-03  1.646741e-02  1.728347e-02  1.382102e-03  1.704959e-02  2.891346e-01  1.432940e-01  1.745981e-02  1.697773e-02  1.431139e-01  2.806685e-01  1.713282e-02  1.560198e-03  1.735649e-02  1.794987e-02  1.734734e-03    1.402274e-01  1.402274e-01    1.394673e-04  -1.394673e-04  9.998e-01
18.096727  1.435319e-03  1.646648e-02  1.728313e-02  1.381478e-03  1.705127e-02  2.891389e-01  1.432991e-01  1.745949e-02  1.697863e-02  1.431191e-01  2.806539e-01  1.713227e-02  1.560373e-03  1.735747e-02  1.794843e-02  1.734682e-03    1.402346e-01  1.402346e-01    1.410679e-04  -1.410679e-04  9.998e-01
18.136727  1.435873e-03  1.646555e-02  1.728280e-02  1.380856e-03  1.705298e-02  2.891432e-01  1.433043e-01  1.745920e-02  1.697954e-02  1.431241e-01  2.806393e-01  1.713171e-02  1.560542e-03  1.735842e-02  1.794696e-02  1.734635e-03    1.402416e-01  1.402416e-01    1.426092e-04  -1.426092e-04  9.998e-01
18.176727  1.436424e-03  1.646464e-02  1.728248e-02  1.380237e-03  1.705473e-02  2.891475e-01  1.433095e-01  1.745893e-02  1.698044e-02  1.431290e-01  2.806248e-01  1.713114e-02  1.560705e-03  1.735935e-02  1.794548e-02  1.734595e-03    1.402486e-01  1.402486e-01    1.440881e-04  -1.440881e-04  9.998e-01
18.216727  1.436971e-03  1.646373e-02  1.728217e-02  1.379621e-03  1.705651e-02  2.891519e-01  1.433147e-01  1.745868e-02  1.698134e-02  1.431339e-01  2.806103e-01  1.713057e-02  1.560863e-03  1.736026e-02  1.794398e-02  1.734562e-03    1.402555e-01  1.402555e-01    1.454973e-04  -1.454973e-04  9.998e-01
18.256727  1.437515e-03  1.646284e-02  1.728186e-02  1.379008e-03  1.705833e-02  2.891562e-01  1.433200e-01  1.745846e-02  1.698225e-02  1.431385e-01  2.805958e-01  1.712998e-02  1.561016e-03  1.736115e-02  1.794247e-02  1.734534e-03    1.402623e-01  1.402623e-01    1.468384e-04  -1.468384e-04  9.998e-01
18.296727  1.438057e-03  1.646195e-02  1.728155e-02  1.378398e-03  1.706017e-02  2.891605e-01  1.433254e-01  1.745826e-02  1.698315e-02  1.431431e-01  2.805815e-01  1.712940e-02  1.561162e-03  1.736201e-02  1.794093e-02  1.734513e-03    1.402690e-01  1.402690e-01    1.481069e-04  -1.481069e-04  9.998e-01
18.336727  1.438597e-03  1.646107e-02  1.728126e-02  1.377791e-03  1.706204e-02  2.891648e-01  1.433307e-01  1.745809e-02  1.698406e-02  1.431476e-01  2.805671e-01  1.712880e-02  1.561303e-03  1.736285e-02  1.793938e-02  1.734498e-03    1.402757e-01  1.402757e-01    1.492994e-04  -1.492994e-04  9.998e-01
18.376727  1.439133e-03  1.646020e-02  1.728096e-02  1.377187e-03  1.706394e-02  2.891692e-01  1.433361e-01  1.745794e-02  1.698496e-02  1.431519e-01  2.805529e-01  1.712820e-02  1.561438e-03  1.736367e-02  1.793782e-02  1.734488e-03    1.402822e-01  1.402822e-01    1.504144e-04  -1.504144e-04  9.998e-01
18.416727  1.439667e-03  1.645933e-02  1.728067e-02  1.376587e-03  1.706587e-02  2.891735e-01  1.433415e-01  1.745782e-02  1.698587e-02  1.431562e-01  2.805386e-01  1.712759e-02  1.561567e-03  1.736446e-02  1.793623e-02  1.734485e-03    1.402887e-01  1.402887e-01    1.514500e-04  -1.514500e-04  9.998e-01
18.456727  1.440197e-03  1.645848e-02  1.728038e-02  1.375991e-03  1.706783e-02  2.891779e-01  1.433470e-01  1.745771e-02  1.698677e-02  1.431604e-01  2.805245e-01  1.712698e-02  1.561690e-03  1.736523e-02  1.793464e-02  1.734487e-03    1.402952e-01  1.402952e-01    1.524026e-04  -1.524026e-04  9.998e-01
18.496727  1.440726e-03  1.645763e-02  1.728009e-02  1.375399e-03  1.706981e-02  2.891822e-01  1.433524e-01  1.745764e-02  1.698768e-02  1.431644e-01  2.805103e-01  1.712636e-02  1.561807e-03  1.736597e-02  1.793302e-02  1.734495e-03    1.403015e-01  1.403015e-01    1.532719e-04  -1.532719e-04  9.998e-01
18.536727  1.441252e-03  1.645679e-02  1.727980e-02  1.374811e-03  1.707181e-02  2.891866e-01  1.433579e-01  1.745758e-02  1.698859e-02  1.431684e-01  2.804963e-01  1.712573e-02  1.561918e-03  1.736669e-02  1.793139e-02  1.734509e-03    1.403078e-01  1.403078e-01    1.540558e-04  -1.540558e-04  9.998e-01
18.576727  1.441775e-03  1.645596e-02  1.727951e-02  1.374227e-03  1.707384e-02  2.891910e-01  1.433633e-01  1.745755e-02  1.698950e-02  1.431723e-01  2.804823e-01  1.712510e-02  1.562023e-03  1.736738e-02  1.792975e-02  1.734529e-03    1.403140e-01  1.403140e-01    1.547537e-04  -1.547537e-04  9.998e-01
18.616727  1.442297e-03  1.645514e-02  1.727922e-02  1.373647e-03  1.707589e-02  2.891954e-01  1.433688e-01  1.745754e-02  1.699041e-02  1.431761e-01  2.804683e-01  1.712446e-02  1.562122e-03  1.736805e-02  1.792809e-02  1.734554e-03    1.403201e-01  1.403201e-01    1.553628e-04  -1.553628e-04  9.998e-01
18.656727  1.442816e-03  1.645433e-02  1.727893e-02  1.373071e-03  1.707795e-02  2.891998e-01  1.433742e-01  1.745755e-02  1.699132e-02  1.431798e-01  2.804544e-01  1.712381e-02  1.562215e-03  1.736869e-02  1.792641e-02  1.734585e-03    1.403261e-01  1.403261e-01    1.558833e-04  -1.558833e-04  9.998e-01
18.696727  1.443332e-03  1.645353e-02  1.727864e-02  1.372501e-03  1.708004e-02  2.892043e-01  1.433797e-01  1.745759e-02  1.699223e-02  1.431835e-01  2.804406e-01  1.712316e-02  1.562301e-03  1.736931e-02  1.792472e-02  1.734621e-03    1.403321e-01  1.403321e-01    1.563146e-04  -1.563146e-04  9.998e-01
18.736727  1.443847e-03  1.645273e-02  1.727835e-02  1.371935e-03  1.708215e-02  2.892087e-01  1.433851e-01  1.745765e-02  1.699315e-02  1.431871e-01  2.804268e-01  1.712250e-02  1.562382e-03  1.736991e-02  1.792302e-02  1.734663e-03    1.403380e-01  1.403380e-01    1.566572e-04  -1.566572e-04  9.998e-01
18.776727  1.444360e-03  1.645195e-02  1.727805e-02  1.371373e-03  1.708427e-02  2.892132e-01  1.433906e-01  1.745773e-02  1.699407e-02  1.431906e-01  2.804131e-01  1.712183e-02  1.562457e-03  1.737049e-02  1.792130e-02  1.734710e-03    1.403438e-01  1.403438e-01    1.569094e-04  -1.569094e-04  9.998e-01
18.816727  1.444871e-03  1.645117e-02  1.727776e-02  1.370817e-03  1.708641e-02  2.892177e-01  1.433960e-01  1.745784e-02  1.699499e-02  1.431941e-01  2.803994e-01  1.712116e-02  1.562527e-03  1.737104e-02  1.791957e-02  1.734762e-03    1.403496e-01  1.403496e-01    1.570731e-04  -1.570731e-04  9.998e-01
18.856727  1.445380e-03  1.645041e-02  1.727745e-02  1.370265e-03  1.708857e-02  2.892222e-01  1.434014e-01  1.745796e-02  1.699591e-02  1.431975e-01  2.803858e-01  1.712049e-02  1.562590e-03  1.737156e-02  1.791783e-02  1.734819e-03    1.403553e-01  1.403553e-01    1.571469e-04  -1.571469e-04  9.998e-01
18.896727  1.445888e-03  1.644966e-02  1.727715e-02  1.369718e-03  1.709074e-02  2.892267e-01  1.434067e-01  1.745811e-02  1.699684e-02  1.432008e-01  2.803722e-01  1.711981e-02  1.562648e-03  1.737207e-02  1.791607e-02  1.734882e-03    1.403609e-01  1.403609e-01    1.571321e-04  -1.571321e-04  9.998e-01
18.936727  1.446395e-03  1.644891e-02  1.727684e-02  1.369177e-03  1.709292e-02  2.892312e-01  1.434120e-01  1.745827e-02  1.699777e-02  1.432042e-01  2.803587e-01  1.711912e-02  1.562701e-03  1.737255e-02  1.791429e-02  1.734950e-03    1.403664e-01  1.403664e-01    1.570280e-04  -1.570280e-04  9.998e-01
18.976727  1.446900e-03  1.644818e-02  1.727652e-02  1.368641e-03  1.709512e-02  2.892358e-01  1.434173e-01  1.745846e-02  1.699870e-02  1.432074e-01  2.803452e-01  1.711843e-02  1.562748e-03  1.737301e-02  1.791251e-02  1.735022e-03    1.403719e-01  1.403719e-01    1.568369e-04  -1.568369e-04  9.998e-01
19.016727  1.447403e-03  1.644746e-02  1.727620e-02  1.368109e-03  1.709732e-02  2.892403e-01  1.434226e-01  1.745867e-02  1.699964e-02  1.432107e-01  2.803318e-01  1.711773e-02  1.562790e-03  1.737345e-02  1.791071e-02  1.735100e-03    1.403773e-01  1.403773e-01    1.565604e-04  -1.565604e-04  9.998e-01
19.056727  1.447905e-03  1.644675e-02  1.727587e-02  1.367584e-03  1.709954e-02  2.892449e-01  1.434277e-01  1.745890e-02  1.700058e-02  1.432139e-01  2.803185e-01  1.711703e-02  1.562826e-03  1.737387e-02  1.790890e-02  1.735183e-03    1.403827e-01  1.403827e-01    1.562000e-04  -1.562000e-04  9.998e-01
19.096727  1.448406e-03  1.644605e-02  1.727554e-02  1.367063e-03  1.710176e-02  2.892495e-01  1.434329e-01  1.745914e-02  1.700152e-02  1.432171e-01  2.803052e-01  1.711632e-02  1.562858e-03  1.737427e-02  1.790707e-02  1.735270e-03    1.403879e-01  1.403879e-01    1.557572e-04  -1.557572e-04  9.998e-01
19.136727  1.448906e-03  1.644536e-02  1.727520e-02  1.366548e-03  1.710400e-02  2.892542e-01  1.434380e-01  1.745941e-02  1.700247e-02  1.432202e-01  2.802920e-01  1.711561e-02  1.562885e-03  1.737465e-02  1.790524e-02  1.735363e-03    1.403931e-01  1.403931e-01    1.552325e-04  -1.552325e-04  9.998e-01
19.176727  1.449405e-03  1.644469e-02  1.727485e-02  1.366038e-03  1.710624e-02  2.892588e-01  1.434430e-01  1.745969e-02  1.700342e-02  1.432234e-01  2.802788e-01  1.711490e-02  1.562907e-03  1.737501e-02  1.790339e-02  1.735460e-03    1.403983e-01  1.403983e-01    1.546274e-04  -1.546274e-04  9.998e-01
19.216727  1.449903e-03  1.644403e-02  1.727450e-02  1.365533e-03  1.710849e-02  2.892635e-01  1.434480e-01  1.746000e-02  1.700437e-02  1.432265e-01  2.802657e-01  1.711418e-02  1.562924e-03  1.737536e-02  1.790152e-02  1.735562e-03    1.404033e-01  1.404033e-01    1.539449e-04  -1.539449e-04  9.998e-01
19.256727  1.450400e-03  1.644338e-02  1.727414e-02  1.365034e-03  1.711074e-02  2.892682e-01  1.434529e-01  1.746032e-02  1.700533e-02  1.432296e-01  2.802526e-01  1.711345e-02  1.562938e-03  1.737569e-02  1.789965e-02  1.735668e-03    1.404084e-01  1.404084e-01    1.531873e-04  -1.531873e-04  9.998e-01
19.296727  1.450896e-03  1.644275e-02  1.727377e-02  1.364541e-03  1.711300e-02  2.892728e-01  1.434578e-01  1.746066e-02  1.700630e-02  1.432327e-01  2.802396e-01  1.711273e-02  1.562946e-03  1.737600e-02  1.789776e-02  1.735780e-03    1.404133e-01  1.404133e-01    1.523577e-04  -1.523577e-04  9.998e-01
19.336727  1.451392e-03  1.644213e-02  1.727339e-02  1.364053e-03  1.711526e-02  2.892776e-01  1.434625e-01  1.746101e-02  1.700726e-02  1.432358e-01  2.802266e-01  1.711199e-02  1.562951e-03  1.737629e-02  1.789587e-02  1.735895e-03    1.404182e-01  1.404182e-01    1.514562e-04  -1.514562e-04  9.998e-01
19.376727  1.451886e-03  1.644152e-02  1.727300e-02  1.363570e-03  1.711753e-02  2.892823e-01  1.434673e-01  1.746138e-02  1.700824e-02  1.432388e-01  2.802137e-01  1.711126e-02  1.562953e-03  1.737657e-02  1.789396e-02  1.736016e-03    1.404230e-01  1.404230e-01    1.504863e-04  -1.504863e-04  9.998e-01
19.416727  1.452380e-03  1.644093e-02  1.727261e-02  1.363093e-03  1.711979e-02  2.892870e-01  1.434719e-01  1.746177e-02  1.700921e-02  1.432419e-01  2.802009e-01  1.711052e-02  1.562950e-03  1.737684e-02  1.789204e-02  1.736140e-03    1.404277e-01  1.404277e-01    1.494515e-04  -1.494515e-04  9.998e-01
19.456727  1.452874e-03  1.644036e-02  1.727221e-02  1.362621e-03  1.712206e-02  2.892918e-01  1.434764e-01  1.746217e-02  1.701020e-02  1.432450e-01  2.801881e-01  1.710978e-02  1.562944e-03  1.737709e-02  1.789010e-02  1.736270e-03    1.404324e-01  1.404324e-01    1.483536e-04  -1.483536e-04  9.998e-01
19.496727  1.453368e-03  1.643980e-02  1.727179e-02  1.362155e-03  1.712433e-02  2.892966e-01  1.434809e-01  1.746259e-02  1.701118e-02  1.432481e-01  2.801753e-01  1.710903e-02  1.562935e-03  1.737732e-02  1.788816e-02  1.736403e-03    1.404370e-01  1.404370e-01    1.471957e-04  -1.471957e-04  9.998e-01
19.536727  1.453861e-03  1.643925e-02  1.727137e-02  1.361694e-03  1.712660e-02  2.893014e-01  1.434853e-01  1.746303e-02  1.701217e-02  1.432512e-01  2.801626e-01  1.710828e-02  1.562923e-03  1.737755e-02  1.788620e-02  1.736541e-03    1.404416e-01  1.404416e-01    1.459818e-04  -1.459818e-04  9.998e-01
19.576727  1.454353e-03  1.643873e-02  1.727094e-02  1.361239e-03  1.712887e-02  2.893062e-01  1.434896e-01  1.746347e-02  1.701317e-02  1.432543e-01  2.801500e-01  1.710753e-02  1.562908e-03  1.737776e-02  1.788424e-02  1.736683e-03    1.404461e-01  1.404461e-01    1.447142e-04  -1.447142e-04  9.998e-01
19.616727  1.454846e-03  1.643822e-02  1.727050e-02  1.360789e-03  1.713113e-02  2.893110e-01  1.434938e-01  1.746394e-02  1.701417e-02  1.432574e-01  2.801374e-01  1.710678e-02  1.562891e-03  1.737797e-02  1.788226e-02  1.736829e-03    1.404506e-01  1.404506e-01    1.433963e-04  -1.433963e-04  9.998e-01
19.656727  1.455339e-03  1.643772e-02  1.727005e-02  1.360345e-03  1.713340e-02  2.893158e-01  1.434980e-01  1.746441e-02  1.701517e-02  1.432606e-01  2.801249e-01  1.710602e-02  1.562871e-03  1.737816e-02  1.788027e-02  1.736979e-03    1.404549e-01  1.404549e-01    1.420311e-04  -1.420311e-04  9.998e-01
19.696727  1.455831e-03  1.643725e-02  1.726960e-02  1.359906e-03  1.713566e-02  2.893207e-01  1.435020e-01  1.746490e-02  1.701618e-02  1.432637e-01  2.801124e-01  1.710526e-02  1.562849e-03  1.737834e-02  1.787827e-02  1.737134e-03    1.404593e-01  1.404593e-01    1.406223e-04  -1.406223e-04  9.998e-01
19.736727  1.456324e-03  1.643679e-02  1.726913e-02  1.359473e-03  1.713792e-02  2.893256e-01  1.435059e-01  1.746540e-02  1.701719e-02  1.432669e-01  2.801000e-01  1.710450e-02  1.562825e-03  1.737852e-02  1.787626e-02  1.737292e-03    1.404635e-01  1.404635e-01    1.391718e-04  -1.391718e-04  9.998e-01
19.776727  1.456816e-03  1.643635e-02  1.726865e-02  1.359045e-03  1.714017e-02  2.893304e-01  1.435098e-01  1.746591e-02  1.701821e-02  1.432701e-01  2.800876e-01  1.710374e-02  1.562800e-03  1.737868e-02  1.787424e-02  1.737454e-03    1.404677e-01  1.404677e-01    1.376860e-04  -1.376860e-04  9.998e-01
19.816727  1.457309e-03  1.643593e-02  1.726816e-02  1.358623e-03  1.714242e-02  2.893353e-01  1.435136e-01  1.746643e-02  1.701923e-02  1.432734e-01  2.800752e-01  1.710297e-02  1.562773e-03  1.737884e-02  1.787221e-02  1.737621e-03    1.404719e-01  1.404719e-01    1.361673e-04  -1.361673e-04  9.998e-01
19.856727  1.457802e-03  1.643553e-02  1.726767e-02  1.358205e-03  1.714466e-02  2.893402e-01  1.435172e-01  1.746697e-02  1.702025e-02  1.432766e-01  2.800630e-01  1.710221e-02  1.562745e-03  1.737899e-02  1.787017e-02  1.737791e-03    1.404759e-01  1.404759e-01    1.346185e-04  -1.346185e-04  9.998e-01
19.896727  1.458294e-03  1.643514e-02  1.726716e-02  1.357793e-03  1.714690e-02  2.893451e-01  1.435208e-01  1.746751e-02  1.702128e-02  1.432799e-01  2.800507e-01  1.710144e-02  1.562716e-03  1.737914e-02  1.786813e-02  1.737965e-03    1.404800e-01  1.404800e-01    1.330434e-04  -1.330434e-04  9.998e-01
19.936727  1.458787e-03  1.643478e-02  1.726665e-02  1.357387e-03  1.714913e-02  2.893501e-01  1.435243e-01  1.746807e-02  1.702232e-02  1.432832e-01  2.800385e-01  1.710067e-02  1.562686e-03  1.737928e-02  1.786607e-02  1.738142e-03    1.404839e-01  1.404839e-01    1.314452e-04  -1.314452e-04  9.998e-01
19.976727  1.459281e-03  1.643443e-02  1.726612e-02  1.356986e-03  1.715135e-02  2.893550e-01  1.435276e-01  1.746863e-02  1.702335e-02  1.432865e-01  2.800264e-01  1.709990e-02  1.562656e-03  1.737941e-02  1.786400e-02  1.738324e-03    1.404879e-01  1.404879e-01    1.298278e-04  -1.298278e-04  9.998e-01
20.016727  1.459774e-03  1.643411e-02  1.726558e-02  1.356589e-03  1.715357e-02  2.893600e-01  1.435309e-01  1.746920e-02  1.702439e-02  1.432899e-01  2.800143e-01  1.709913e-02  1.562625e-03  1.737954e-02  1.786192e-02  1.738509e-03    1.404917e-01  1.404917e-01    1.281945e-04  -1.281945e-04  9.998e-01
20.056727  1.460269e-03  1.643380e-02  1.726504e-02  1.356199e-03  1.715577e-02  2.893649e-01  1.435341e-01  1.746979e-02  1.702543e-02  1.432933e-01  2.800022e-01  1.709836e-02  1.562594e-03  1.737966e-02  1.785983e-02  1.738697e-03    1.404955e-01  1.404955e-01    1.265494e-04  -1.265494e-04  9.998e-01
20.096727  1.460763e-03  1.643352e-02  1.726449e-02  1.355813e-03  1.715797e-02  2.893699e-01  1.435372e-01  1.747038e-02  1.702648e-02  1.432967e-01  2.799902e-01  1.709759e-02  1.562563e-03  1.737979e-02  1.785774e-02  1.738889e-03    1.404993e-01  1.404993e-01    1.248954e-04  -1.248954e-04  9.998e-01
20.136727  1.461258e-03  1.643325e-02  1.726392e-02  1.355432e-03  1.716016e-02  2.893749e-01  1.435402e-01  1.747098e-02  1.702752e-02  1.433002e-01  2.799783e-01  1.709681e-02  1.562533e-03  1.737991e-02  1.785563e-02  1.739085e-03    1.405030e-01  1.405030e-01    1.232365e-04  -1.232365e-04  9.998e-01
20.176727  1.461753e-03  1.643301e-02  1.726335e-02  1.355056e-03  1.716235e-02  2.893799e-01  1.435431e-01  1.747158e-02  1.702857e-02  1.433037e-01  2.799664e-01  1.709604e-02  1.562503e-03  1.738002e-02  1.785352e-02  1.739284e-03    1.405066e-01  1.405066e-01    1.215749e-04  -1.215749e-04  9.998e-01
20.216727  1.462236e-03  1.643278e-02  1.726277e-02  1.354687e-03  1.716452e-02  2.893849e-01  1.435459e-01  1.747220e-02  1.702963e-02  1.433072e-01  2.799545e-01  1.709527e-02  1.562473e-03  1.738014e-02  1.785139e-02  1.739487e-03    1.405102e-01  1.405102e-01    1.199155e-04  -1.199155e-04  9.998e-01
20.256727  1.462717e-03  1.643258e-02  1.726218e-02  1.354323e-03  1.716668e-02  2.893899e-01  1.435486e-01  1.747282e-02  1.703068e-02  1.433108e-01  2.799427e-01  1.709449e-02  1.562444e-03  1.738025e-02  1.784926e-02  1.739694e-03    1.405137e-01  1.405137e-01    1.182608e-04  -1.182608e-04  9.998e-01
20.296727  1.463195e-03  1.643240e-02  1.726158e-02  1.353963e-03  1.716883e-02  2.893949e-01  1.435512e-01  1.747345e-02  1.703174e-02  1.433143e-01  2.799309e-01  1.709372e-02  1.562415e-03  1.738036e-02  1.784713e-02  1.739905e-03    1.405172e-01  1.405172e-01    1.166136e-04  -1.166136e-04  9.998e-01
20.336727  1.463671e-03  1.643224e-02  1.726098e-02  1.353609e-03  1.717097e-02  2.893999e-01  1.435537e-01  1.747408e-02  1.703280e-02  1.433180e-01  2.799192e-01  1.709295e-02  1.562387e-03  1.738047e-02  1.784498e-02  1.740118e-03    1.405206e-01  1.405206e-01    1.149773e-04  -1.149773e-04  9.998e-01
20.376727  1.464144e-03  1.643210e-02  1.726036e-02  1.353260e-03  1.717310e-02  2.894050e-01  1.435561e-01  1.747473e-02  1.703386e-02  1.433216e-01  2.799075e-01  1.709218e-02  1.562361e-03  1.738058e-02  1.784283e-02  1.740335e-03    1.405240e-01  1.405240e-01    1.133542e-04  -1.133542e-04  9.998e-01
20.416727  1.464613e-03  1.643199e-02  1.725974e-02  1.352916e-03  1.717521e-02  2.894100e-01  1.435585e-01  1.747537e-02  1.703493e-02  1.433253e-01  2.798958e-01  1.709140e-02  1.562337e-03  1.738068e-02  1.784068e-02  1.740555e-03    1.405273e-01  1.405273e-01    1.117474e-04  -1.117474e-04  9.998e-01
20.456727  1.465079e-03  1.643190e-02  1.725911e-02  1.352577e-03  1.717731e-02  2.894151e-01  1.435607e-01  1.747602e-02  1.703599e-02  1.433290e-01  2.798842e-01  1.709063e-02  1.562314e-03  1.738078e-02  1.783852e-02  1.740777e-03    1.405306e-01  1.405306e-01    1.101596e-04  -1.101596e-04  9.998e-01
20.496727  1.465541e-03  1.643183e-02  1.725848e-02  1.352243e-03  1.717939e-02  2.894201e-01  1.435629e-01  1.747668e-02  1.703706e-02  1.433328e-01  2.798726e-01  1.708986e-02  1.562292e-03  1.738089e-02  1.783636e-02  1.741001e-03    1.405339e-01  1.405339e-01    1.085936e-04  -1.085936e-04  9.998e-01
20.536727  1.466000e-03  1.643178e-02  1.725784e-02  1.351915e-03  1.718146e-02  2.894252e-01  1.435649e-01  1.747734e-02  1.703813e-02  1.433365e-01  2.798611e-01  1.708910e-02  1.562273e-03  1.738099e-02  1.783419e-02  1.741228e-03    1.405371e-01  1.405371e-01    1.070520e-04  -1.070520e-04  9.998e-01
20.576727  1.466455e-03  1.643175e-02  1.725719e-02  1.351591e-03  1.718351e-02  2.894303e-01  1.435669e-01  1.747801e-02  1.703919e-02  1.433403e-01  2.798495e-01  1.708833e-02  1.562256e-03  1.738109e-02  1.783202e-02  1.741456e-03    1.405402e-01  1.405402e-01    1.055377e-04  -1.055377e-04  9.998e-01
20.616727  1.466906e-03  1.643175e-02  1.725654e-02  1.351274e-03  1.718555e-02  2.894354e-01  1.435688e-01  1.747868e-02  1.704026e-02  1.433442e-01  2.798381e-01  1.708756e-02  1.562240e-03  1.738119e-02  1.782986e-02  1.741685e-03    1.405433e-01  1.405433e-01    1.040532e-04  -1.040532e-04  9.998e-01
20.656727  1.467353e-03  1.643176e-02  1.725588e-02  1.350961e-03  1.718757e-02  2.894406e-01  1.435707e-01  1.747935e-02  1.704133e-02  1.433480e-01  2.798266e-01  1.708680e-02  1.562227e-03  1.738129e-02  1.782769e-02  1.741916e-03    1.405464e-01  1.405464e-01    1.026013e-04  -1.026013e-04  9.998e-01
20.696727  1.467796e-03  1.643180e-02  1.725522e-02  1.350654e-03  1.718957e-02  2.894457e-01  1.435724e-01  1.748003e-02  1.704240e-02  1.433519e-01  2.798152e-01  1.708604e-02  1.562215e-03  1.738139e-02  1.782552e-02  1.742148e-03    1.405494e-01  1.405494e-01    1.011840e-04  -1.011840e-04  9.998e-01
20.736727  1.468235e-03  1.643186e-02  1.725455e-02  1.350352e-03  1.719155e-02  2.894509e-01  1.435741e-01  1.748071e-02  1.704346e-02  1.433558e-01  2.798038e-01  1.708528e-02  1.562205e-03  1.738148e-02  1.782336e-02  1.742380e-03    1.405524e-01  1.405524e-01    9.980418e-05  -9.980418e-05  9.998e-01
20.776727  1.468670e-03  1.643193e-02  1.725388e-02  1.350055e-03  1.719351e-02  2.894561e-01  1.435757e-01  1.748139e-02  1.704453e-02  1.433598e-01  2.797925e-01  1.708452e-02  1.562197e-03  1.738158e-02  1.782119e-02  1.742613e-03    1.405554e-01  1.405554e-01    9.846400e-05  -9.846400e-05  9.998e-01
20.816727  1.469101e-03  1.643203e-02  1.725320e-02  1.349763e-03  1.719545e-02  2.894612e-01  1.435772e-01  1.748207e-02  1.704559e-02  1.433637e-01  2.797811e-01  1.708376e-02  1.562190e-03  1.738168e-02  1.781903e-02  1.742846e-03    1.405583e-01  1.405583e-01    9.716580e-05  -9.716580e-05  9.998e-01
20.856727  1.469527e-03  1.643215e-02  1.725253e-02  1.349477e-03  1.719737e-02  2.894665e-01  1.435786e-01  1.748276e-02  1.704664e-02  1.433677e-01  2.797699e-01  1.708301e-02  1.562186e-03  1.738178e-02  1.781688e-02  1.743080e-03    1.405611e-01  1.405611e-01    9.591209e-05  -9.591209e-05  9.998e-01
20.896727  1.469950e-03  1.643228e-02  1.725184e-02  1.349195e-03  1.719928e-02  2.894717e-01  1.435800e-01  1.748344e-02  1.704770e-02  1.433717e-01  2.797586e-01  1.708225e-02  1.562183e-03  1.738188e-02  1.781473e-02  1.743313e-03    1.405640e-01  1.405640e-01    9.470443e-05  -9.470443e-05  9.998e-01
20.936727  1.470369e-03  1.643244e-02  1.725116e-02  1.348919e-03  1.720116e-02  2.894769e-01  1.435813e-01  1.748413e-02  1.704875e-02  1.433757e-01  2.797473e-01  1.708150e-02  1.562181e-03  1.738197e-02  1.781258e-02  1.743546e-03    1.405668e-01  1.405668e-01    9.354496e-05  -9.354496e-05  9.998e-01
20.976727  1.470783e-03  1.643261e-02  1.725047e-02  1.348648e-03  1.720302e-02  2.894822e-01  1.435826e-01  1.748481e-02  1.704980e-02  1.433797e-01  2.797361e-01  1.708075e-02  1.562182e-03  1.738207e-02  1.781044e-02  1.743778e-03    1.405695e-01  1.405695e-01    9.243566e-05  -9.243566e-05  9.998e-01
21.016727  1.471193e-03  1.643280e-02  1.724978e-02  1.348381e-03  1.720486e-02  2.894875e-01  1.435838e-01  1.748550e-02  1.705084e-02  1.433838e-01  2.797249e-01  1.708001e-02  1.562184e-03  1.738217e-02  1.780830e-02  1.744010e-03    1.405723e-01  1.405723e-01    9.137827e-05  -9.137827e-05  9.998e-01
21.056727  1.471600e-03  1.643301e-02  1.724909e-02  1.348120e-03  1.720668e-02  2.894928e-01  1.435849e-01  1.748618e-02  1.705188e-02  1.433879e-01  2.797138e-01  1.707926e-02  1.562187e-03  1.738227e-02  1.780618e-02  1.744241e-03    1.405750e-01  1.405750e-01    9.037380e-05  -9.037380e-05  9.998e-01
21.096727  1.472002e-03  1.643323e-02  1.724839e-02  1.347863e-03  1.720848e-02  2.894981e-01  1.435860e-01  1.748686e-02  1.705291e-02  1.433919e-01  2.797026e-01  1.707852e-02  1.562192e-03  1.738237e-02  1.780406e-02  1.744471e-03    1.405776e-01  1.405776e-01    8.942501e-05  -8.942501e-05  9.998e-01
21.136727  1.472401e-03  1.643347e-02  1.724769e-02  1.347611e-03  1.721026e-02  2.895035e-01  1.435870e-01  1.748755e-02  1.705393e-02  1.433960e-01  2.796915e-01  1.707778e-02  1.562199e-03  1.738247e-02  1.780194e-02  1.744700e-03    1.405803e-01  1.405803e-01    8.853260e-05  -8.853260e-05  9.998e-01
21.176727  1.472795e-03  1.643373e-02  1.724699e-02  1.347364e-03  1.721202e-02  2.895088e-01  1.435880e-01  1.748823e-02  1.705495e-02  1.434001e-01  2.796804e-01  1.707705e-02  1.562207e-03  1.738257e-02  1.779984e-02  1.744927e-03    1.405829e-01  1.405829e-01    8.769781e-05  -8.769781e-05  9.998e-01
21.216727  1.473186e-03  1.643400e-02  1.724629e-02  1.347122e-03  1.721375e-02  2.895142e-01  1.435890e-01  1.748891e-02  1.705596e-02  1.434042e-01  2.796693e-01  1.707631e-02  1.562217e-03  1.738267e-02  1.779774e-02  1.745154e-03    1.405855e-01  1.405855e-01    8.692175e-05  -8.692175e-05  9.998e-01
21.256727  1.473572e-03  1.643429e-02  1.724558e-02  1.346885e-03  1.721547e-02  2.895196e-01  1.435899e-01  1.748958e-02  1.705696e-02  1.434083e-01  2.796583e-01  1.707558e-02  1.562228e-03  1.738277e-02  1.779565e-02  1.745379e-03    1.405880e-01  1.405880e-01    8.620530e-05  -8.620530e-05  9.998e-01
21.296727  1.473955e-03  1.643459e-02  1.724487e-02  1.346651e-03  1.721716e-02  2.895251e-01  1.435908e-01  1.749026e-02  1.705796e-02  1.434124e-01  2.796472e-01  1.707485e-02  1.562240e-03  1.738287e-02  1.779357e-02  1.745602e-03    1.405905e-01  1.405905e-01    8.554921e-05  -8.554921e-05  9.998e-01
21.336727  1.474335e-03  1.643490e-02  1.724416e-02  1.346423e-03  1.721883e-02  2.895305e-01  1.435916e-01  1.749093e-02  1.705895e-02  1.434164e-01  2.796362e-01  1.707413e-02  1.562255e-03  1.738297e-02  1.779150e-02  1.745824e-03    1.405930e-01  1.405930e-01    8.495406e-05  -8.495406e-05  9.998e-01
21.376727  1.474711e-03  1.643523e-02  1.724345e-02  1.346199e-03  1.722049e-02  2.895360e-01  1.435924e-01  1.749160e-02  1.705992e-02  1.434205e-01  2.796252e-01  1.707341e-02  1.562270e-03  1.738308e-02  1.778944e-02  1.746044e-03    1.405955e-01  1.405955e-01    8.442071e-05  -8.442071e-05  9.998e-01
21.416727  1.475082e-03  1.643557e-02  1.724274e-02  1.345979e-03  1.722212e-02  2.895415e-01  1.435932e-01  1.749227e-02  1.706089e-02  1.434246e-01  2.796142e-01  1.707269e-02  1.562288e-03  1.738318e-02  1.778739e-02  1.746263e-03    1.405979e-01  1.405979e-01    8.394910e-05  -8.394910e-05  9.998e-01
21.456727  1.475451e-03  1.643593e-02  1.724203e-02  1.345764e-03  1.722373e-02  2.895470e-01  1.435940e-01  1.749294e-02  1.706185e-02  1.434287e-01  2.796033e-01  1.707197e-02  1.562307e-03  1.738329e-02  1.778535e-02  1.746480e-03    1.406003e-01  1.406003e-01    8.353960e-05  -8.353960e-05  9.998e-01
21.496727  1.475816e-03  1.643629e-02  1.724131e-02  1.345553e-03  1.722532e-02  2.895526e-01  1.435947e-01  1.749360e-02  1.706280e-02  1.434327e-01  2.795923e-01  1.707126e-02  1.562327e-03  1.738339e-02  1.778331e-02  1.746695e-03    1.406027e-01  1.406027e-01    8.319198e-05  -8.319198e-05  9.998e-01
21.536727  1.476177e-03  1.643667e-02  1.724059e-02  1.345346e-03  1.722689e-02  2.895581e-01  1.435954e-01  1.749426e-02  1.706374e-02  1.434367e-01  2.795814e-01  1.707055e-02  1.562349e-03  1.738350e-02  1.778129e-02  1.746908e-03    1.406050e-01  1.406050e-01    8.290640e-05  -8.290640e-05  9.998e-01
21.576727  1.476536e-03  1.643706e-02  1.723987e-02  1.345143e-03  1.722844e-02  2.895637e-01  1.435961e-01  1.749492e-02  1.706467e-02  1.434408e-01  2.795705e-01  1.706985e-02  1.562372e-03  1.738360e-02  1.777928e-02  1.747119e-03    1.406074e-01  1.406074e-01    8.268253e-05  -8.268253e-05  9.998e-01
21.616727  1.476890e-03  1.643746e-02  1.723915e-02  1.344945e-03  1.722997e-02  2.895693e-01  1.435968e-01  1.749557e-02  1.706559e-02  1.434447e-01  2.795596e-01  1.706914e-02  1.562397e-03  1.738371e-02  1.777728e-02  1.747329e-03    1.406097e-01  1.406097e-01    8.251987e-05  -8.251987e-05  9.998e-01
21.656727  1.477242e-03  1.643787e-02  1.723842e-02  1.344750e-03  1.723149e-02  2.895750e-01  1.435975e-01  1.749622e-02  1.706650e-02  1.434487e-01  2.795488e-01  1.706844e-02  1.562424e-03  1.738381e-02  1.777529e-02  1.747537e-03    1.406120e-01  1.406120e-01    8.241767e-05  -8.241767e-05  9.998e-01
21.696727  1.477590e-03  1.643829e-02  1.723770e-02  1.344559e-03  1.723298e-02  2.895806e-01  1.435982e-01  1.749687e-02  1.706740e-02  1.434527e-01  2.795379e-01  1.706775e-02  1.562452e-03  1.738392e-02  1.777331e-02  1.747742e-03    1.406142e-01  1.406142e-01    8.237543e-05  -8.237543e-05  9.998e-01
21.736727  1.477936e-03  1.643872e-02  1.723697e-02  1.344373e-03  1.723446e-02  2.895863e-01  1.435989e-01  1.749752e-02  1.706828e-02  1.434566e-01  2.795271e-01  1.706706e-02  1.562482e-03  1.738403e-02  1.777134e-02  1.747946e-03    1.406164e-01  1.406164e-01    8.239229e-05  -8.239229e-05  9.998e-01
21.776727  1.478278e-03  1.643916e-02  1.723625e-02  1.344190e-03  1.723592e-02  2.895920e-01  1.435996e-01  1.749817e-02  1.706916e-02  1.434604e-01  2.795162e-01  1.706637e-02  1.562514e-03  1.738413e-02  1.776938e-02  1.748149e-03    1.406186e-01  1.406186e-01    8.246730e-05  -8.246730e-05  9.998e-01
21.816727  1.478618e-03  1.643961e-02  1.723552e-02  1.344011e-03  1.723737e-02  2.895978e-01  1.436003e-01  1.749881e-02  1.707002e-02  1.434643e-01  2.795054e-01  1.706568e-02  1.562547e-03  1.738424e-02  1.776744e-02  1.748349e-03    1.406208e-01  1.406208e-01    8.259903e-05  -8.259903e-05  9.998e-01
21.856727  1.478955e-03  1.644007e-02  1.723479e-02  1.343835e-03  1.723879e-02  2.896035e-01  1.436010e-01  1.749945e-02  1.707087e-02  1.434681e-01  2.794946e-01  1.706500e-02  1.562582e-03  1.738434e-02  1.776550e-02  1.748547e-03    1.406230e-01  1.406230e-01    8.278650e-05  -8.278650e-05  9.998e-01
21.896727  1.479289e-03  1.644053e-02  1.723405e-02  1.343663e-03  1.724021e-02  2.896093e-01  1.436017e-01  1.750009e-02  1.707171e-02  1.434719e-01  2.794839e-01  1.706432e-02  1.562619e-03  1.738445e-02  1.776357e-02  1.748744e-03    1.406251e-01  1.406251e-01    8.302837e-05  -8.302837e-05  9.998e-01
21.936727  1.479620e-03  1.644100e-02  1.723332e-02  1.343495e-03  1.724160e-02  2.896151e-01  1.436024e-01  1.750073e-02  1.707254e-02  1.434756e-01  2.794731e-01  1.706365e-02  1.562657e-03  1.738455e-02  1.776166e-02  1.748939e-03    1.406272e-01  1.406272e-01    8.332312e-05  -8.332312e-05  9.998e-01
21.976727  1.479949e-03  1.644148e-02  1.723258e-02  1.343330e-03  1.724298e-02  2.896209e-01  1.436032e-01  1.750136e-02  1.707336e-02  1.434793e-01  2.794624e-01  1.706298e-02  1.562696e-03  1.738466e-02  1.775975e-02  1.749133e-03    1.406293e-01  1.406293e-01    8.366899e-05  -8.366899e-05  9.998e-01
22.016727  1.480275e-03  1.644197e-02  1.723185e-02  1.343169e-03  1.724435e-02  2.896268e-01  1.436039e-01  1.750200e-02  1.707416e-02  1.434829e-01  2.794516e-01  1.706231e-02  1.562738e-03  1.738476e-02  1.775786e-02  1.749325e-03    1.406314e-01  1.406314e-01    8.406436e-05  -8.406436e-05  9.998e-01
22.056727  1.480599e-03  1.644246e-02  1.723111e-02  1.343010e-03  1.724570e-02  2.896326e-01  1.436047e-01  1.750263e-02  1.707495e-02  1.434865e-01  2.794409e-01  1.706164e-02  1.562781e-03  1.738487e-02  1.775598e-02  1.749515e-03    1.406335e-01  1.406335e-01    8.450744e-05  -8.450744e-05  9.998e-01
22.096727  1.480920e-03  1.644295e-02  1.723037e-02  1.342856e-03  1.724704e-02  2.896385e-01  1.436055e-01  1.750327e-02  1.707573e-02  1.434901e-01  2.794302e-01  1.706098e-02  1.562826e-03  1.738497e-02  1.775411e-02  1.749704e-03    1.406355e-01  1.406355e-01    8.499614e-05  -8.499614e-05  9.998e-01
22.136727  1.481239e-03  1.644346e-02  1.722963e-02  1.342704e-03  1.724837e-02  2.896444e-01  1.436063e-01  1.750390e-02  1.707650e-02  1.434935e-01  2.794195e-01  1.706032e-02  1.562872e-03  1.738507e-02  1.775225e-02  1.749891e-03    1.406375e-01  1.406375e-01    8.552887e-05  -8.552887e-05  9.998e-01
22.176727  1.481556e-03  1.644396e-02  1.722889e-02  1.342556e-03  1.724969e-02  2.896503e-01  1.436072e-01  1.750453e-02  1.707725e-02  1.434970e-01  2.794088e-01  1.705967e-02  1.562920e-03  1.738517e-02  1.775040e-02  1.750077e-03    1.406395e-01  1.406395e-01    8.610280e-05  -8.610280e-05  9.998e-01
22.216727  1.481871e-03  1.644447e-02  1.722815e-02  1.342411e-03  1.725099e-02  2.896563e-01  1.436080e-01  1.750516e-02  1.707799e-02  1.435004e-01  2.793982e-01  1.705901e-02  1.562970e-03  1.738527e-02  1.774856e-02  1.750262e-03    1.406415e-01  1.406415e-01    8.671626e-05  -8.671626e-05  9.998e-01
22.256727  1.482183e-03  1.644499e-02  1.722741e-02  1.342269e-03  1.725228e-02  2.896622e-01  1.436089e-01  1.750580e-02  1.707872e-02  1.435037e-01  2.793875e-01  1.705836e-02  1.563021e-03  1.738536e-02  1.774673e-02  1.750445e-03    1.406434e-01  1.406434e-01    8.736693e-05  -8.736693e-05  9.998e-01
22.296727  1.482494e-03  1.644551e-02  1.722667e-02  1.342129e-03  1.725356e-02  2.896682e-01  1.436099e-01  1.750643e-02  1.707944e-02  1.435070e-01  2.793769e-01  1.705772e-02  1.563073e-03  1.738546e-02  1.774491e-02  1.750627e-03    1.406453e-01  1.406453e-01    8.805248e-05  -8.805248e-05  9.998e-01
22.336727  1.482803e-03  1.644603e-02  1.722593e-02  1.341993e-03  1.725484e-02  2.896742e-01  1.436108e-01  1.750707e-02  1.708015e-02  1.435102e-01  2.793663e-01  1.705707e-02  1.563128e-03  1.738555e-02  1.774310e-02  1.750808e-03    1.406472e-01  1.406472e-01    8.877044e-05  -8.877044e-05  9.998e-01
22.376727  1.483111e-03  1.644656e-02  1.722518e-02  1.341860e-03  1.725610e-02  2.896803e-01  1.436118e-01  1.750770e-02  1.708084e-02  1.435133e-01  2.793557e-01  1.705643e-02  1.563183e-03  1.738564e-02  1.774131e-02  1.750988e-03    1.406491e-01  1.406491e-01    8.951861e-05  -8.951861e-05  9.998e-01
22.416727  1.483416e-03  1.644709e-02  1.722444e-02  1.341730e-03  1.725735e-02  2.896863e-01  1.436129e-01  1.750834e-02  1.708152e-02  1.435164e-01  2.793451e-01  1.705579e-02  1.563241e-03  1.738573e-02  1.773952e-02  1.751167e-03    1.406510e-01  1.406510e-01    9.029473e-05  -9.029473e-05  9.998e-01
22.456727  1.483720e-03  1.644762e-02  1.722370e-02  1.341602e-03  1.725860e-02  2.896924e-01  1.436139e-01  1.750898e-02  1.708219e-02  1.435195e-01  2.793345e-01  1.705515e-02  1.563299e-03  1.738582e-02  1.773775e-02  1.751345e-03    1.406528e-01  1.406528e-01    9.109587e-05  -9.109587e-05  9.998e-01
22.496727  1.484022e-03  1.644815e-02  1.722295e-02  1.341477e-03  1.725984e-02  2.896984e-01  1.436150e-01  1.750962e-02  1.708285e-02  1.435224e-01  2.793239e-01  1.705451e-02  1.563359e-03  1.738591e-02  1.773598e-02  1.751522e-03    1.406547e-01  1.406547e-01    9.191954e-05  -9.191954e-05  9.998e-01
22.536727  1.484322e-03  1.644869e-02  1.722221e-02  1.341355e-03  1.726106e-02  2.897045e-01  1.436162e-01  1.751026e-02  1.708349e-02  1.435253e-01  2.793134e-01  1.705388e-02  1.563421e-03  1.738599e-02  1.773423e-02  1.751699e-03    1.406565e-01  1.406565e-01    9.276337e-05  -9.276337e-05  9.998e-01
22.576727  1.484622e-03  1.644923e-02  1.722146e-02  1.341235e-03  1.726229e-02  2.897106e-01  1.436173e-01  1.751091e-02  1.708413e-02  1.435282e-01  2.793028e-01  1.705325e-02  1.563484e-03  1.738607e-02  1.773248e-02  1.751875e-03    1.406583e-01  1.406583e-01    9.362481e-05  -9.362481e-05  9.998e-01
22.616727  1.484919e-03  1.644977e-02  1.722072e-02  1.341118e-03  1.726350e-02  2.897168e-01  1.436186e-01  1.751156e-02  1.708475e-02  1.435309e-01  2.792923e-01  1.705262e-02  1.563548e-03  1.738615e-02  1.773075e-02  1.752050e-03    1.406600e-01  1.406600e-01    9.450118e-05  -9.450118e-05  9.998e-01
22.656727  1.485216e-03  1.645031e-02  1.721998e-02  1.341003e-03  1.726471e-02  2.897229e-01  1.436198e-01  1.751221e-02  1.708536e-02  1.435336e-01  2.792818e-01  1.705199e-02  1.563613e-03  1.738622e-02  1.772903e-02  1.752225e-03    1.406618e-01  1.406618e-01    9.539002e-05  -9.539002e-05  9.998e-01
22.696727  1.485511e-03  1.645085e-02  1.721923e-02  1.340891e-03  1.726592e-02  2.897291e-01  1.436211e-01  1.751286e-02  1.708596e-02  1.435363e-01  2.792713e-01  1.705136e-02  1.563680e-03  1.738630e-02  1.772731e-02  1.752399e-03    1.406635e-01  1.406635e-01    9.628848e-05  -9.628848e-05  9.998e-01
22.736727  1.485805e-03  1.645139e-02  1.721849e-02  1.340781e-03  1.726712e-02  2.897352e-01  1.436224e-01  1.751352e-02  1.708655e-02  1.435389e-01  2.792608e-01  1.705073e-02  1.563748e-03  1.738637e-02  1.772561e-02  1.752573e-03    1.406652e-01  1.406652e-01    9.719422e-05  -9.719422e-05  9.998e-01
22.776727  1.486098e-03  1.645193e-02  1.721775e-02  1.340674e-03  1.726831e-02  2.897414e-01  1.436238e-01  1.751418e-02  1.708713e-02  1.435414e-01  2.792503e-01  1.705011e-02  1.563817e-03  1.738643e-02  1.772391e-02  1.752746e-03    1.406669e-01  1.406669e-01    9.810458e-05  -9.810458e-05  9.998e-01
22.816727  1.486389e-03  1.645247e-02  1.721701e-02  1.340569e-03  1.726950e-02  2.897476e-01  1.436252e-01  1.751485e-02  1.708769e-02  1.435438e-01  2.792399e-01  1.704948e-02  1.563887e-03  1.738650e-02  1.772223e-02  1.752920e-03    1.406686e-01  1.406686e-01    9.901717e-05  -9.901717e-05  9.998e-01
22.856727  1.486680e-03  1.645301e-02  1.721627e-02  1.340466e-03  1.727069e-02  2.897538e-01  1.436266e-01  1.751552e-02  1.708825e-02  1.435462e-01  2.792294e-01  1.704886e-02  1.563959e-03  1.738656e-02  1.772055e-02  1.753093e-03    1.406703e-01  1.406703e-01    9.992925e-05  -9.992925e-05  9.998e-01
22.896727  1.486970e-03  1.645355e-02  1.721553e-02  1.340366e-03  1.727187e-02  2.897601e-01  1.436281e-01  1.751619e-02  1.708879e-02  1.435485e-01  2.792190e-01  1.704824e-02  1.564031e-03  1.738661e-02  1.771889e-02  1.753266e-03    1.406719e-01  1.406719e-01    1.008386e-04  -1.008386e-04  9.998e-01
22.936727  1.487259e-03  1.645409e-02  1.721479e-02  1.340267e-03  1.727305e-02  2.897663e-01  1.436296e-01  1.751687e-02  1.708932e-02  1.435508e-01  2.792085e-01  1.704762e-02  1.564105e-03  1.738667e-02  1.771723e-02  1.753439e-03    1.406735e-01  1.406735e-01    1.017427e-04  -1.017427e-04  9.998e-01
22.976727  1.487546e-03  1.645463e-02  1.721406e-02  1.340171e-03  1.727422e-02  2.897726e-01  1.436312e-01  1.751755e-02  1.708985e-02  1.435530e-01  2.791981e-01  1.704699e-02  1.564179e-03  1.738672e-02  1.771558e-02  1.753612e-03    1.406751e-01  1.406751e-01    1.026391e-04  -1.026391e-04  9.998e-01
23.016727  1.487833e-03  1.645517e-02  1.721332e-02  1.340077e-03  1.727539e-02  2.897789e-01  1.436328e-01  1.751824e-02  1.709036e-02  1.435551e-01  2.791877e-01  1.704637e-02  1.564254e-03  1.738676e-02  1.771395e-02  1.753785e-03    1.406767e-01  1.406767e-01    1.035256e-04  -1.035256e-04  9.998e-01
23.056727  1.488119e-03  1.645570e-02  1.721259e-02  1.339984e-03  1.727656e-02  2.897851e-01  1.436344e-01  1.751894e-02  1.709087e-02  1.435572e-01  2.791773e-01  1.704575e-02  1.564330e-03  1.738681e-02  1.771232e-02  1.753958e-03    1.406783e-01  1.406783e-01    1.043998e-04  -1.043998e-04  9.998e-01
23.096727  1.488405e-03  1.645624e-02  1.721186e-02  1.339894e-03  1.727773e-02  2.897915e-01  1.436361e-01  1.751963e-02  1.709136e-02  1.435592e-01  2.791670e-01  1.704513e-02  1.564407e-03  1.738685e-02  1.771070e-02  1.754131e-03    1.406799e-01  1.406799e-01    1.052595e-04  -1.052595e-04  9.998e-01
23.136727  1.488690e-03  1.645677e-02  1.721113e-02  1.339806e-03  1.727889e-02  2.897978e-01  1.436377e-01  1.752034e-02  1.709184e-02  1.435611e-01  2.791566e-01  1.704451e-02  1.564485e-03  1.738688e-02  1.770909e-02  1.754304e-03    1.406814e-01  1.406814e-01    1.061027e-04  -1.061027e-04  9.998e-01
23.176727  1.488974e-03  1.645731e-02  1.721040e-02  1.339720e-03  1.728006e-02  2.898041e-01  1.436395e-01  1.752105e-02  1.709232e-02  1.435630e-01  2.791462e-01  1.704390e-02  1.564563e-03  1.738692e-02  1.770749e-02  1.754478e-03    1.406829e-01  1.406829e-01    1.069270e-04  -1.069270e-04  9.998e-01
23.216727  1.489257e-03  1.645784e-02  1.720967e-02  1.339635e-03  1.728122e-02  2.898104e-01  1.436412e-01  1.752176e-02  1.709278e-02  1.435649e-01  2.791359e-01  1.704328e-02  1.564642e-03  1.738695e-02  1.770589e-02  1.754652e-03    1.406844e-01  1.406844e-01    1.077307e-04  -1.077307e-04  9.998e-01
23.256727  1.489540e-03  1.645837e-02  1.720895e-02  1.339552e-03  1.728238e-02  2.898168e-01  1.436430e-01  1.752248e-02  1.709324e-02  1.435666e-01  2.791256e-01  1.704266e-02  1.564722e-03  1.738697e-02  1.770431e-02  1.754826e-03    1.406859e-01  1.406859e-01    1.085119e-04  -1.085119e-04  9.998e-01
23.296727  1.489822e-03  1.645889e-02  1.720823e-02  1.339471e-03  1.728353e-02  2.898232e-01  1.436448e-01  1.752320e-02  1.709369e-02  1.435684e-01  2.791153e-01  1.704204e-02  1.564802e-03  1.738699e-02  1.770273e-02  1.755001e-03    1.406874e-01  1.406874e-01    1.092684e-04  -1.092684e-04  9.998e-01
23.336727  1.490104e-03  1.645942e-02  1.720751e-02  1.339392e-03  1.728469e-02  2.898296e-01  1.436466e-01  1.752393e-02  1.709413e-02  1.435700e-01  2.791050e-01  1.704142e-02  1.564883e-03  1.738701e-02  1.770117e-02  1.755176e-03    1.406888e-01  1.406888e-01    1.099989e-04  -1.099989e-04  9.998e-01
23.376727  1.490385e-03  1.645994e-02  1.720679e-02  1.339315e-03  1.728584e-02  2.898359e-01  1.436485e-01  1.752467e-02  1.709456e-02  1.435716e-01  2.790947e-01  1.704080e-02  1.564964e-03  1.738703e-02  1.769961e-02  1.755352e-03    1.406903e-01  1.406903e-01    1.107016e-04  -1.107016e-04  9.998e-01
23.416727  1.490665e-03  1.646046e-02  1.720607e-02  1.339239e-03  1.728700e-02  2.898424e-01  1.436504e-01  1.752541e-02  1.709498e-02  1.435732e-01  2.790844e-01  1.704018e-02  1.565046e-03  1.738704e-02  1.769806e-02  1.755528e-03    1.406917e-01  1.406917e-01    1.113747e-04  -1.113747e-04  9.998e-01
23.456727  1.490945e-03  1.646098e-02  1.720536e-02  1.339165e-03  1.728815e-02  2.898488e-01  1.436523e-01  1.752616e-02  1.709539e-02  1.435747e-01  2.790741e-01  1.703956e-02  1.565128e-03  1.738704e-02  1.769651e-02  1.755705e-03    1.406931e-01  1.406931e-01    1.120166e-04  -1.120166e-04  9.998e-01
23.496727  1.491225e-03  1.646150e-02  1.720465e-02  1.339092e-03  1.728930e-02  2.898552e-01  1.436542e-01  1.752691e-02  1.709580e-02  1.435762e-01  2.790638e-01  1.703894e-02  1.565211e-03  1.738705e-02  1.769498e-02  1.755882e-03    1.406945e-01  1.406945e-01    1.126262e-04  -1.126262e-04  9.998e-01
23.536727  1.491505e-03  1.646201e-02  1.720394e-02  1.339021e-03  1.729045e-02  2.898617e-01  1.436562e-01  1.752766e-02  1.709620e-02  1.435776e-01  2.790536e-01  1.703832e-02  1.565294e-03  1.738705e-02  1.769345e-02  1.756059e-03    1.406959e-01  1.406959e-01    1.132021e-04  -1.132021e-04  9.998e-01
23.576727  1.491784e-03  1.646253e-02  1.720323e-02  1.338952e-03  1.729160e-02  2.898681e-01  1.436581e-01  1.752843e-02  1.709659e-02  1.435790e-01  2.790434e-01  1.703770e-02  1.565377e-03  1.738704e-02  1.769193e-02  1.756238e-03    1.406972e-01  1.406972e-01    1.137431e-04  -1.137431e-04  9.998e-01
23.616727  1.492062e-03  1.646304e-02  1.720253e-02  1.338883e-03  1.729275e-02  2.898746e-01  1.436601e-01  1.752919e-02  1.709697e-02  1.435804e-01  2.790331e-01  1.703708e-02  1.565461e-03  1.738704e-02  1.769042e-02  1.756416e-03    1.406986e-01  1.406986e-01    1.142482e-04  -1.142482e-04  9.998e-01
23.656727  1.492340e-03  1.646354e-02  1.720183e-02  1.338817e-03  1.729390e-02  2.898811e-01  1.436621e-01  1.752997e-02  1.709735e-02  1.435817e-01  2.790229e-01  1.703646e-02  1.565544e-03  1.738703e-02  1.768891e-02  1.756596e-03    1.406999e-01  1.406999e-01    1.147164e-04  -1.147164e-04  9.998e-01
23.696727  1.492619e-03  1.646405e-02  1.720113e-02  1.338752e-03  1.729505e-02  2.898876e-01  1.436641e-01  1.753074e-02  1.709772e-02  1.435830e-01  2.790127e-01  1.703584e-02  1.565628e-03  1.738701e-02  1.768741e-02  1.756776e-03    1.407012e-01  1.407012e-01    1.151468e-04  -1.151468e-04  9.998e-01
23.736727  1.492896e-03  1.646455e-02  1.720043e-02  1.338688e-03  1.729619e-02  2.898941e-01  1.436661e-01  1.753153e-02  1.709808e-02  1.435842e-01  2.790025e-01  1.703522e-02  1.565713e-03  1.738700e-02  1.768592e-02  1.756957e-03    1.407025e-01  1.407025e-01    1.155384e-04  -1.155384e-04  9.998e-01
23.776727  1.493174e-03  1.646506e-02  1.719973e-02  1.338625e-03  1.729733e-02  2.899006e-01  1.436681e-01  1.753231e-02  1.709844e-02  1.435854e-01  2.789923e-01  1.703460e-02  1.565797e-03  1.738697e-02  1.768444e-02  1.757138e-03    1.407038e-01  1.407038e-01    1.158909e-04  -1.158909e-04  9.998e-01
23.816727  1.493451e-03  1.646556e-02  1.719904e-02  1.338564e-03  1.729848e-02  2.899071e-01  1.436701e-01  1.753311e-02  1.709879e-02  1.435866e-01  2.789821e-01  1.703398e-02  1.565881e-03  1.738695e-02  1.768296e-02  1.757321e-03    1.407050e-01  1.407050e-01    1.162038e-04  -1.162038e-04  9.998e-01
23.856727  1.493727e-03  1.646605e-02  1.719835e-02  1.338504e-03  1.729962e-02  2.899137e-01  1.436721e-01  1.753390e-02  1.709914e-02  1.435877e-01  2.789720e-01  1.703336e-02  1.565966e-03  1.738693e-02  1.768149e-02  1.757503e-03    1.407063e-01  1.407063e-01    1.164761e-04  -1.164761e-04  9.998e-01
23.896727  1.494004e-03  1.646655e-02  1.719766e-02  1.338446e-03  1.730076e-02  2.899202e-01  1.436741e-01  1.753470e-02  1.709948e-02  1.435888e-01  2.789618e-01  1.703274e-02  1.566051e-03  1.738690e-02  1.768003e-02  1.757687e-03    1.407075e-01  1.407075e-01    1.167077e-04  -1.167077e-04  9.998e-01
23.936727  1.494281e-03  1.646704e-02  1.719698e-02  1.338388e-03  1.730190e-02  2.899268e-01  1.436761e-01  1.753551e-02  1.709981e-02  1.435899e-01  2.789517e-01  1.703212e-02  1.566135e-03  1.738687e-02  1.767857e-02  1.757871e-03    1.407088e-01  1.407088e-01    1.168981e-04  -1.168981e-04  9.998e-01
23.976727  1.494557e-03  1.646753e-02  1.719629e-02  1.338332e-03  1.730304e-02  2.899334e-01  1.436782e-01  1.753632e-02  1.710014e-02  1.435910e-01  2.789416e-01  1.703150e-02  1.566220e-03  1.738683e-02  1.767712e-02  1.758056e-03    1.407100e-01  1.407100e-01    1.170476e-04  -1.170476e-04  9.998e-01
24.016727  1.494833e-03  1.646803e-02  1.719561e-02  1.338277e-03  1.730417e-02  2.899399e-01  1.436802e-01  1.753713e-02  1.710046e-02  1.435921e-01  2.789314e-01  1.703088e-02  1.566305e-03  1.738679e-02  1.767567e-02  1.758242e-03    1.407112e-01  1.407112e-01    1.171561e-04  -1.171561e-04  9.998e-01
24.056727  1.495109e-03  1.646851e-02  1.719493e-02  1.338224e-03  1.730531e-02  2.899465e-01  1.436822e-01  1.753795e-02  1.710078e-02  1.435931e-01  2.789213e-01  1.703027e-02  1.566390e-03  1.738675e-02  1.767423e-02  1.758429e-03    1.407123e-01  1.407123e-01    1.172231e-04  -1.172231e-04  9.998e-01
24.096727  1.495384e-03  1.646900e-02  1.719425e-02  1.338171e-03  1.730644e-02  2.899532e-01  1.436842e-01  1.753877e-02  1.710109e-02  1.435941e-01  2.789112e-01  1.702965e-02  1.566474e-03  1.738671e-02  1.767279e-02  1.758616e-03    1.407135e-01  1.407135e-01    1.172490e-04  -1.172490e-04  9.998e-01
24.136727  1.495659e-03  1.646949e-02  1.719357e-02  1.338119e-03  1.730757e-02  2.899598e-01  1.436861e-01  1.753959e-02  1.710140e-02  1.435951e-01  2.789011e-01  1.702903e-02  1.566559e-03  1.738667e-02  1.767136e-02  1.758804e-03    1.407147e-01  1.407147e-01    1.172342e-04  -1.172342e-04  9.998e-01
24.176727  1.495935e-03  1.646997e-02  1.719290e-02  1.338069e-03  1.730870e-02  2.899664e-01  1.436881e-01  1.754042e-02  1.710170e-02  1.435961e-01  2.788910e-01  1.702842e-02  1.566644e-03  1.738662e-02  1.766994e-02  1.758992e-03    1.407158e-01  1.407158e-01    1.171789e-04  -1.171789e-04  9.998e-01
24.216727  1.496209e-03  1.647045e-02  1.719223e-02  1.338019e-03  1.730982e-02  2.899731e-01  1.436901e-01  1.754125e-02  1.710200e-02  1.435971e-01  2.788809e-01  1.702781e-02  1.566728e-03  1.738658e-02  1.766852e-02  1.759181e-03    1.407169e-01  1.407169e-01    1.170834e-04  -1.170834e-04  9.998e-01
24.256727  1.496484e-03  1.647094e-02  1.719155e-02  1.337971e-03  1.731094e-02  2.899798e-01  1.436920e-01  1.754208e-02  1.710230e-02  1.435981e-01  2.788709e-01  1.702719e-02  1.566813e-03  1.738653e-02  1.766711e-02  1.759371e-03    1.407180e-01  1.407180e-01    1.169484e-04  -1.169484e-04  9.998e-01
24.296727  1.496758e-03  1.647142e-02  1.719088e-02  1.337923e-03  1.731206e-02  2.899864e-01  1.436939e-01  1.754291e-02  1.710259e-02  1.435991e-01  2.788608e-01  1.702658e-02  1.566897e-03  1.738648e-02  1.766570e-02  1.759562e-03    1.407192e-01  1.407192e-01    1.167743e-04  -1.167743e-04  9.998e-01
24.336727  1.497032e-03  1.647190e-02  1.719021e-02  1.337877e-03  1.731318e-02  2.899931e-01  1.436958e-01  1.754375e-02  1.710288e-02  1.436000e-01  2.788508e-01  1.702597e-02  1.566982e-03  1.738642e-02  1.766430e-02  1.759754e-03    1.407202e-01  1.407202e-01    1.165618e-04  -1.165618e-04  9.998e-01
24.376727  1.497306e-03  1.647238e-02  1.718955e-02  1.337831e-03  1.731430e-02  2.899998e-01  1.436977e-01  1.754459e-02  1.710317e-02  1.436010e-01  2.788407e-01  1.702537e-02  1.567066e-03  1.738637e-02  1.766290e-02  1.759946e-03    1.407213e-01  1.407213e-01    1.163117e-04  -1.163117e-04  9.998e-01
24.416727  1.497580e-03  1.647286e-02  1.718888e-02  1.337786e-03  1.731541e-02  2.900065e-01  1.436996e-01  1.754543e-02  1.710345e-02  1.436020e-01  2.788307e-01  1.702476e-02  1.567150e-03  1.738631e-02  1.766150e-02  1.760138e-03    1.407224e-01  1.407224e-01    1.160249e-04  -1.160249e-04  9.998e-01
24.456727  1.497853e-03  1.647334e-02  1.718821e-02  1.337743e-03  1.731652e-02  2.900133e-01  1.437014e-01  1.754627e-02  1.710373e-02  1.436029e-01  2.788207e-01  1.702416e-02  1.567234e-03  1.738626e-02  1.766011e-02  1.760332e-03    1.407234e-01  1.407234e-01    1.157020e-04  -1.157020e-04  9.998e-01
24.496727  1.498126e-03  1.647381e-02  1.718755e-02  1.337700e-03  1.731762e-02  2.900200e-01  1.437032e-01  1.754711e-02  1.710400e-02  1.436039e-01  2.788106e-01  1.702356e-02  1.567318e-03  1.738620e-02  1.765873e-02  1.760526e-03    1.407245e-01  1.407245e-01    1.153442e-04  -1.153442e-04  9.998e-01
24.536727  1.498399e-03  1.647429e-02  1.718688e-02  1.337658e-03  1.731872e-02  2.900268e-01  1.437050e-01  1.754796e-02  1.710427e-02  1.436049e-01  2.788006e-01  1.702296e-02  1.567402e-03  1.738614e-02  1.765735e-02  1.760721e-03    1.407255e-01  1.407255e-01    1.149525e-04  -1.149525e-04  9.998e-01
24.576727  1.498672e-03  1.647477e-02  1.718622e-02  1.337616e-03  1.731982e-02  2.900335e-01  1.437067e-01  1.754880e-02  1.710454e-02  1.436058e-01  2.787906e-01  1.702236e-02  1.567486e-03  1.738609e-02  1.765597e-02  1.760916e-03    1.407265e-01  1.407265e-01    1.145280e-04  -1.145280e-04  9.998e-01
24.616727  1.498944e-03  1.647525e-02  1.718555e-02  1.337576e-03  1.732091e-02  2.900403e-01  1.437084e-01  1.754965e-02  1.710481e-02  1.436068e-01  2.787806e-01  1.702177e-02  1.567569e-03  1.738603e-02  1.765459e-02  1.761112e-03    1.407275e-01  1.407275e-01    1.140719e-04  -1.140719e-04  9.998e-01
24.656727  1.499216e-03  1.647573e-02  1.718489e-02  1.337536e-03  1.732200e-02  2.900471e-01  1.437101e-01  1.755049e-02  1.710508e-02  1.436078e-01  2.787707e-01  1.702118e-02  1.567653e-03  1.738597e-02  1.765323e-02  1.761308e-03    1.407285e-01  1.407285e-01    1.135854e-04  -1.135854e-04  9.998e-01
24.696727  1.499488e-03  1.647621e-02  1.718423e-02  1.337497e-03  1.732309e-02  2.900539e-01  1.437118e-01  1.755134e-02  1.710534e-02  1.436088e-01  2.787607e-01  1.702059e-02  1.567736e-03  1.738591e-02  1.765186e-02  1.761505e-03    1.407295e-01  1.407295e-01    1.130696e-04  -1.130696e-04  9.998e-01
24.736727  1.499759e-03  1.647669e-02  1.718356e-02  1.337459e-03  1.732417e-02  2.900607e-01  1.437134e-01  1.755219e-02  1.710560e-02  1.436099e-01  2.787507e-01  1.702001e-02  1.567819e-03  1.738585e-02  1.765050e-02  1.761703e-03    1.407305e-01  1.407305e-01    1.125262e-04  -1.125262e-04  9.998e-01
24.776727  1.500030e-03  1.647717e-02  1.718290e-02  1.337421e-03  1.732525e-02  2.900676e-01  1.437150e-01  1.755303e-02  1.710586e-02  1.436109e-01  2.787408e-01  1.701943e-02  1.567903e-03  1.738579e-02  1.764914e-02  1.761901e-03    1.407314e-01  1.407314e-01    1.119563e-04  -1.119563e-04  9.998e-01
24.816727  1.500301e-03  1.647765e-02  1.718224e-02  1.337384e-03  1.732632e-02  2.900744e-01  1.437165e-01  1.755388e-02  1.710612e-02  1.436119e-01  2.787308e-01  1.701885e-02  1.567986e-03  1.738573e-02  1.764778e-02  1.762099e-03    1.407324e-01  1.407324e-01    1.113616e-04  -1.113616e-04  9.998e-01
24.856727  1.500571e-03  1.647813e-02  1.718157e-02  1.337348e-03  1.732739e-02  2.900813e-01  1.437180e-01  1.755473e-02  1.710637e-02  1.436130e-01  2.787209e-01  1.701828e-02  1.568068e-03  1.738567e-02  1.764643e-02  1.762298e-03    1.407333e-01  1.407333e-01    1.107432e-04  -1.107432e-04  9.998e-01
24.896727  1.500842e-03  1.647861e-02  1.718091e-02  1.337313e-03  1.732845e-02  2.900881e-01  1.437195e-01  1.755557e-02  1.710663e-02  1.436141e-01  2.787109e-01  1.701771e-02  1.568151e-03  1.738562e-02  1.764508e-02  1.762498e-03    1.407342e-01  1.407342e-01    1.101029e-04  -1.101029e-04  9.998e-01
24.936727  1.501111e-03  1.647909e-02  1.718024e-02  1.337278e-03  1.732951e-02  2.900950e-01  1.437209e-01  1.755641e-02  1.710688e-02  1.436152e-01  2.787010e-01  1.701715e-02  1.568234e-03  1.738556e-02  1.764373e-02  1.762698e-03    1.407352e-01  1.407352e-01    1.094419e-04  -1.094419e-04  9.998e-01
24.976727  1.501380e-03  1.647958e-02  1.717958e-02  1.337243e-03  1.733056e-02  2.901019e-01  1.437223e-01  1.755726e-02  1.710713e-02  1.436163e-01  2.786911e-01  1.701659e-02  1.568316e-03  1.738550e-02  1.764239e-02  1.762898e-03    1.407361e-01  1.407361e-01    1.087620e-04  -1.087620e-04  9.998e-01
25.016727  1.501649e-03  1.648006e-02  1.717891e-02  1.337210e-03  1.733161e-02  2.901088e-01  1.437237e-01  1.755810e-02  1.710738e-02  1.436174e-01  2.786811e-01  1.701603e-02  1.568399e-03  1.738545e-02  1.764105e-02  1.763099e-03    1.407370e-01  1.407370e-01    1.080648e-04  -1.080648e-04  9.998e-01
25.056727  1.501918e-03  1.648055e-02  1.717824e-02  1.337177e-03  1.733265e-02  2.901158e-01  1.437250e-01  1.755894e-02  1.710763e-02  1.436186e-01  2.786712e-01  1.701548e-02  1.568481e-03  1.738539e-02  1.763971e-02  1.763300e-03    1.407379e-01  1.407379e-01    1.073517e-04  -1.073517e-04  9.998e-01
25.096727  1.502186e-03  1.648104e-02  1.717757e-02  1.337144e-03  1.733369e-02  2.901227e-01  1.437262e-01  1.755978e-02  1.710788e-02  1.436198e-01  2.786613e-01  1.701493e-02  1.568563e-03  1.738534e-02  1.763837e-02  1.763502e-03    1.407387e-01  1.407387e-01    1.066244e-04  -1.066244e-04  9.998e-01
25.136727  1.502454e-03  1.648153e-02  1.717690e-02  1.337112e-03  1.733472e-02  2.901296e-01  1.437275e-01  1.756061e-02  1.710813e-02  1.436209e-01  2.786514e-01  1.701439e-02  1.568645e-03  1.738529e-02  1.763704e-02  1.763704e-03    1.407396e-01  1.407396e-01    1.058845e-04  -1.058845e-04  9.998e-01
25.176727  1.502721e-03  1.648202e-02  1.717623e-02  1.337081e-03  1.733575e-02  2.901366e-01  1.437287e-01  1.756145e-02  1.710838e-02  1.436222e-01  2.786415e-01  1.701385e-02  1.568727e-03  1.738524e-02  1.763571e-02  1.763906e-03    1.407405e-01  1.407405e-01    1.051335e-04  -1.051335e-04  9.998e-01
25.216727  1.502988e-03  1.648251e-02  1.717555e-02  1.337050e-03  1.733677e-02  2.901436e-01  1.437298e-01  1.756228e-02  1.710863e-02  1.436234e-01  2.786317e-01  1.701332e-02  1.568809e-03  1.738519e-02  1.763438e-02  1.764109e-03    1.407413e-01  1.407413e-01    1.043732e-04  -1.043732e-04  9.998e-01
25.256727  1.503254e-03  1.648301e-02  1.717488e-02  1.337020e-03  1.733778e-02  2.901506e-01  1.437309e-01  1.756311e-02  1.710887e-02  1.436247e-01  2.786218e-01  1.701279e-02  1.568891e-03  1.738514e-02  1.763306e-02  1.764312e-03    1.407421e-01  1.407421e-01    1.036052e-04  -1.036052e-04  9.998e-01
25.296727  1.503520e-03  1.648350e-02  1.717420e-02  1.336990e-03  1.733879e-02  2.901576e-01  1.437320e-01  1.756394e-02  1.710912e-02  1.436259e-01  2.786119e-01  1.701227e-02  1.568973e-03  1.738510e-02  1.763173e-02  1.764515e-03    1.407430e-01  1.407430e-01    1.028311e-04  -1.028311e-04  9.998e-01
25.336727  1.503785e-03  1.648400e-02  1.717352e-02  1.336961e-03  1.733980e-02  2.901646e-01  1.437330e-01  1.756476e-02  1.710936e-02  1.436272e-01  2.786020e-01  1.701175e-02  1.569055e-03  1.738505e-02  1.763041e-02  1.764719e-03    1.407438e-01  1.407438e-01    1.020523e-04  -1.020523e-04  9.998e-01
25.376727  1.504049e-03  1.648450e-02  1.717284e-02  1.336932e-03  1.734080e-02  2.901716e-01  1.437339e-01  1.756559e-02  1.710961e-02  1.436286e-01  2.785922e-01  1.701124e-02  1.569136e-03  1.738501e-02  1.762909e-02  1.764923e-03    1.407446e-01  1.407446e-01    1.012706e-04  -1.012706e-04  9.998e-01
25.416727  1.504313e-03  1.648500e-02  1.717215e-02  1.336904e-03  1.734179e-02  2.901786e-01  1.437349e-01  1.756641e-02  1.710985e-02  1.436299e-01  2.785823e-01  1.701073e-02  1.569218e-03  1.738497e-02  1.762778e-02  1.765127e-03    1.407454e-01  1.407454e-01    1.004875e-04  -1.004875e-04  9.998e-01
25.456727  1.504577e-03  1.648551e-02  1.717147e-02  1.336876e-03  1.734278e-02  2.901857e-01  1.437358e-01  1.756723e-02  1.711010e-02  1.436313e-01  2.785725e-01  1.701023e-02  1.569299e-03  1.738493e-02  1.762646e-02  1.765331e-03    1.407462e-01  1.407462e-01    9.970461e-05  -9.970461e-05  9.998e-01
25.496727  1.504840e-03  1.648602e-02  1.717078e-02  1.336849e-03  1.734376e-02  2.901927e-01  1.437366e-01  1.756804e-02  1.711035e-02  1.436327e-01  2.785627e-01  1.700973e-02  1.569381e-03  1.738490e-02  1.762515e-02  1.765535e-03    1.407470e-01  1.407470e-01    9.892346e-05  -9.892346e-05  9.998e-01
25.536727  1.505102e-03  1.648652e-02  1.717009e-02  1.336822e-03  1.734474e-02  2.901998e-01  1.437374e-01  1.756886e-02  1.711059e-02  1.436341e-01  2.785528e-01  1.700924e-02  1.569462e-03  1.738486e-02  1.762384e-02  1.765740e-03    1.407477e-01  1.407477e-01    9.814531e-05  -9.814531e-05  9.998e-01
25.576727  1.505364e-03  1.648704e-02  1.716940e-02  1.336795e-03  1.734571e-02  2.902069e-01  1.437382e-01  1.756967e-02  1.711084e-02  1.436355e-01  2.785430e-01  1.700876e-02  1.569544e-03  1.738483e-02  1.762253e-02  1.765945e-03    1.407485e-01  1.407485e-01    9.737207e-05  -9.737207e-05  9.998e-01
25.616727  1.505625e-03  1.648755e-02  1.716870e-02  1.336769e-03  1.734667e-02  2.902140e-01  1.437389e-01  1.757047e-02  1.711108e-02  1.436370e-01  2.785332e-01  1.700828e-02  1.569625e-03  1.738480e-02  1.762122e-02  1.766150e-03    1.407493e-01  1.407493e-01    9.660490e-05  -9.660490e-05  9.998e-01
25.656727  1.505885e-03  1.648806e-02  1.716800e-02  1.336744e-03  1.734763e-02  2.902211e-01  1.437396e-01  1.757128e-02  1.711133e-02  1.436384e-01  2.785234e-01  1.700781e-02  1.569706e-03  1.738477e-02  1.761992e-02  1.766355e-03    1.407500e-01  1.407500e-01    9.584537e-05  -9.584537e-05  9.998e-01
