0.000113  3.374906e-03  2.530161e-02  2.530160e-02  3.374898e-03  2.530162e-02  1.960227e-01  1.960210e-01  2.530159e-02  2.530159e-02  1.960211e-01  1.960228e-01  2.530161e-02  3.374894e-03  2.530158e-02  2.530161e-02  3.374907e-03    1.144579e-06  1.144579e-06    1.887612e-07  -1.887612e-07  1.000e+00
0.000164  3.374907e-03  2.530161e-02  2.530160e-02  3.374897e-03  2.530162e-02  1.960227e-01  1.960210e-01  2.530159e-02  2.530159e-02  1.960211e-01  1.960228e-01  2.530161e-02  3.374892e-03  2.530158e-02  2.530161e-02  3.374910e-03    1.009810e-06  1.009810e-06    3.275368e-07  -3.275368e-07  1.000e+00
0.000215  3.374909e-03  2.530161e-02  2.530160e-02  3.374895e-03  2.530162e-02  1.960227e-01  1.960210e-01  2.530159e-02  2.530159e-02  1.960211e-01  1.960228e-01  2.530161e-02  3.374892e-03  2.530158e-02  2.530161e-02  3.374913e-03    9.131853e-07  9.131853e-07    4.896356e-07  -4.896356e-07  1.000e+00
0.000281  3.374912e-03  2.530161e-02  2.530160e-02  3.374893e-03  2.530162e-02  1.960227e-01  1.960210e-01  2.530159e-02  2.530159e-02  1.960211e-01  1.960228e-01  2.530161e-02  3.374894e-03  2.530158e-02  2.530161e-02  3.374917e-03    8.176555e-07  8.176555e-07    7.417253e-07  -7.417253e-07  1.000e+00
0.000317  3.374914e-03  2.530161e-02  2.530160e-02  3.374892e-03  2.530162e-02  1.960227e-01  1.960210e-01  2.530159e-02  2.530159e-02  1.960211e-01  1.960228e-01  2.530161e-02  3.374896e-03  2.530158e-02  2.530161e-02  3.374919e-03    7.729299e-07  7.729299e-07    8.978166e-07  -8.978166e-07  1.000e+00
0.000348  3.374916e-03  2.530161e-02  2.530160e-02  3.374891e-03  2.530162e-02  1.960227e-01  1.960210e-01  2.530159e-02  2.530159e-02  1.960211e-01  1.960228e-01  2.530161e-02  3.374897e-03  2.530158e-02  2.530161e-02  3.374921e-03    7.335712e-07  7.335712e-07    1.049876e-06  -1.049876e-06  1.000e+00
0.000379  3.374919e-03  2.530161e-02  2.530160e-02  3.374890e-03  2.530161e-02  1.960227e-01  1.960210e-01  2.530159e-02  2.530159e-02  1.960211e-01  1.960228e-01  2.530161e-02  3.374899e-03  2.530158e-02  2.530161e-02  3.374923e-03    6.924450e-07  6.924450e-07    1.215787e-06  -1.215787e-06  1.000e+00
0.000410  3.374921e-03  2.530161e-02  2.530160e-02  3.374890e-03  2.530161e-02  1.960227e-01  1.960210e-01  2.530159e-02  2.530159e-02  1.960211e-01  1.960228e-01  2.530161e-02  3.374901e-03  2.530158e-02  2.530161e-02  3.374925e-03    6.496490e-07  6.496490e-07    1.388594e-06  -1.388594e-06  1.000e+00
0.000435  3.374923e-03  2.530161e-02  2.530160e-02  3.374889e-03  2.530161e-02  1.960227e-01  1.960210e-01  2.530159e-02  2.530159e-02  1.960211e-01  1.960228e-01  2.530161e-02  3.374903e-03  2.530158e-02  2.530161e-02  3.374926e-03    6.102535e-07  6.102535e-07    1.543440e-06  -1.543440e-06  1.000e+00
0.000460  3.374926e-03  2.530161e-02  2.530160e-02  3.374888e-03  2.530161e-02  1.960227e-01  1.960210e-01  2.530159e-02  2.530159e-02  1.960211e-01  1.960228e-01  2.530161e-02  3.374904e-03  2.530158e-02  2.530161e-02  3.374928e-03    5.688249e-07  5.688249e-07    1.699481e-06  -1.699481e-06  1.000e+00
0.000491  3.374929e-03  2.530161e-02  2.530160e-02  3.374888e-03  2.530161e-02  1.960227e-01  1.960210e-01  2.530159e-02  2.530159e-02  1.960210e-01  1.960228e-01  2.530161e-02  3.374906e-03  2.530158e-02  2.530161e-02  3.374929e-03    5.098316e-07  5.098316e-07    1.908657e-06  -1.908657e-06  1.000e+00
0.000525  3.374933e-03  2.530161e-02  2.530160e-02  3.374887e-03  2.530161e-02  1.960227e-01  1.960210e-01  2.530159e-02  2.530159e-02  1.960210e-01  1.960228e-01  2.530161e-02  3.374907e-03  2.530158e-02  2.530161e-02  3.374931e-03    4.387772e-07  4.387772e-07    2.141685e-06  -2.141685e-06  1.000e+00
0.000607  3.374943e-03  2.530161e-02  2.530160e-02  3.374884e-03  2.530161e-02  1.960227e-01  1.960210e-01  2.530159e-02  2.530159e-02  1.960210e-01  1.960228e-01  2.530161e-02  3.374910e-03  2.530158e-02  2.530161e-02  3.374935e-03    2.269744e-07  2.269744e-07    2.733318e-06  -2.733318e-06  1.000e+00
0.000685  3.374953e-03  2.530160e-02  2.530160e-02  3.374882e-03  2.530161e-02  1.960227e-01  1.960210e-01  2.530159e-02  2.530159e-02  1.960210e-01  1.960228e-01  2.530161e-02  3.374911e-03  2.530158e-02  2.530161e-02  3.374939e-03    -1.778003e-08  -1.778003e-08    3.286251e-06  -3.286251e-06  1.000e+00
0.000799  3.374969e-03  2.530160e-02  2.530160e-02  3.374879e-03  2.530161e-02  1.960228e-01  1.960210e-01  2.530159e-02  2.530159e-02  1.960210e-01  1.960228e-01  2.530161e-02  3.374911e-03  2.530158e-02  2.530161e-02  3.374944e-03    -4.374995e-07  -4.374995e-07    4.052280e-06  -4.052280e-06  1.000e+00
0.000871  3.374978e-03  2.530160e-02  2.530161e-02  3.374877e-03  2.530160e-02  1.960228e-01  1.960210e-01  2.530160e-02  2.530159e-02  1.960210e-01  1.960228e-01  2.530161e-02  3.374909e-03  2.530157e-02  2.530161e-02  3.374948e-03    -7.200358e-07  -7.200358e-07    4.502035e-06  -4.502035e-06  1.000e+00
0.000944  3.374987e-03  2.530160e-02  2.530161e-02  3.374875e-03  2.530160e-02  1.960228e-01  1.960210e-01  2.530160e-02  2.530159e-02  1.960210e-01  1.960228e-01  2.530161e-02  3.374907e-03  2.530157e-02  2.530161e-02  3.374951e-03    -9.987008e-07  -9.987008e-07    4.926637e-06  -4.926637e-06  1.000e+00
0.001038  3.374999e-03  2.530160e-02  2.530161e-02  3.374870e-03  2.530160e-02  1.960228e-01  1.960210e-01  2.530160e-02  2.530159e-02  1.960210e-01  1.960228e-01  2.530161e-02  3.374903e-03  2.530157e-02  2.530162e-02  3.374954e-03    -1.343829e-06  -1.343829e-06    5.444773e-06  -5.444773e-06  1.000e+00
0.001132  3.375010e-03  2.530160e-02  2.530161e-02  3.374864e-03  2.530160e-02  1.960228e-01  1.960210e-01  2.530160e-02  2.530159e-02  1.960210e-01  1.960228e-01  2.530161e-02  3.374898e-03  2.530157e-02  2.530162e-02  3.374957e-03    -1.664407e-06  -1.664407e-06    5.923462e-06  -5.923462e-06  1.000e+00
0.001222  3.375020e-03  2.530160e-02  2.530161e-02  3.374857e-03  2.530160e-02  1.960228e-01  1.960209e-01  2.530160e-02  2.530159e-02  1.960210e-01  1.960228e-01  2.530161e-02  3.374893e-03  2.530157e-02  2.530162e-02  3.374959e-03    -1.944148e-06  -1.944148e-06    6.339471e-06  -6.339471e-06  1.000e+00
0.001315  3.375031e-03  2.530160e-02  2.530161e-02  3.374850e-03  2.530160e-02  1.960228e-01  1.960209e-01  2.530160e-02  2.530159e-02  1.960209e-01  1.960228e-01  2.530161e-02  3.374888e-03  2.530157e-02  2.530162e-02  3.374960e-03    -2.204179e-06  -2.204179e-06    6.725839e-06  -6.725839e-06  1.000e+00
0.001587  3.375048e-03  2.530159e-02  2.530162e-02  3.374834e-03  2.530160e-02  1.960228e-01  1.960209e-01  2.530160e-02  2.530159e-02  1.960209e-01  1.960229e-01  2.530161e-02  3.374874e-03  2.530156e-02  2.530162e-02  3.374960e-03    -2.847568e-06  -2.847568e-06    7.669234e-06  -7.669234e-06  1.000e+00
0.001860  3.375067e-03  2.530162e-02  2.530161e-02  3.374818e-03  2.530164e-02  1.960231e-01  1.960208e-01  2.530163e-02  2.530162e-02  1.960209e-01  1.960226e-01  2.530160e-02  3.374866e-03  2.530157e-02  2.530158e-02  3.374950e-03    -3.239930e-06  -3.239930e-06    8.267901e-06  -8.267901e-06  1.000e+00
0.002074  3.375076e-03  2.530161e-02  2.530161e-02  3.374807e-03  2.530164e-02  1.960231e-01  1.960208e-01  2.530163e-02  2.530162e-02  1.960209e-01  1.960226e-01  2.530160e-02  3.374861e-03  2.530157e-02  2.530158e-02  3.374939e-03    -3.444035e-06  -3.444035e-06    8.593985e-06  -8.593985e-06  1.000e+00
0.002289  3.375083e-03  2.530161e-02  2.530162e-02  3.374799e-03  2.530164e-02  1.960232e-01  1.960208e-01  2.530164e-02  2.530162e-02  1.960209e-01  1.960227e-01  2.530161e-02  3.374859e-03  2.530157e-02  2.530158e-02  3.374927e-03    -3.587908e-06  -3.587908e-06    8.837702e-06  -8.837702e-06  1.000e+00
0.002498  3.375085e-03  2.530160e-02  2.530162e-02  3.374791e-03  2.530164e-02  1.960232e-01  1.960207e-01  2.530164e-02  2.530162e-02  1.960208e-01  1.960227e-01  2.530161e-02  3.374860e-03  2.530157e-02  2.530158e-02  3.374914e-03    -3.685159e-06  -3.685159e-06    9.017708e-06  -9.017708e-06  1.000e+00
0.002711  3.375083e-03  2.530160e-02  2.530163e-02  3.374785e-03  2.530164e-02  1.960233e-01  1.960207e-01  2.530165e-02  2.530162e-02  1.960207e-01  1.960227e-01  2.530161e-02  3.374865e-03  2.530157e-02  2.530159e-02  3.374900e-03    -3.751059e-06  -3.751059e-06    9.156028e-06  -9.156028e-06  1.000e+00
0.002907  3.375077e-03  2.530160e-02  2.530164e-02  3.374780e-03  2.530164e-02  1.960233e-01  1.960207e-01  2.530165e-02  2.530162e-02  1.960207e-01  1.960228e-01  2.530162e-02  3.374871e-03  2.530157e-02  2.530159e-02  3.374885e-03    -3.789618e-06  -3.789618e-06    9.253415e-06  -9.253415e-06  1.000e+00
0.003102  3.375066e-03  2.530159e-02  2.530165e-02  3.374774e-03  2.530165e-02  1.960234e-01  1.960206e-01  2.530166e-02  2.530162e-02  1.960206e-01  1.960228e-01  2.530162e-02  3.374881e-03  2.530157e-02  2.530160e-02  3.374871e-03    -3.809901e-06  -3.809901e-06    9.326498e-06  -9.326498e-06  1.000e+00
0.003342  3.375051e-03  2.530158e-02  2.530166e-02  3.374768e-03  2.530165e-02  1.960235e-01  1.960205e-01  2.530166e-02  2.530163e-02  1.960206e-01  1.960229e-01  2.530163e-02  3.374897e-03  2.530157e-02  2.530160e-02  3.374855e-03    -3.811561e-06  -3.811561e-06    9.389146e-06  -9.389146e-06  1.000e+00
0.003599  3.375032e-03  2.530158e-02  2.530167e-02  3.374762e-03  2.530165e-02  1.960235e-01  1.960205e-01  2.530167e-02  2.530163e-02  1.960205e-01  1.960230e-01  2.530163e-02  3.374916e-03  2.530157e-02  2.530160e-02  3.374841e-03    -3.787109e-06  -3.787109e-06    9.431639e-06  -9.431639e-06  1.000e+00
0.003839  3.375012e-03  2.530157e-02  2.530168e-02  3.374756e-03  2.530165e-02  1.960236e-01  1.960204e-01  2.530167e-02  2.530163e-02  1.960204e-01  1.960230e-01  2.530164e-02  3.374934e-03  2.530157e-02  2.530160e-02  3.374830e-03    -3.742704e-06  -3.742704e-06    9.455145e-06  -9.455145e-06  1.000e+00
0.004114  3.374988e-03  2.530156e-02  2.530169e-02  3.374749e-03  2.530165e-02  1.960237e-01  1.960203e-01  2.530168e-02  2.530163e-02  1.960203e-01  1.960231e-01  2.530164e-02  3.374955e-03  2.530157e-02  2.530160e-02  3.374820e-03    -3.669483e-06  -3.669483e-06    9.469295e-06  -9.469295e-06  1.000e+00
0.004462  3.374958e-03  2.530156e-02  2.530170e-02  3.374740e-03  2.530166e-02  1.960238e-01  1.960202e-01  2.530168e-02  2.530163e-02  1.960202e-01  1.960233e-01  2.530165e-02  3.374978e-03  2.530157e-02  2.530160e-02  3.374809e-03    -3.547060e-06  -3.547060e-06    9.474460e-06  -9.474460e-06  1.000e+00
0.004809  3.374927e-03  2.530155e-02  2.530171e-02  3.374728e-03  2.530166e-02  1.960240e-01  1.960200e-01  2.530169e-02  2.530163e-02  1.960201e-01  1.960234e-01  2.530166e-02  3.374997e-03  2.530157e-02  2.530161e-02  3.374797e-03    -3.394762e-06  -3.394762e-06    9.470698e-06  -9.470698e-06  1.000e+00
0.005125  3.374901e-03  2.530155e-02  2.530172e-02  3.374715e-03  2.530166e-02  1.960241e-01  1.960199e-01  2.530169e-02  2.530164e-02  1.960199e-01  1.960235e-01  2.530166e-02  3.375009e-03  2.530157e-02  2.530161e-02  3.374785e-03    -3.232733e-06  -3.232733e-06    9.462410e-06  -9.462410e-06  1.000e+00
0.005419  3.374878e-03  2.530154e-02  2.530173e-02  3.374702e-03  2.530167e-02  1.960242e-01  1.960198e-01  2.530170e-02  2.530164e-02  1.960198e-01  1.960237e-01  2.530167e-02  3.375016e-03  2.530157e-02  2.530161e-02  3.374773e-03    -3.063710e-06  -3.063710e-06    9.452016e-06  -9.452016e-06  1.000e+00
0.005735  3.374854e-03  2.530154e-02  2.530174e-02  3.374686e-03  2.530167e-02  1.960244e-01  1.960197e-01  2.530170e-02  2.530164e-02  1.960196e-01  1.960238e-01  2.530167e-02  3.375018e-03  2.530157e-02  2.530162e-02  3.374758e-03    -2.862173e-06  -2.862173e-06    9.438823e-06  -9.438823e-06  1.000e+00
0.006119  3.374827e-03  2.530154e-02  2.530174e-02  3.374663e-03  2.530167e-02  1.960246e-01  1.960195e-01  2.530171e-02  2.530165e-02  1.960195e-01  1.960240e-01  2.530168e-02  3.375016e-03  2.530157e-02  2.530162e-02  3.374738e-03    -2.592552e-06  -2.592552e-06    9.421049e-06  -9.421049e-06  1.000e+00
0.006470  3.374804e-03  2.530154e-02  2.530175e-02  3.374641e-03  2.530168e-02  1.960248e-01  1.960193e-01  2.530172e-02  2.530165e-02  1.960193e-01  1.960242e-01  2.530168e-02  3.375009e-03  2.530157e-02  2.530163e-02  3.374719e-03    -2.322496e-06  -2.322496e-06    9.403710e-06  -9.403710e-06  1.000e+00
0.006820  3.374782e-03  2.530154e-02  2.530176e-02  3.374618e-03  2.530168e-02  1.960250e-01  1.960191e-01  2.530173e-02  2.530166e-02  1.960191e-01  1.960244e-01  2.530169e-02  3.375000e-03  2.530157e-02  2.530163e-02  3.374699e-03    -2.030452e-06  -2.030452e-06    9.385772e-06  -9.385772e-06  1.000e+00
0.007236  3.374756e-03  2.530153e-02  2.530177e-02  3.374590e-03  2.530168e-02  1.960253e-01  1.960189e-01  2.530174e-02  2.530167e-02  1.960189e-01  1.960247e-01  2.530170e-02  3.374986e-03  2.530157e-02  2.530164e-02  3.374673e-03    -1.655941e-06  -1.655941e-06    9.364117e-06  -9.364117e-06  1.000e+00
0.007615  3.374733e-03  2.530153e-02  2.530177e-02  3.374564e-03  2.530169e-02  1.960255e-01  1.960187e-01  2.530174e-02  2.530168e-02  1.960186e-01  1.960249e-01  2.530170e-02  3.374971e-03  2.530157e-02  2.530165e-02  3.374649e-03    -1.288987e-06  -1.288987e-06    9.344327e-06  -9.344327e-06  1.000e+00
0.008033  3.374708e-03  2.530153e-02  2.530178e-02  3.374536e-03  2.530169e-02  1.960258e-01  1.960184e-01  2.530175e-02  2.530169e-02  1.960184e-01  1.960252e-01  2.530171e-02  3.374953e-03  2.530158e-02  2.530166e-02  3.374621e-03    -8.554568e-07  -8.554568e-07    9.322612e-06  -9.322612e-06  1.000e+00
0.008476  3.374681e-03  2.530153e-02  2.530179e-02  3.374507e-03  2.530169e-02  1.960261e-01  1.960181e-01  2.530176e-02  2.530170e-02  1.960181e-01  1.960255e-01  2.530172e-02  3.374932e-03  2.530158e-02  2.530167e-02  3.374589e-03    -3.639277e-07  -3.639277e-07    9.299906e-06  -9.299906e-06  1.000e+00
0.008916  3.374654e-03  2.530153e-02  2.530180e-02  3.374479e-03  2.530170e-02  1.960265e-01  1.960178e-01  2.530177e-02  2.530171e-02  1.960177e-01  1.960258e-01  2.530173e-02  3.374911e-03  2.530158e-02  2.530168e-02  3.374555e-03    1.557150e-07  1.557150e-07    9.277791e-06  -9.277791e-06  1.000e+00
0.009513  3.374617e-03  2.530153e-02  2.530181e-02  3.374443e-03  2.530170e-02  1.960269e-01  1.960174e-01  2.530178e-02  2.530172e-02  1.960173e-01  1.960263e-01  2.530174e-02  3.374883e-03  2.530159e-02  2.530169e-02  3.374507e-03    9.137358e-07  9.137358e-07    9.248403e-06  -9.248403e-06  1.000e+00
0.010074  3.374583e-03  2.530153e-02  2.530183e-02  3.374410e-03  2.530171e-02  1.960274e-01  1.960170e-01  2.530179e-02  2.530173e-02  1.960168e-01  1.960268e-01  2.530175e-02  3.374857e-03  2.530160e-02  2.530170e-02  3.374459e-03    1.679431e-06  1.679431e-06    9.221503e-06  -9.221503e-06  1.000e+00
0.010640  3.374548e-03  2.530153e-02  2.530184e-02  3.374377e-03  2.530171e-02  1.960279e-01  1.960165e-01  2.530180e-02  2.530175e-02  1.960164e-01  1.960273e-01  2.530177e-02  3.374833e-03  2.530160e-02  2.530172e-02  3.374407e-03    2.505600e-06  2.505600e-06    9.194992e-06  -9.194992e-06  1.000e+00
0.011160  3.374518e-03  2.530153e-02  2.530185e-02  3.374349e-03  2.530171e-02  1.960284e-01  1.960161e-01  2.530181e-02  2.530176e-02  1.960159e-01  1.960278e-01  2.530178e-02  3.374813e-03  2.530161e-02  2.530173e-02  3.374358e-03    3.310907e-06  3.310907e-06    9.171182e-06  -9.171182e-06  1.000e+00
0.011658  3.374490e-03  2.530153e-02  2.530186e-02  3.374321e-03  2.530171e-02  1.960289e-01  1.960156e-01  2.530182e-02  2.530177e-02  1.960154e-01  1.960283e-01  2.530179e-02  3.374795e-03  2.530162e-02  2.530174e-02  3.374309e-03    4.123818e-06  4.123818e-06    9.148800e-06  -9.148800e-06  1.000e+00
0.012171  3.374463e-03  2.530152e-02  2.530187e-02  3.374294e-03  2.530171e-02  1.960295e-01  1.960151e-01  2.530183e-02  2.530178e-02  1.960149e-01  1.960288e-01  2.530180e-02  3.374778e-03  2.530162e-02  2.530175e-02  3.374257e-03    5.003257e-06  5.003257e-06    9.126174e-06  -9.126174e-06  1.000e+00
0.012703  3.374438e-03  2.530152e-02  2.530189e-02  3.374266e-03  2.530172e-02  1.960300e-01  1.960146e-01  2.530184e-02  2.530180e-02  1.960144e-01  1.960294e-01  2.530182e-02  3.374764e-03  2.530163e-02  2.530176e-02  3.374201e-03    5.961960e-06  5.961960e-06    9.103086e-06  -9.103086e-06  1.000e+00
0.013318  3.374411e-03  2.530152e-02  2.530190e-02  3.374234e-03  2.530172e-02  1.960307e-01  1.960139e-01  2.530185e-02  2.530181e-02  1.960137e-01  1.960301e-01  2.530183e-02  3.374749e-03  2.530164e-02  2.530178e-02  3.374136e-03    7.127984e-06  7.127984e-06    9.076855e-06  -9.076855e-06  1.000e+00
0.013791  3.374393e-03  2.530152e-02  2.530191e-02  3.374210e-03  2.530172e-02  1.960313e-01  1.960134e-01  2.530186e-02  2.530182e-02  1.960132e-01  1.960306e-01  2.530185e-02  3.374739e-03  2.530164e-02  2.530179e-02  3.374086e-03    8.066910e-06  8.066910e-06    9.056951e-06  -9.056951e-06  1.000e+00
0.014244  3.374378e-03  2.530152e-02  2.530192e-02  3.374187e-03  2.530172e-02  1.960318e-01  1.960129e-01  2.530187e-02  2.530183e-02  1.960126e-01  1.960312e-01  2.530186e-02  3.374730e-03  2.530165e-02  2.530180e-02  3.374038e-03    8.999339e-06  8.999339e-06    9.038119e-06  -9.038119e-06  1.000e+00
0.014923  3.374360e-03  2.530151e-02  2.530193e-02  3.374153e-03  2.530172e-02  1.960327e-01  1.960121e-01  2.530188e-02  2.530184e-02  1.960118e-01  1.960320e-01  2.530188e-02  3.374718e-03  2.530165e-02  2.530181e-02  3.373965e-03    1.046281e-05  1.046281e-05    9.010151e-06  -9.010151e-06  1.000e+00
0.015872  3.374341e-03  2.530151e-02  2.530195e-02  3.374107e-03  2.530171e-02  1.960339e-01  1.960109e-01  2.530189e-02  2.530186e-02  1.960106e-01  1.960332e-01  2.530190e-02  3.374700e-03  2.530166e-02  2.530183e-02  3.373863e-03    1.263401e-05  1.263401e-05    8.971628e-06  -8.971628e-06  1.000e+00
0.016980  3.374328e-03  2.530151e-02  2.530197e-02  3.374052e-03  2.530171e-02  1.960355e-01  1.960094e-01  2.530191e-02  2.530189e-02  1.960091e-01  1.960348e-01  2.530193e-02  3.374675e-03  2.530167e-02  2.530186e-02  3.373747e-03    1.535637e-05  1.535637e-05    8.927188e-06  -8.927188e-06  1.000e+00
0.017942  3.374322e-03  2.530150e-02  2.530198e-02  3.374006e-03  2.530171e-02  1.960369e-01  1.960081e-01  2.530193e-02  2.530191e-02  1.960077e-01  1.960362e-01  2.530196e-02  3.374649e-03  2.530168e-02  2.530189e-02  3.373648e-03    1.788097e-05  1.788097e-05    8.889046e-06  -8.889046e-06  1.000e+00
0.018903  3.374319e-03  2.530150e-02  2.530200e-02  3.373959e-03  2.530170e-02  1.960384e-01  1.960066e-01  2.530194e-02  2.530193e-02  1.960062e-01  1.960377e-01  2.530199e-02  3.374619e-03  2.530168e-02  2.530192e-02  3.373551e-03    2.055756e-05  2.055756e-05    8.851099e-06  -8.851099e-06  1.000e+00
0.020520  3.374319e-03  2.530150e-02  2.530203e-02  3.373881e-03  2.530170e-02  1.960411e-01  1.960040e-01  2.530197e-02  2.530197e-02  1.960035e-01  1.960404e-01  2.530203e-02  3.374558e-03  2.530169e-02  2.530196e-02  3.373395e-03    2.540357e-05  2.540357e-05    8.787782e-06  -8.787782e-06  1.000e+00
0.022276  3.374321e-03  2.530149e-02  2.530206e-02  3.373795e-03  2.530169e-02  1.960443e-01  1.960009e-01  2.530200e-02  2.530202e-02  1.960004e-01  1.960436e-01  2.530207e-02  3.374481e-03  2.530170e-02  2.530202e-02  3.373234e-03    3.115701e-05  3.115701e-05    8.719191e-06  -8.719191e-06  1.000e+00
0.023948  3.374322e-03  2.530149e-02  2.530209e-02  3.373714e-03  2.530169e-02  1.960475e-01  1.959977e-01  2.530202e-02  2.530206e-02  1.959972e-01  1.960468e-01  2.530211e-02  3.374403e-03  2.530171e-02  2.530207e-02  3.373088e-03    3.710576e-05  3.710576e-05    8.654018e-06  -8.654018e-06  1.000e+00
0.027705  3.374310e-03  2.530150e-02  2.530217e-02  3.373526e-03  2.530166e-02  1.960557e-01  1.959897e-01  2.530210e-02  2.530217e-02  1.959891e-01  1.960550e-01  2.530221e-02  3.374215e-03  2.530173e-02  2.530218e-02  3.372780e-03    5.215957e-05  5.215957e-05    8.506596e-06  -8.506596e-06  1.000e+00
0.030084  3.374292e-03  2.530150e-02  2.530223e-02  3.373398e-03  2.530165e-02  1.960615e-01  1.959840e-01  2.530214e-02  2.530224e-02  1.959833e-01  1.960607e-01  2.530226e-02  3.374092e-03  2.530175e-02  2.530226e-02  3.372592e-03    6.290203e-05  6.290203e-05    8.412696e-06  -8.412696e-06  1.000e+00
0.032464  3.374265e-03  2.530151e-02  2.530229e-02  3.373263e-03  2.530164e-02  1.960678e-01  1.959779e-01  2.530219e-02  2.530232e-02  1.959771e-01  1.960669e-01  2.530232e-02  3.373964e-03  2.530176e-02  2.530236e-02  3.372405e-03    7.457895e-05  7.457895e-05    8.318172e-06  -8.318172e-06  1.000e+00
0.034793  3.374231e-03  2.530152e-02  2.530235e-02  3.373120e-03  2.530163e-02  1.960744e-01  1.959714e-01  2.530224e-02  2.530239e-02  1.959706e-01  1.960735e-01  2.530237e-02  3.373830e-03  2.530179e-02  2.530245e-02  3.372221e-03    8.691555e-05  8.691555e-05    8.225540e-06  -8.225540e-06  1.000e+00
0.036322  3.374204e-03  2.530153e-02  2.530240e-02  3.373021e-03  2.530163e-02  1.960789e-01  1.959669e-01  2.530227e-02  2.530245e-02  1.959661e-01  1.960780e-01  2.530241e-02  3.373737e-03  2.530180e-02  2.530252e-02  3.372099e-03    9.549566e-05  9.549566e-05    8.164480e-06  -8.164480e-06  1.000e+00
0.037851  3.374175e-03  2.530154e-02  2.530245e-02  3.372917e-03  2.530163e-02  1.960837e-01  1.959622e-01  2.530231e-02  2.530250e-02  1.959613e-01  1.960828e-01  2.530245e-02  3.373641e-03  2.530182e-02  2.530258e-02  3.371978e-03    1.044599e-04  1.044599e-04    8.103260e-06  -8.103260e-06  1.000e+00
0.039465  3.374142e-03  2.530155e-02  2.530250e-02  3.372804e-03  2.530162e-02  1.960889e-01  1.959571e-01  2.530234e-02  2.530256e-02  1.959562e-01  1.960880e-01  2.530249e-02  3.373535e-03  2.530184e-02  2.530265e-02  3.371850e-03    1.143406e-04  1.143406e-04    8.038323e-06  -8.038323e-06  1.000e+00
0.041079  3.374108e-03  2.530157e-02  2.530256e-02  3.372687e-03  2.530162e-02  1.960944e-01  1.959517e-01  2.530238e-02  2.530262e-02  1.959508e-01  1.960934e-01  2.530253e-02  3.373426e-03  2.530186e-02  2.530273e-02  3.371722e-03    1.246486e-04  1.246486e-04    7.973247e-06  -7.973247e-06  1.000e+00
0.043457  3.374056e-03  2.530160e-02  2.530264e-02  3.372511e-03  2.530162e-02  1.961027e-01  1.959434e-01  2.530244e-02  2.530271e-02  1.959424e-01  1.961017e-01  2.530259e-02  3.373263e-03  2.530189e-02  2.530284e-02  3.371536e-03    1.406125e-04  1.406125e-04    7.876916e-06  -7.876916e-06  1.000e+00
0.046198  3.373995e-03  2.530163e-02  2.530274e-02  3.372305e-03  2.530163e-02  1.961130e-01  1.959332e-01  2.530252e-02  2.530282e-02  1.959322e-01  1.961120e-01  2.530267e-02  3.373076e-03  2.530193e-02  2.530297e-02  3.371323e-03    1.601616e-04  1.601616e-04    7.764836e-06  -7.764836e-06  1.000e+00
0.048939  3.373932e-03  2.530166e-02  2.530285e-02  3.372099e-03  2.530164e-02  1.961238e-01  1.959225e-01  2.530259e-02  2.530292e-02  1.959214e-01  1.961228e-01  2.530274e-02  3.372893e-03  2.530197e-02  2.530311e-02  3.371113e-03    1.809353e-04  1.809353e-04    7.651654e-06  -7.651654e-06  1.000e+00
0.052426  3.373846e-03  2.530171e-02  2.530299e-02  3.371840e-03  2.530165e-02  1.961385e-01  1.959079e-01  2.530270e-02  2.530306e-02  1.959067e-01  1.961374e-01  2.530283e-02  3.372672e-03  2.530204e-02  2.530328e-02  3.370848e-03    2.091275e-04  2.091275e-04    7.505745e-06  -7.505745e-06  1.000e+00
0.055872  3.373750e-03  2.530177e-02  2.530314e-02  3.371590e-03  2.530168e-02  1.961540e-01  1.958925e-01  2.530281e-02  2.530319e-02  1.958913e-01  1.961528e-01  2.530292e-02  3.372467e-03  2.530211e-02  2.530345e-02  3.370582e-03    2.389216e-04  2.389216e-04    7.358998e-06  -7.358998e-06  1.000e+00
0.058664  3.373662e-03  2.530182e-02  2.530327e-02  3.371392e-03  2.530170e-02  1.961672e-01  1.958793e-01  2.530291e-02  2.530330e-02  1.958781e-01  1.961660e-01  2.530300e-02  3.372309e-03  2.530217e-02  2.530360e-02  3.370360e-03    2.644652e-04  2.644652e-04    7.237998e-06  -7.237998e-06  1.000e+00
0.061456  3.373566e-03  2.530188e-02  2.530340e-02  3.371196e-03  2.530173e-02  1.961810e-01  1.958655e-01  2.530301e-02  2.530341e-02  1.958642e-01  1.961798e-01  2.530307e-02  3.372155e-03  2.530224e-02  2.530375e-02  3.370127e-03    2.912609e-04  2.912609e-04    7.115188e-06  -7.115188e-06  1.000e+00
0.065687  3.373404e-03  2.530199e-02  2.530362e-02  3.370899e-03  2.530179e-02  1.962032e-01  1.958435e-01  2.530319e-02  2.530358e-02  1.958419e-01  1.962018e-01  2.530319e-02  3.371926e-03  2.530236e-02  2.530398e-02  3.369753e-03    3.342315e-04  3.342315e-04    6.923815e-06  -6.923815e-06  1.000e+00
0.067396  3.373332e-03  2.530203e-02  2.530371e-02  3.370777e-03  2.530182e-02  1.962125e-01  1.958341e-01  2.530326e-02  2.530366e-02  1.958326e-01  1.962111e-01  2.530324e-02  3.371834e-03  2.530242e-02  2.530408e-02  3.369593e-03    3.524095e-04  3.524095e-04    6.845197e-06  -6.845197e-06  1.000e+00
0.069106  3.373257e-03  2.530208e-02  2.530381e-02  3.370653e-03  2.530185e-02  1.962221e-01  1.958245e-01  2.530333e-02  2.530373e-02  1.958230e-01  1.962206e-01  2.530329e-02  3.371742e-03  2.530247e-02  2.530418e-02  3.369429e-03    3.710512e-04  3.710512e-04    6.765696e-06  -6.765696e-06  1.000e+00
0.070801  3.373179e-03  2.530213e-02  2.530390e-02  3.370527e-03  2.530188e-02  1.962318e-01  1.958148e-01  2.530341e-02  2.530381e-02  1.958132e-01  1.962303e-01  2.530335e-02  3.371651e-03  2.530253e-02  2.530428e-02  3.369262e-03    3.899861e-04  3.899861e-04    6.685997e-06  -6.685997e-06  1.000e+00
0.072693  3.373089e-03  2.530219e-02  2.530402e-02  3.370383e-03  2.530191e-02  1.962429e-01  1.958036e-01  2.530350e-02  2.530390e-02  1.958021e-01  1.962414e-01  2.530341e-02  3.371549e-03  2.530260e-02  2.530440e-02  3.369072e-03    4.116592e-04  4.116592e-04    6.595980e-06  -6.595980e-06  1.000e+00
0.074874  3.372980e-03  2.530227e-02  2.530415e-02  3.370213e-03  2.530196e-02  1.962560e-01  1.957905e-01  2.530361e-02  2.530401e-02  1.957889e-01  1.962545e-01  2.530349e-02  3.371431e-03  2.530268e-02  2.530454e-02  3.368847e-03    4.373375e-04  4.373375e-04    6.490774e-06  -6.490774e-06  1.000e+00
0.076992  3.372871e-03  2.530234e-02  2.530429e-02  3.370042e-03  2.530200e-02  1.962691e-01  1.957773e-01  2.530372e-02  2.530412e-02  1.957757e-01  1.962676e-01  2.530357e-02  3.371315e-03  2.530277e-02  2.530467e-02  3.368624e-03    4.629880e-04  4.629880e-04    6.387013e-06  -6.387013e-06  1.000e+00
0.079110  3.372757e-03  2.530242e-02  2.530443e-02  3.369868e-03  2.530205e-02  1.962826e-01  1.957638e-01  2.530383e-02  2.530424e-02  1.957622e-01  1.962810e-01  2.530365e-02  3.371197e-03  2.530286e-02  2.530481e-02  3.368397e-03    4.893387e-04  4.893387e-04    6.281659e-06  -6.281659e-06  1.000e+00
0.081251  3.372639e-03  2.530250e-02  2.530457e-02  3.369687e-03  2.530211e-02  1.962965e-01  1.957497e-01  2.530395e-02  2.530435e-02  1.957482e-01  1.962949e-01  2.530373e-02  3.371075e-03  2.530296e-02  2.530496e-02  3.368163e-03    5.166916e-04  5.166916e-04    6.173443e-06  -6.173443e-06  1.000e+00
0.083393  3.372517e-03  2.530259e-02  2.530473e-02  3.369503e-03  2.530217e-02  1.963108e-01  1.957353e-01  2.530408e-02  2.530448e-02  1.957338e-01  1.963092e-01  2.530382e-02  3.370950e-03  2.530306e-02  2.530511e-02  3.367924e-03    5.447551e-04  5.447551e-04    6.063420e-06  -6.063420e-06  1.000e+00
0.085355  3.372402e-03  2.530268e-02  2.530487e-02  3.369331e-03  2.530222e-02  1.963242e-01  1.957218e-01  2.530420e-02  2.530459e-02  1.957203e-01  1.963225e-01  2.530391e-02  3.370833e-03  2.530316e-02  2.530525e-02  3.367702e-03    5.710858e-04  5.710858e-04    5.960979e-06  -5.960979e-06  1.000e+00
0.087766  3.372258e-03  2.530278e-02  2.530506e-02  3.369116e-03  2.530230e-02  1.963410e-01  1.957049e-01  2.530435e-02  2.530474e-02  1.957033e-01  1.963394e-01  2.530401e-02  3.370685e-03  2.530329e-02  2.530544e-02  3.367425e-03    6.042575e-04  6.042575e-04    5.833012e-06  -5.833012e-06  1.000e+00
0.090177  3.372110e-03  2.530290e-02  2.530525e-02  3.368897e-03  2.530238e-02  1.963583e-01  1.956874e-01  2.530451e-02  2.530490e-02  1.956858e-01  1.963567e-01  2.530412e-02  3.370532e-03  2.530342e-02  2.530562e-02  3.367142e-03    6.383192e-04  6.383192e-04    5.702273e-06  -5.702273e-06  1.000e+00
0.092594  3.371956e-03  2.530301e-02  2.530545e-02  3.368674e-03  2.530246e-02  1.963761e-01  1.956695e-01  2.530467e-02  2.530506e-02  1.956679e-01  1.963744e-01  2.530424e-02  3.370376e-03  2.530357e-02  2.530582e-02  3.366853e-03    6.733547e-04  6.733547e-04    5.568811e-06  -5.568811e-06  1.000e+00
0.094526  3.371831e-03  2.530311e-02  2.530561e-02  3.368492e-03  2.530253e-02  1.963906e-01  1.956548e-01  2.530481e-02  2.530520e-02  1.956532e-01  1.963889e-01  2.530434e-02  3.370247e-03  2.530368e-02  2.530598e-02  3.366619e-03    7.019964e-04  7.019964e-04    5.459892e-06  -5.459892e-06  1.000e+00
0.096458  3.371702e-03  2.530322e-02  2.530578e-02  3.368309e-03  2.530261e-02  1.964054e-01  1.956398e-01  2.530495e-02  2.530533e-02  1.956383e-01  1.964037e-01  2.530444e-02  3.370117e-03  2.530381e-02  2.530614e-02  3.366381e-03    7.312020e-04  7.312020e-04    5.349152e-06  -5.349152e-06  1.000e+00
0.098201  3.371584e-03  2.530332e-02  2.530594e-02  3.368141e-03  2.530268e-02  1.964190e-01  1.956261e-01  2.530508e-02  2.530546e-02  1.956246e-01  1.964172e-01  2.530453e-02  3.369998e-03  2.530392e-02  2.530629e-02  3.366164e-03    7.580384e-04  7.580384e-04    5.247642e-06  -5.247642e-06  1.000e+00
0.100072  3.371454e-03  2.530342e-02  2.530611e-02  3.367958e-03  2.530276e-02  1.964338e-01  1.956111e-01  2.530522e-02  2.530560e-02  1.956096e-01  1.964320e-01  2.530463e-02  3.369870e-03  2.530405e-02  2.530646e-02  3.365928e-03    7.873442e-04  7.873442e-04    5.136993e-06  -5.136993e-06  1.000e+00
0.101662  3.371342e-03  2.530352e-02  2.530626e-02  3.367800e-03  2.530283e-02  1.964466e-01  1.955982e-01  2.530534e-02  2.530572e-02  1.955966e-01  1.964448e-01  2.530472e-02  3.369761e-03  2.530416e-02  2.530660e-02  3.365727e-03    8.126563e-04  8.126563e-04    5.041544e-06  -5.041544e-06  1.000e+00
0.103251  3.371227e-03  2.530362e-02  2.530641e-02  3.367641e-03  2.530291e-02  1.964596e-01  1.955850e-01  2.530547e-02  2.530584e-02  1.955835e-01  1.964578e-01  2.530481e-02  3.369652e-03  2.530427e-02  2.530675e-02  3.365524e-03    8.383446e-04  8.383446e-04    4.944762e-06  -4.944762e-06  1.000e+00
0.104811  3.371112e-03  2.530372e-02  2.530657e-02  3.367483e-03  2.530298e-02  1.964725e-01  1.955719e-01  2.530560e-02  2.530597e-02  1.955704e-01  1.964707e-01  2.530490e-02  3.369545e-03  2.530439e-02  2.530689e-02  3.365325e-03    8.639083e-04  8.639083e-04    4.848500e-06  -4.848500e-06  1.000e+00
0.106244  3.371005e-03  2.530381e-02  2.530671e-02  3.367335e-03  2.530305e-02  1.964845e-01  1.955597e-01  2.530572e-02  2.530608e-02  1.955583e-01  1.964827e-01  2.530499e-02  3.369447e-03  2.530450e-02  2.530703e-02  3.365142e-03    8.877256e-04  8.877256e-04    4.758831e-06  -4.758831e-06  1.000e+00
0.107816  3.370885e-03  2.530392e-02  2.530687e-02  3.367172e-03  2.530313e-02  1.964979e-01  1.955462e-01  2.530585e-02  2.530621e-02  1.955447e-01  1.964960e-01  2.530508e-02  3.369340e-03  2.530462e-02  2.530718e-02  3.364941e-03    9.141878e-04  9.141878e-04    4.659188e-06  -4.659188e-06  1.000e+00
0.109356  3.370765e-03  2.530403e-02  2.530703e-02  3.367009e-03  2.530322e-02  1.965111e-01  1.955328e-01  2.530598e-02  2.530634e-02  1.955313e-01  1.965092e-01  2.530518e-02  3.369235e-03  2.530474e-02  2.530733e-02  3.364744e-03    9.404712e-04  9.404712e-04    4.560179e-06  -4.560179e-06  1.000e+00
0.110781  3.370653e-03  2.530413e-02  2.530718e-02  3.366857e-03  2.530329e-02  1.965235e-01  1.955202e-01  2.530611e-02  2.530647e-02  1.955187e-01  1.965216e-01  2.530527e-02  3.369138e-03  2.530485e-02  2.530747e-02  3.364562e-03    9.651008e-04  9.651008e-04    4.467336e-06  -4.467336e-06  1.000e+00
0.112207  3.370539e-03  2.530423e-02  2.530733e-02  3.366703e-03  2.530337e-02  1.965361e-01  1.955074e-01  2.530624e-02  2.530659e-02  1.955060e-01  1.965341e-01  2.530537e-02  3.369042e-03  2.530497e-02  2.530762e-02  3.364380e-03    9.900267e-04  9.900267e-04    4.373285e-06  -4.373285e-06  1.000e+00
0.113678  3.370419e-03  2.530435e-02  2.530749e-02  3.366542e-03  2.530346e-02  1.965492e-01  1.954941e-01  2.530637e-02  2.530672e-02  1.954927e-01  1.965472e-01  2.530547e-02  3.368943e-03  2.530509e-02  2.530777e-02  3.364194e-03    1.016061e-03  1.016061e-03    4.274902e-06  -4.274902e-06  1.000e+00
0.115557  3.370264e-03  2.530449e-02  2.530770e-02  3.366334e-03  2.530357e-02  1.965661e-01  1.954768e-01  2.530655e-02  2.530689e-02  1.954755e-01  1.965642e-01  2.530560e-02  3.368816e-03  2.530525e-02  2.530796e-02  3.363956e-03    1.049778e-03  1.049778e-03    4.147277e-06  -4.147277e-06  1.000e+00
0.117200  3.370126e-03  2.530463e-02  2.530789e-02  3.366149e-03  2.530368e-02  1.965812e-01  1.954615e-01  2.530670e-02  2.530704e-02  1.954602e-01  1.965792e-01  2.530572e-02  3.368705e-03  2.530540e-02  2.530813e-02  3.363748e-03    1.079687e-03  1.079687e-03    4.033852e-06  -4.033852e-06  1.000e+00
0.118779  3.369992e-03  2.530476e-02  2.530807e-02  3.365968e-03  2.530378e-02  1.965958e-01  1.954466e-01  2.530686e-02  2.530719e-02  1.954453e-01  1.965938e-01  2.530583e-02  3.368597e-03  2.530554e-02  2.530831e-02  3.363548e-03    1.108779e-03  1.108779e-03    3.923262e-06  -3.923262e-06  1.000e+00
0.120572  3.369838e-03  2.530491e-02  2.530828e-02  3.365761e-03  2.530390e-02  1.966126e-01  1.954295e-01  2.530703e-02  2.530736e-02  1.954282e-01  1.966106e-01  2.530597e-02  3.368474e-03  2.530571e-02  2.530850e-02  3.363320e-03    1.142257e-03  1.142257e-03    3.795649e-06  -3.795649e-06  1.000e+00
0.122341  3.369683e-03  2.530507e-02  2.530849e-02  3.365553e-03  2.530402e-02  1.966294e-01  1.954124e-01  2.530721e-02  2.530754e-02  1.954112e-01  1.966274e-01  2.530610e-02  3.368351e-03  2.530587e-02  2.530870e-02  3.363093e-03    1.175723e-03  1.175723e-03    3.667706e-06  -3.667706e-06  1.000e+00
0.124632  3.369479e-03  2.530527e-02  2.530877e-02  3.365280e-03  2.530418e-02  1.966515e-01  1.953899e-01  2.530745e-02  2.530777e-02  1.953887e-01  1.966494e-01  2.530629e-02  3.368188e-03  2.530610e-02  2.530896e-02  3.362796e-03    1.219730e-03  1.219730e-03    3.498717e-06  -3.498717e-06  1.000e+00
0.127145  3.369250e-03  2.530551e-02  2.530909e-02  3.364973e-03  2.530437e-02  1.966761e-01  1.953647e-01  2.530772e-02  2.530803e-02  1.953636e-01  1.966740e-01  2.530649e-02  3.368006e-03  2.530635e-02  2.530926e-02  3.362465e-03    1.268869e-03  1.268869e-03    3.309221e-06  -3.309221e-06  1.000e+00
0.129659  3.369013e-03  2.530576e-02  2.530942e-02  3.364660e-03  2.530457e-02  1.967012e-01  1.953391e-01  2.530800e-02  2.530830e-02  1.953381e-01  1.966990e-01  2.530671e-02  3.367820e-03  2.530662e-02  2.530956e-02  3.362125e-03    1.318893e-03  1.318893e-03    3.115222e-06  -3.115222e-06  1.000e+00
0.132432  3.368741e-03  2.530604e-02  2.530979e-02  3.364307e-03  2.530480e-02  1.967294e-01  1.953104e-01  2.530832e-02  2.530861e-02  1.953094e-01  1.967272e-01  2.530696e-02  3.367607e-03  2.530692e-02  2.530991e-02  3.361740e-03    1.375117e-03  1.375117e-03    2.895902e-06  -2.895902e-06  1.000e+00
0.135346  3.368444e-03  2.530635e-02  2.531019e-02  3.363926e-03  2.530505e-02  1.967595e-01  1.952796e-01  2.530866e-02  2.530894e-02  1.952786e-01  1.967573e-01  2.530724e-02  3.367378e-03  2.530726e-02  2.531029e-02  3.361323e-03    1.435328e-03  1.435328e-03    2.659644e-06  -2.659644e-06  1.000e+00
0.138090  3.368151e-03  2.530665e-02  2.531058e-02  3.363560e-03  2.530530e-02  1.967884e-01  1.952500e-01  2.530900e-02  2.530927e-02  1.952492e-01  1.967861e-01  2.530751e-02  3.367155e-03  2.530759e-02  2.531066e-02  3.360919e-03    1.493080e-03  1.493080e-03    2.431629e-06  -2.431629e-06  1.000e+00
0.140713  3.367860e-03  2.530695e-02  2.531097e-02  3.363204e-03  2.530556e-02  1.968164e-01  1.952213e-01  2.530934e-02  2.530959e-02  1.952205e-01  1.968141e-01  2.530778e-02  3.366936e-03  2.530792e-02  2.531102e-02  3.360524e-03    1.549256e-03  1.549256e-03    2.208557e-06  -2.208557e-06  1.000e+00
0.143336  3.367559e-03  2.530727e-02  2.531137e-02  3.362843e-03  2.530582e-02  1.968450e-01  1.951920e-01  2.530969e-02  2.530993e-02  1.951913e-01  1.968426e-01  2.530805e-02  3.366712e-03  2.530825e-02  2.531140e-02  3.360119e-03    1.606382e-03  1.606382e-03    1.980359e-06  -1.980359e-06  1.000e+00
0.146230  3.367215e-03  2.530762e-02  2.531182e-02  3.362440e-03  2.530612e-02  1.968770e-01  1.951592e-01  2.531008e-02  2.531031e-02  1.951586e-01  1.968746e-01  2.530837e-02  3.366458e-03  2.530864e-02  2.531183e-02  3.359665e-03    1.670469e-03  1.670469e-03    1.723020e-06  -1.723020e-06  1.000e+00
0.149125  3.366863e-03  2.530799e-02  2.531228e-02  3.362034e-03  2.530643e-02  1.969095e-01  1.951259e-01  2.531049e-02  2.531070e-02  1.951254e-01  1.969071e-01  2.530870e-02  3.366198e-03  2.530904e-02  2.531227e-02  3.359204e-03    1.735688e-03  1.735688e-03    1.459605e-06  -1.459605e-06  1.000e+00
0.153983  3.366255e-03  2.530864e-02  2.531310e-02  3.361345e-03  2.530700e-02  1.969653e-01  1.950686e-01  2.531120e-02  2.531138e-02  1.950682e-01  1.969628e-01  2.530927e-02  3.365748e-03  2.530974e-02  2.531304e-02  3.358414e-03    1.847607e-03  1.847607e-03    1.003803e-06  -1.003803e-06  1.000e+00
0.158258  3.365710e-03  2.530924e-02  2.531385e-02  3.360732e-03  2.530752e-02  1.970156e-01  1.950168e-01  2.531186e-02  2.531200e-02  1.950166e-01  1.970130e-01  2.530981e-02  3.365340e-03  2.531040e-02  2.531375e-02  3.357708e-03    1.948673e-03  1.948673e-03    5.887133e-07  -5.887133e-07  1.000e+00
0.162423  3.365174e-03  2.530986e-02  2.531461e-02  3.360130e-03  2.530806e-02  1.970657e-01  1.949652e-01  2.531252e-02  2.531263e-02  1.949652e-01  1.970631e-01  2.531036e-02  3.364937e-03  2.531106e-02  2.531448e-02  3.357011e-03    2.049386e-03  2.049386e-03    1.725075e-07  -1.725075e-07  1.000e+00
0.167947  3.364460e-03  2.531071e-02  2.531565e-02  3.359318e-03  2.530881e-02  1.971338e-01  1.948950e-01  2.531345e-02  2.531350e-02  1.948952e-01  1.971310e-01  2.531113e-02  3.364397e-03  2.531199e-02  2.531549e-02  3.356077e-03    2.186363e-03  2.186363e-03    -3.978048e-07  3.978048e-07  1.000e+00
0.176084  3.363401e-03  2.531206e-02  2.531728e-02  3.358080e-03  2.531000e-02  1.972373e-01  1.947879e-01  2.531489e-02  2.531486e-02  1.947886e-01  1.972344e-01  2.531234e-02  3.363597e-03  2.531344e-02  2.531707e-02  3.354685e-03    2.395076e-03  2.395076e-03    -1.275451e-06  1.275451e-06  1.000e+00
0.187147  3.361929e-03  2.531405e-02  2.531967e-02  3.356282e-03  2.531180e-02  1.973841e-01  1.946355e-01  2.531702e-02  2.531684e-02  1.946370e-01  1.973812e-01  2.531415e-02  3.362483e-03  2.531560e-02  2.531945e-02  3.352757e-03    2.691790e-03  2.691790e-03    -2.537609e-06  2.537609e-06  1.000e+00
0.193619  3.361041e-03  2.531533e-02  2.532118e-02  3.355165e-03  2.531295e-02  1.974733e-01  1.945429e-01  2.531837e-02  2.531806e-02  1.945449e-01  1.974703e-01  2.531530e-02  3.361797e-03  2.531695e-02  2.532093e-02  3.351597e-03    2.872090e-03  2.872090e-03    -3.311483e-06  3.311483e-06  1.000e+00
0.200091  3.360124e-03  2.531669e-02  2.532276e-02  3.354007e-03  2.531417e-02  1.975647e-01  1.944477e-01  2.531979e-02  2.531935e-02  1.944502e-01  1.975616e-01  2.531652e-02  3.361077e-03  2.531838e-02  2.532250e-02  3.350400e-03    3.057234e-03  3.057234e-03    -4.110343e-06  4.110343e-06  1.000e+00
0.208020  3.358960e-03  2.531846e-02  2.532481e-02  3.352555e-03  2.531576e-02  1.976798e-01  1.943277e-01  2.532164e-02  2.532102e-02  1.943308e-01  1.976766e-01  2.531811e-02  3.360142e-03  2.532023e-02  2.532454e-02  3.348875e-03    3.290542e-03  3.290542e-03    -5.121652e-06  5.121652e-06  1.000e+00
0.213109  3.358190e-03  2.531964e-02  2.532619e-02  3.351615e-03  2.531684e-02  1.977554e-01  1.942487e-01  2.532289e-02  2.532213e-02  1.942524e-01  1.977521e-01  2.531918e-02  3.359511e-03  2.532148e-02  2.532591e-02  3.347860e-03    3.443942e-03  3.443942e-03    -5.788832e-06  5.788832e-06  1.000e+00
0.218198  3.357404e-03  2.532087e-02  2.532762e-02  3.350675e-03  2.531797e-02  1.978323e-01  1.941682e-01  2.532418e-02  2.532329e-02  1.941724e-01  1.978290e-01  2.532029e-02  3.358861e-03  2.532277e-02  2.532735e-02  3.346820e-03    3.600152e-03  3.600152e-03    -6.469555e-06  6.469555e-06  1.000e+00
0.222919  3.356664e-03  2.532205e-02  2.532898e-02  3.349804e-03  2.531904e-02  1.979048e-01  1.940923e-01  2.532542e-02  2.532440e-02  1.940969e-01  1.979014e-01  2.532136e-02  3.358244e-03  2.532401e-02  2.532872e-02  3.345836e-03    3.747521e-03  3.747521e-03    -7.112439e-06  7.112439e-06  1.000e+00
0.227710  3.355902e-03  2.532329e-02  2.533041e-02  3.348919e-03  2.532017e-02  1.979795e-01  1.940139e-01  2.532671e-02  2.532556e-02  1.940191e-01  1.979761e-01  2.532248e-02  3.357610e-03  2.532531e-02  2.533016e-02  3.344823e-03    3.899488e-03  3.899488e-03    -7.775696e-06  7.775696e-06  1.000e+00
0.232248  3.355173e-03  2.532449e-02  2.533181e-02  3.348080e-03  2.532127e-02  1.980513e-01  1.939385e-01  2.532798e-02  2.532669e-02  1.939443e-01  1.980478e-01  2.532357e-02  3.357003e-03  2.532657e-02  2.533157e-02  3.343853e-03    4.045617e-03  4.045617e-03    -8.413426e-06  8.413426e-06  1.000e+00
0.236636  3.354463e-03  2.532568e-02  2.533320e-02  3.347268e-03  2.532237e-02  1.981217e-01  1.938646e-01  2.532924e-02  2.532781e-02  1.938708e-01  1.981181e-01  2.532466e-02  3.356415e-03  2.532783e-02  2.533298e-02  3.342909e-03    4.188885e-03  4.188885e-03    -9.038219e-06  9.038219e-06  1.000e+00
0.241024  3.353750e-03  2.532690e-02  2.533462e-02  3.346452e-03  2.532349e-02  1.981929e-01  1.937896e-01  2.533053e-02  2.532896e-02  1.937964e-01  1.981893e-01  2.532577e-02  3.355825e-03  2.532911e-02  2.533442e-02  3.341961e-03    4.334078e-03  4.334078e-03    -9.670486e-06  9.670486e-06  1.000e+00
0.245813  3.352969e-03  2.532827e-02  2.533622e-02  3.345559e-03  2.532474e-02  1.982717e-01  1.937066e-01  2.533197e-02  2.533024e-02  1.937140e-01  1.982680e-01  2.532702e-02  3.355179e-03  2.533055e-02  2.533604e-02  3.340922e-03    4.494704e-03  4.494704e-03    -1.036865e-05  1.036865e-05  1.000e+00
0.251000  3.352122e-03  2.532978e-02  2.533801e-02  3.344587e-03  2.532614e-02  1.983582e-01  1.936154e-01  2.533358e-02  2.533166e-02  1.936235e-01  1.983544e-01  2.532841e-02  3.354477e-03  2.533214e-02  2.533785e-02  3.339795e-03    4.671186e-03  4.671186e-03    -1.113373e-05  1.113373e-05  1.000e+00
0.254780  3.351506e-03  2.533091e-02  2.533934e-02  3.343876e-03  2.532718e-02  1.984220e-01  1.935480e-01  2.533477e-02  2.533271e-02  1.935567e-01  1.984181e-01  2.532944e-02  3.353964e-03  2.533332e-02  2.533920e-02  3.338975e-03    4.801407e-03  4.801407e-03    -1.169665e-05  1.169665e-05  1.000e+00
0.258560  3.350890e-03  2.533206e-02  2.534070e-02  3.343162e-03  2.532824e-02  1.984864e-01  1.934800e-01  2.533599e-02  2.533379e-02  1.934892e-01  1.984824e-01  2.533050e-02  3.353449e-03  2.533453e-02  2.534058e-02  3.338156e-03    4.932965e-03  4.932965e-03    -1.226370e-05  1.226370e-05  1.000e+00
0.262806  3.350200e-03  2.533338e-02  2.534225e-02  3.342359e-03  2.532946e-02  1.985594e-01  1.934027e-01  2.533739e-02  2.533501e-02  1.934125e-01  1.985554e-01  2.533171e-02  3.352868e-03  2.533591e-02  2.534216e-02  3.337240e-03    5.082300e-03  5.082300e-03    -1.290522e-05  1.290522e-05  1.000e+00
0.267051  3.349514e-03  2.533472e-02  2.534385e-02  3.341554e-03  2.533070e-02  1.986333e-01  1.933245e-01  2.533882e-02  2.533626e-02  1.933350e-01  1.986292e-01  2.533294e-02  3.352285e-03  2.533731e-02  2.534378e-02  3.336326e-03    5.233272e-03  5.233272e-03    -1.355125e-05  1.355125e-05  1.000e+00
0.272615  3.348623e-03  2.533652e-02  2.534598e-02  3.340497e-03  2.533237e-02  1.987311e-01  1.932207e-01  2.534072e-02  2.533793e-02  1.932321e-01  1.987270e-01  2.533459e-02  3.351517e-03  2.533919e-02  2.534595e-02  3.335135e-03    5.433526e-03  5.433526e-03    -1.440373e-05  1.440373e-05  1.000e+00
0.278860  3.347631e-03  2.533858e-02  2.534845e-02  3.339310e-03  2.533429e-02  1.988425e-01  1.931025e-01  2.534292e-02  2.533985e-02  1.931149e-01  1.988383e-01  2.533648e-02  3.350649e-03  2.534135e-02  2.534846e-02  3.333802e-03    5.661574e-03  5.661574e-03    -1.536777e-05  1.536777e-05  1.000e+00
0.286639  3.346411e-03  2.534122e-02  2.535162e-02  3.337834e-03  2.533675e-02  1.989834e-01  1.929527e-01  2.534574e-02  2.534229e-02  1.929666e-01  1.989790e-01  2.533891e-02  3.349557e-03  2.534412e-02  2.535169e-02  3.332145e-03    5.950233e-03  5.950233e-03    -1.657696e-05  1.657696e-05  1.000e+00
0.293702  3.345311e-03  2.534369e-02  2.535459e-02  3.336497e-03  2.533907e-02  1.991134e-01  1.928143e-01  2.534838e-02  2.534457e-02  1.928295e-01  1.991089e-01  2.534117e-02  3.348552e-03  2.534670e-02  2.535471e-02  3.330642e-03    6.216707e-03  6.216707e-03    -1.768084e-05  1.768084e-05  1.000e+00
0.300493  3.344256e-03  2.534613e-02  2.535753e-02  3.335216e-03  2.534135e-02  1.992400e-01  1.926793e-01  2.535098e-02  2.534680e-02  1.926958e-01  1.992355e-01  2.534340e-02  3.347578e-03  2.534925e-02  2.535771e-02  3.329197e-03    6.476684e-03  6.476684e-03    -1.874628e-05  1.874628e-05  1.000e+00
0.306240  3.343364e-03  2.534823e-02  2.536007e-02  3.334134e-03  2.534334e-02  1.993486e-01  1.925634e-01  2.535323e-02  2.534873e-02  1.925811e-01  1.993440e-01  2.534533e-02  3.346751e-03  2.535145e-02  2.536030e-02  3.327973e-03    6.699555e-03  6.699555e-03    -1.964913e-05  1.964913e-05  1.000e+00
0.311988  3.342471e-03  2.535038e-02  2.536266e-02  3.333054e-03  2.534537e-02  1.994583e-01  1.924462e-01  2.535552e-02  2.535069e-02  1.924651e-01  1.994536e-01  2.534729e-02  3.345928e-03  2.535369e-02  2.536295e-02  3.326749e-03    6.924957e-03  6.924957e-03    -2.055209e-05  2.055209e-05  1.000e+00
0.317480  3.341617e-03  2.535247e-02  2.536519e-02  3.332025e-03  2.534736e-02  1.995642e-01  1.923329e-01  2.535774e-02  2.535259e-02  1.923530e-01  1.995595e-01  2.534920e-02  3.345152e-03  2.535587e-02  2.536554e-02  3.325580e-03    7.142655e-03  7.142655e-03    -2.141420e-05  2.141420e-05  1.000e+00
0.322972  3.340764e-03  2.535460e-02  2.536776e-02  3.330997e-03  2.534938e-02  1.996712e-01  1.922185e-01  2.536001e-02  2.535452e-02  1.922398e-01  1.996664e-01  2.535114e-02  3.344391e-03  2.535808e-02  2.536816e-02  3.324416e-03    7.362559e-03  7.362559e-03    -2.227475e-05  2.227475e-05  1.000e+00
0.328950  3.339838e-03  2.535695e-02  2.537060e-02  3.329882e-03  2.535162e-02  1.997887e-01  1.920925e-01  2.536251e-02  2.535664e-02  1.921153e-01  1.997838e-01  2.535329e-02  3.343586e-03  2.536053e-02  2.537108e-02  3.323158e-03    7.604371e-03  7.604371e-03    -2.320851e-05  2.320851e-05  1.000e+00
0.336136  3.338728e-03  2.535983e-02  2.537408e-02  3.328546e-03  2.535436e-02  1.999315e-01  1.919393e-01  2.536556e-02  2.535923e-02  1.919638e-01  1.999266e-01  2.535591e-02  3.342659e-03  2.536352e-02  2.537464e-02  3.321667e-03    7.898316e-03  7.898316e-03    -2.432538e-05  2.432538e-05  1.000e+00
0.343317  3.337622e-03  2.536276e-02  2.537762e-02  3.327219e-03  2.535716e-02  2.000759e-01  1.917844e-01  2.536867e-02  2.536186e-02  1.918106e-01  2.000709e-01  2.535858e-02  3.341777e-03  2.536655e-02  2.537827e-02  3.320206e-03    8.195563e-03  8.195563e-03    -2.543442e-05  2.543442e-05  1.000e+00
0.350326  3.336546e-03  2.536568e-02  2.538114e-02  3.325931e-03  2.535994e-02  2.002182e-01  1.916313e-01  2.537175e-02  2.536446e-02  1.916594e-01  2.002132e-01  2.536122e-02  3.340958e-03  2.536956e-02  2.538188e-02  3.318813e-03    8.488930e-03  8.488930e-03    -2.650797e-05  2.650797e-05  1.000e+00
0.357350  3.335475e-03  2.536864e-02  2.538471e-02  3.324650e-03  2.536278e-02  2.003624e-01  1.914762e-01  2.537488e-02  2.536709e-02  1.915062e-01  2.003573e-01  2.536391e-02  3.340172e-03  2.537262e-02  2.538555e-02  3.317449e-03    8.786069e-03  8.786069e-03    -2.757360e-05  2.757360e-05  1.000e+00
0.365794  3.334201e-03  2.537226e-02  2.538907e-02  3.323122e-03  2.536625e-02  2.005375e-01  1.912876e-01  2.537870e-02  2.537030e-02  1.913199e-01  2.005324e-01  2.536719e-02  3.339265e-03  2.537635e-02  2.539004e-02  3.315847e-03    9.147283e-03  9.147283e-03    -2.883939e-05  2.883939e-05  1.000e+00
0.374011  3.332981e-03  2.537584e-02  2.539338e-02  3.321649e-03  2.536969e-02  2.007099e-01  1.911018e-01  2.538248e-02  2.537347e-02  1.911364e-01  2.007047e-01  2.537043e-02  3.338412e-03  2.538003e-02  2.539449e-02  3.314323e-03    9.502882e-03  9.502882e-03    -3.005236e-05  3.005236e-05  1.000e+00
0.381775  3.331853e-03  2.537926e-02  2.539751e-02  3.320270e-03  2.537298e-02  2.008744e-01  1.909244e-01  2.538610e-02  2.537650e-02  1.909613e-01  2.008691e-01  2.537352e-02  3.337628e-03  2.538355e-02  2.539876e-02  3.312908e-03    9.842380e-03  9.842380e-03    -3.117918e-05  3.117918e-05  1.000e+00
0.389732  3.330726e-03  2.538280e-02  2.540178e-02  3.318870e-03  2.537641e-02  2.010446e-01  1.907406e-01  2.538986e-02  2.537963e-02  1.907800e-01  2.010393e-01  2.537672e-02  3.336846e-03  2.538720e-02  2.540320e-02  3.311479e-03    1.019375e-02  1.019375e-02    -3.231361e-05  3.231361e-05  1.000e+00
0.396721  3.329760e-03  2.538594e-02  2.540557e-02  3.317653e-03  2.537946e-02  2.011954e-01  1.905778e-01  2.539319e-02  2.538240e-02  1.906193e-01  2.011901e-01  2.537956e-02  3.336178e-03  2.539043e-02  2.540714e-02  3.310238e-03    1.050518e-02  1.050518e-02    -3.329160e-05  3.329160e-05  1.000e+00
0.403123  3.328895e-03  2.538884e-02  2.540908e-02  3.316548e-03  2.538228e-02  2.013345e-01  1.904273e-01  2.539628e-02  2.538496e-02  1.904709e-01  2.013293e-01  2.538217e-02  3.335583e-03  2.539342e-02  2.541078e-02  3.309114e-03    1.079264e-02  1.079264e-02    -3.417087e-05  3.417087e-05  1.000e+00
0.409389  3.328064e-03  2.539170e-02  2.541253e-02  3.315477e-03  2.538506e-02  2.014717e-01  1.902791e-01  2.539932e-02  2.538748e-02  1.903246e-01  2.014664e-01  2.538474e-02  3.335018e-03  2.539636e-02  2.541437e-02  3.308027e-03    1.107597e-02  1.107597e-02    -3.501531e-05  3.501531e-05  1.000e+00
0.415655  3.327248e-03  2.539457e-02  2.541600e-02  3.314419e-03  2.538786e-02  2.016098e-01  1.901298e-01  2.540238e-02  2.539001e-02  1.901774e-01  2.016045e-01  2.538732e-02  3.334470e-03  2.539932e-02  2.541798e-02  3.306955e-03    1.136119e-02  1.136119e-02    -3.584311e-05  3.584311e-05  1.000e+00
0.422416  3.326383e-03  2.539768e-02  2.541977e-02  3.313293e-03  2.539091e-02  2.017597e-01  1.899676e-01  2.540571e-02  2.539276e-02  1.900175e-01  2.017544e-01  2.539011e-02  3.333899e-03  2.540252e-02  2.542190e-02  3.305816e-03    1.167099e-02  1.167099e-02    -3.671698e-05  3.671698e-05  1.000e+00
0.428749  3.325586e-03  2.540060e-02  2.542332e-02  3.312254e-03  2.539378e-02  2.019011e-01  1.898147e-01  2.540884e-02  2.539534e-02  1.898668e-01  2.018958e-01  2.539274e-02  3.333382e-03  2.540553e-02  2.542559e-02  3.304768e-03    1.196304e-02  1.196304e-02    -3.751574e-05  3.751574e-05  1.000e+00
0.435671  3.324730e-03  2.540380e-02  2.542722e-02  3.311138e-03  2.539693e-02  2.020565e-01  1.896464e-01  2.541228e-02  2.539817e-02  1.897009e-01  2.020513e-01  2.539561e-02  3.332839e-03  2.540883e-02  2.542964e-02  3.303646e-03    1.228426e-02  1.228426e-02    -3.836666e-05  3.836666e-05  1.000e+00
0.444429  3.323671e-03  2.540786e-02  2.543216e-02  3.309757e-03  2.540094e-02  2.022546e-01  1.894320e-01  2.541665e-02  2.540177e-02  1.894897e-01  2.022494e-01  2.539925e-02  3.332179e-03  2.541301e-02  2.543478e-02  3.302262e-03    1.269358e-02  1.269358e-02    -3.940801e-05  3.940801e-05  1.000e+00
0.451503  3.322836e-03  2.541115e-02  2.543617e-02  3.308670e-03  2.540419e-02  2.024157e-01  1.892576e-01  2.542019e-02  2.540468e-02  1.893179e-01  2.024105e-01  2.540219e-02  3.331668e-03  2.541639e-02  2.543895e-02  3.301172e-03    1.302646e-02  1.302646e-02    -4.021910e-05  4.021910e-05  1.000e+00
0.458578  3.322021e-03  2.541443e-02  2.544019e-02  3.307611e-03  2.540745e-02  2.025778e-01  1.890822e-01  2.542374e-02  2.540759e-02  1.891451e-01  2.025726e-01  2.540512e-02  3.331174e-03  2.541977e-02  2.544312e-02  3.300106e-03    1.336128e-02  1.336128e-02    -4.100206e-05  4.100206e-05  1.000e+00
0.465454  3.321248e-03  2.541761e-02  2.544410e-02  3.306611e-03  2.541063e-02  2.027362e-01  1.889107e-01  2.542719e-02  2.541042e-02  1.889762e-01  2.027310e-01  2.540797e-02  3.330708e-03  2.542305e-02  2.544717e-02  3.299092e-03    1.368854e-02  1.368854e-02    -4.173573e-05  4.173573e-05  1.000e+00
0.473883  3.320322e-03  2.542149e-02  2.544889e-02  3.305429e-03  2.541452e-02  2.029315e-01  1.886993e-01  2.543142e-02  2.541388e-02  1.887681e-01  2.029264e-01  2.541145e-02  3.330153e-03  2.542705e-02  2.545214e-02  3.297874e-03    1.409197e-02  1.409197e-02    -4.259578e-05  4.259578e-05  1.000e+00
0.481591  3.319495e-03  2.542503e-02  2.545326e-02  3.304391e-03  2.541808e-02  2.031112e-01  1.885049e-01  2.543529e-02  2.541705e-02  1.885767e-01  2.031062e-01  2.541462e-02  3.329659e-03  2.543069e-02  2.545668e-02  3.296783e-03    1.446302e-02  1.446302e-02    -4.334362e-05  4.334362e-05  1.000e+00
0.491170  3.318490e-03  2.542939e-02  2.545867e-02  3.303162e-03  2.542249e-02  2.033359e-01  1.882619e-01  2.544008e-02  2.542096e-02  1.883375e-01  2.033309e-01  2.541854e-02  3.329061e-03  2.543519e-02  2.546231e-02  3.295451e-03    1.492680e-02  1.492680e-02    -4.421956e-05  4.421956e-05  1.000e+00
0.503660  3.317211e-03  2.543501e-02  2.546570e-02  3.301657e-03  2.542822e-02  2.036310e-01  1.879429e-01  2.544630e-02  2.542604e-02  1.880236e-01  2.036261e-01  2.542361e-02  3.328307e-03  2.544099e-02  2.546961e-02  3.293743e-03    1.553578e-02  1.553578e-02    -4.526982e-05  4.526982e-05  1.000e+00
0.517342  3.315846e-03  2.544107e-02  2.547331e-02  3.300124e-03  2.543444e-02  2.039570e-01  1.875908e-01  2.545307e-02  2.543154e-02  1.876773e-01  2.039523e-01  2.542909e-02  3.327513e-03  2.544725e-02  2.547755e-02  3.291895e-03    1.620799e-02  1.620799e-02    -4.629756e-05  4.629756e-05  1.000e+00
0.529727  3.314639e-03  2.544643e-02  2.548011e-02  3.298826e-03  2.543999e-02  2.042543e-01  1.872700e-01  2.545914e-02  2.543644e-02  1.873618e-01  2.042498e-01  2.543396e-02  3.326828e-03  2.545281e-02  2.548465e-02  3.290228e-03    1.682072e-02  1.682072e-02    -4.711317e-05  4.711317e-05  1.000e+00
0.545813  3.313109e-03  2.545320e-02  2.548879e-02  3.297244e-03  2.544708e-02  2.046436e-01  1.868507e-01  2.546693e-02  2.544268e-02  1.869496e-01  2.046393e-01  2.544016e-02  3.325984e-03  2.545986e-02  2.549373e-02  3.288054e-03    1.762207e-02  1.762207e-02    -4.800706e-05  4.800706e-05  1.000e+00
0.561549  3.311652e-03  2.545957e-02  2.549708e-02  3.295788e-03  2.545383e-02  2.050275e-01  1.864380e-01  2.547443e-02  2.544861e-02  1.865440e-01  2.050234e-01  2.544604e-02  3.325212e-03  2.546652e-02  2.550243e-02  3.285898e-03    1.841138e-02  1.841138e-02    -4.869543e-05  4.869543e-05  1.000e+00
0.577333  3.310227e-03  2.546566e-02  2.550516e-02  3.294405e-03  2.546040e-02  2.054154e-01  1.860220e-01  2.548180e-02  2.545434e-02  1.861351e-01  2.054117e-01  2.545172e-02  3.324491e-03  2.547294e-02  2.551095e-02  3.283691e-03    1.920791e-02  1.920791e-02    -4.920308e-05  4.920308e-05  1.000e+00
0.592513  3.308897e-03  2.547123e-02  2.551267e-02  3.293152e-03  2.546649e-02  2.057910e-01  1.856202e-01  2.548871e-02  2.545962e-02  1.857404e-01  2.057876e-01  2.545695e-02  3.323853e-03  2.547884e-02  2.551890e-02  3.281521e-03    1.997792e-02  1.997792e-02    -4.951104e-05  4.951104e-05  1.000e+00
0.606997  3.307673e-03  2.547623e-02  2.551957e-02  3.292032e-03  2.547207e-02  2.061515e-01  1.852355e-01  2.549514e-02  2.546441e-02  1.853626e-01  2.061484e-01  2.546170e-02  3.323306e-03  2.548417e-02  2.552623e-02  3.279412e-03    2.071586e-02  2.071586e-02    -4.964285e-05  4.964285e-05  1.000e+00
0.620069  3.306610e-03  2.548046e-02  2.552555e-02  3.291089e-03  2.547688e-02  2.064785e-01  1.848876e-01  2.550077e-02  2.546850e-02  1.850208e-01  2.064758e-01  2.546576e-02  3.322873e-03  2.548872e-02  2.553262e-02  3.277480e-03    2.138422e-02  2.138422e-02    -4.962526e-05  4.962526e-05  1.000e+00
0.635399  3.305420e-03  2.548506e-02  2.553223e-02  3.290063e-03  2.548223e-02  2.068638e-01  1.844787e-01  2.550716e-02  2.547299e-02  1.846194e-01  2.068616e-01  2.547022e-02  3.322452e-03  2.549370e-02  2.553981e-02  3.275186e-03    2.217051e-02  2.217051e-02    -4.944296e-05  4.944296e-05  1.000e+00
0.650815  3.304287e-03  2.548925e-02  2.553854e-02  3.289112e-03  2.548725e-02  2.072531e-01  1.840670e-01  2.551333e-02  2.547714e-02  1.842152e-01  2.072515e-01  2.547435e-02  3.322133e-03  2.549829e-02  2.554667e-02  3.272843e-03    2.296348e-02  2.296348e-02    -4.908462e-05  4.908462e-05  1.000e+00
0.668266  3.303081e-03  2.549344e-02  2.554516e-02  3.288122e-03  2.549248e-02  2.076959e-01  1.836005e-01  2.551997e-02  2.548136e-02  1.837574e-01  2.076950e-01  2.547855e-02  3.321899e-03  2.550295e-02  2.555398e-02  3.270142e-03    2.386339e-02  2.386339e-02    -4.847350e-05  4.847350e-05  1.000e+00
0.681902  3.302191e-03  2.549628e-02  2.554991e-02  3.287411e-03  2.549620e-02  2.080433e-01  1.832360e-01  2.552489e-02  2.548428e-02  1.833997e-01  2.080430e-01  2.548145e-02  3.321802e-03  2.550618e-02  2.555932e-02  3.267988e-03    2.456788e-02  2.456788e-02    -4.784556e-05  4.784556e-05  1.000e+00
0.693770  3.301451e-03  2.549843e-02  2.555372e-02  3.286836e-03  2.549916e-02  2.083466e-01  1.829189e-01  2.552896e-02  2.548653e-02  1.830886e-01  2.083469e-01  2.548370e-02  3.321768e-03  2.550868e-02  2.556369e-02  3.266078e-03    2.518179e-02  2.518179e-02    -4.719455e-05  4.719455e-05  1.000e+00
0.704477  3.300807e-03  2.550010e-02  2.555690e-02  3.286352e-03  2.550160e-02  2.086209e-01  1.826330e-01  2.553246e-02  2.548831e-02  1.828081e-01  2.086217e-01  2.548549e-02  3.321771e-03  2.551068e-02  2.556740e-02  3.264325e-03    2.573601e-02  2.573601e-02    -4.652508e-05  4.652508e-05  1.000e+00
0.717068  3.300074e-03  2.550172e-02  2.556030e-02  3.285824e-03  2.550417e-02  2.089443e-01  1.822972e-01  2.553634e-02  2.549011e-02  1.824786e-01  2.089458e-01  2.548730e-02  3.321802e-03  2.551271e-02  2.557148e-02  3.262221e-03    2.638820e-02  2.638820e-02    -4.563982e-05  4.563982e-05  1.000e+00
0.728729  3.299415e-03  2.550289e-02  2.556311e-02  3.285371e-03  2.550627e-02  2.092446e-01  1.819865e-01  2.553971e-02  2.549147e-02  1.821740e-01  2.092467e-01  2.548867e-02  3.321848e-03  2.551428e-02  2.557497e-02  3.260231e-03    2.699241e-02  2.699241e-02    -4.472682e-05  4.472682e-05  1.000e+00
0.739739  3.298807e-03  2.550368e-02  2.556546e-02  3.284972e-03  2.550797e-02  2.095286e-01  1.816937e-01  2.554268e-02  2.549247e-02  1.818868e-01  2.095315e-01  2.548970e-02  3.321898e-03  2.551547e-02  2.557800e-02  3.258313e-03    2.756297e-02  2.756297e-02    -4.378486e-05  4.378486e-05  1.000e+00
0.750816  3.298208e-03  2.550418e-02  2.556752e-02  3.284596e-03  2.550942e-02  2.098149e-01  1.813997e-01  2.554546e-02  2.549320e-02  1.815984e-01  2.098185e-01  2.549047e-02  3.321946e-03  2.551637e-02  2.558078e-02  3.256343e-03    2.813695e-02  2.813695e-02    -4.275982e-05  4.275982e-05  1.000e+00
0.761235  3.297654e-03  2.550435e-02  2.556916e-02  3.284262e-03  2.551053e-02  2.100847e-01  1.811237e-01  2.554787e-02  2.549361e-02  1.813277e-01  2.100890e-01  2.549094e-02  3.321985e-03  2.551696e-02  2.558316e-02  3.254449e-03    2.867669e-02  2.867669e-02    -4.172610e-05  4.172610e-05  1.000e+00
0.771966  3.297091e-03  2.550424e-02  2.557056e-02  3.283935e-03  2.551141e-02  2.103630e-01  1.808400e-01  2.555013e-02  2.549376e-02  1.810496e-01  2.103680e-01  2.549116e-02  3.322012e-03  2.551728e-02  2.558534e-02  3.252457e-03    2.923233e-02  2.923233e-02    -4.059226e-05  4.059226e-05  1.000e+00
0.781777  3.296583e-03  2.550386e-02  2.557157e-02  3.283651e-03  2.551197e-02  2.106178e-01  1.805813e-01  2.555201e-02  2.549365e-02  1.807959e-01  2.106236e-01  2.549113e-02  3.322022e-03  2.551731e-02  2.558711e-02  3.250596e-03    2.974009e-02  2.974009e-02    -3.949505e-05  3.949505e-05  1.000e+00
0.792936  3.296010e-03  2.550312e-02  2.557241e-02  3.283341e-03  2.551233e-02  2.109080e-01  1.802878e-01  2.555391e-02  2.549321e-02  1.805081e-01  2.109146e-01  2.549081e-02  3.322012e-03  2.551705e-02  2.558884e-02  3.248432e-03    3.031719e-02  3.031719e-02    -3.817791e-05  3.817791e-05  1.000e+00
0.801930  3.295550e-03  2.550227e-02  2.557283e-02  3.283100e-03  2.551239e-02  2.111422e-01  1.800518e-01  2.555526e-02  2.549262e-02  1.802768e-01  2.111496e-01  2.549033e-02  3.321986e-03  2.551660e-02  2.559002e-02  3.246649e-03    3.078194e-02  3.078194e-02    -3.706368e-05  3.706368e-05  1.000e+00
0.809864  3.295145e-03  2.550133e-02  2.557301e-02  3.282894e-03  2.551227e-02  2.113490e-01  1.798442e-01  2.555630e-02  2.549192e-02  1.800733e-01  2.113570e-01  2.548974e-02  3.321948e-03  2.551603e-02  2.559090e-02  3.245048e-03    3.119156e-02  3.119156e-02    -3.604213e-05  3.604213e-05  1.000e+00
0.817459  3.294756e-03  2.550026e-02  2.557302e-02  3.282700e-03  2.551201e-02  2.115471e-01  1.796459e-01  2.555718e-02  2.549108e-02  1.798789e-01  2.115558e-01  2.548903e-02  3.321897e-03  2.551531e-02  2.559159e-02  3.243489e-03    3.158341e-02  3.158341e-02    -3.503053e-05  3.503053e-05  1.000e+00
0.827794  3.294226e-03  2.549854e-02  2.557276e-02  3.282443e-03  2.551141e-02  2.118170e-01  1.793768e-01  2.555817e-02  2.548968e-02  1.796151e-01  2.118265e-01  2.548784e-02  3.321804e-03  2.551409e-02  2.559229e-02  3.241326e-03    3.211607e-02  3.211607e-02    -3.360189e-05  3.360189e-05  1.000e+00
0.840284  3.293577e-03  2.549605e-02  2.557204e-02  3.282139e-03  2.551030e-02  2.121434e-01  1.790528e-01  2.555905e-02  2.548759e-02  1.792976e-01  2.121541e-01  2.548603e-02  3.321653e-03  2.551220e-02  2.559277e-02  3.238648e-03    3.275883e-02  3.275883e-02    -3.179585e-05  3.179585e-05  1.000e+00
0.851990  3.292959e-03  2.549329e-02  2.557096e-02  3.281858e-03  2.550888e-02  2.124497e-01  1.787505e-01  2.555954e-02  2.548522e-02  1.790013e-01  2.124614e-01  2.548396e-02  3.321473e-03  2.551003e-02  2.559285e-02  3.236071e-03    3.336022e-02  3.336022e-02    -3.002505e-05  3.002505e-05  1.000e+00
0.864137  3.292304e-03  2.548998e-02  2.556940e-02  3.281568e-03  2.550701e-02  2.127678e-01  1.784381e-01  2.555972e-02  2.548232e-02  1.786951e-01  2.127807e-01  2.548145e-02  3.321246e-03  2.550734e-02  2.559255e-02  3.233329e-03    3.398314e-02  3.398314e-02    -2.810825e-05  2.810825e-05  1.000e+00
0.877561  3.291563e-03  2.548581e-02  2.556717e-02  3.281245e-03  2.550446e-02  2.131197e-01  1.780946e-01  2.555949e-02  2.547861e-02  1.783585e-01  2.131339e-01  2.547821e-02  3.320947e-03  2.550386e-02  2.559174e-02  3.230217e-03    3.467008e-02  3.467008e-02    -2.589666e-05  2.589666e-05  1.000e+00
0.890612  3.290822e-03  2.548121e-02  2.556447e-02  3.280924e-03  2.550148e-02  2.134621e-01  1.777624e-01  2.555884e-02  2.547447e-02  1.780330e-01  2.134775e-01  2.547460e-02  3.320609e-03  2.549995e-02  2.559047e-02  3.227108e-03    3.533638e-02  3.533638e-02    -2.365278e-05  2.365278e-05  1.000e+00
0.912256  3.289547e-03  2.547240e-02  2.555887e-02  3.280369e-03  2.549545e-02  2.140304e-01  1.772156e-01  2.555680e-02  2.546644e-02  1.774971e-01  2.140481e-01  2.546761e-02  3.319950e-03  2.549228e-02  2.558730e-02  3.221774e-03    3.643759e-02  3.643759e-02    -1.972871e-05  1.972871e-05  1.000e+00
0.940610  3.287791e-03  2.545859e-02  2.554935e-02  3.279560e-03  2.548541e-02  2.147755e-01  1.765075e-01  2.555221e-02  2.545367e-02  1.768032e-01  2.147964e-01  2.545650e-02  3.318909e-03  2.547996e-02  2.558104e-02  3.214456e-03    3.787251e-02  3.787251e-02    -1.421990e-05  1.421990e-05  1.000e+00
0.969394  3.285888e-03  2.544190e-02  2.553713e-02  3.278590e-03  2.547267e-02  2.155324e-01  1.757986e-01  2.554528e-02  2.543805e-02  1.761087e-01  2.155567e-01  2.544295e-02  3.317658e-03  2.546474e-02  2.557218e-02  3.206652e-03    3.931926e-02  3.931926e-02    -8.180103e-06  8.180103e-06  1.000e+00
0.982470  3.284972e-03  2.543343e-02  2.553071e-02  3.278080e-03  2.546603e-02  2.158764e-01  1.754801e-01  2.554134e-02  2.543006e-02  1.757966e-01  2.159020e-01  2.543601e-02  3.317027e-03  2.545692e-02  2.556728e-02  3.202983e-03    3.997293e-02  3.997293e-02    -5.267403e-06  5.267403e-06  1.000e+00
0.995012  3.284056e-03  2.542478e-02  2.552406e-02  3.277543e-03  2.545914e-02  2.162064e-01  1.751767e-01  2.553710e-02  2.542188e-02  1.754994e-01  2.162333e-01  2.542889e-02  3.316384e-03  2.544886e-02  2.556207e-02  3.199392e-03    4.059775e-02  4.059775e-02    -2.379679e-06  2.379679e-06  1.000e+00
1.006847  3.283155e-03  2.541615e-02  2.551734e-02  3.276990e-03  2.545218e-02  2.165178e-01  1.748924e-01  2.553266e-02  2.541368e-02  1.752208e-01  2.165459e-01  2.542177e-02  3.315741e-03  2.544077e-02  2.555668e-02  3.195940e-03    4.118531e-02  4.118531e-02    4.304991e-07  -4.304991e-07  1.000e+00
1.019103  3.282178e-03  2.540672e-02  2.550993e-02  3.276364e-03  2.544450e-02  2.168402e-01  1.746000e-01  2.552762e-02  2.540471e-02  1.749343e-01  2.168696e-01  2.541396e-02  3.315035e-03  2.543188e-02  2.555062e-02  3.192302e-03    4.179164e-02  4.179164e-02    3.429029e-06  -3.429029e-06  1.000e+00
1.030907  3.281193e-03  2.539719e-02  2.550236e-02  3.275709e-03  2.543664e-02  2.171507e-01  1.743204e-01  2.552233e-02  2.539561e-02  1.746603e-01  2.171813e-01  2.540604e-02  3.314316e-03  2.542283e-02  2.554431e-02  3.188741e-03    4.237348e-02  4.237348e-02    6.402791e-06  -6.402791e-06  1.000e+00
1.044000  3.280046e-03  2.538608e-02  2.549346e-02  3.274918e-03  2.542740e-02  2.174951e-01  1.740125e-01  2.551596e-02  2.538499e-02  1.743587e-01  2.175269e-01  2.539677e-02  3.313469e-03  2.541223e-02  2.553676e-02  3.184725e-03    4.301641e-02  4.301641e-02    9.801062e-06  -9.801062e-06  1.000e+00
1.061963  3.278393e-03  2.536992e-02  2.548043e-02  3.273722e-03  2.541381e-02  2.179672e-01  1.735943e-01  2.550636e-02  2.536951e-02  1.739487e-01  2.180009e-01  2.538326e-02  3.312217e-03  2.539672e-02  2.552545e-02  3.179116e-03    4.389416e-02  4.389416e-02    1.463520e-05  -1.463520e-05  1.000e+00
1.079867  3.276627e-03  2.535279e-02  2.546648e-02  3.272388e-03  2.539920e-02  2.184376e-01  1.731821e-01  2.549577e-02  2.535303e-02  1.735447e-01  2.184729e-01  2.536884e-02  3.310854e-03  2.538016e-02  2.551308e-02  3.173417e-03    4.476384e-02  4.476384e-02    1.965607e-05  -1.965607e-05  1.000e+00
1.093943  3.275153e-03  2.533859e-02  2.545487e-02  3.271236e-03  2.538699e-02  2.188072e-01  1.728615e-01  2.548673e-02  2.533935e-02  1.732303e-01  2.188438e-01  2.535686e-02  3.309699e-03  2.536635e-02  2.550257e-02  3.168868e-03    4.544388e-02  4.544388e-02    2.374497e-05  -2.374497e-05  1.000e+00
1.107620  3.273642e-03  2.532420e-02  2.544304e-02  3.270021e-03  2.537450e-02  2.191660e-01  1.725529e-01  2.547734e-02  2.532545e-02  1.729275e-01  2.192039e-01  2.534466e-02  3.308503e-03  2.535230e-02  2.549169e-02  3.164396e-03    4.610142e-02  4.610142e-02    2.784017e-05  -2.784017e-05  1.000e+00
1.123685  3.271766e-03  2.530656e-02  2.542847e-02  3.268466e-03  2.535905e-02  2.195871e-01  1.721940e-01  2.546554e-02  2.530836e-02  1.725755e-01  2.196264e-01  2.532963e-02  3.307000e-03  2.533497e-02  2.547807e-02  3.159083e-03    4.686971e-02  4.686971e-02    3.280571e-05  -3.280571e-05  1.000e+00
1.140165  3.269723e-03  2.528764e-02  2.541278e-02  3.266719e-03  2.534231e-02  2.200187e-01  1.718301e-01  2.545255e-02  2.528996e-02  1.722184e-01  2.200594e-01  2.531343e-02  3.305343e-03  2.531631e-02  2.546315e-02  3.153572e-03    4.765317e-02  4.765317e-02    3.807747e-05  -3.807747e-05  1.000e+00
1.154381  3.267861e-03  2.527066e-02  2.539864e-02  3.265082e-03  2.532715e-02  2.203906e-01  1.715195e-01  2.544064e-02  2.527341e-02  1.719136e-01  2.204324e-01  2.529883e-02  3.303815e-03  2.529948e-02  2.544950e-02  3.148773e-03    4.832512e-02  4.832512e-02    4.276903e-05  -4.276903e-05  1.000e+00
1.168597  3.265903e-03  2.525308e-02  2.538396e-02  3.263319e-03  2.531133e-02  2.207621e-01  1.712122e-01  2.542806e-02  2.525623e-02  1.716118e-01  2.208050e-01  2.528364e-02  3.302192e-03  2.528199e-02  2.543514e-02  3.143937e-03    4.899344e-02  4.899344e-02    4.759355e-05  -4.759355e-05  1.000e+00
1.184903  3.263535e-03  2.523219e-02  2.536647e-02  3.261136e-03  2.529236e-02  2.211878e-01  1.708637e-01  2.541282e-02  2.523577e-02  1.712695e-01  2.212318e-01  2.526550e-02  3.300205e-03  2.526113e-02  2.541778e-02  3.138347e-03    4.975546e-02  4.975546e-02    5.329286e-05  -5.329286e-05  1.000e+00
1.202562  3.260820e-03  2.520872e-02  2.534675e-02  3.258572e-03  2.527084e-02  2.216480e-01  1.704911e-01  2.539533e-02  2.521270e-02  1.709033e-01  2.216933e-01  2.524501e-02  3.297896e-03  2.523758e-02  2.539791e-02  3.132247e-03    5.057513e-02  5.057513e-02    5.966211e-05  -5.966211e-05  1.000e+00
1.220221  3.257944e-03  2.518438e-02  2.532625e-02  3.255793e-03  2.524831e-02  2.221074e-01  1.701236e-01  2.537681e-02  2.518872e-02  1.705418e-01  2.221539e-01  2.522364e-02  3.295415e-03  2.521305e-02  2.537695e-02  3.126108e-03    5.138895e-02  5.138895e-02    6.623519e-05  -6.623519e-05  1.000e+00
1.237683  3.254934e-03  2.515949e-02  2.530520e-02  3.252830e-03  2.522503e-02  2.225608e-01  1.697652e-01  2.535749e-02  2.516411e-02  1.701890e-01  2.226084e-01  2.520164e-02  3.292784e-03  2.518786e-02  2.535514e-02  3.120004e-03    5.218789e-02  5.218789e-02    7.293145e-05  -7.293145e-05  1.000e+00
1.259166  3.250994e-03  2.512776e-02  2.527831e-02  3.248884e-03  2.519504e-02  2.231175e-01  1.693312e-01  2.533236e-02  2.513266e-02  1.697614e-01  2.231663e-01  2.517342e-02  3.289299e-03  2.515562e-02  2.532684e-02  3.112466e-03    5.316271e-02  5.316271e-02    8.143216e-05  -8.143216e-05  1.000e+00
1.280755  3.246753e-03  2.509469e-02  2.525018e-02  3.244577e-03  2.516343e-02  2.236754e-01  1.689027e-01  2.530558e-02  2.509977e-02  1.693387e-01  2.237254e-01  2.514379e-02  3.285517e-03  2.512187e-02  2.529680e-02  3.104877e-03    5.413331e-02  5.413331e-02    9.025701e-05  -9.025701e-05  1.000e+00
1.304429  3.241750e-03  2.505711e-02  2.521811e-02  3.239457e-03  2.512707e-02  2.242854e-01  1.684417e-01  2.527447e-02  2.506228e-02  1.688834e-01  2.243365e-01  2.510984e-02  3.281048e-03  2.508334e-02  2.526202e-02  3.096563e-03    5.518708e-02  5.518708e-02    1.002448e-04  -1.002448e-04  1.000e+00
1.339517  3.233594e-03  2.499899e-02  2.516828e-02  3.231096e-03  2.506999e-02  2.251855e-01  1.677755e-01  2.522501e-02  2.500407e-02  1.682242e-01  2.252384e-01  2.505683e-02  3.273828e-03  2.502342e-02  2.520698e-02  3.084310e-03    5.672849e-02  5.672849e-02    1.156129e-04  -1.156129e-04  9.999e-01
1.376427  3.223994e-03  2.493491e-02  2.511303e-02  3.221327e-03  2.500593e-02  2.261271e-01  1.670968e-01  2.516875e-02  2.493953e-02  1.675508e-01  2.261816e-01  2.499763e-02  3.265530e-03  2.495692e-02  2.514466e-02  3.071569e-03    5.832329e-02  5.832329e-02    1.324355e-04  -1.324355e-04  9.999e-01
1.403413  3.216286e-03  2.488626e-02  2.507086e-02  3.213580e-03  2.495660e-02  2.268119e-01  1.666150e-01  2.512491e-02  2.489027e-02  1.670712e-01  2.268670e-01  2.495217e-02  3.259063e-03  2.490620e-02  2.509633e-02  3.062378e-03    5.947181e-02  5.947181e-02    1.451098e-04  -1.451098e-04  9.999e-01
1.430399  3.207988e-03  2.483617e-02  2.502724e-02  3.205349e-03  2.490522e-02  2.274933e-01  1.661452e-01  2.507883e-02  2.483932e-02  1.666024e-01  2.275490e-01  2.490494e-02  3.252296e-03  2.485379e-02  2.504571e-02  3.053299e-03    6.060552e-02  6.060552e-02    1.580569e-04  -1.580569e-04  9.999e-01
1.453924  3.200274e-03  2.479139e-02  2.498809e-02  3.197793e-03  2.485880e-02  2.280844e-01  1.657454e-01  2.503687e-02  2.479355e-02  1.662024e-01  2.281405e-01  2.486238e-02  3.246173e-03  2.480676e-02  2.499975e-02  3.045474e-03    6.158171e-02  6.158171e-02    1.695333e-04  -1.695333e-04  9.999e-01
1.477449  3.192118e-03  2.474563e-02  2.494790e-02  3.189893e-03  2.481090e-02  2.286728e-01  1.653547e-01  2.499329e-02  2.474654e-02  1.658103e-01  2.287290e-01  2.481857e-02  3.239860e-03  2.475856e-02  2.495214e-02  3.037731e-03    6.254658e-02  6.254658e-02    1.811583e-04  -1.811583e-04  9.999e-01
1.502176  3.183077e-03  2.469650e-02  2.490458e-02  3.181231e-03  2.475901e-02  2.292880e-01  1.649538e-01  2.494578e-02  2.469584e-02  1.654068e-01  2.293445e-01  2.477124e-02  3.233030e-03  2.470669e-02  2.490036e-02  3.029674e-03    6.354855e-02  6.354855e-02    1.934972e-04  -1.934972e-04  9.999e-01
1.529370  3.172602e-03  2.464134e-02  2.485572e-02  3.171303e-03  2.470021e-02  2.299607e-01  1.645242e-01  2.489158e-02  2.463858e-02  1.649729e-01  2.300172e-01  2.471772e-02  3.225300e-03  2.464829e-02  2.484143e-02  3.020904e-03    6.463598e-02  6.463598e-02    2.071826e-04  -2.071826e-04  9.999e-01
1.565426  3.157911e-03  2.456642e-02  2.478902e-02  3.157554e-03  2.461955e-02  2.308461e-01  1.639727e-01  2.481669e-02  2.456034e-02  1.644136e-01  2.309025e-01  2.464452e-02  3.214710e-03  2.456880e-02  2.476026e-02  3.009408e-03    6.605446e-02  6.605446e-02    2.253912e-04  -2.253912e-04  9.999e-01
1.600544  3.142829e-03  2.449159e-02  2.472206e-02  3.143620e-03  2.453822e-02  2.317011e-01  1.634552e-01  2.474062e-02  2.448166e-02  1.638857e-01  2.317568e-01  2.457091e-02  3.204021e-03  2.448924e-02  2.467799e-02  2.998341e-03    6.741047e-02  6.741047e-02    2.431183e-04  -2.431183e-04  9.999e-01
1.632976  3.128329e-03  2.442090e-02  2.465855e-02  3.130376e-03  2.446081e-02  2.324838e-01  1.629940e-01  2.466776e-02  2.440696e-02  1.634131e-01  2.325390e-01  2.450103e-02  3.193822e-03  2.441405e-02  2.459941e-02  2.988224e-03    6.864035e-02  6.864035e-02    2.594313e-04  -2.594313e-04  9.999e-01
1.664361  3.113869e-03  2.435109e-02  2.459564e-02  3.117309e-03  2.438397e-02  2.332347e-01  1.625627e-01  2.459502e-02  2.433289e-02  1.629688e-01  2.332891e-01  2.443177e-02  3.183651e-03  2.433979e-02  2.452111e-02  2.978514e-03    6.981012e-02  6.981012e-02    2.750566e-04  -2.750566e-04  9.999e-01
1.696216  3.098835e-03  2.427884e-02  2.453040e-02  3.103888e-03  2.430418e-02  2.339902e-01  1.621397e-01  2.451908e-02  2.425605e-02  1.625309e-01  2.340436e-01  2.435991e-02  3.173033e-03  2.426304e-02  2.443954e-02  2.968722e-03    7.097694e-02  7.097694e-02    2.906897e-04  -2.906897e-04  9.999e-01
1.724745  3.085112e-03  2.421298e-02  2.447085e-02  3.091815e-03  2.423128e-02  2.346609e-01  1.617733e-01  2.444938e-02  2.418592e-02  1.621497e-01  2.347131e-01  2.429431e-02  3.163285e-03  2.419318e-02  2.436482e-02  2.959995e-03    7.200450e-02  7.200450e-02    3.044359e-04  -3.044359e-04  9.999e-01
1.753274  3.071168e-03  2.414603e-02  2.441029e-02  3.079766e-03  2.415716e-02  2.353259e-01  1.614183e-01  2.437820e-02  2.411464e-02  1.617786e-01  2.353767e-01  2.422760e-02  3.153335e-03  2.412234e-02  2.428863e-02  2.951300e-03    7.301566e-02  7.301566e-02    3.179016e-04  -3.179016e-04  9.999e-01
1.788190  3.053818e-03  2.406268e-02  2.433490e-02  3.065154e-03  2.406491e-02  2.361318e-01  1.609990e-01  2.428921e-02  2.402602e-02  1.613379e-01  2.361805e-01  2.414454e-02  3.140931e-03  2.403441e-02  2.419356e-02  2.940689e-03    7.423102e-02  7.423102e-02    3.339497e-04  -3.339497e-04  9.999e-01
1.823106  3.036153e-03  2.397782e-02  2.425818e-02  3.050790e-03  2.397118e-02  2.369286e-01  1.605957e-01  2.419836e-02  2.393605e-02  1.609119e-01  2.369748e-01  2.406007e-02  3.128350e-03  2.394525e-02  2.409668e-02  2.930104e-03    7.542214e-02  7.542214e-02    3.495060e-04  -3.495060e-04  9.999e-01
1.861995  3.016095e-03  2.388167e-02  2.417136e-02  3.035179e-03  2.386525e-02  2.378050e-01  1.601651e-01  2.409528e-02  2.383450e-02  1.604540e-01  2.378481e-01  2.396452e-02  3.114221e-03  2.384461e-02  2.398686e-02  2.918331e-03    7.672050e-02  7.672050e-02    3.661104e-04  -3.661104e-04  9.999e-01
1.897425  2.997455e-03  2.379269e-02  2.409110e-02  3.021354e-03  2.376758e-02  2.385930e-01  1.597890e-01  2.399991e-02  2.374096e-02  1.600516e-01  2.386329e-01  2.387632e-02  3.101341e-03  2.375190e-02  2.388534e-02  2.907620e-03    7.787767e-02  7.787767e-02    3.805852e-04  -3.805852e-04  9.999e-01
1.935010  2.977295e-03  2.369704e-02  2.400491e-02  3.007111e-03  2.366298e-02  2.394177e-01  1.594063e-01  2.389753e-02  2.364089e-02  1.596397e-01  2.394538e-01  2.378176e-02  3.087759e-03  2.365263e-02  2.377633e-02  2.896260e-03    7.907873e-02  7.907873e-02    3.951949e-04  -3.951949e-04  9.999e-01
1.975010  2.955403e-03  2.359403e-02  2.391219e-02  2.992427e-03  2.355081e-02  2.402821e-01  1.590168e-01  2.378757e-02  2.353369e-02  1.592177e-01  2.403141e-01  2.368027e-02  3.073494e-03  2.354615e-02  2.365909e-02  2.884156e-03    8.032730e-02  8.032730e-02    4.098628e-04  -4.098628e-04  9.999e-01
2.015010  2.933075e-03  2.349003e-02  2.381862e-02  2.978215e-03  2.343808e-02  2.411325e-01  1.586447e-01  2.367695e-02  2.342603e-02  1.588119e-01  2.411601e-01  2.357817e-02  3.059531e-03  2.343909e-02  2.354090e-02  2.872022e-03    8.154569e-02  8.154569e-02    4.236396e-04  -4.236396e-04  9.999e-01
2.055010  2.910339e-03  2.338529e-02  2.372444e-02  2.964458e-03  2.332505e-02  2.419683e-01  1.582893e-01  2.356605e-02  2.331817e-02  1.584216e-01  2.419918e-01  2.347574e-02  3.045949e-03  2.333165e-02  2.342199e-02  2.859823e-03    8.273431e-02  8.273431e-02    4.364531e-04  -4.364531e-04  9.999e-01
2.089174  2.890628e-03  2.329545e-02  2.364367e-02  2.953053e-03  2.322853e-02  2.426702e-01  1.579983e-01  2.347139e-02  2.322608e-02  1.581000e-01  2.426906e-01  2.338822e-02  3.034698e-03  2.323979e-02  2.332008e-02  2.849335e-03    8.372625e-02  8.372625e-02    4.466600e-04  -4.466600e-04  9.999e-01
2.121486  2.871760e-03  2.321034e-02  2.356714e-02  2.942543e-03  2.313742e-02  2.433238e-01  1.577332e-01  2.338213e-02  2.313913e-02  1.578054e-01  2.433412e-01  2.330560e-02  3.024376e-03  2.315301e-02  2.322356e-02  2.839346e-03    8.464495e-02  8.464495e-02    4.556391e-04  -4.556391e-04  9.999e-01
2.151118  2.854275e-03  2.313227e-02  2.349695e-02  2.933115e-03  2.305416e-02  2.439143e-01  1.574984e-01  2.330064e-02  2.305963e-02  1.575430e-01  2.439291e-01  2.323009e-02  3.015193e-03  2.307361e-02  2.313505e-02  2.830120e-03    8.547100e-02  8.547100e-02    4.633115e-04  -4.633115e-04  9.999e-01
2.185435  2.833819e-03  2.304199e-02  2.341578e-02  2.922409e-03  2.295827e-02  2.445873e-01  1.572360e-01  2.320690e-02  2.296796e-02  1.572481e-01  2.445994e-01  2.314314e-02  3.004907e-03  2.298203e-02  2.303271e-02  2.819348e-03    8.640829e-02  8.640829e-02    4.715382e-04  -4.715382e-04  9.999e-01
2.222729  2.811360e-03  2.294420e-02  2.332790e-02  2.910983e-03  2.285491e-02  2.453051e-01  1.569617e-01  2.310600e-02  2.286895e-02  1.569381e-01  2.453146e-01  2.304944e-02  2.994167e-03  2.288311e-02  2.292189e-02  2.807525e-03    8.740358e-02  8.740358e-02    4.796688e-04  -4.796688e-04  9.999e-01
2.252102  2.793523e-03  2.286754e-02  2.325904e-02  2.902106e-03  2.277429e-02  2.458605e-01  1.567533e-01  2.302736e-02  2.279151e-02  1.567013e-01  2.458681e-01  2.297638e-02  2.986036e-03  2.280578e-02  2.283501e-02  2.798122e-03    8.817067e-02  8.817067e-02    4.854667e-04  -4.854667e-04  9.999e-01
2.280662  2.776079e-03  2.279340e-02  2.319247e-02  2.893566e-03  2.269668e-02  2.463920e-01  1.565569e-01  2.295170e-02  2.271676e-02  1.564769e-01  2.463980e-01  2.290606e-02  2.978409e-03  2.273118e-02  2.275099e-02  2.788898e-03    8.890247e-02  8.890247e-02    4.905955e-04  -4.905955e-04  9.999e-01
2.309228  2.758561e-03  2.271970e-02  2.312634e-02  2.885111e-03  2.261991e-02  2.469151e-01  1.563662e-01  2.287690e-02  2.264257e-02  1.562580e-01  2.469198e-01  2.283652e-02  2.971054e-03  2.265721e-02  2.266748e-02  2.779591e-03    8.962081e-02  8.962081e-02    4.952290e-04  -4.952290e-04  9.999e-01
2.341089  2.738983e-03  2.263812e-02  2.305318e-02  2.875786e-03  2.253544e-02  2.474885e-01  1.561600e-01  2.279458e-02  2.256061e-02  1.560202e-01  2.474918e-01  2.276001e-02  2.963173e-03  2.257559e-02  2.257505e-02  2.769116e-03    9.040613e-02  9.040613e-02    4.998020e-04  -4.998020e-04  9.999e-01
2.366041  2.723660e-03  2.257471e-02  2.299637e-02  2.868567e-03  2.247020e-02  2.479300e-01  1.560031e-01  2.273098e-02  2.249704e-02  1.558384e-01  2.479324e-01  2.270091e-02  2.957235e-03  2.251238e-02  2.250325e-02  2.760845e-03    9.100961e-02  9.100961e-02    5.029302e-04  -5.029302e-04  9.999e-01
2.389132  2.709514e-03  2.251645e-02  2.294421e-02  2.861958e-03  2.241059e-02  2.483327e-01  1.558613e-01  2.267285e-02  2.243874e-02  1.556735e-01  2.483345e-01  2.264690e-02  2.951918e-03  2.245448e-02  2.243731e-02  2.753142e-03    9.155919e-02  9.155919e-02    5.054761e-04  -5.054761e-04  9.999e-01
2.412519  2.695248e-03  2.245785e-02  2.289180e-02  2.855340e-03  2.235102e-02  2.487348e-01  1.557208e-01  2.261470e-02  2.238025e-02  1.555097e-01  2.487360e-01  2.259289e-02  2.946703e-03  2.239645e-02  2.237106e-02  2.745297e-03    9.210719e-02  9.210719e-02    5.076982e-04  -5.076982e-04  9.999e-01
2.449162  2.673078e-03  2.236693e-02  2.281057e-02  2.845144e-03  2.225938e-02  2.493532e-01  1.555070e-01  2.252514e-02  2.228979e-02  1.552594e-01  2.493536e-01  2.250974e-02  2.938854e-03  2.230686e-02  2.226841e-02  2.732937e-03    9.294865e-02  9.294865e-02    5.104614e-04  -5.104614e-04  9.999e-01
2.483083  2.652834e-03  2.228373e-02  2.273638e-02  2.835920e-03  2.217651e-02  2.499129e-01  1.553155e-01  2.244397e-02  2.220746e-02  1.550340e-01  2.499128e-01  2.243444e-02  2.931908e-03  2.222544e-02  2.217475e-02  2.721443e-03    9.370921e-02  9.370921e-02    5.122340e-04  -5.122340e-04  9.999e-01
2.509810  2.637125e-03  2.221884e-02  2.267864e-02  2.828821e-03  2.211261e-02  2.503453e-01  1.551686e-01  2.238124e-02  2.214360e-02  1.548607e-01  2.503450e-01  2.237625e-02  2.926628e-03  2.216237e-02  2.210193e-02  2.712370e-03    9.429628e-02  9.429628e-02    5.130493e-04  -5.130493e-04  9.999e-01
2.533925  2.623170e-03  2.216081e-02  2.262708e-02  2.822560e-03  2.205607e-02  2.507289e-01  1.550390e-01  2.232559e-02  2.208679e-02  1.547075e-01  2.507284e-01  2.232465e-02  2.921997e-03  2.210631e-02  2.203701e-02  2.704181e-03    9.481686e-02  9.481686e-02    5.133522e-04  -5.133522e-04  9.999e-01
2.555930  2.610637e-03  2.210828e-02  2.258051e-02  2.816979e-03  2.200541e-02  2.510736e-01  1.549230e-01  2.227560e-02  2.203566e-02  1.545701e-01  2.510731e-01  2.227832e-02  2.917868e-03  2.205586e-02  2.197845e-02  2.696711e-03    9.528447e-02  9.528447e-02    5.132880e-04  -5.132880e-04  9.999e-01
2.577160  2.598747e-03  2.205797e-02  2.253600e-02  2.811723e-03  2.195742e-02  2.514012e-01  1.548131e-01  2.222811e-02  2.198698e-02  1.544397e-01  2.514007e-01  2.223431e-02  2.913969e-03  2.200786e-02  2.192257e-02  2.689512e-03    9.572900e-02  9.572900e-02    5.128843e-04  -5.128843e-04  9.999e-01
2.597347  2.587637e-03  2.201048e-02  2.249407e-02  2.806852e-03  2.191260e-02  2.517084e-01  1.547104e-01  2.218364e-02  2.194131e-02  1.543177e-01  2.517079e-01  2.219308e-02  2.910330e-03  2.196284e-02  2.187003e-02  2.682675e-03    9.614573e-02  9.614573e-02    5.121930e-04  -5.121930e-04  9.999e-01
2.617533  2.576731e-03  2.196332e-02  2.245254e-02  2.802112e-03  2.186859e-02  2.520113e-01  1.546094e-01  2.213982e-02  2.189626e-02  1.541975e-01  2.520108e-01  2.215246e-02  2.906756e-03  2.191843e-02  2.181808e-02  2.675848e-03    9.655673e-02  9.655673e-02    5.112105e-04  -5.112105e-04  9.999e-01
2.638145  2.565816e-03  2.191550e-02  2.241054e-02  2.797416e-03  2.182450e-02  2.523162e-01  1.545078e-01  2.209578e-02  2.185091e-02  1.540767e-01  2.523157e-01  2.211163e-02  2.903166e-03  2.187372e-02  2.176566e-02  2.668889e-03    9.697054e-02  9.697054e-02    5.099017e-04  -5.099017e-04  9.999e-01
2.656986  2.556041e-03  2.187207e-02  2.237252e-02  2.793255e-03  2.178497e-02  2.525911e-01  1.544163e-01  2.205614e-02  2.181006e-02  1.539678e-01  2.525906e-01  2.207487e-02  2.899935e-03  2.183343e-02  2.171831e-02  2.662538e-03    9.734373e-02  9.734373e-02    5.084408e-04  -5.084408e-04  9.999e-01
2.681737  2.543506e-03  2.181546e-02  2.232311e-02  2.787990e-03  2.173416e-02  2.529465e-01  1.542981e-01  2.200496e-02  2.175726e-02  1.538272e-01  2.529461e-01  2.202741e-02  2.895758e-03  2.178136e-02  2.165693e-02  2.654213e-03    9.782665e-02  9.782665e-02    5.061406e-04  -5.061406e-04  9.999e-01
2.707335  2.530922e-03  2.175740e-02  2.227266e-02  2.782791e-03  2.168299e-02  2.533075e-01  1.541780e-01  2.195312e-02  2.170374e-02  1.536843e-01  2.533071e-01  2.197930e-02  2.891510e-03  2.172853e-02  2.159448e-02  2.645622e-03    9.831755e-02  9.831755e-02    5.033046e-04  -5.033046e-04  9.999e-01
2.747335  2.512060e-03  2.166769e-02  2.219517e-02  2.775185e-03  2.160584e-02  2.538581e-01  1.539946e-01  2.187431e-02  2.162235e-02  1.534664e-01  2.538578e-01  2.190613e-02  2.885005e-03  2.164811e-02  2.149903e-02  2.632245e-03    9.906751e-02  9.906751e-02    4.979899e-04  -4.979899e-04  9.999e-01
2.787335  2.494205e-03  2.157918e-02  2.211934e-02  2.768218e-03  2.153218e-02  2.543925e-01  1.538160e-01  2.179822e-02  2.154376e-02  1.532547e-01  2.543922e-01  2.183541e-02  2.878633e-03  2.157031e-02  2.140624e-02  2.618932e-03    9.979713e-02  9.979713e-02    4.915607e-04  -4.915607e-04  9.999e-01
2.825772  2.478017e-03  2.149530e-02  2.204805e-02  2.762132e-03  2.146475e-02  2.548910e-01  1.536484e-01  2.172765e-02  2.147096e-02  1.530570e-01  2.548904e-01  2.176974e-02  2.872615e-03  2.149806e-02  2.131968e-02  2.606215e-03    1.004796e-01  1.004796e-01    4.844495e-04  -4.844495e-04  9.999e-01
2.861970  2.463649e-03  2.141735e-02  2.198235e-02  2.756949e-03  2.140426e-02  2.553471e-01  1.534941e-01  2.166346e-02  2.140489e-02  1.528756e-01  2.553462e-01  2.170997e-02  2.867019e-03  2.143227e-02  2.124055e-02  2.594324e-03    1.011060e-01  1.011060e-01    4.769654e-04  -4.769654e-04  9.999e-01
2.895546  2.451077e-03  2.134599e-02  2.192266e-02  2.752615e-03  2.135079e-02  2.557587e-01  1.533536e-01  2.160589e-02  2.134579e-02  1.527113e-01  2.557575e-01  2.165630e-02  2.861874e-03  2.137320e-02  2.116927e-02  2.583382e-03    1.016733e-01  1.016733e-01    4.693975e-04  -4.693975e-04  9.999e-01
2.935546  2.437035e-03  2.126218e-02  2.185312e-02  2.748040e-03  2.129042e-02  2.562349e-01  1.531895e-01  2.153976e-02  2.127816e-02  1.525205e-01  2.562332e-01  2.159461e-02  2.855778e-03  2.130529e-02  2.108707e-02  2.570475e-03    1.023324e-01  1.023324e-01    4.596301e-04  -4.596301e-04  9.999e-01
2.975546  2.423985e-03  2.117975e-02  2.178530e-02  2.744090e-03  2.123366e-02  2.566960e-01  1.530285e-01  2.147631e-02  2.121356e-02  1.523348e-01  2.566934e-01  2.153534e-02  2.849694e-03  2.124003e-02  2.100784e-02  2.557727e-03    1.029738e-01  1.029738e-01    4.491267e-04  -4.491267e-04  9.999e-01
3.015546  2.411893e-03  2.109875e-02  2.171920e-02  2.740741e-03  2.118051e-02  2.571422e-01  1.528704e-01  2.141551e-02  2.115201e-02  1.521539e-01  2.571386e-01  2.147848e-02  2.843598e-03  2.117743e-02  2.093164e-02  2.545158e-03    1.035981e-01  1.035981e-01    4.379727e-04  -4.379727e-04  9.999e-01
3.049681  2.402303e-03  2.103081e-02  2.166418e-02  2.738338e-03  2.113799e-02  2.575114e-01  1.527375e-01  2.136571e-02  2.110188e-02  1.520032e-01  2.575068e-01  2.143185e-02  2.838368e-03  2.112609e-02  2.086905e-02  2.534589e-03    1.041176e-01  1.041176e-01    4.279976e-04  -4.279976e-04  9.999e-01
3.083816  2.393357e-03  2.096402e-02  2.161043e-02  2.736332e-03  2.109805e-02  2.578701e-01  1.526065e-01  2.131782e-02  2.105396e-02  1.518556e-01  2.578642e-01  2.138693e-02  2.833095e-03  2.107667e-02  2.080871e-02  2.524177e-03    1.046254e-01  1.046254e-01    4.176485e-04  -4.176485e-04  9.999e-01
3.123816  2.383657e-03  2.088729e-02  2.154906e-02  2.734457e-03  2.105446e-02  2.582775e-01  1.524549e-01  2.126412e-02  2.100059e-02  1.516867e-01  2.582697e-01  2.133646e-02  2.826838e-03  2.102116e-02  2.074086e-02  2.512191e-03    1.052060e-01  1.052060e-01    4.050789e-04  -4.050789e-04  9.999e-01
3.163816  2.374759e-03  2.081226e-02  2.148945e-02  2.733050e-03  2.101428e-02  2.586710e-01  1.523054e-01  2.121299e-02  2.095020e-02  1.515218e-01  2.586613e-01  2.128825e-02  2.820477e-03  2.096823e-02  2.067616e-02  2.500453e-03    1.057713e-01  1.057713e-01    3.921563e-04  -3.921563e-04  9.999e-01
3.201414  2.367085e-03  2.074338e-02  2.143502e-02  2.732107e-03  2.097952e-02  2.590285e-01  1.521666e-01  2.116725e-02  2.090551e-02  1.513703e-01  2.590168e-01  2.124496e-02  2.814384e-03  2.092077e-02  2.061817e-02  2.489662e-03    1.062893e-01  1.062893e-01    3.797325e-04  -3.797325e-04  9.999e-01
3.237205  2.360363e-03  2.067933e-02  2.138465e-02  2.731509e-03  2.094902e-02  2.593581e-01  1.520359e-01  2.112577e-02  2.086534e-02  1.512291e-01  2.593441e-01  2.120553e-02  2.808469e-03  2.087762e-02  2.056553e-02  2.479632e-03    1.067708e-01  1.067708e-01    3.676814e-04  -3.676814e-04  9.999e-01
3.277205  2.353489e-03  2.060959e-02  2.133000e-02  2.731125e-03  2.091782e-02  2.597144e-01  1.518914e-01  2.108173e-02  2.082316e-02  1.510746e-01  2.596976e-01  2.116344e-02  2.801716e-03  2.083165e-02  2.050959e-02  2.468725e-03    1.072960e-01  1.072960e-01    3.540499e-04  -3.540499e-04  9.999e-01
3.311747  2.348069e-03  2.055096e-02  2.128419e-02  2.730981e-03  2.089321e-02  2.600120e-01  1.517678e-01  2.104563e-02  2.078899e-02  1.509439e-01  2.599926e-01  2.112871e-02  2.795759e-03  2.079382e-02  2.046375e-02  2.459590e-03    1.077388e-01  1.077388e-01    3.421742e-04  -3.421742e-04  9.999e-01
3.338145  2.344238e-03  2.050718e-02  2.125004e-02  2.730953e-03  2.087578e-02  2.602334e-01  1.516742e-01  2.101922e-02  2.076427e-02  1.508457e-01  2.602117e-01  2.110315e-02  2.791126e-03  2.076604e-02  2.043022e-02  2.452802e-03    1.080708e-01  1.080708e-01    3.330652e-04  -3.330652e-04  9.999e-01
3.362503  2.340938e-03  2.046759e-02  2.121919e-02  2.730966e-03  2.086072e-02  2.604331e-01  1.515882e-01  2.099574e-02  2.074251e-02  1.507563e-01  2.604092e-01  2.108029e-02  2.786788e-03  2.074125e-02  2.040044e-02  2.446694e-03    1.083722e-01  1.083722e-01    3.246485e-04  -3.246485e-04  9.999e-01
3.392613  2.337168e-03  2.041974e-02  2.118191e-02  2.731000e-03  2.084339e-02  2.606741e-01  1.514828e-01  2.096788e-02  2.071697e-02  1.506473e-01  2.606473e-01  2.105296e-02  2.781341e-03  2.071169e-02  2.036512e-02  2.439363e-03    1.087386e-01  1.087386e-01    3.142504e-04  -3.142504e-04  9.999e-01
3.420756  2.333947e-03  2.037612e-02  2.114791e-02  2.731015e-03  2.082842e-02  2.608935e-01  1.513848e-01  2.094297e-02  2.069444e-02  1.505471e-01  2.608638e-01  2.102830e-02  2.776162e-03  2.068511e-02  2.033358e-02  2.432738e-03    1.090750e-01  1.090750e-01    3.045612e-04  -3.045612e-04  9.999e-01
3.460756  2.329864e-03  2.031599e-02  2.110098e-02  2.730944e-03  2.080907e-02  2.611961e-01  1.512468e-01  2.090939e-02  2.066458e-02  1.504070e-01  2.611621e-01  2.099468e-02  2.768651e-03  2.064902e-02  2.029116e-02  2.423721e-03    1.095434e-01  1.095434e-01    2.908805e-04  -2.908805e-04  9.999e-01
3.500756  2.326345e-03  2.025811e-02  2.105567e-02  2.730678e-03  2.079184e-02  2.614882e-01  1.511099e-01  2.087791e-02  2.063719e-02  1.502697e-01  2.614493e-01  2.096264e-02  2.760956e-03  2.061481e-02  2.025149e-02  2.415189e-03    1.100006e-01  1.100006e-01    2.773481e-04  -2.773481e-04  9.998e-01
3.540756  2.323356e-03  2.020251e-02  2.101194e-02  2.730130e-03  2.077657e-02  2.617701e-01  1.509743e-01  2.084845e-02  2.061218e-02  1.501351e-01  2.617261e-01  2.093205e-02  2.753066e-03  2.058242e-02  2.021448e-02  2.407162e-03    1.104472e-01  1.104472e-01    2.640326e-04  -2.640326e-04  9.998e-01
3.580756  2.320854e-03  2.014925e-02  2.096976e-02  2.729221e-03  2.076310e-02  2.620423e-01  1.508400e-01  2.082093e-02  2.058945e-02  1.500031e-01  2.619928e-01  2.090283e-02  2.744969e-03  2.055176e-02  2.018004e-02  2.399650e-03    1.108836e-01  1.108836e-01    2.509640e-04  -2.509640e-04  9.998e-01
3.620756  2.318792e-03  2.009835e-02  2.092910e-02  2.727882e-03  2.075126e-02  2.623052e-01  1.507068e-01  2.079527e-02  2.056888e-02  1.498736e-01  2.622499e-01  2.087486e-02  2.736654e-03  2.052276e-02  2.014806e-02  2.392659e-03    1.113101e-01  1.113101e-01    2.382199e-04  -2.382199e-04  9.998e-01
3.658557  2.317200e-03  2.005244e-02  2.089203e-02  2.726166e-03  2.074142e-02  2.625454e-01  1.505820e-01  2.077265e-02  2.055132e-02  1.497534e-01  2.624845e-01  2.084946e-02  2.728584e-03  2.049681e-02  2.012002e-02  2.386529e-03    1.117045e-01  1.117045e-01    2.264896e-04  -2.264896e-04  9.998e-01
3.698557  2.315845e-03  2.000619e-02  2.085422e-02  2.723827e-03  2.073228e-02  2.627913e-01  1.504512e-01  2.075037e-02  2.053461e-02  1.496285e-01  2.627244e-01  2.082361e-02  2.719813e-03  2.047083e-02  2.009253e-02  2.380538e-03    1.121131e-01  1.121131e-01    2.144736e-04  -2.144736e-04  9.998e-01
3.738557  2.314781e-03  1.996234e-02  2.081782e-02  2.720908e-03  2.072426e-02  2.630291e-01  1.503217e-01  2.072970e-02  2.051971e-02  1.495057e-01  2.629560e-01  2.079869e-02  2.710797e-03  2.044629e-02  2.006718e-02  2.375038e-03    1.125130e-01  1.125130e-01    2.028843e-04  -2.028843e-04  9.998e-01
3.778557  2.313964e-03  1.992088e-02  2.078279e-02  2.717376e-03  2.071720e-02  2.632592e-01  1.501934e-01  2.071055e-02  2.050646e-02  1.493852e-01  2.631798e-01  2.077461e-02  2.701536e-03  2.042313e-02  2.004384e-02  2.370004e-03    1.129046e-01  1.129046e-01    1.917274e-04  -1.917274e-04  9.998e-01
3.818557  2.313354e-03  1.988178e-02  2.074907e-02  2.713204e-03  2.071090e-02  2.634821e-01  1.500666e-01  2.069282e-02  2.049474e-02  1.492667e-01  2.633964e-01  2.075128e-02  2.692035e-03  2.040127e-02  2.002238e-02  2.365405e-03    1.132882e-01  1.132882e-01    1.810230e-04  -1.810230e-04  9.999e-01
3.858557  2.312916e-03  1.984498e-02  2.071662e-02  2.708373e-03  2.070520e-02  2.636982e-01  1.499411e-01  2.067643e-02  2.048440e-02  1.491502e-01  2.636061e-01  2.072862e-02  2.682305e-03  2.038065e-02  2.000267e-02  2.361205e-03    1.136643e-01  1.136643e-01    1.707859e-04  -1.707859e-04  9.999e-01
3.898557  2.312617e-03  1.981044e-02  2.068538e-02  2.702871e-03  2.069989e-02  2.639078e-01  1.498172e-01  2.066128e-02  2.047527e-02  1.490357e-01  2.638095e-01  2.070656e-02  2.672358e-03  2.036120e-02  1.998458e-02  2.357362e-03    1.140331e-01  1.140331e-01    1.610037e-04  -1.610037e-04  9.999e-01
3.935258  2.312441e-03  1.978067e-02  2.065773e-02  2.697230e-03  2.069524e-02  2.640950e-01  1.497048e-01  2.064839e-02  2.046784e-02  1.489324e-01  2.639908e-01  2.068677e-02  2.663059e-03  2.034432e-02  1.996929e-02  2.354111e-03    1.143653e-01  1.143653e-01    1.524313e-04  -1.524313e-04  9.999e-01
3.964817  2.312356e-03  1.975798e-02  2.063613e-02  2.692274e-03  2.069155e-02  2.642423e-01  1.496152e-01  2.063865e-02  2.046244e-02  1.488504e-01  2.641333e-01  2.067111e-02  2.655459e-03  2.033136e-02  1.995780e-02  2.351660e-03    1.146288e-01  1.146288e-01    1.457883e-04  -1.457883e-04  9.999e-01
3.994376  2.312309e-03  1.973641e-02  2.061510e-02  2.686953e-03  2.068783e-02  2.643868e-01  1.495266e-01  2.062946e-02  2.045747e-02  1.487694e-01  2.642729e-01  2.065567e-02  2.647770e-03  2.031893e-02  1.994699e-02  2.349336e-03    1.148887e-01  1.148887e-01    1.393723e-04  -1.393723e-04  9.999e-01
4.025316  2.312295e-03  1.971497e-02  2.059366e-02  2.680997e-03  2.068384e-02  2.645351e-01  1.494349e-01  2.062037e-02  2.045268e-02  1.486858e-01  2.644162e-01  2.063971e-02  2.639635e-03  2.030646e-02  1.993633e-02  2.347018e-03    1.151572e-01  1.151572e-01    1.328895e-04  -1.328895e-04  9.999e-01
4.062869  2.312314e-03  1.969045e-02  2.056837e-02  2.673248e-03  2.067878e-02  2.647114e-01  1.493250e-01  2.061002e-02  2.044731e-02  1.485858e-01  2.645865e-01  2.062057e-02  2.629655e-03  2.029202e-02  1.992422e-02  2.344330e-03    1.154782e-01  1.154782e-01    1.253216e-04  -1.253216e-04  9.999e-01
4.102869  2.312366e-03  1.966603e-02  2.054227e-02  2.664379e-03  2.067300e-02  2.648951e-01  1.492097e-01  2.059973e-02  2.044199e-02  1.484812e-01  2.647637e-01  2.060041e-02  2.618913e-03  2.027742e-02  1.991220e-02  2.341573e-03    1.158146e-01  1.158146e-01    1.176046e-04  -1.176046e-04  9.999e-01
4.142249  2.312439e-03  1.964358e-02  2.051732e-02  2.655047e-03  2.066678e-02  2.650721e-01  1.490981e-01  2.059026e-02  2.043700e-02  1.483801e-01  2.649345e-01  2.058073e-02  2.608244e-03  2.026376e-02  1.990111e-02  2.338917e-03    1.161404e-01  1.161404e-01    1.103156e-04  -1.103156e-04  9.999e-01
4.180025  2.312522e-03  1.962341e-02  2.049402e-02  2.645551e-03  2.066023e-02  2.652388e-01  1.489929e-01  2.058171e-02  2.043231e-02  1.482848e-01  2.650951e-01  2.056194e-02  2.597933e-03  2.025127e-02  1.989106e-02  2.336376e-03    1.164482e-01  1.164482e-01    1.036115e-04  -1.036115e-04  9.999e-01
4.220025  2.312618e-03  1.960338e-02  2.046994e-02  2.634935e-03  2.065256e-02  2.654121e-01  1.488835e-01  2.057315e-02  2.042729e-02  1.481859e-01  2.652623e-01  2.054210e-02  2.586945e-03  2.023863e-02  1.988094e-02  2.333644e-03    1.167694e-01  1.167694e-01    9.678909e-05  -9.678909e-05  9.999e-01
4.255733  2.312703e-03  1.958655e-02  2.044888e-02  2.624989e-03  2.064502e-02  2.655645e-01  1.487876e-01  2.056587e-02  2.042264e-02  1.480993e-01  2.654093e-01  2.052439e-02  2.577086e-03  2.022781e-02  1.987225e-02  2.331131e-03    1.170520e-01  1.170520e-01    9.090480e-05  -9.090480e-05  9.999e-01
4.291442  2.312785e-03  1.957063e-02  2.042819e-02  2.614618e-03  2.063675e-02  2.657150e-01  1.486934e-01  2.055886e-02  2.041773e-02  1.480143e-01  2.655542e-01  2.050662e-02  2.567182e-03  2.021737e-02  1.986382e-02  2.328509e-03    1.173310e-01  1.173310e-01    8.521337e-05  -8.521337e-05  9.999e-01
4.328707  2.312858e-03  1.955487e-02  2.040691e-02  2.603362e-03  2.062731e-02  2.658702e-01  1.485970e-01  2.055178e-02  2.041221e-02  1.479274e-01  2.657037e-01  2.048798e-02  2.556803e-03  2.020682e-02  1.985521e-02  2.325621e-03    1.176184e-01  1.176184e-01    7.946699e-05  -7.946699e-05  9.999e-01
4.362853  2.312906e-03  1.954110e-02  2.038764e-02  2.592679e-03  2.061787e-02  2.660110e-01  1.485102e-01  2.054545e-02  2.040670e-02  1.478493e-01  2.658394e-01  2.047079e-02  2.547259e-03  2.019743e-02  1.984743e-02  2.322812e-03    1.178786e-01  1.178786e-01    7.436683e-05  -7.436683e-05  9.999e-01
4.399586  2.312927e-03  1.952691e-02  2.036710e-02  2.580815e-03  2.060686e-02  2.661612e-01  1.484188e-01  2.053873e-02  2.040021e-02  1.477671e-01  2.659840e-01  2.045214e-02  2.536957e-03  2.018756e-02  1.983910e-02  2.319586e-03    1.181553e-01  1.181553e-01    6.905166e-05  -6.905166e-05  9.999e-01
4.433981  2.312905e-03  1.951413e-02  2.034800e-02  2.569378e-03  2.059572e-02  2.663008e-01  1.483349e-01  2.053248e-02  2.039352e-02  1.476918e-01  2.661185e-01  2.043451e-02  2.527281e-03  2.017850e-02  1.983129e-02  2.316354e-03    1.184114e-01  1.184114e-01    6.422937e-05  -6.422937e-05  9.999e-01
4.471451  2.312820e-03  1.950067e-02  2.032727e-02  2.556583e-03  2.058264e-02  2.664519e-01  1.482453e-01  2.052565e-02  2.038546e-02  1.476115e-01  2.662643e-01  2.041509e-02  2.516713e-03  2.016877e-02  1.982271e-02  2.312582e-03    1.186872e-01  1.186872e-01    5.914817e-05  -5.914817e-05  9.999e-01
4.511451  2.312637e-03  1.948675e-02  2.030518e-02  2.542566e-03  2.056759e-02  2.666126e-01  1.481520e-01  2.051823e-02  2.037590e-02  1.475279e-01  2.664191e-01  2.039406e-02  2.505401e-03  2.015847e-02  1.981340e-02  2.308243e-03    1.189783e-01  1.189783e-01    5.391290e-05  -5.391290e-05  9.999e-01
4.551451  2.312332e-03  1.947316e-02  2.028308e-02  2.528217e-03  2.055142e-02  2.667726e-01  1.480609e-01  2.051062e-02  2.036525e-02  1.474465e-01  2.665734e-01  2.037272e-02  2.494068e-03  2.014820e-02  1.980386e-02  2.303578e-03    1.192660e-01  1.192660e-01    4.888880e-05  -4.888880e-05  9.999e-01
4.590727  2.311888e-03  1.946006e-02  2.026131e-02  2.513835e-03  2.053445e-02  2.669294e-01  1.479738e-01  2.050286e-02  2.035365e-02  1.473688e-01  2.667247e-01  2.035142e-02  2.482924e-03  2.013807e-02  1.979420e-02  2.298674e-03    1.195453e-01  1.195453e-01    4.414927e-05  -4.414927e-05  9.999e-01
4.630727  2.311258e-03  1.944686e-02  2.023902e-02  2.498925e-03  2.051609e-02  2.670889e-01  1.478873e-01  2.049459e-02  2.034063e-02  1.472917e-01  2.668787e-01  2.032936e-02  2.471567e-03  2.012763e-02  1.978402e-02  2.293359e-03    1.198266e-01  1.198266e-01    3.952951e-05  -3.952951e-05  9.999e-01
4.670727  2.310420e-03  1.943371e-02  2.021659e-02  2.483777e-03  2.049665e-02  2.672486e-01  1.478031e-01  2.048587e-02  2.032631e-02  1.472169e-01  2.670328e-01  2.030690e-02  2.460209e-03  2.011700e-02  1.977341e-02  2.287733e-03    1.201048e-01  1.201048e-01    3.510538e-05  -3.510538e-05  9.999e-01
4.710727  2.309342e-03  1.942052e-02  2.019397e-02  2.468422e-03  2.047617e-02  2.674086e-01  1.477213e-01  2.047663e-02  2.031066e-02  1.471442e-01  2.671871e-01  2.028402e-02  2.448859e-03  2.010610e-02  1.976232e-02  2.281819e-03    1.203802e-01  1.203802e-01    3.088760e-05  -3.088760e-05  9.999e-01
4.750727  2.307996e-03  1.940722e-02  2.017115e-02  2.452888e-03  2.045469e-02  2.675690e-01  1.476417e-01  2.046680e-02  2.029364e-02  1.470737e-01  2.673418e-01  2.026072e-02  2.437524e-03  2.009488e-02  1.975071e-02  2.275646e-03    1.206528e-01  1.206528e-01    2.687626e-05  -2.687626e-05  9.999e-01
4.790727  2.306355e-03  1.939373e-02  2.014810e-02  2.437198e-03  2.043226e-02  2.677299e-01  1.475643e-01  2.045632e-02  2.027524e-02  1.470053e-01  2.674970e-01  2.023699e-02  2.426212e-03  2.008326e-02  1.973851e-02  2.269247e-03    1.209226e-01  1.209226e-01    2.308043e-05  -2.308043e-05  9.999e-01
4.830727  2.304392e-03  1.937998e-02  2.012481e-02  2.421377e-03  2.040892e-02  2.678915e-01  1.474893e-01  2.044515e-02  2.025542e-02  1.469390e-01  2.676529e-01  2.021282e-02  2.414929e-03  2.007119e-02  1.972568e-02  2.262657e-03    1.211898e-01  1.211898e-01    1.950207e-05  -1.950207e-05  9.999e-01
4.870727  2.302086e-03  1.936590e-02  2.010129e-02  2.405447e-03  2.038470e-02  2.680537e-01  1.474163e-01  2.043324e-02  2.023421e-02  1.468749e-01  2.678096e-01  2.018823e-02  2.403681e-03  2.005862e-02  1.971217e-02  2.255913e-03    1.214545e-01  1.214545e-01    1.622440e-05  -1.622440e-05  9.999e-01
4.910727  2.299417e-03  1.935142e-02  2.007750e-02  2.389422e-03  2.035971e-02  2.682169e-01  1.473456e-01  2.042058e-02  2.021158e-02  1.468127e-01  2.679670e-01  2.016319e-02  2.392480e-03  2.004549e-02  1.969797e-02  2.249048e-03    1.217167e-01  1.217167e-01    1.308573e-05  -1.308573e-05  9.999e-01
4.945967  2.296752e-03  1.933830e-02  2.005634e-02  2.375244e-03  2.033707e-02  2.683614e-01  1.472851e-01  2.040876e-02  2.019048e-02  1.467596e-01  2.681063e-01  2.014076e-02  2.382658e-03  2.003342e-02  1.968483e-02  2.242928e-03    1.219457e-01  1.219457e-01    1.050475e-05  -1.050475e-05  9.999e-01
4.981208  2.293784e-03  1.932480e-02  2.003498e-02  2.361023e-03  2.031390e-02  2.685067e-01  1.472263e-01  2.039633e-02  2.016831e-02  1.467081e-01  2.682462e-01  2.011800e-02  2.372889e-03  2.002086e-02  1.967110e-02  2.236762e-03    1.221728e-01  1.221728e-01    8.092676e-06  -8.092676e-06  9.999e-01
5.016258  2.290526e-03  1.931096e-02  2.001354e-02  2.346851e-03  2.029035e-02  2.686519e-01  1.471693e-01  2.038334e-02  2.014520e-02  1.466583e-01  2.683861e-01  2.009504e-02  2.363236e-03  2.000784e-02  1.965684e-02  2.230605e-03    1.223969e-01  1.223969e-01    5.882836e-06  -5.882836e-06  9.999e-01
5.047704  2.287343e-03  1.929817e-02  1.999414e-02  2.334122e-03  2.026886e-02  2.687828e-01  1.471197e-01  2.037115e-02  2.012359e-02  1.466150e-01  2.685121e-01  2.007415e-02  2.354638e-03  1.999570e-02  1.964352e-02  2.225073e-03    1.225964e-01  1.225964e-01    4.028907e-06  -4.028907e-06  9.999e-01
5.079151  2.283912e-03  1.928500e-02  1.997458e-02  2.321393e-03  2.024702e-02  2.689143e-01  1.470712e-01  2.035846e-02  2.010115e-02  1.465728e-01  2.686387e-01  2.005301e-02  2.346108e-03  1.998311e-02  1.962969e-02  2.219547e-03    1.227945e-01  1.227945e-01    2.320714e-06  -2.320714e-06  9.999e-01
5.108804  2.280454e-03  1.927222e-02  1.995600e-02  2.309399e-03  2.022616e-02  2.690389e-01  1.470267e-01  2.034603e-02  2.007925e-02  1.465340e-01  2.687586e-01  2.003284e-02  2.338135e-03  1.997081e-02  1.961617e-02  2.214351e-03    1.229801e-01  1.229801e-01    8.493704e-07  -8.493704e-07  9.999e-01
5.139087  2.276701e-03  1.925880e-02  1.993687e-02  2.297171e-03  2.020460e-02  2.691667e-01  1.469823e-01  2.033287e-02  2.005616e-02  1.464955e-01  2.688814e-01  2.001200e-02  2.330070e-03  1.995781e-02  1.960189e-02  2.209070e-03    1.231684e-01  1.231684e-01    -5.268491e-07  5.268491e-07  9.999e-01
5.171627  2.272427e-03  1.924393e-02  1.991615e-02  2.284066e-03  2.018118e-02  2.693047e-01  1.469359e-01  2.031822e-02  2.003054e-02  1.464553e-01  2.690140e-01  1.998935e-02  2.321501e-03  1.994332e-02  1.958601e-02  2.203434e-03    1.233693e-01  1.233693e-01    -1.848490e-06  1.848490e-06  9.999e-01
5.211627  2.266841e-03  1.922500e-02  1.989043e-02  2.268028e-03  2.015207e-02  2.694751e-01  1.468805e-01  2.029948e-02  1.999793e-02  1.464076e-01  2.691776e-01  1.996114e-02  2.311115e-03  1.992477e-02  1.956573e-02  2.196577e-03    1.236142e-01  1.236142e-01    -3.244103e-06  3.244103e-06  9.999e-01
5.245798  2.261793e-03  1.920826e-02  1.986824e-02  2.254407e-03  2.012697e-02  2.696215e-01  1.468347e-01  2.028284e-02  1.996913e-02  1.463682e-01  2.693180e-01  1.993671e-02  2.302383e-03  1.990826e-02  1.954774e-02  2.190796e-03    1.238218e-01  1.238218e-01    -4.223178e-06  4.223178e-06  9.999e-01
5.279969  2.256507e-03  1.919096e-02  1.984585e-02  2.240877e-03  2.010169e-02  2.697685e-01  1.467903e-01  2.026563e-02  1.993948e-02  1.463301e-01  2.694589e-01  1.991200e-02  2.293788e-03  1.989113e-02  1.952913e-02  2.185099e-03    1.240278e-01  1.240278e-01    -5.007482e-06  5.007482e-06  9.999e-01
5.316666  2.250582e-03  1.917176e-02  1.982157e-02  2.226465e-03  2.007437e-02  2.699270e-01  1.467440e-01  2.024652e-02  1.990673e-02  1.462907e-01  2.696108e-01  1.988514e-02  2.284720e-03  1.987203e-02  1.950849e-02  2.179087e-03    1.242474e-01  1.242474e-01    -5.622650e-06  5.622650e-06  9.999e-01
5.355214  2.244106e-03  1.915089e-02  1.979580e-02  2.211480e-03  2.004553e-02  2.700943e-01  1.466971e-01  2.022576e-02  1.987136e-02  1.462508e-01  2.697708e-01  1.985660e-02  2.275383e-03  1.985117e-02  1.948608e-02  2.172907e-03    1.244761e-01  1.244761e-01    -6.005026e-06  6.005026e-06  9.999e-01
5.391276  2.237838e-03  1.913072e-02  1.977143e-02  2.197622e-03  2.001846e-02  2.702514e-01  1.466546e-01  2.020570e-02  1.983740e-02  1.462149e-01  2.699210e-01  1.982958e-02  2.266831e-03  1.983092e-02  1.946445e-02  2.167263e-03    1.246883e-01  1.246883e-01    -6.110195e-06  6.110195e-06  9.999e-01
5.431122  2.230708e-03  1.910768e-02  1.974422e-02  2.182512e-03  1.998849e-02  2.704256e-01  1.466092e-01  2.018285e-02  1.979896e-02  1.461767e-01  2.700873e-01  1.979941e-02  2.257593e-03  1.980771e-02  1.943983e-02  2.161197e-03    1.249208e-01  1.249208e-01    -5.938111e-06  5.938111e-06  9.999e-01
5.471122  2.223368e-03  1.908379e-02  1.971661e-02  2.167575e-03  1.995838e-02  2.706011e-01  1.465653e-01  2.015919e-02  1.975945e-02  1.461400e-01  2.702546e-01  1.976881e-02  2.248547e-03  1.978353e-02  1.941439e-02  2.155300e-03    1.251521e-01  1.251521e-01    -5.448877e-06  5.448877e-06  9.999e-01
5.511122  2.215880e-03  1.905912e-02  1.968869e-02  2.152891e-03  1.992829e-02  2.707771e-01  1.465231e-01  2.013482e-02  1.971908e-02  1.461049e-01  2.704222e-01  1.973792e-02  2.239732e-03  1.975849e-02  1.938825e-02  2.149609e-03    1.253813e-01  1.253813e-01    -4.637917e-06  4.637917e-06  9.999e-01
5.551122  2.208282e-03  1.903371e-02  1.966048e-02  2.138477e-03  1.989825e-02  2.709535e-01  1.464824e-01  2.010977e-02  1.967792e-02  1.460711e-01  2.705899e-01  1.970679e-02  2.231151e-03  1.973261e-02  1.936146e-02  2.144134e-03    1.256083e-01  1.256083e-01    -3.489011e-06  3.489011e-06  9.999e-01
5.591122  2.200611e-03  1.900755e-02  1.963200e-02  2.124347e-03  1.986829e-02  2.711303e-01  1.464433e-01  2.008404e-02  1.963604e-02  1.460388e-01  2.707576e-01  1.967544e-02  2.222803e-03  1.970590e-02  1.933405e-02  2.138880e-03    1.258333e-01  1.258333e-01    -2.000267e-06  2.000267e-06  9.999e-01
5.631122  2.192907e-03  1.898070e-02  1.960326e-02  2.110514e-03  1.983844e-02  2.713074e-01  1.464057e-01  2.005766e-02  1.959351e-02  1.460078e-01  2.709252e-01  1.964392e-02  2.214686e-03  1.967839e-02  1.930606e-02  2.133853e-03    1.260561e-01  1.260561e-01    -1.704730e-07  1.704730e-07  9.999e-01
5.670911  2.185248e-03  1.895330e-02  1.957443e-02  2.097059e-03  1.980887e-02  2.714837e-01  1.463697e-01  2.003080e-02  1.955066e-02  1.459782e-01  2.710917e-01  1.961246e-02  2.206839e-03  1.965028e-02  1.927769e-02  2.129078e-03    1.262755e-01  1.262755e-01    1.967969e-06  -1.967969e-06  9.999e-01
5.710911  2.177595e-03  1.892513e-02  1.954526e-02  2.083845e-03  1.977931e-02  2.716609e-01  1.463350e-01  2.000319e-02  1.950709e-02  1.459496e-01  2.712587e-01  1.958076e-02  2.199173e-03  1.962131e-02  1.924869e-02  2.124505e-03    1.264940e-01  1.264940e-01    4.481259e-06  -4.481259e-06  9.999e-01
5.750911  2.170026e-03  1.889636e-02  1.951592e-02  2.070952e-03  1.974991e-02  2.718381e-01  1.463016e-01  1.997502e-02  1.946313e-02  1.459219e-01  2.714252e-01  1.954905e-02  2.191721e-03  1.959168e-02  1.921927e-02  2.120156e-03    1.267103e-01  1.267103e-01    7.339954e-06  -7.339954e-06  9.999e-01
5.790911  2.162575e-03  1.886704e-02  1.948645e-02  2.058381e-03  1.972069e-02  2.720151e-01  1.462696e-01  1.994630e-02  1.941887e-02  1.458952e-01  2.715910e-01  1.951739e-02  2.184474e-03  1.956145e-02  1.918946e-02  2.116031e-03    1.269243e-01  1.269243e-01    1.050113e-05  -1.050113e-05  9.999e-01
5.830911  2.155280e-03  1.883723e-02  1.945690e-02  2.046133e-03  1.969166e-02  2.721918e-01  1.462389e-01  1.991708e-02  1.937439e-02  1.458693e-01  2.717560e-01  1.948581e-02  2.177418e-03  1.953067e-02  1.915934e-02  2.112122e-03    1.271360e-01  1.271360e-01    1.400673e-05  -1.400673e-05  9.999e-01
5.866700  2.148911e-03  1.881019e-02  1.943042e-02  2.035446e-03  1.966585e-02  2.723495e-01  1.462126e-01  1.989054e-02  1.933449e-02  1.458467e-01  2.719027e-01  1.945769e-02  2.171254e-03  1.950273e-02  1.913217e-02  2.108806e-03    1.273235e-01  1.273235e-01    1.736648e-05  -1.736648e-05  9.999e-01
5.902490  2.142711e-03  1.878285e-02  1.940396e-02  2.025015e-03  1.964020e-02  2.725068e-01  1.461872e-01  1.986365e-02  1.929457e-02  1.458246e-01  2.720486e-01  1.942971e-02  2.165217e-03  1.947445e-02  1.910484e-02  2.105658e-03    1.275091e-01  1.275091e-01    2.098443e-05  -2.098443e-05  9.999e-01
5.942490  2.136006e-03  1.875200e-02  1.937446e-02  2.013655e-03  1.961171e-02  2.726819e-01  1.461600e-01  1.983323e-02  1.925000e-02  1.458004e-01  2.722104e-01  1.939866e-02  2.158605e-03  1.944251e-02  1.907415e-02  2.102334e-03    1.277143e-01  1.277143e-01    2.528464e-05  -2.528464e-05  9.999e-01
5.982490  2.129558e-03  1.872090e-02  1.934507e-02  2.002605e-03  1.958342e-02  2.728562e-01  1.461340e-01  1.980245e-02  1.920560e-02  1.457765e-01  2.723707e-01  1.936789e-02  2.152114e-03  1.941029e-02  1.904338e-02  2.099214e-03    1.279172e-01  1.279172e-01    2.981603e-05  -2.981603e-05  9.999e-01
6.022490  2.123386e-03  1.868962e-02  1.931587e-02  1.991859e-03  1.955533e-02  2.730295e-01  1.461092e-01  1.977135e-02  1.916144e-02  1.457530e-01  2.725295e-01  1.933743e-02  2.145725e-03  1.937786e-02  1.901258e-02  2.096294e-03    1.281176e-01  1.281176e-01    3.454174e-05  -3.454174e-05  9.999e-01
6.061809  2.117601e-03  1.865878e-02  1.928739e-02  1.981586e-03  1.952791e-02  2.731989e-01  1.460858e-01  1.974051e-02  1.911837e-02  1.457302e-01  2.726838e-01  1.930782e-02  2.139522e-03  1.934585e-02  1.898235e-02  2.093617e-03    1.283122e-01  1.283122e-01    3.934105e-05  -3.934105e-05  9.999e-01
6.101809  2.112011e-03  1.862736e-02  1.925873e-02  1.971423e-03  1.950022e-02  2.733699e-01  1.460631e-01  1.970891e-02  1.907500e-02  1.457071e-01  2.728388e-01  1.927807e-02  2.133270e-03  1.931323e-02  1.895169e-02  2.091087e-03    1.285078e-01  1.285078e-01    4.431973e-05  -4.431973e-05  9.999e-01
6.139176  2.107060e-03  1.859804e-02  1.923228e-02  1.962185e-03  1.947452e-02  2.735285e-01  1.460428e-01  1.967923e-02  1.903495e-02  1.456856e-01  2.729819e-01  1.925064e-02  2.127464e-03  1.928276e-02  1.892322e-02  2.088900e-03    1.286881e-01  1.286881e-01    4.906743e-05  -4.906743e-05  9.999e-01
6.174876  2.102576e-03  1.857010e-02  1.920736e-02  1.953585e-03  1.945015e-02  2.736787e-01  1.460242e-01  1.965075e-02  1.899719e-02  1.456651e-01  2.731168e-01  1.922477e-02  2.121935e-03  1.925372e-02  1.889620e-02  2.086964e-03    1.288584e-01  1.288584e-01    5.363181e-05  -5.363181e-05  9.999e-01
6.204666  2.099018e-03  1.854687e-02  1.918685e-02  1.946574e-03  1.942993e-02  2.738030e-01  1.460092e-01  1.962693e-02  1.896608e-02  1.456479e-01  2.732280e-01  1.920345e-02  2.117325e-03  1.922957e-02  1.887382e-02  2.085462e-03    1.289989e-01  1.289989e-01    5.744143e-05  -5.744143e-05  9.999e-01
6.230613  2.096052e-03  1.852673e-02  1.916922e-02  1.940588e-03  1.941243e-02  2.739106e-01  1.459965e-01  1.960616e-02  1.893932e-02  1.456330e-01  2.733237e-01  1.918507e-02  2.113308e-03  1.920863e-02  1.885448e-02  2.084236e-03    1.291201e-01  1.291201e-01    6.074050e-05  -6.074050e-05  9.999e-01
6.256559  2.093208e-03  1.850669e-02  1.915182e-02  1.934711e-03  1.939501e-02  2.740173e-01  1.459842e-01  1.958537e-02  1.891288e-02  1.456180e-01  2.734185e-01  1.916689e-02  2.109285e-03  1.918779e-02  1.883529e-02  2.083083e-03    1.292403e-01  1.292403e-01    6.401779e-05  -6.401779e-05  9.999e-01
6.290986  2.089620e-03  1.848029e-02  1.912912e-02  1.927080e-03  1.937206e-02  2.741577e-01  1.459683e-01  1.955780e-02  1.887833e-02  1.455981e-01  2.735425e-01  1.914305e-02  2.103934e-03  1.916033e-02  1.881009e-02  2.081666e-03    1.293979e-01  1.293979e-01    6.830712e-05  -6.830712e-05  9.999e-01
6.324962  2.086280e-03  1.845446e-02  1.910718e-02  1.919733e-03  1.934958e-02  2.742948e-01  1.459532e-01  1.953063e-02  1.884486e-02  1.455783e-01  2.736630e-01  1.911987e-02  2.098634e-03  1.913349e-02  1.878555e-02  2.080386e-03    1.295516e-01  1.295516e-01    7.245119e-05  -7.245119e-05  9.999e-01
6.362957  2.082775e-03  1.842589e-02  1.908322e-02  1.911728e-03  1.932467e-02  2.744463e-01  1.459368e-01  1.950032e-02  1.880820e-02  1.455561e-01  2.737955e-01  1.909434e-02  2.092680e-03  1.910381e-02  1.875852e-02  2.079091e-03    1.297213e-01  1.297213e-01    7.693499e-05  -7.693499e-05  9.999e-01
6.402957  2.079335e-03  1.839621e-02  1.905869e-02  1.903541e-03  1.929870e-02  2.746036e-01  1.459202e-01  1.946855e-02  1.877054e-02  1.455325e-01  2.739323e-01  1.906793e-02  2.086379e-03  1.907301e-02  1.873058e-02  2.077874e-03    1.298973e-01  1.298973e-01    8.149215e-05  -8.149215e-05  9.999e-01
6.442354  2.076187e-03  1.836742e-02  1.903526e-02  1.895716e-03  1.927341e-02  2.747563e-01  1.459043e-01  1.943745e-02  1.873441e-02  1.455092e-01  2.740643e-01  1.904238e-02  2.080144e-03  1.904317e-02  1.870364e-02  2.076817e-03    1.300680e-01  1.300680e-01    8.577126e-05  -8.577126e-05  9.999e-01
6.482354  2.073224e-03  1.833868e-02  1.901225e-02  1.888015e-03  1.924803e-02  2.749088e-01  1.458886e-01  1.940611e-02  1.869872e-02  1.454853e-01  2.741954e-01  1.901692e-02  2.073786e-03  1.901343e-02  1.867691e-02  2.075879e-03    1.302386e-01  1.302386e-01    8.987659e-05  -8.987659e-05  9.999e-01
6.522354  2.070483e-03  1.831047e-02  1.899005e-02  1.880563e-03  1.922297e-02  2.750587e-01  1.458732e-01  1.937505e-02  1.866407e-02  1.454613e-01  2.743236e-01  1.899194e-02  2.067408e-03  1.898429e-02  1.865083e-02  2.075071e-03    1.304066e-01  1.304066e-01    9.371542e-05  -9.371542e-05  9.999e-01
6.562354  2.067955e-03  1.828282e-02  1.896867e-02  1.873364e-03  1.919826e-02  2.752060e-01  1.458581e-01  1.934433e-02  1.863046e-02  1.454371e-01  2.744489e-01  1.896743e-02  2.061022e-03  1.895579e-02  1.862544e-02  2.074386e-03    1.305718e-01  1.305718e-01    9.726512e-05  -9.726512e-05  9.999e-01
6.602354  2.065630e-03  1.825576e-02  1.894813e-02  1.866426e-03  1.917391e-02  2.753505e-01  1.458433e-01  1.931397e-02  1.859791e-02  1.454127e-01  2.745711e-01  1.894340e-02  2.054640e-03  1.892796e-02  1.860078e-02  2.073817e-03    1.307344e-01  1.307344e-01    1.005207e-04  -1.005207e-04  9.999e-01
6.642354  2.063501e-03  1.822931e-02  1.892844e-02  1.859758e-03  1.914994e-02  2.754922e-01  1.458286e-01  1.928403e-02  1.856641e-02  1.453883e-01  2.746904e-01  1.891984e-02  2.048277e-03  1.890084e-02  1.857687e-02  2.073357e-03    1.308942e-01  1.308942e-01    1.034668e-04  -1.034668e-04  9.999e-01
6.682354  2.061560e-03  1.820350e-02  1.890960e-02  1.853368e-03  1.912638e-02  2.756309e-01  1.458140e-01  1.925455e-02  1.853595e-02  1.453637e-01  2.748066e-01  1.889674e-02  2.041949e-03  1.887443e-02  1.855374e-02  2.072998e-03    1.310514e-01  1.310514e-01    1.060971e-04  -1.060971e-04  9.999e-01
6.722354  2.059803e-03  1.817835e-02  1.889158e-02  1.847269e-03  1.910323e-02  2.757667e-01  1.457993e-01  1.922555e-02  1.850652e-02  1.453391e-01  2.749198e-01  1.887410e-02  2.035676e-03  1.884877e-02  1.853141e-02  2.072731e-03    1.312059e-01  1.312059e-01    1.083830e-04  -1.083830e-04  9.999e-01
6.762354  2.058226e-03  1.815388e-02  1.887440e-02  1.841473e-03  1.908052e-02  2.758994e-01  1.457847e-01  1.919707e-02  1.847812e-02  1.453144e-01  2.750301e-01  1.885190e-02  2.029477e-03  1.882386e-02  1.850990e-02  2.072547e-03    1.313577e-01  1.313577e-01    1.103769e-04  -1.103769e-04  9.999e-01
6.802354  2.056826e-03  1.813010e-02  1.885802e-02  1.835991e-03  1.905827e-02  2.760290e-01  1.457699e-01  1.916915e-02  1.845071e-02  1.452897e-01  2.751374e-01  1.883013e-02  2.023374e-03  1.879972e-02  1.848922e-02  2.072438e-03    1.315068e-01  1.315068e-01    1.120597e-04  -1.120597e-04  9.999e-01
6.842354  2.055602e-03  1.810702e-02  1.884242e-02  1.830834e-03  1.903649e-02  2.761554e-01  1.457550e-01  1.914181e-02  1.842428e-02  1.452650e-01  2.752418e-01  1.880879e-02  2.017390e-03  1.877635e-02  1.846938e-02  2.072395e-03    1.316533e-01  1.316533e-01    1.134363e-04  -1.134363e-04  9.999e-01
6.882354  2.054552e-03  1.808466e-02  1.882757e-02  1.826014e-03  1.901519e-02  2.762787e-01  1.457399e-01  1.911508e-02  1.839880e-02  1.452403e-01  2.753433e-01  1.878786e-02  2.011547e-03  1.875375e-02  1.845039e-02  2.072410e-03    1.317972e-01  1.317972e-01    1.145092e-04  -1.145092e-04  9.999e-01
6.922354  2.053676e-03  1.806301e-02  1.881345e-02  1.821539e-03  1.899439e-02  2.763987e-01  1.457246e-01  1.908898e-02  1.837424e-02  1.452157e-01  2.754419e-01  1.876734e-02  2.005870e-03  1.873192e-02  1.843226e-02  2.072475e-03    1.319385e-01  1.319385e-01    1.153021e-04  -1.153021e-04  9.999e-01
6.962354  2.052969e-03  1.804210e-02  1.880002e-02  1.817419e-03  1.897409e-02  2.765154e-01  1.457090e-01  1.906353e-02  1.835058e-02  1.451912e-01  2.755377e-01  1.874720e-02  2.000382e-03  1.871085e-02  1.841497e-02  2.072585e-03    1.320772e-01  1.320772e-01    1.158298e-04  -1.158298e-04  9.999e-01
7.002354  2.052432e-03  1.802192e-02  1.878724e-02  1.813661e-03  1.895431e-02  2.766289e-01  1.456931e-01  1.903874e-02  1.832779e-02  1.451668e-01  2.756308e-01  1.872744e-02  1.995105e-03  1.869054e-02  1.839852e-02  2.072735e-03    1.322134e-01  1.322134e-01    1.160752e-04  -1.160752e-04  9.999e-01
7.041998  2.052062e-03  1.800264e-02  1.877519e-02  1.810297e-03  1.893523e-02  2.767381e-01  1.456770e-01  1.901484e-02  1.830604e-02  1.451428e-01  2.757203e-01  1.870821e-02  1.990107e-03  1.867115e-02  1.838305e-02  2.072919e-03    1.323459e-01  1.323459e-01    1.161280e-04  -1.161280e-04  9.999e-01
7.081998  2.051850e-03  1.798392e-02  1.876360e-02  1.807269e-03  1.891651e-02  2.768450e-01  1.456606e-01  1.899140e-02  1.828491e-02  1.451187e-01  2.758081e-01  1.868917e-02  1.985318e-03  1.865230e-02  1.836825e-02  2.073137e-03    1.324771e-01  1.324771e-01    1.159710e-04  -1.159710e-04  9.999e-01
7.121998  2.051793e-03  1.796593e-02  1.875256e-02  1.804612e-03  1.889833e-02  2.769487e-01  1.456438e-01  1.896866e-02  1.826457e-02  1.450948e-01  2.758932e-01  1.867048e-02  1.980803e-03  1.863417e-02  1.835427e-02  2.073386e-03    1.326059e-01  1.326059e-01    1.156207e-04  -1.156207e-04  9.999e-01
7.161998  2.051883e-03  1.794867e-02  1.874201e-02  1.802325e-03  1.888068e-02  2.770491e-01  1.456266e-01  1.894662e-02  1.824501e-02  1.450712e-01  2.759758e-01  1.865213e-02  1.976579e-03  1.861674e-02  1.834106e-02  2.073668e-03    1.327323e-01  1.327323e-01    1.150678e-04  -1.150678e-04  9.999e-01
7.200393  2.052106e-03  1.793277e-02  1.873232e-02  1.800475e-03  1.886426e-02  2.771424e-01  1.456098e-01  1.892611e-02  1.822694e-02  1.450486e-01  2.760528e-01  1.863484e-02  1.972814e-03  1.860063e-02  1.832911e-02  2.073966e-03    1.328514e-01  1.328514e-01    1.144288e-04  -1.144288e-04  9.999e-01
7.240393  2.052468e-03  1.791690e-02  1.872265e-02  1.798903e-03  1.884769e-02  2.772365e-01  1.455920e-01  1.890543e-02  1.820885e-02  1.450254e-01  2.761307e-01  1.861715e-02  1.969203e-03  1.858448e-02  1.831740e-02  2.074309e-03    1.329733e-01  1.329733e-01    1.136310e-04  -1.136310e-04  9.999e-01
7.274454  2.052874e-03  1.790393e-02  1.871471e-02  1.797847e-03  1.883402e-02  2.773141e-01  1.455766e-01  1.888837e-02  1.819400e-02  1.450058e-01  2.761951e-01  1.860235e-02  1.966385e-03  1.857121e-02  1.830799e-02  2.074626e-03    1.330753e-01  1.330753e-01    1.128511e-04  -1.128511e-04  9.999e-01
7.308515  2.053364e-03  1.789146e-02  1.870703e-02  1.797047e-03  1.882075e-02  2.773895e-01  1.455610e-01  1.887180e-02  1.817967e-02  1.449864e-01  2.762579e-01  1.858780e-02  1.963810e-03  1.855838e-02  1.829910e-02  2.074968e-03    1.331757e-01  1.331757e-01    1.120162e-04  -1.120162e-04  9.999e-01
7.347408  2.054018e-03  1.787780e-02  1.869854e-02  1.796442e-03  1.880608e-02  2.774728e-01  1.455430e-01  1.885349e-02  1.816391e-02  1.449645e-01  2.763276e-01  1.857147e-02  1.961168e-03  1.854423e-02  1.828954e-02  2.075389e-03    1.332884e-01  1.332884e-01    1.109982e-04  -1.109982e-04  9.999e-01
7.387408  2.054782e-03  1.786439e-02  1.869009e-02  1.796153e-03  1.879155e-02  2.775555e-01  1.455241e-01  1.883533e-02  1.814838e-02  1.449423e-01  2.763972e-01  1.855502e-02  1.958786e-03  1.853020e-02  1.828037e-02  2.075858e-03    1.334022e-01  1.334022e-01    1.098844e-04  -1.098844e-04  9.999e-01
7.427408  2.055629e-03  1.785159e-02  1.868189e-02  1.796196e-03  1.877757e-02  2.776353e-01  1.455050e-01  1.881782e-02  1.813350e-02  1.449204e-01  2.764646e-01  1.853890e-02  1.956741e-03  1.851668e-02  1.827183e-02  2.076362e-03    1.335139e-01  1.335139e-01    1.087418e-04  -1.087418e-04  9.999e-01
7.465906  2.056510e-03  1.783983e-02  1.867420e-02  1.796539e-03  1.876464e-02  2.777094e-01  1.454865e-01  1.880160e-02  1.811980e-02  1.448995e-01  2.765275e-01  1.852371e-02  1.955089e-03  1.850412e-02  1.826420e-02  2.076881e-03    1.336196e-01  1.336196e-01    1.076221e-04  -1.076221e-04  9.999e-01
7.505906  2.057481e-03  1.782816e-02  1.866639e-02  1.797200e-03  1.875175e-02  2.777835e-01  1.454670e-01  1.878538e-02  1.810618e-02  1.448782e-01  2.765910e-01  1.850827e-02  1.953694e-03  1.849150e-02  1.825684e-02  2.077453e-03    1.337275e-01  1.337275e-01    1.064459e-04  -1.064459e-04  9.999e-01
7.545906  2.058498e-03  1.781703e-02  1.865874e-02  1.798160e-03  1.873943e-02  2.778550e-01  1.454473e-01  1.876980e-02  1.809319e-02  1.448572e-01  2.766525e-01  1.849318e-02  1.952620e-03  1.847929e-02  1.825006e-02  2.078056e-03    1.338334e-01  1.338334e-01    1.052881e-04  -1.052881e-04  9.999e-01
7.585906  2.059550e-03  1.780640e-02  1.865122e-02  1.799408e-03  1.872766e-02  2.779238e-01  1.454275e-01  1.875484e-02  1.808081e-02  1.448365e-01  2.767121e-01  1.847844e-02  1.951854e-03  1.846746e-02  1.824384e-02  2.078685e-03    1.339375e-01  1.339375e-01    1.041575e-04  -1.041575e-04  9.999e-01
7.625906  2.060623e-03  1.779624e-02  1.864379e-02  1.800930e-03  1.871646e-02  2.779900e-01  1.454075e-01  1.874051e-02  1.806902e-02  1.448161e-01  2.767699e-01  1.846406e-02  1.951386e-03  1.845597e-02  1.823815e-02  2.079332e-03    1.340398e-01  1.340398e-01    1.030656e-04  -1.030656e-04  9.999e-01
7.665906  2.061706e-03  1.778652e-02  1.863644e-02  1.802713e-03  1.870581e-02  2.780537e-01  1.453875e-01  1.872679e-02  1.805780e-02  1.447960e-01  2.768260e-01  1.845003e-02  1.951201e-03  1.844480e-02  1.823298e-02  2.079991e-03    1.341404e-01  1.341404e-01    1.020297e-04  -1.020297e-04  9.999e-01
7.700154  2.062634e-03  1.777851e-02  1.863018e-02  1.804436e-03  1.869713e-02  2.781064e-01  1.453702e-01  1.871553e-02  1.804863e-02  1.447791e-01  2.768727e-01  1.843831e-02  1.951257e-03  1.843547e-02  1.822897e-02  2.080556e-03    1.342251e-01  1.342251e-01    1.011935e-04  -1.011935e-04  9.999e-01
7.734402  2.063555e-03  1.777079e-02  1.862395e-02  1.806331e-03  1.868885e-02  2.781573e-01  1.453530e-01  1.870471e-02  1.803986e-02  1.447624e-01  2.769181e-01  1.842686e-02  1.951501e-03  1.842633e-02  1.822531e-02  2.081115e-03    1.343086e-01  1.343086e-01    1.004159e-04  -1.004159e-04  9.999e-01
7.774402  2.064614e-03  1.776208e-02  1.861669e-02  1.808747e-03  1.867969e-02  2.782147e-01  1.453327e-01  1.869261e-02  1.803009e-02  1.447433e-01  2.769698e-01  1.841383e-02  1.952011e-03  1.841587e-02  1.822151e-02  2.081750e-03    1.344047e-01  1.344047e-01    9.958682e-05  -9.958682e-05  9.999e-01
7.814402  2.065644e-03  1.775369e-02  1.860942e-02  1.811366e-03  1.867105e-02  2.782699e-01  1.453125e-01  1.868111e-02  1.802080e-02  1.447245e-01  2.770199e-01  1.840117e-02  1.952749e-03  1.840561e-02  1.821818e-02  2.082350e-03    1.344992e-01  1.344992e-01    9.885877e-05  -9.885877e-05  9.999e-01
7.852740  2.066598e-03  1.774591e-02  1.860243e-02  1.814049e-03  1.866327e-02  2.783210e-01  1.452932e-01  1.867062e-02  1.801234e-02  1.447067e-01  2.770666e-01  1.838939e-02  1.953657e-03  1.839596e-02  1.821544e-02  2.082879e-03    1.345883e-01  1.345883e-01    9.826212e-05  -9.826212e-05  9.999e-01
7.892740  2.067549e-03  1.773804e-02  1.859512e-02  1.817010e-03  1.865563e-02  2.783722e-01  1.452731e-01  1.866023e-02  1.800394e-02  1.446886e-01  2.771139e-01  1.837747e-02  1.954799e-03  1.838604e-02  1.821304e-02  2.083365e-03    1.346799e-01  1.346799e-01    9.775362e-05  -9.775362e-05  9.999e-01
7.932740  2.068449e-03  1.773039e-02  1.858776e-02  1.820114e-03  1.864848e-02  2.784216e-01  1.452530e-01  1.865039e-02  1.799594e-02  1.446708e-01  2.771598e-01  1.836594e-02  1.956126e-03  1.837625e-02  1.821111e-02  2.083769e-03    1.347699e-01  1.347699e-01    9.736897e-05  -9.736897e-05  9.999e-01
7.972740  2.069289e-03  1.772293e-02  1.858035e-02  1.823342e-03  1.864179e-02  2.784692e-01  1.452331e-01  1.864110e-02  1.798831e-02  1.446534e-01  2.772045e-01  1.835480e-02  1.957621e-03  1.836657e-02  1.820964e-02  2.084071e-03    1.348586e-01  1.348586e-01    9.712156e-05  -9.712156e-05  9.999e-01
8.012740  2.070064e-03  1.771563e-02  1.857288e-02  1.826669e-03  1.863554e-02  2.785152e-01  1.452133e-01  1.863233e-02  1.798103e-02  1.446363e-01  2.772479e-01  1.834406e-02  1.959271e-03  1.835698e-02  1.820862e-02  2.084254e-03    1.349460e-01  1.349460e-01    9.700745e-05  -9.700745e-05  9.999e-01
8.052740  2.070769e-03  1.770847e-02  1.856533e-02  1.830073e-03  1.862969e-02  2.785595e-01  1.451938e-01  1.862407e-02  1.797406e-02  1.446196e-01  2.772901e-01  1.833372e-02  1.961062e-03  1.834746e-02  1.820805e-02  2.084299e-03    1.350320e-01  1.350320e-01    9.703683e-05  -9.703683e-05  9.999e-01
8.089761  2.071353e-03  1.770194e-02  1.855829e-02  1.833273e-03  1.862463e-02  2.785992e-01  1.451758e-01  1.861688e-02  1.796785e-02  1.446044e-01  2.773282e-01  1.832453e-02  1.962831e-03  1.833869e-02  1.820793e-02  2.084205e-03    1.351104e-01  1.351104e-01    9.720522e-05  -9.720522e-05  9.999e-01
8.129761  2.071907e-03  1.769498e-02  1.855060e-02  1.836761e-03  1.861951e-02  2.786407e-01  1.451567e-01  1.860955e-02  1.796138e-02  1.445884e-01  2.773684e-01  1.831497e-02  1.964850e-03  1.832925e-02  1.820822e-02  2.083939e-03    1.351939e-01  1.351939e-01    9.752605e-05  -9.752605e-05  9.999e-01
8.169761  2.072375e-03  1.768810e-02  1.854283e-02  1.840260e-03  1.861471e-02  2.786809e-01  1.451378e-01  1.860268e-02  1.795512e-02  1.445727e-01  2.774075e-01  1.830583e-02  1.966966e-03  1.831982e-02  1.820896e-02  2.083488e-03    1.352763e-01  1.352763e-01    9.800895e-05  -9.800895e-05  9.999e-01
8.209761  2.072753e-03  1.768127e-02  1.853498e-02  1.843746e-03  1.861021e-02  2.787199e-01  1.451192e-01  1.859623e-02  1.794902e-02  1.445574e-01  2.774456e-01  1.829710e-02  1.969164e-03  1.831041e-02  1.821012e-02  2.082838e-03    1.353573e-01  1.353573e-01    9.863731e-05  -9.863731e-05  9.999e-01
8.249761  2.073037e-03  1.767448e-02  1.852704e-02  1.847202e-03  1.860598e-02  2.787578e-01  1.451011e-01  1.859018e-02  1.794307e-02  1.445424e-01  2.774829e-01  1.828877e-02  1.971430e-03  1.830098e-02  1.821172e-02  2.081976e-03    1.354372e-01  1.354372e-01    9.942004e-05  -9.942004e-05  9.999e-01
8.289761  2.073223e-03  1.766771e-02  1.851901e-02  1.850606e-03  1.860198e-02  2.787946e-01  1.450833e-01  1.858452e-02  1.793722e-02  1.445278e-01  2.775193e-01  1.828084e-02  1.973749e-03  1.829155e-02  1.821373e-02  2.080893e-03    1.355160e-01  1.355160e-01    1.003565e-04  -1.003565e-04  9.999e-01
8.329761  2.073309e-03  1.766097e-02  1.851090e-02  1.853943e-03  1.859820e-02  2.788305e-01  1.450659e-01  1.857920e-02  1.793143e-02  1.445135e-01  2.775549e-01  1.827331e-02  1.976109e-03  1.828209e-02  1.821616e-02  2.079580e-03    1.355936e-01  1.355936e-01    1.014438e-04  -1.014438e-04  9.999e-01
8.369761  2.073293e-03  1.765423e-02  1.850269e-02  1.857195e-03  1.859458e-02  2.788655e-01  1.450489e-01  1.857420e-02  1.792568e-02  1.444996e-01  2.775898e-01  1.826615e-02  1.978495e-03  1.827261e-02  1.821898e-02  2.078031e-03    1.356701e-01  1.356701e-01    1.026722e-04  -1.026722e-04  9.999e-01
8.409761  2.073173e-03  1.764748e-02  1.849440e-02  1.860350e-03  1.859112e-02  2.788997e-01  1.450325e-01  1.856949e-02  1.791993e-02  1.444860e-01  2.776240e-01  1.825937e-02  1.980893e-03  1.826310e-02  1.822219e-02  2.076242e-03    1.357455e-01  1.357455e-01    1.040408e-04  -1.040408e-04  9.999e-01
8.449761  2.072948e-03  1.764073e-02  1.848602e-02  1.863396e-03  1.858777e-02  2.789333e-01  1.450165e-01  1.856505e-02  1.791415e-02  1.444728e-01  2.776576e-01  1.825295e-02  1.983293e-03  1.825355e-02  1.822578e-02  2.074212e-03    1.358198e-01  1.358198e-01    1.055394e-04  -1.055394e-04  9.999e-01
8.489761  2.072616e-03  1.763397e-02  1.847755e-02  1.866321e-03  1.858452e-02  2.789661e-01  1.450011e-01  1.856084e-02  1.790831e-02  1.444599e-01  2.776906e-01  1.824687e-02  1.985680e-03  1.824397e-02  1.822973e-02  2.071940e-03    1.358931e-01  1.358931e-01    1.071611e-04  -1.071611e-04  9.999e-01
8.529761  2.072178e-03  1.762719e-02  1.846899e-02  1.869119e-03  1.858133e-02  2.789984e-01  1.449862e-01  1.855685e-02  1.790237e-02  1.444473e-01  2.777230e-01  1.824111e-02  1.988046e-03  1.823435e-02  1.823402e-02  2.069430e-03    1.359654e-01  1.359654e-01    1.089008e-04  -1.089008e-04  9.999e-01
8.569761  2.071634e-03  1.762040e-02  1.846035e-02  1.871781e-03  1.857818e-02  2.790302e-01  1.449719e-01  1.855304e-02  1.789631e-02  1.444350e-01  2.777550e-01  1.823567e-02  1.990380e-03  1.822469e-02  1.823864e-02  2.066687e-03    1.360366e-01  1.360366e-01    1.107458e-04  -1.107458e-04  9.999e-01
8.609761  2.070984e-03  1.761359e-02  1.845163e-02  1.874304e-03  1.857504e-02  2.790616e-01  1.449582e-01  1.854938e-02  1.789010e-02  1.444231e-01  2.777866e-01  1.823050e-02  1.992672e-03  1.821498e-02  1.824357e-02  2.063716e-03    1.361069e-01  1.361069e-01    1.126824e-04  -1.126824e-04  9.999e-01
8.649761  2.070228e-03  1.760676e-02  1.844282e-02  1.876683e-03  1.857190e-02  2.790925e-01  1.449452e-01  1.854585e-02  1.788373e-02  1.444115e-01  2.778178e-01  1.822561e-02  1.994913e-03  1.820524e-02  1.824879e-02  2.060526e-03    1.361761e-01  1.361761e-01    1.146962e-04  -1.146962e-04  9.999e-01
8.689761  2.069366e-03  1.759991e-02  1.843393e-02  1.878916e-03  1.856873e-02  2.791232e-01  1.449327e-01  1.854243e-02  1.787716e-02  1.444001e-01  2.778487e-01  1.822096e-02  1.997097e-03  1.819546e-02  1.825427e-02  2.057125e-03    1.362444e-01  1.362444e-01    1.167737e-04  -1.167737e-04  9.999e-01
8.729761  2.068401e-03  1.759306e-02  1.842496e-02  1.881003e-03  1.856551e-02  2.791535e-01  1.449209e-01  1.853909e-02  1.787039e-02  1.443891e-01  2.778793e-01  1.821653e-02  1.999217e-03  1.818564e-02  1.826001e-02  2.053525e-03    1.363118e-01  1.363118e-01    1.189140e-04  -1.189140e-04  9.999e-01
8.769761  2.067332e-03  1.758619e-02  1.841592e-02  1.882943e-03  1.856222e-02  2.791836e-01  1.449097e-01  1.853582e-02  1.786339e-02  1.443783e-01  2.779095e-01  1.821231e-02  2.001267e-03  1.817578e-02  1.826597e-02  2.049737e-03    1.363782e-01  1.363782e-01    1.210851e-04  -1.210851e-04  9.999e-01
8.809761  2.066160e-03  1.757932e-02  1.840682e-02  1.884738e-03  1.855885e-02  2.792135e-01  1.448992e-01  1.853259e-02  1.785616e-02  1.443678e-01  2.779396e-01  1.820827e-02  2.003241e-03  1.816589e-02  1.827212e-02  2.045773e-03    1.364437e-01  1.364437e-01    1.232735e-04  -1.232735e-04  9.999e-01
8.849761  2.064887e-03  1.757246e-02  1.839765e-02  1.886390e-03  1.855539e-02  2.792433e-01  1.448894e-01  1.852938e-02  1.784869e-02  1.443575e-01  2.779694e-01  1.820439e-02  2.005137e-03  1.815596e-02  1.827846e-02  2.041646e-03    1.365084e-01  1.365084e-01    1.254647e-04  -1.254647e-04  9.999e-01
8.889761  2.063512e-03  1.756560e-02  1.838842e-02  1.887901e-03  1.855181e-02  2.792729e-01  1.448802e-01  1.852619e-02  1.784096e-02  1.443475e-01  2.779991e-01  1.820066e-02  2.006950e-03  1.814601e-02  1.828495e-02  2.037369e-03    1.365721e-01  1.365721e-01    1.276511e-04  -1.276511e-04  9.999e-01
8.929761  2.062037e-03  1.755875e-02  1.837914e-02  1.889276e-03  1.854812e-02  2.793024e-01  1.448717e-01  1.852299e-02  1.783297e-02  1.443378e-01  2.780286e-01  1.819704e-02  2.008679e-03  1.813603e-02  1.829156e-02  2.032957e-03    1.366349e-01  1.366349e-01    1.298063e-04  -1.298063e-04  9.999e-01
8.969761  2.060462e-03  1.755193e-02  1.836982e-02  1.890520e-03  1.854429e-02  2.793319e-01  1.448638e-01  1.851978e-02  1.782474e-02  1.443282e-01  2.780580e-01  1.819354e-02  2.010321e-03  1.812603e-02  1.829828e-02  2.028422e-03    1.366969e-01  1.366969e-01    1.319093e-04  -1.319093e-04  9.999e-01
9.009761  2.058788e-03  1.754513e-02  1.836046e-02  1.891636e-03  1.854032e-02  2.793613e-01  1.448566e-01  1.851653e-02  1.781624e-02  1.443189e-01  2.780872e-01  1.819012e-02  2.011875e-03  1.811602e-02  1.830508e-02  2.023779e-03    1.367580e-01  1.367580e-01    1.339492e-04  -1.339492e-04  9.999e-01
9.049761  2.057016e-03  1.753837e-02  1.835108e-02  1.892630e-03  1.853621e-02  2.793907e-01  1.448500e-01  1.851324e-02  1.780750e-02  1.443098e-01  2.781164e-01  1.818678e-02  2.013339e-03  1.810599e-02  1.831193e-02  2.019040e-03    1.368183e-01  1.368183e-01    1.359031e-04  -1.359031e-04  9.999e-01
9.089761  2.055145e-03  1.753165e-02  1.834168e-02  1.893509e-03  1.853195e-02  2.794200e-01  1.448441e-01  1.850991e-02  1.779852e-02  1.443009e-01  2.781455e-01  1.818349e-02  2.014713e-03  1.809596e-02  1.831881e-02  2.014218e-03    1.368777e-01  1.368777e-01    1.377632e-04  -1.377632e-04  9.999e-01
9.129761  2.053178e-03  1.752497e-02  1.833227e-02  1.894276e-03  1.852755e-02  2.794494e-01  1.448388e-01  1.850652e-02  1.778930e-02  1.442921e-01  2.781745e-01  1.818026e-02  2.015994e-03  1.808593e-02  1.832569e-02  2.009326e-03    1.369363e-01  1.369363e-01    1.395133e-04  -1.395133e-04  9.999e-01
9.168108  2.051203e-03  1.751862e-02  1.832325e-02  1.894913e-03  1.852319e-02  2.794774e-01  1.448342e-01  1.850321e-02  1.778026e-02  1.442839e-01  2.782023e-01  1.817719e-02  2.017136e-03  1.807632e-02  1.833227e-02  2.004580e-03    1.369918e-01  1.369918e-01    1.411267e-04  -1.411267e-04  9.999e-01
9.208108  2.049050e-03  1.751206e-02  1.831386e-02  1.895479e-03  1.851849e-02  2.795068e-01  1.448301e-01  1.849969e-02  1.777063e-02  1.442755e-01  2.782312e-01  1.817402e-02  2.018236e-03  1.806632e-02  1.833909e-02  1.999583e-03    1.370488e-01  1.370488e-01    1.426132e-04  -1.426132e-04  9.999e-01
9.248108  2.046805e-03  1.750556e-02  1.830448e-02  1.895951e-03  1.851364e-02  2.795361e-01  1.448265e-01  1.849610e-02  1.776081e-02  1.442672e-01  2.782600e-01  1.817087e-02  2.019241e-03  1.805634e-02  1.834584e-02  1.994549e-03    1.371050e-01  1.371050e-01    1.439363e-04  -1.439363e-04  9.999e-01
9.288108  2.044470e-03  1.749914e-02  1.829514e-02  1.896332e-03  1.850866e-02  2.795654e-01  1.448235e-01  1.849244e-02  1.775081e-02  1.442591e-01  2.782887e-01  1.816772e-02  2.020151e-03  1.804639e-02  1.835251e-02  1.989488e-03    1.371604e-01  1.371604e-01    1.450648e-04  -1.450648e-04  9.999e-01
9.328108  2.042048e-03  1.749279e-02  1.828585e-02  1.896627e-03  1.850354e-02  2.795947e-01  1.448211e-01  1.848870e-02  1.774066e-02  1.442511e-01  2.783173e-01  1.816459e-02  2.020965e-03  1.803648e-02  1.835906e-02  1.984409e-03    1.372151e-01  1.372151e-01    1.460011e-04  -1.460011e-04  9.999e-01
9.368108  2.039541e-03  1.748653e-02  1.827661e-02  1.896841e-03  1.849829e-02  2.796241e-01  1.448191e-01  1.848488e-02  1.773038e-02  1.442432e-01  2.783459e-01  1.816145e-02  2.021683e-03  1.802662e-02  1.836547e-02  1.979321e-03    1.372689e-01  1.372689e-01    1.467595e-04  -1.467595e-04  9.999e-01
9.408108  2.036953e-03  1.748035e-02  1.826743e-02  1.896975e-03  1.849292e-02  2.796534e-01  1.448177e-01  1.848099e-02  1.771997e-02  1.442355e-01  2.783744e-01  1.815832e-02  2.022305e-03  1.801682e-02  1.837173e-02  1.974233e-03    1.373220e-01  1.373220e-01    1.472718e-04  -1.472718e-04  9.999e-01
9.448108  2.034289e-03  1.747427e-02  1.825833e-02  1.897033e-03  1.848744e-02  2.796826e-01  1.448168e-01  1.847702e-02  1.770947e-02  1.442279e-01  2.784028e-01  1.815518e-02  2.022829e-03  1.800709e-02  1.837781e-02  1.969152e-03    1.373743e-01  1.373743e-01    1.475512e-04  -1.475512e-04  9.999e-01
9.488108  2.031554e-03  1.746829e-02  1.824931e-02  1.897017e-03  1.848185e-02  2.797119e-01  1.448162e-01  1.847297e-02  1.769890e-02  1.442204e-01  2.784311e-01  1.815204e-02  2.023256e-03  1.799743e-02  1.838370e-02  1.964086e-03    1.374258e-01  1.374258e-01    1.475966e-04  -1.475966e-04  9.999e-01
9.526792  2.028846e-03  1.746259e-02  1.824068e-02  1.896933e-03  1.847636e-02  2.797401e-01  1.448161e-01  1.846899e-02  1.768863e-02  1.442132e-01  2.784584e-01  1.814901e-02  2.023576e-03  1.798817e-02  1.838918e-02  1.959209e-03    1.374749e-01  1.374749e-01    1.473954e-04  -1.473954e-04  9.999e-01
9.566792  2.025986e-03  1.745681e-02  1.823184e-02  1.896778e-03  1.847060e-02  2.797691e-01  1.448164e-01  1.846479e-02  1.767798e-02  1.442060e-01  2.784865e-01  1.814589e-02  2.023811e-03  1.797868e-02  1.839462e-02  1.954196e-03    1.375250e-01  1.375250e-01    1.470759e-04  -1.470759e-04  9.999e-01
9.605230  2.023187e-03  1.745135e-02  1.822346e-02  1.896563e-03  1.846498e-02  2.797970e-01  1.448170e-01  1.846070e-02  1.766773e-02  1.441991e-01  2.785134e-01  1.814288e-02  2.023945e-03  1.796965e-02  1.839961e-02  1.949412e-03    1.375724e-01  1.375724e-01    1.463776e-04  -1.463776e-04  9.999e-01
9.644953  2.020249e-03  1.744582e-02  1.821490e-02  1.896276e-03  1.845912e-02  2.798258e-01  1.448180e-01  1.845640e-02  1.765716e-02  1.441921e-01  2.785410e-01  1.813978e-02  2.023990e-03  1.796042e-02  1.840452e-02  1.944510e-03    1.376207e-01  1.376207e-01    1.453818e-04  -1.453818e-04  9.999e-01
9.684953  2.017251e-03  1.744036e-02  1.820639e-02  1.895922e-03  1.845316e-02  2.798546e-01  1.448194e-01  1.845200e-02  1.764654e-02  1.441851e-01  2.785686e-01  1.813668e-02  2.023939e-03  1.795123e-02  1.840918e-02  1.939623e-03    1.376685e-01  1.376685e-01    1.441064e-04  -1.441064e-04  9.999e-01
9.724953  2.014221e-03  1.743502e-02  1.819801e-02  1.895503e-03  1.844715e-02  2.798833e-01  1.448210e-01  1.844754e-02  1.763597e-02  1.441783e-01  2.785961e-01  1.813359e-02  2.023793e-03  1.794215e-02  1.841354e-02  1.934791e-03    1.377156e-01  1.377156e-01    1.425284e-04  -1.425284e-04  9.999e-01
9.764780  2.011181e-03  1.742981e-02  1.818978e-02  1.895023e-03  1.844113e-02  2.799118e-01  1.448229e-01  1.844303e-02  1.762552e-02  1.441716e-01  2.786233e-01  1.813054e-02  2.023553e-03  1.793321e-02  1.841759e-02  1.930039e-03    1.377619e-01  1.377619e-01    1.406655e-04  -1.406655e-04  9.999e-01
9.804780  2.008111e-03  1.742471e-02  1.818164e-02  1.894479e-03  1.843506e-02  2.799402e-01  1.448250e-01  1.843846e-02  1.761512e-02  1.441651e-01  2.786504e-01  1.812750e-02  2.023219e-03  1.792436e-02  1.842134e-02  1.925333e-03    1.378075e-01  1.378075e-01    1.384915e-04  -1.384915e-04  9.999e-01
9.844780  2.005033e-03  1.741972e-02  1.817363e-02  1.893874e-03  1.842896e-02  2.799684e-01  1.448274e-01  1.843383e-02  1.760483e-02  1.441587e-01  2.786773e-01  1.812450e-02  2.022793e-03  1.791561e-02  1.842476e-02  1.920698e-03    1.378526e-01  1.378526e-01    1.360404e-04  -1.360404e-04  9.999e-01
9.884780  2.001955e-03  1.741485e-02  1.816575e-02  1.893209e-03  1.842285e-02  2.799964e-01  1.448299e-01  1.842915e-02  1.759467e-02  1.441524e-01  2.787040e-01  1.812153e-02  2.022276e-03  1.790698e-02  1.842785e-02  1.916137e-03    1.378968e-01  1.378968e-01    1.332637e-04  -1.332637e-04  9.999e-01
9.924780  1.998885e-03  1.741010e-02  1.815800e-02  1.892486e-03  1.841674e-02  2.800243e-01  1.448326e-01  1.842443e-02  1.758465e-02  1.441463e-01  2.787305e-01  1.811861e-02  2.021669e-03  1.789846e-02  1.843061e-02  1.911654e-03    1.379404e-01  1.379404e-01    1.301837e-04  -1.301837e-04  9.999e-01
9.964780  1.995830e-03  1.740547e-02  1.815037e-02  1.891705e-03  1.841062e-02  2.800519e-01  1.448355e-01  1.841968e-02  1.757480e-02  1.441404e-01  2.787567e-01  1.811573e-02  2.020974e-03  1.789005e-02  1.843304e-02  1.907253e-03    1.379834e-01  1.379834e-01    1.267999e-04  -1.267999e-04  9.999e-01
10.004780  1.992796e-03  1.740095e-02  1.814287e-02  1.890869e-03  1.840452e-02  2.800792e-01  1.448385e-01  1.841490e-02  1.756513e-02  1.441347e-01  2.787827e-01  1.811289e-02  2.020195e-03  1.788174e-02  1.843511e-02  1.902936e-03    1.380256e-01  1.380256e-01    1.231203e-04  -1.231203e-04  9.999e-01
10.044780  1.989791e-03  1.739656e-02  1.813550e-02  1.889979e-03  1.839843e-02  2.801063e-01  1.448415e-01  1.841009e-02  1.755565e-02  1.441292e-01  2.788084e-01  1.811011e-02  2.019332e-03  1.787354e-02  1.843685e-02  1.898704e-03    1.380672e-01  1.380672e-01    1.191543e-04  -1.191543e-04  9.999e-01
10.084780  1.986820e-03  1.739228e-02  1.812826e-02  1.889037e-03  1.839236e-02  2.801331e-01  1.448446e-01  1.840527e-02  1.754637e-02  1.441239e-01  2.788339e-01  1.810739e-02  2.018388e-03  1.786543e-02  1.843824e-02  1.894559e-03    1.381081e-01  1.381081e-01    1.148948e-04  -1.148948e-04  9.999e-01
10.124780  1.983889e-03  1.738811e-02  1.812114e-02  1.888044e-03  1.838631e-02  2.801596e-01  1.448477e-01  1.840045e-02  1.753730e-02  1.441189e-01  2.788592e-01  1.810471e-02  2.017365e-03  1.785742e-02  1.843930e-02  1.890502e-03    1.381484e-01  1.381484e-01    1.103542e-04  -1.103542e-04  9.999e-01
10.164780  1.981004e-03  1.738407e-02  1.811415e-02  1.887003e-03  1.838030e-02  2.801859e-01  1.448509e-01  1.839562e-02  1.752847e-02  1.441141e-01  2.788841e-01  1.810210e-02  2.016265e-03  1.784950e-02  1.844001e-02  1.886533e-03    1.381880e-01  1.381880e-01    1.055574e-04  -1.055574e-04  9.999e-01
10.204780  1.978167e-03  1.738013e-02  1.810728e-02  1.885915e-03  1.837433e-02  2.802118e-01  1.448540e-01  1.839080e-02  1.751986e-02  1.441096e-01  2.789088e-01  1.809954e-02  2.015093e-03  1.784167e-02  1.844040e-02  1.882651e-03    1.382270e-01  1.382270e-01    1.004861e-04  -1.004861e-04  9.999e-01
10.244780  1.975382e-03  1.737630e-02  1.810052e-02  1.884783e-03  1.836839e-02  2.802373e-01  1.448571e-01  1.838599e-02  1.751151e-02  1.441054e-01  2.789332e-01  1.809704e-02  2.013850e-03  1.783391e-02  1.844045e-02  1.878855e-03    1.382653e-01  1.382653e-01    9.516301e-05  -9.516301e-05  9.999e-01
10.284780  1.972654e-03  1.737258e-02  1.809389e-02  1.883608e-03  1.836250e-02  2.802626e-01  1.448601e-01  1.838121e-02  1.750340e-02  1.441015e-01  2.789573e-01  1.809460e-02  2.012539e-03  1.782623e-02  1.844019e-02  1.875145e-03    1.383031e-01  1.383031e-01    8.960480e-05  -8.960480e-05  9.999e-01
10.324780  1.969983e-03  1.736897e-02  1.808736e-02  1.882394e-03  1.835666e-02  2.802874e-01  1.448630e-01  1.837647e-02  1.749555e-02  1.440979e-01  2.789811e-01  1.809220e-02  2.011165e-03  1.781862e-02  1.843961e-02  1.871518e-03    1.383402e-01  1.383402e-01    8.381768e-05  -8.381768e-05  9.999e-01
10.361667  1.967573e-03  1.736574e-02  1.808144e-02  1.881241e-03  1.835132e-02  2.803100e-01  1.448656e-01  1.837212e-02  1.748854e-02  1.440949e-01  2.790028e-01  1.809005e-02  2.009842e-03  1.781166e-02  1.843880e-02  1.868246e-03    1.383739e-01  1.383739e-01    7.831013e-05  -7.831013e-05  9.999e-01
10.401667  1.965018e-03  1.736233e-02  1.807513e-02  1.879957e-03  1.834558e-02  2.803342e-01  1.448684e-01  1.836746e-02  1.748120e-02  1.440920e-01  2.790261e-01  1.808775e-02  2.008352e-03  1.780417e-02  1.843764e-02  1.864774e-03    1.384098e-01  1.384098e-01    7.213739e-05  -7.213739e-05  9.999e-01
10.441667  1.962523e-03  1.735903e-02  1.806893e-02  1.878640e-03  1.833990e-02  2.803580e-01  1.448709e-01  1.836285e-02  1.747412e-02  1.440894e-01  2.790491e-01  1.808551e-02  2.006807e-03  1.779674e-02  1.843618e-02  1.861379e-03    1.384452e-01  1.384452e-01    6.579137e-05  -6.579137e-05  9.999e-01
10.481667  1.960089e-03  1.735582e-02  1.806282e-02  1.877294e-03  1.833427e-02  2.803813e-01  1.448733e-01  1.835830e-02  1.746732e-02  1.440873e-01  2.790718e-01  1.808330e-02  2.005210e-03  1.778936e-02  1.843445e-02  1.858058e-03    1.384799e-01  1.384799e-01    5.928658e-05  -5.928658e-05  9.999e-01
10.521667  1.957715e-03  1.735272e-02  1.805682e-02  1.875922e-03  1.832871e-02  2.804043e-01  1.448756e-01  1.835382e-02  1.746078e-02  1.440855e-01  2.790942e-01  1.808113e-02  2.003564e-03  1.778203e-02  1.843245e-02  1.854810e-03    1.385141e-01  1.385141e-01    5.263611e-05  -5.263611e-05  9.999e-01
10.561667  1.955400e-03  1.734971e-02  1.805091e-02  1.874526e-03  1.832322e-02  2.804268e-01  1.448776e-01  1.834941e-02  1.745452e-02  1.440841e-01  2.791163e-01  1.807900e-02  2.001873e-03  1.777474e-02  1.843019e-02  1.851629e-03    1.385477e-01  1.385477e-01    4.586770e-05  -4.586770e-05  9.999e-01
10.601667  1.953141e-03  1.734681e-02  1.804510e-02  1.873109e-03  1.831779e-02  2.804489e-01  1.448795e-01  1.834509e-02  1.744853e-02  1.440831e-01  2.791382e-01  1.807689e-02  2.000139e-03  1.776749e-02  1.842768e-02  1.848514e-03    1.385807e-01  1.385807e-01    3.899245e-05  -3.899245e-05  9.999e-01
10.641667  1.950935e-03  1.734399e-02  1.803937e-02  1.871675e-03  1.831243e-02  2.804706e-01  1.448812e-01  1.834085e-02  1.744281e-02  1.440826e-01  2.791597e-01  1.807480e-02  1.998366e-03  1.776028e-02  1.842494e-02  1.845462e-03    1.386131e-01  1.386131e-01    3.203518e-05  -3.203518e-05  9.999e-01
10.681667  1.948781e-03  1.734128e-02  1.803373e-02  1.870226e-03  1.830714e-02  2.804919e-01  1.448826e-01  1.833671e-02  1.743737e-02  1.440825e-01  2.791810e-01  1.807272e-02  1.996557e-03  1.775310e-02  1.842197e-02  1.842469e-03    1.386450e-01  1.386450e-01    2.501634e-05  -2.501634e-05  9.999e-01
10.721667  1.946674e-03  1.733865e-02  1.802818e-02  1.868766e-03  1.830193e-02  2.805127e-01  1.448838e-01  1.833266e-02  1.743218e-02  1.440828e-01  2.792021e-01  1.807066e-02  1.994714e-03  1.774596e-02  1.841879e-02  1.839532e-03    1.386763e-01  1.386763e-01    1.795849e-05  -1.795849e-05  9.999e-01
10.761667  1.944612e-03  1.733612e-02  1.802270e-02  1.867298e-03  1.829678e-02  2.805331e-01  1.448847e-01  1.832871e-02  1.742727e-02  1.440835e-01  2.792228e-01  1.806861e-02  1.992840e-03  1.773884e-02  1.841541e-02  1.836649e-03    1.387071e-01  1.387071e-01    1.088350e-05  -1.088350e-05  9.999e-01
10.801667  1.942589e-03  1.733369e-02  1.801730e-02  1.865824e-03  1.829172e-02  2.805530e-01  1.448854e-01  1.832486e-02  1.742261e-02  1.440847e-01  2.792433e-01  1.806655e-02  1.990939e-03  1.773176e-02  1.841184e-02  1.833816e-03    1.387373e-01  1.387373e-01    3.810672e-06  -3.810672e-06  9.999e-01
10.841667  1.940601e-03  1.733134e-02  1.801198e-02  1.864349e-03  1.828673e-02  2.805725e-01  1.448859e-01  1.832112e-02  1.741821e-02  1.440864e-01  2.792636e-01  1.806448e-02  1.989013e-03  1.772471e-02  1.840809e-02  1.831031e-03    1.387670e-01  1.387670e-01    -3.235438e-06  3.235438e-06  9.999e-01
10.881667  1.938645e-03  1.732909e-02  1.800672e-02  1.862876e-03  1.828181e-02  2.805915e-01  1.448861e-01  1.831749e-02  1.741407e-02  1.440885e-01  2.792836e-01  1.806241e-02  1.987063e-03  1.771768e-02  1.840418e-02  1.828291e-03    1.387961e-01  1.387961e-01    -1.021800e-05  1.021800e-05  9.999e-01
10.921667  1.936713e-03  1.732692e-02  1.800154e-02  1.861407e-03  1.827698e-02  2.806100e-01  1.448860e-01  1.831396e-02  1.741018e-02  1.440910e-01  2.793034e-01  1.806030e-02  1.985094e-03  1.771068e-02  1.840011e-02  1.825593e-03    1.388247e-01  1.388247e-01    -1.715072e-05  1.715072e-05  9.999e-01
10.961667  1.934803e-03  1.732484e-02  1.799642e-02  1.859944e-03  1.827223e-02  2.806282e-01  1.448857e-01  1.831055e-02  1.740654e-02  1.440940e-01  2.793229e-01  1.805818e-02  1.983107e-03  1.770371e-02  1.839590e-02  1.822934e-03    1.388528e-01  1.388528e-01    -2.399464e-05  2.399464e-05  9.999e-01
11.001667  1.932907e-03  1.732286e-02  1.799136e-02  1.858492e-03  1.826756e-02  2.806458e-01  1.448852e-01  1.830724e-02  1.740313e-02  1.440975e-01  2.793422e-01  1.805602e-02  1.981105e-03  1.769677e-02  1.839157e-02  1.820312e-03    1.388803e-01  1.388803e-01    -3.072010e-05  3.072010e-05  9.999e-01
11.041667  1.931021e-03  1.732096e-02  1.798637e-02  1.857052e-03  1.826297e-02  2.806630e-01  1.448843e-01  1.830404e-02  1.739997e-02  1.441013e-01  2.793613e-01  1.805383e-02  1.979089e-03  1.768986e-02  1.838711e-02  1.817726e-03    1.389074e-01  1.389074e-01    -3.730987e-05  3.730987e-05  9.999e-01
11.081667  1.929139e-03  1.731914e-02  1.798143e-02  1.855628e-03  1.825847e-02  2.806798e-01  1.448833e-01  1.830095e-02  1.739703e-02  1.441056e-01  2.793802e-01  1.805160e-02  1.977063e-03  1.768298e-02  1.838254e-02  1.815171e-03    1.389339e-01  1.389339e-01    -4.375720e-05  4.375720e-05  9.999e-01
11.121667  1.927256e-03  1.731741e-02  1.797656e-02  1.854221e-03  1.825405e-02  2.806961e-01  1.448820e-01  1.829796e-02  1.739433e-02  1.441103e-01  2.793989e-01  1.804932e-02  1.975029e-03  1.767613e-02  1.837788e-02  1.812647e-03    1.389599e-01  1.389599e-01    -5.003887e-05  5.003887e-05  9.999e-01
11.161667  1.925365e-03  1.731577e-02  1.797174e-02  1.852834e-03  1.824971e-02  2.807120e-01  1.448804e-01  1.829508e-02  1.739185e-02  1.441154e-01  2.794173e-01  1.804699e-02  1.972989e-03  1.766931e-02  1.837313e-02  1.810153e-03    1.389854e-01  1.389854e-01    -5.613014e-05  5.613014e-05  9.999e-01
11.201667  1.923462e-03  1.731421e-02  1.796697e-02  1.851470e-03  1.824547e-02  2.807274e-01  1.448786e-01  1.829229e-02  1.738958e-02  1.441209e-01  2.794355e-01  1.804460e-02  1.970945e-03  1.766253e-02  1.836831e-02  1.807686e-03    1.390104e-01  1.390104e-01    -6.201680e-05  6.201680e-05  9.999e-01
11.241667  1.921542e-03  1.731274e-02  1.796226e-02  1.850131e-03  1.824132e-02  2.807425e-01  1.448766e-01  1.828960e-02  1.738753e-02  1.441267e-01  2.794536e-01  1.804216e-02  1.968900e-03  1.765579e-02  1.836341e-02  1.805246e-03    1.390349e-01  1.390349e-01    -6.767899e-05  6.767899e-05  9.999e-01
11.281667  1.919598e-03  1.731135e-02  1.795760e-02  1.848819e-03  1.823725e-02  2.807570e-01  1.448744e-01  1.828701e-02  1.738568e-02  1.441330e-01  2.794714e-01  1.803966e-02  1.966856e-03  1.764909e-02  1.835845e-02  1.802832e-03    1.390589e-01  1.390589e-01    -7.309496e-05  7.309496e-05  9.999e-01
11.321667  1.917627e-03  1.731004e-02  1.795300e-02  1.847536e-03  1.823328e-02  2.807712e-01  1.448719e-01  1.828450e-02  1.738404e-02  1.441396e-01  2.794891e-01  1.803710e-02  1.964817e-03  1.764244e-02  1.835344e-02  1.800443e-03    1.390825e-01  1.390825e-01    -7.825233e-05  7.825233e-05  9.999e-01
11.361667  1.915623e-03  1.730880e-02  1.794844e-02  1.846284e-03  1.822940e-02  2.807849e-01  1.448692e-01  1.828207e-02  1.738259e-02  1.441465e-01  2.795066e-01  1.803448e-02  1.962784e-03  1.763583e-02  1.834839e-02  1.798081e-03    1.391056e-01  1.391056e-01    -8.313222e-05  8.313222e-05  9.999e-01
11.401667  1.913582e-03  1.730765e-02  1.794393e-02  1.845065e-03  1.822562e-02  2.807982e-01  1.448664e-01  1.827973e-02  1.738133e-02  1.441537e-01  2.795239e-01  1.803179e-02  1.960760e-03  1.762927e-02  1.834330e-02  1.795744e-03    1.391282e-01  1.391282e-01    -8.772787e-05  8.772787e-05  9.999e-01
11.451667  1.910980e-03  1.730632e-02  1.793837e-02  1.843587e-03  1.822104e-02  2.808143e-01  1.448626e-01  1.827690e-02  1.738001e-02  1.441632e-01  2.795452e-01  1.802833e-02  1.958246e-03  1.762114e-02  1.833689e-02  1.792867e-03    1.391558e-01  1.391558e-01    -9.305679e-05  9.305679e-05  9.999e-01
11.501667  1.908317e-03  1.730509e-02  1.793288e-02  1.842166e-03  1.821662e-02  2.808298e-01  1.448586e-01  1.827416e-02  1.737897e-02  1.441730e-01  2.795663e-01  1.802478e-02  1.955751e-03  1.761309e-02  1.833043e-02  1.790045e-03    1.391828e-01  1.391828e-01    -9.789558e-05  9.789558e-05  9.999e-01
11.551667  1.905591e-03  1.730397e-02  1.792747e-02  1.840804e-03  1.821236e-02  2.808446e-01  1.448543e-01  1.827151e-02  1.737818e-02  1.441833e-01  2.795872e-01  1.802112e-02  1.953283e-03  1.760514e-02  1.832395e-02  1.787283e-03    1.392090e-01  1.392090e-01    -1.022176e-04  1.022176e-04  9.999e-01
11.601667  1.902802e-03  1.730295e-02  1.792214e-02  1.839502e-03  1.820828e-02  2.808589e-01  1.448498e-01  1.826894e-02  1.737764e-02  1.441938e-01  2.796077e-01  1.801738e-02  1.950847e-03  1.759727e-02  1.831744e-02  1.784584e-03    1.392346e-01  1.392346e-01    -1.060120e-04  1.060120e-04  9.999e-01
11.651667  1.899950e-03  1.730203e-02  1.791688e-02  1.838263e-03  1.820437e-02  2.808725e-01  1.448451e-01  1.826643e-02  1.737732e-02  1.442047e-01  2.796280e-01  1.801355e-02  1.948450e-03  1.758951e-02  1.831091e-02  1.781952e-03    1.392595e-01  1.392595e-01    -1.092592e-04  1.092592e-04  9.999e-01
11.701667  1.897036e-03  1.730121e-02  1.791170e-02  1.837087e-03  1.820064e-02  2.808856e-01  1.448403e-01  1.826397e-02  1.737721e-02  1.442158e-01  2.796481e-01  1.800964e-02  1.946100e-03  1.758185e-02  1.830437e-02  1.779391e-03    1.392838e-01  1.392838e-01    -1.119431e-04  1.119431e-04  9.999e-01
11.751667  1.894060e-03  1.730047e-02  1.790658e-02  1.835973e-03  1.819709e-02  2.808981e-01  1.448354e-01  1.826155e-02  1.737731e-02  1.442271e-01  2.796679e-01  1.800565e-02  1.943802e-03  1.757430e-02  1.829782e-02  1.776904e-03    1.393075e-01  1.393075e-01    -1.140594e-04  1.140594e-04  9.999e-01
11.801667  1.891025e-03  1.729982e-02  1.790155e-02  1.834921e-03  1.819372e-02  2.809101e-01  1.448304e-01  1.825916e-02  1.737758e-02  1.442385e-01  2.796875e-01  1.800161e-02  1.941565e-03  1.756687e-02  1.829128e-02  1.774494e-03    1.393305e-01  1.393305e-01    -1.156019e-04  1.156019e-04  9.999e-01
11.851667  1.887932e-03  1.729925e-02  1.789658e-02  1.833931e-03  1.819053e-02  2.809215e-01  1.448253e-01  1.825679e-02  1.737802e-02  1.442500e-01  2.797068e-01  1.799750e-02  1.939393e-03  1.755956e-02  1.828475e-02  1.772163e-03    1.393530e-01  1.393530e-01    -1.165713e-04  1.165713e-04  9.999e-01
11.901667  1.884784e-03  1.729876e-02  1.789170e-02  1.833000e-03  1.818754e-02  2.809324e-01  1.448202e-01  1.825444e-02  1.737860e-02  1.442615e-01  2.797259e-01  1.799335e-02  1.937293e-03  1.755239e-02  1.827822e-02  1.769913e-03    1.393749e-01  1.393749e-01    -1.169645e-04  1.169645e-04  9.999e-01
11.951667  1.881583e-03  1.729834e-02  1.788688e-02  1.832128e-03  1.818473e-02  2.809427e-01  1.448151e-01  1.825210e-02  1.737933e-02  1.442730e-01  2.797448e-01  1.798916e-02  1.935272e-03  1.754535e-02  1.827172e-02  1.767746e-03    1.393962e-01  1.393962e-01    -1.167851e-04  1.167851e-04  9.999e-01
12.001667  1.878334e-03  1.729799e-02  1.788215e-02  1.831311e-03  1.818211e-02  2.809526e-01  1.448101e-01  1.824975e-02  1.738017e-02  1.442845e-01  2.797634e-01  1.798494e-02  1.933333e-03  1.753845e-02  1.826524e-02  1.765663e-03    1.394170e-01  1.394170e-01    -1.160402e-04  1.160402e-04  9.999e-01
12.051667  1.875040e-03  1.729771e-02  1.787749e-02  1.830549e-03  1.817968e-02  2.809620e-01  1.448051e-01  1.824739e-02  1.738112e-02  1.442959e-01  2.797817e-01  1.798069e-02  1.931483e-03  1.753170e-02  1.825879e-02  1.763667e-03    1.394373e-01  1.394373e-01    -1.147376e-04  1.147376e-04  9.999e-01
12.101667  1.871705e-03  1.729749e-02  1.787292e-02  1.829839e-03  1.817744e-02  2.809709e-01  1.448002e-01  1.824501e-02  1.738216e-02  1.443072e-01  2.797999e-01  1.797643e-02  1.929725e-03  1.752510e-02  1.825238e-02  1.761758e-03    1.394571e-01  1.394571e-01    -1.128874e-04  1.128874e-04  9.999e-01
12.151667  1.868332e-03  1.729732e-02  1.786842e-02  1.829178e-03  1.817539e-02  2.809793e-01  1.447954e-01  1.824261e-02  1.738327e-02  1.443182e-01  2.798178e-01  1.797216e-02  1.928063e-03  1.751865e-02  1.824600e-02  1.759938e-03    1.394764e-01  1.394764e-01    -1.105040e-04  1.105040e-04  9.999e-01
12.201667  1.864925e-03  1.729721e-02  1.786401e-02  1.828564e-03  1.817353e-02  2.809872e-01  1.447907e-01  1.824018e-02  1.738446e-02  1.443291e-01  2.798354e-01  1.796790e-02  1.926501e-03  1.751236e-02  1.823967e-02  1.758206e-03    1.394952e-01  1.394952e-01    -1.075971e-04  1.075971e-04  9.999e-01
12.251667  1.861491e-03  1.729714e-02  1.785968e-02  1.827993e-03  1.817186e-02  2.809948e-01  1.447862e-01  1.823772e-02  1.738569e-02  1.443397e-01  2.798529e-01  1.796364e-02  1.925042e-03  1.750623e-02  1.823338e-02  1.756563e-03    1.395136e-01  1.395136e-01    -1.042018e-04  1.042018e-04  9.999e-01
12.301667  1.858033e-03  1.729711e-02  1.785543e-02  1.827462e-03  1.817037e-02  2.810019e-01  1.447820e-01  1.823522e-02  1.738697e-02  1.443500e-01  2.798700e-01  1.795940e-02  1.923686e-03  1.750026e-02  1.822715e-02  1.755011e-03    1.395316e-01  1.395316e-01    -1.003205e-04  1.003205e-04  9.999e-01
12.351667  1.854555e-03  1.729712e-02  1.785128e-02  1.826968e-03  1.816908e-02  2.810086e-01  1.447779e-01  1.823267e-02  1.738828e-02  1.443600e-01  2.798870e-01  1.795518e-02  1.922437e-03  1.749445e-02  1.822097e-02  1.753547e-03    1.395491e-01  1.395491e-01    -9.599105e-05  9.599105e-05  9.999e-01
12.401667  1.851064e-03  1.729717e-02  1.784721e-02  1.826507e-03  1.816797e-02  2.810149e-01  1.447741e-01  1.823008e-02  1.738962e-02  1.443696e-01  2.799037e-01  1.795098e-02  1.921294e-03  1.748881e-02  1.821486e-02  1.752172e-03    1.395662e-01  1.395662e-01    -9.122938e-05  9.122938e-05  9.999e-01
12.451667  1.847563e-03  1.729723e-02  1.784323e-02  1.826076e-03  1.816705e-02  2.810209e-01  1.447706e-01  1.822745e-02  1.739097e-02  1.443788e-01  2.799201e-01  1.794682e-02  1.920259e-03  1.748332e-02  1.820881e-02  1.750886e-03    1.395830e-01  1.395830e-01    -8.606814e-05  8.606814e-05  9.999e-01
12.501667  1.844058e-03  1.729731e-02  1.783934e-02  1.825671e-03  1.816631e-02  2.810264e-01  1.447673e-01  1.822476e-02  1.739232e-02  1.443877e-01  2.799363e-01  1.794269e-02  1.919329e-03  1.747800e-02  1.820284e-02  1.749686e-03    1.395994e-01  1.395994e-01    -8.052333e-05  8.052333e-05  9.999e-01
12.551667  1.840553e-03  1.729741e-02  1.783554e-02  1.825289e-03  1.816575e-02  2.810317e-01  1.447644e-01  1.822203e-02  1.739367e-02  1.443961e-01  2.799522e-01  1.793861e-02  1.918505e-03  1.747283e-02  1.819694e-02  1.748572e-03    1.396155e-01  1.396155e-01    -7.463330e-05  7.463330e-05  9.999e-01
12.601667  1.837053e-03  1.729751e-02  1.783184e-02  1.824925e-03  1.816536e-02  2.810366e-01  1.447617e-01  1.821926e-02  1.739502e-02  1.444040e-01  2.799679e-01  1.793457e-02  1.917784e-03  1.746781e-02  1.819112e-02  1.747543e-03    1.396312e-01  1.396312e-01    -6.841969e-05  6.841969e-05  9.999e-01
12.651667  1.833563e-03  1.729761e-02  1.782823e-02  1.824575e-03  1.816516e-02  2.810412e-01  1.447594e-01  1.821643e-02  1.739635e-02  1.444115e-01  2.799833e-01  1.793058e-02  1.917164e-03  1.746294e-02  1.818539e-02  1.746596e-03    1.396466e-01  1.396466e-01    -6.191270e-05  6.191270e-05  9.999e-01
12.701667  1.830087e-03  1.729770e-02  1.782472e-02  1.824236e-03  1.816512e-02  2.810455e-01  1.447574e-01  1.821356e-02  1.739767e-02  1.444186e-01  2.799984e-01  1.792664e-02  1.916642e-03  1.745822e-02  1.817975e-02  1.745730e-03    1.396617e-01  1.396617e-01    -5.513845e-05  5.513845e-05  9.999e-01
12.751667  1.826631e-03  1.729778e-02  1.782130e-02  1.823904e-03  1.816526e-02  2.810495e-01  1.447558e-01  1.821066e-02  1.739896e-02  1.444251e-01  2.800133e-01  1.792276e-02  1.916213e-03  1.745364e-02  1.817420e-02  1.744942e-03    1.396765e-01  1.396765e-01    -4.813203e-05  4.813203e-05  9.999e-01
12.801667  1.823197e-03  1.729785e-02  1.781799e-02  1.823576e-03  1.816556e-02  2.810532e-01  1.447546e-01  1.820771e-02  1.740023e-02  1.444312e-01  2.800279e-01  1.791893e-02  1.915873e-03  1.744919e-02  1.816876e-02  1.744230e-03    1.396911e-01  1.396911e-01    -4.092417e-05  4.092417e-05  9.999e-01
12.847557  1.820070e-03  1.729788e-02  1.781503e-02  1.823273e-03  1.816598e-02  2.810564e-01  1.447538e-01  1.820498e-02  1.740137e-02  1.444363e-01  2.800411e-01  1.791547e-02  1.915635e-03  1.744522e-02  1.816385e-02  1.743641e-03    1.397042e-01  1.397042e-01    -3.415247e-05  3.415247e-05  9.999e-01
12.897557  1.816694e-03  1.729788e-02  1.781190e-02  1.822941e-03  1.816659e-02  2.810597e-01  1.447533e-01  1.820197e-02  1.740258e-02  1.444413e-01  2.800552e-01  1.791175e-02  1.915451e-03  1.744101e-02  1.815861e-02  1.743067e-03    1.397183e-01  1.397183e-01    -2.663415e-05  2.663415e-05  9.999e-01
12.947557  1.813353e-03  1.729785e-02  1.780888e-02  1.822601e-03  1.816736e-02  2.810627e-01  1.447532e-01  1.819895e-02  1.740377e-02  1.444459e-01  2.800690e-01  1.790810e-02  1.915340e-03  1.743691e-02  1.815348e-02  1.742560e-03    1.397322e-01  1.397322e-01    -1.899944e-05  1.899944e-05  9.999e-01
12.997557  1.810051e-03  1.729777e-02  1.780595e-02  1.822250e-03  1.816829e-02  2.810655e-01  1.447534e-01  1.819590e-02  1.740493e-02  1.444500e-01  2.800826e-01  1.790450e-02  1.915296e-03  1.743293e-02  1.814847e-02  1.742118e-03    1.397458e-01  1.397458e-01    -1.127737e-05  1.127737e-05  9.999e-01
13.047557  1.806794e-03  1.729765e-02  1.780313e-02  1.821886e-03  1.816935e-02  2.810682e-01  1.447541e-01  1.819285e-02  1.740606e-02  1.444536e-01  2.800959e-01  1.790097e-02  1.915312e-03  1.742904e-02  1.814359e-02  1.741737e-03    1.397592e-01  1.397592e-01    -3.495651e-06  3.495651e-06  9.999e-01
13.097557  1.803582e-03  1.729747e-02  1.780040e-02  1.821506e-03  1.817057e-02  2.810706e-01  1.447551e-01  1.818978e-02  1.740716e-02  1.444566e-01  2.801088e-01  1.789750e-02  1.915381e-03  1.742526e-02  1.813883e-02  1.741414e-03    1.397724e-01  1.397724e-01    4.315592e-06  -4.315592e-06  9.999e-01
13.147557  1.800420e-03  1.729723e-02  1.779778e-02  1.821107e-03  1.817192e-02  2.810729e-01  1.447565e-01  1.818673e-02  1.740824e-02  1.444592e-01  2.801215e-01  1.789409e-02  1.915496e-03  1.742156e-02  1.813420e-02  1.741144e-03    1.397855e-01  1.397855e-01    1.212885e-05  -1.212885e-05  9.999e-01
13.197557  1.797312e-03  1.729692e-02  1.779526e-02  1.820687e-03  1.817341e-02  2.810750e-01  1.447583e-01  1.818368e-02  1.740929e-02  1.444612e-01  2.801339e-01  1.789074e-02  1.915650e-03  1.741794e-02  1.812971e-02  1.740925e-03    1.397983e-01  1.397983e-01    1.991386e-05  -1.991386e-05  9.999e-01
13.247557  1.794259e-03  1.729655e-02  1.779285e-02  1.820243e-03  1.817503e-02  2.810770e-01  1.447604e-01  1.818064e-02  1.741032e-02  1.444628e-01  2.801461e-01  1.788745e-02  1.915834e-03  1.741440e-02  1.812535e-02  1.740752e-03    1.398110e-01  1.398110e-01    2.765218e-05  -2.765218e-05  9.999e-01
13.297557  1.791265e-03  1.729611e-02  1.779053e-02  1.819774e-03  1.817678e-02  2.810788e-01  1.447630e-01  1.817763e-02  1.741133e-02  1.444639e-01  2.801579e-01  1.788423e-02  1.916043e-03  1.741092e-02  1.812114e-02  1.740622e-03    1.398235e-01  1.398235e-01    3.530955e-05  -3.530955e-05  9.999e-01
13.347557  1.788333e-03  1.729560e-02  1.778832e-02  1.819279e-03  1.817864e-02  2.810805e-01  1.447658e-01  1.817465e-02  1.741233e-02  1.444646e-01  2.801695e-01  1.788106e-02  1.916268e-03  1.740751e-02  1.811707e-02  1.740531e-03    1.398358e-01  1.398358e-01    4.288573e-05  -4.288573e-05  9.999e-01
13.397557  1.785464e-03  1.729501e-02  1.778620e-02  1.818755e-03  1.818063e-02  2.810821e-01  1.447690e-01  1.817171e-02  1.741331e-02  1.444648e-01  2.801807e-01  1.787796e-02  1.916502e-03  1.740416e-02  1.811316e-02  1.740475e-03    1.398480e-01  1.398480e-01    5.030905e-05  -5.030905e-05  9.999e-01
13.447557  1.782660e-03  1.729434e-02  1.778419e-02  1.818203e-03  1.818272e-02  2.810836e-01  1.447726e-01  1.816881e-02  1.741429e-02  1.444645e-01  2.801917e-01  1.787491e-02  1.916738e-03  1.740087e-02  1.810940e-02  1.740450e-03    1.398600e-01  1.398600e-01    5.759281e-05  -5.759281e-05  9.999e-01
13.497557  1.779924e-03  1.729359e-02  1.778228e-02  1.817621e-03  1.818492e-02  2.810850e-01  1.447764e-01  1.816596e-02  1.741526e-02  1.444639e-01  2.802024e-01  1.787192e-02  1.916969e-03  1.739762e-02  1.810579e-02  1.740453e-03    1.398719e-01  1.398719e-01    6.470714e-05  -6.470714e-05  9.999e-01
13.547557  1.777257e-03  1.729277e-02  1.778048e-02  1.817009e-03  1.818721e-02  2.810864e-01  1.447806e-01  1.816317e-02  1.741622e-02  1.444628e-01  2.802127e-01  1.786898e-02  1.917189e-03  1.739441e-02  1.810234e-02  1.740479e-03    1.398836e-01  1.398836e-01    7.162712e-05  -7.162712e-05  9.999e-01
13.597557  1.774661e-03  1.729186e-02  1.777877e-02  1.816367e-03  1.818960e-02  2.810876e-01  1.447850e-01  1.816044e-02  1.741718e-02  1.444613e-01  2.802229e-01  1.786611e-02  1.917391e-03  1.739125e-02  1.809905e-02  1.740525e-03    1.398951e-01  1.398951e-01    7.833683e-05  -7.833683e-05  9.999e-01
13.647557  1.772137e-03  1.729087e-02  1.777716e-02  1.815695e-03  1.819208e-02  2.810888e-01  1.447898e-01  1.815778e-02  1.741814e-02  1.444594e-01  2.802327e-01  1.786328e-02  1.917569e-03  1.738812e-02  1.809592e-02  1.740588e-03    1.399066e-01  1.399066e-01    8.481873e-05  -8.481873e-05  9.999e-01
13.697557  1.769687e-03  1.728981e-02  1.777565e-02  1.814994e-03  1.819464e-02  2.810899e-01  1.447947e-01  1.815520e-02  1.741911e-02  1.444572e-01  2.802422e-01  1.786052e-02  1.917717e-03  1.738503e-02  1.809296e-02  1.740663e-03    1.399178e-01  1.399178e-01    9.105046e-05  -9.105046e-05  9.999e-01
13.747557  1.767310e-03  1.728866e-02  1.777424e-02  1.814264e-03  1.819728e-02  2.810910e-01  1.447999e-01  1.815269e-02  1.742008e-02  1.444546e-01  2.802515e-01  1.785780e-02  1.917831e-03  1.738197e-02  1.809016e-02  1.740747e-03    1.399289e-01  1.399289e-01    9.702181e-05  -9.702181e-05  9.999e-01
13.797557  1.765007e-03  1.728744e-02  1.777293e-02  1.813506e-03  1.819998e-02  2.810920e-01  1.448053e-01  1.815027e-02  1.742106e-02  1.444517e-01  2.802604e-01  1.785514e-02  1.917905e-03  1.737895e-02  1.808753e-02  1.740836e-03    1.399399e-01  1.399399e-01    1.027200e-04  -1.027200e-04  9.999e-01
13.847557  1.762780e-03  1.728615e-02  1.777172e-02  1.812722e-03  1.820275e-02  2.810930e-01  1.448109e-01  1.814794e-02  1.742204e-02  1.444484e-01  2.802692e-01  1.785252e-02  1.917936e-03  1.737595e-02  1.808505e-02  1.740928e-03    1.399507e-01  1.399507e-01    1.081295e-04  -1.081295e-04  9.999e-01
13.897557  1.760629e-03  1.728479e-02  1.777060e-02  1.811913e-03  1.820558e-02  2.810940e-01  1.448166e-01  1.814569e-02  1.742303e-02  1.444449e-01  2.802776e-01  1.784996e-02  1.917918e-03  1.737298e-02  1.808275e-02  1.741020e-03    1.399614e-01  1.399614e-01    1.132378e-04  -1.132378e-04  9.999e-01
13.947557  1.758552e-03  1.728335e-02  1.776958e-02  1.811080e-03  1.820846e-02  2.810949e-01  1.448225e-01  1.814355e-02  1.742402e-02  1.444411e-01  2.802858e-01  1.784745e-02  1.917848e-03  1.737004e-02  1.808061e-02  1.741107e-03    1.399718e-01  1.399718e-01    1.180349e-04  -1.180349e-04  9.999e-01
13.997557  1.756551e-03  1.728185e-02  1.776865e-02  1.810225e-03  1.821139e-02  2.810958e-01  1.448286e-01  1.814150e-02  1.742503e-02  1.444370e-01  2.802937e-01  1.784498e-02  1.917724e-03  1.736713e-02  1.807863e-02  1.741188e-03    1.399822e-01  1.399822e-01    1.225114e-04  -1.225114e-04  9.999e-01
14.047557  1.754625e-03  1.728029e-02  1.776781e-02  1.809351e-03  1.821435e-02  2.810967e-01  1.448347e-01  1.813955e-02  1.742604e-02  1.444327e-01  2.803014e-01  1.784256e-02  1.917543e-03  1.736425e-02  1.807681e-02  1.741260e-03    1.399923e-01  1.399923e-01    1.266613e-04  -1.266613e-04  9.999e-01
14.097557  1.752773e-03  1.727868e-02  1.776707e-02  1.808459e-03  1.821735e-02  2.810976e-01  1.448409e-01  1.813770e-02  1.742705e-02  1.444282e-01  2.803089e-01  1.784019e-02  1.917302e-03  1.736139e-02  1.807515e-02  1.741321e-03    1.400023e-01  1.400023e-01    1.304815e-04  -1.304815e-04  9.999e-01
14.147557  1.750994e-03  1.727701e-02  1.776642e-02  1.807552e-03  1.822038e-02  2.810985e-01  1.448471e-01  1.813595e-02  1.742807e-02  1.444235e-01  2.803161e-01  1.783786e-02  1.916999e-03  1.735857e-02  1.807364e-02  1.741367e-03    1.400121e-01  1.400121e-01    1.339574e-04  -1.339574e-04  9.999e-01
14.197557  1.749288e-03  1.727529e-02  1.776585e-02  1.806632e-03  1.822343e-02  2.810993e-01  1.448534e-01  1.813431e-02  1.742908e-02  1.444186e-01  2.803231e-01  1.783558e-02  1.916635e-03  1.735577e-02  1.807229e-02  1.741398e-03    1.400218e-01  1.400218e-01    1.370899e-04  -1.370899e-04  9.999e-01
14.247557  1.747653e-03  1.727352e-02  1.776537e-02  1.805701e-03  1.822649e-02  2.811001e-01  1.448597e-01  1.813277e-02  1.743009e-02  1.444136e-01  2.803299e-01  1.783334e-02  1.916206e-03  1.735301e-02  1.807108e-02  1.741411e-03    1.400312e-01  1.400312e-01    1.398789e-04  -1.398789e-04  9.999e-01
14.297557  1.746088e-03  1.727172e-02  1.776498e-02  1.804762e-03  1.822957e-02  2.811010e-01  1.448660e-01  1.813133e-02  1.743110e-02  1.444084e-01  2.803365e-01  1.783114e-02  1.915714e-03  1.735027e-02  1.807002e-02  1.741405e-03    1.400405e-01  1.400405e-01    1.423155e-04  -1.423155e-04  9.999e-01
14.347557  1.744592e-03  1.726988e-02  1.776466e-02  1.803818e-03  1.823265e-02  2.811018e-01  1.448723e-01  1.813000e-02  1.743210e-02  1.444031e-01  2.803429e-01  1.782898e-02  1.915159e-03  1.734757e-02  1.806909e-02  1.741378e-03    1.400495e-01  1.400495e-01    1.444055e-04  -1.444055e-04  9.999e-01
14.397557  1.743163e-03  1.726801e-02  1.776442e-02  1.802871e-03  1.823572e-02  2.811027e-01  1.448785e-01  1.812876e-02  1.743309e-02  1.443978e-01  2.803491e-01  1.782686e-02  1.914540e-03  1.734490e-02  1.806830e-02  1.741329e-03    1.400584e-01  1.400584e-01    1.461495e-04  -1.461495e-04  9.999e-01
14.447557  1.741799e-03  1.726612e-02  1.776425e-02  1.801923e-03  1.823879e-02  2.811035e-01  1.448846e-01  1.812762e-02  1.743406e-02  1.443923e-01  2.803551e-01  1.782479e-02  1.913860e-03  1.734226e-02  1.806764e-02  1.741258e-03    1.400671e-01  1.400671e-01    1.475446e-04  -1.475446e-04  9.999e-01
14.497557  1.740499e-03  1.726420e-02  1.776415e-02  1.800979e-03  1.824185e-02  2.811044e-01  1.448907e-01  1.812658e-02  1.743502e-02  1.443868e-01  2.803610e-01  1.782276e-02  1.913119e-03  1.733966e-02  1.806709e-02  1.741163e-03    1.400755e-01  1.400755e-01    1.485946e-04  -1.485946e-04  9.999e-01
14.543694  1.739354e-03  1.726242e-02  1.776412e-02  1.800111e-03  1.824465e-02  2.811052e-01  1.448962e-01  1.812571e-02  1.743588e-02  1.443817e-01  2.803663e-01  1.782092e-02  1.912384e-03  1.733729e-02  1.806669e-02  1.741055e-03    1.400831e-01  1.400831e-01    1.492686e-04  -1.492686e-04  9.999e-01
14.593694  1.738172e-03  1.726048e-02  1.776415e-02  1.799179e-03  1.824766e-02  2.811061e-01  1.449020e-01  1.812485e-02  1.743679e-02  1.443762e-01  2.803718e-01  1.781897e-02  1.911532e-03  1.733475e-02  1.806635e-02  1.740915e-03    1.400912e-01  1.400912e-01    1.496790e-04  -1.496790e-04  9.999e-01
14.642922  1.737066e-03  1.725855e-02  1.776423e-02  1.798270e-03  1.825060e-02  2.811070e-01  1.449076e-01  1.812409e-02  1.743765e-02  1.443708e-01  2.803772e-01  1.781709e-02  1.910642e-03  1.733229e-02  1.806612e-02  1.740754e-03    1.400989e-01  1.400989e-01    1.497643e-04  -1.497643e-04  9.999e-01
14.689453  1.736071e-03  1.725673e-02  1.776436e-02  1.797421e-03  1.825334e-02  2.811079e-01  1.449128e-01  1.812344e-02  1.743844e-02  1.443657e-01  2.803822e-01  1.781535e-02  1.909755e-03  1.732999e-02  1.806597e-02  1.740580e-03    1.401060e-01  1.401060e-01    1.495613e-04  -1.495613e-04  9.999e-01
14.739453  1.735055e-03  1.725477e-02  1.776454e-02  1.796523e-03  1.825624e-02  2.811089e-01  1.449182e-01  1.812283e-02  1.743925e-02  1.443602e-01  2.803874e-01  1.781353e-02  1.908756e-03  1.732755e-02  1.806590e-02  1.740371e-03    1.401135e-01  1.401135e-01    1.490443e-04  -1.490443e-04  9.999e-01
14.789453  1.734094e-03  1.725282e-02  1.776477e-02  1.795642e-03  1.825910e-02  2.811099e-01  1.449234e-01  1.812230e-02  1.744003e-02  1.443549e-01  2.803925e-01  1.781176e-02  1.907713e-03  1.732514e-02  1.806589e-02  1.740140e-03    1.401207e-01  1.401207e-01    1.482268e-04  -1.482268e-04  9.999e-01
14.839453  1.733184e-03  1.725087e-02  1.776504e-02  1.794779e-03  1.826189e-02  2.811109e-01  1.449284e-01  1.812184e-02  1.744076e-02  1.443496e-01  2.803975e-01  1.781003e-02  1.906630e-03  1.732276e-02  1.806595e-02  1.739886e-03    1.401276e-01  1.401276e-01    1.471188e-04  -1.471188e-04  9.999e-01
14.889453  1.732326e-03  1.724893e-02  1.776535e-02  1.793935e-03  1.826463e-02  2.811120e-01  1.449332e-01  1.812144e-02  1.744145e-02  1.443444e-01  2.804025e-01  1.780835e-02  1.905511e-03  1.732041e-02  1.806607e-02  1.739611e-03    1.401344e-01  1.401344e-01    1.457308e-04  -1.457308e-04  9.999e-01
14.939453  1.731517e-03  1.724700e-02  1.776569e-02  1.793113e-03  1.826730e-02  2.811131e-01  1.449378e-01  1.812112e-02  1.744209e-02  1.443393e-01  2.804073e-01  1.780673e-02  1.904361e-03  1.731809e-02  1.806622e-02  1.739317e-03    1.401409e-01  1.401409e-01    1.440764e-04  -1.440764e-04  9.999e-01
14.989453  1.730756e-03  1.724508e-02  1.776605e-02  1.792314e-03  1.826989e-02  2.811142e-01  1.449421e-01  1.812085e-02  1.744268e-02  1.443344e-01  2.804121e-01  1.780516e-02  1.903184e-03  1.731579e-02  1.806642e-02  1.739003e-03    1.401473e-01  1.401473e-01    1.421665e-04  -1.421665e-04  9.999e-01
15.039453  1.730041e-03  1.724319e-02  1.776645e-02  1.791539e-03  1.827240e-02  2.811154e-01  1.449462e-01  1.812063e-02  1.744322e-02  1.443296e-01  2.804168e-01  1.780364e-02  1.901985e-03  1.731351e-02  1.806664e-02  1.738671e-03    1.401533e-01  1.401533e-01    1.400174e-04  -1.400174e-04  9.999e-01
15.089453  1.729372e-03  1.724131e-02  1.776686e-02  1.790789e-03  1.827483e-02  2.811167e-01  1.449501e-01  1.812046e-02  1.744370e-02  1.443250e-01  2.804215e-01  1.780219e-02  1.900769e-03  1.731125e-02  1.806687e-02  1.738322e-03    1.401592e-01  1.401592e-01    1.376414e-04  -1.376414e-04  9.999e-01
15.139453  1.728747e-03  1.723944e-02  1.776728e-02  1.790064e-03  1.827716e-02  2.811180e-01  1.449537e-01  1.812034e-02  1.744414e-02  1.443205e-01  2.804261e-01  1.780080e-02  1.899541e-03  1.730900e-02  1.806712e-02  1.737959e-03    1.401649e-01  1.401649e-01    1.350534e-04  -1.350534e-04  9.999e-01
15.189453  1.728165e-03  1.723760e-02  1.776772e-02  1.789366e-03  1.827940e-02  2.811194e-01  1.449570e-01  1.812025e-02  1.744452e-02  1.443163e-01  2.804307e-01  1.779947e-02  1.898305e-03  1.730676e-02  1.806736e-02  1.737581e-03    1.401703e-01  1.401703e-01    1.322683e-04  -1.322683e-04  9.999e-01
15.239453  1.727626e-03  1.723579e-02  1.776817e-02  1.788694e-03  1.828154e-02  2.811209e-01  1.449601e-01  1.812019e-02  1.744485e-02  1.443122e-01  2.804353e-01  1.779822e-02  1.897066e-03  1.730454e-02  1.806760e-02  1.737191e-03    1.401755e-01  1.401755e-01    1.293011e-04  -1.293011e-04  9.999e-01
15.289453  1.727128e-03  1.723399e-02  1.776863e-02  1.788049e-03  1.828356e-02  2.811224e-01  1.449629e-01  1.812016e-02  1.744512e-02  1.443084e-01  2.804398e-01  1.779703e-02  1.895830e-03  1.730231e-02  1.806782e-02  1.736789e-03    1.401805e-01  1.401805e-01    1.261678e-04  -1.261678e-04  9.999e-01
15.339453  1.726670e-03  1.723222e-02  1.776909e-02  1.787431e-03  1.828547e-02  2.811241e-01  1.449655e-01  1.812014e-02  1.744534e-02  1.443048e-01  2.804443e-01  1.779592e-02  1.894600e-03  1.730009e-02  1.806801e-02  1.736378e-03    1.401853e-01  1.401853e-01    1.228829e-04  -1.228829e-04  9.999e-01
15.389453  1.726253e-03  1.723047e-02  1.776954e-02  1.786840e-03  1.828726e-02  2.811258e-01  1.449678e-01  1.812014e-02  1.744551e-02  1.443014e-01  2.804488e-01  1.779488e-02  1.893381e-03  1.729786e-02  1.806817e-02  1.735958e-03    1.401899e-01  1.401899e-01    1.194642e-04  -1.194642e-04  9.999e-01
15.439453  1.725873e-03  1.722874e-02  1.777000e-02  1.786276e-03  1.828894e-02  2.811276e-01  1.449698e-01  1.812014e-02  1.744563e-02  1.442982e-01  2.804533e-01  1.779392e-02  1.892179e-03  1.729562e-02  1.806829e-02  1.735532e-03    1.401942e-01  1.401942e-01    1.159322e-04  -1.159322e-04  9.999e-01
15.489453  1.725531e-03  1.722704e-02  1.777045e-02  1.785738e-03  1.829048e-02  2.811295e-01  1.449715e-01  1.812014e-02  1.744570e-02  1.442953e-01  2.804578e-01  1.779305e-02  1.890995e-03  1.729337e-02  1.806837e-02  1.735099e-03    1.401984e-01  1.401984e-01    1.122964e-04  -1.122964e-04  9.999e-01
15.539453  1.725226e-03  1.722536e-02  1.777089e-02  1.785226e-03  1.829190e-02  2.811315e-01  1.449729e-01  1.812013e-02  1.744573e-02  1.442927e-01  2.804622e-01  1.779227e-02  1.889836e-03  1.729110e-02  1.806839e-02  1.734661e-03    1.402024e-01  1.402024e-01    1.085734e-04  -1.085734e-04  9.999e-01
15.589453  1.724957e-03  1.722370e-02  1.777132e-02  1.784740e-03  1.829319e-02  2.811336e-01  1.449741e-01  1.812011e-02  1.744571e-02  1.442902e-01  2.804667e-01  1.779157e-02  1.888703e-03  1.728882e-02  1.806835e-02  1.734220e-03    1.402061e-01  1.402061e-01    1.047872e-04  -1.047872e-04  9.999e-01
15.639453  1.724723e-03  1.722206e-02  1.777175e-02  1.784278e-03  1.829434e-02  2.811358e-01  1.449750e-01  1.812007e-02  1.744565e-02  1.442881e-01  2.804711e-01  1.779096e-02  1.887602e-03  1.728651e-02  1.806824e-02  1.733777e-03    1.402097e-01  1.402097e-01    1.009433e-04  -1.009433e-04  9.999e-01
15.689453  1.724523e-03  1.722043e-02  1.777215e-02  1.783840e-03  1.829537e-02  2.811382e-01  1.449757e-01  1.812000e-02  1.744556e-02  1.442862e-01  2.804755e-01  1.779045e-02  1.886534e-03  1.728418e-02  1.806807e-02  1.733332e-03    1.402131e-01  1.402131e-01    9.706544e-05  -9.706544e-05  9.999e-01
15.739453  1.724356e-03  1.721883e-02  1.777255e-02  1.783425e-03  1.829625e-02  2.811406e-01  1.449761e-01  1.811990e-02  1.744542e-02  1.442845e-01  2.804800e-01  1.779003e-02  1.885502e-03  1.728181e-02  1.806782e-02  1.732887e-03    1.402164e-01  1.402164e-01    9.316539e-05  -9.316539e-05  9.999e-01
15.789453  1.724220e-03  1.721724e-02  1.777293e-02  1.783032e-03  1.829701e-02  2.811432e-01  1.449763e-01  1.811976e-02  1.744526e-02  1.442831e-01  2.804844e-01  1.778971e-02  1.884510e-03  1.727941e-02  1.806749e-02  1.732442e-03    1.402194e-01  1.402194e-01    8.925674e-05  -8.925674e-05  9.999e-01
15.839453  1.724115e-03  1.721567e-02  1.777330e-02  1.782660e-03  1.829762e-02  2.811459e-01  1.449762e-01  1.811957e-02  1.744507e-02  1.442819e-01  2.804888e-01  1.778949e-02  1.883558e-03  1.727698e-02  1.806707e-02  1.731998e-03    1.402223e-01  1.402223e-01    8.535090e-05  -8.535090e-05  9.999e-01
15.889453  1.724040e-03  1.721412e-02  1.777366e-02  1.782307e-03  1.829811e-02  2.811488e-01  1.449759e-01  1.811934e-02  1.744485e-02  1.442810e-01  2.804932e-01  1.778938e-02  1.882650e-03  1.727451e-02  1.806657e-02  1.731557e-03    1.402250e-01  1.402250e-01    8.146570e-05  -8.146570e-05  9.999e-01
15.939453  1.723994e-03  1.721257e-02  1.777400e-02  1.781973e-03  1.829847e-02  2.811518e-01  1.449753e-01  1.811905e-02  1.744461e-02  1.442803e-01  2.804976e-01  1.778937e-02  1.881786e-03  1.727200e-02  1.806597e-02  1.731119e-03    1.402275e-01  1.402275e-01    7.761381e-05  -7.761381e-05  9.999e-01
15.989453  1.723975e-03  1.721104e-02  1.777432e-02  1.781656e-03  1.829869e-02  2.811548e-01  1.449746e-01  1.811871e-02  1.744436e-02  1.442799e-01  2.805021e-01  1.778947e-02  1.880968e-03  1.726945e-02  1.806528e-02  1.730685e-03    1.402299e-01  1.402299e-01    7.380393e-05  -7.380393e-05  9.999e-01
16.039453  1.723983e-03  1.720953e-02  1.777464e-02  1.781354e-03  1.829880e-02  2.811581e-01  1.449736e-01  1.811830e-02  1.744408e-02  1.442797e-01  2.805065e-01  1.778968e-02  1.880197e-03  1.726685e-02  1.806449e-02  1.730255e-03    1.402321e-01  1.402321e-01    7.005169e-05  -7.005169e-05  9.999e-01
16.089453  1.724017e-03  1.720802e-02  1.777494e-02  1.781066e-03  1.829878e-02  2.811614e-01  1.449724e-01  1.811782e-02  1.744380e-02  1.442797e-01  2.805109e-01  1.778999e-02  1.879473e-03  1.726421e-02  1.806361e-02  1.729831e-03    1.402342e-01  1.402342e-01    6.636858e-05  -6.636858e-05  9.999e-01
16.139453  1.724076e-03  1.720652e-02  1.777523e-02  1.780789e-03  1.829865e-02  2.811649e-01  1.449710e-01  1.811728e-02  1.744351e-02  1.442800e-01  2.805153e-01  1.779042e-02  1.878797e-03  1.726153e-02  1.806262e-02  1.729413e-03    1.402361e-01  1.402361e-01    6.276376e-05  -6.276376e-05  9.999e-01
16.189453  1.724158e-03  1.720503e-02  1.777552e-02  1.780522e-03  1.829841e-02  2.811684e-01  1.449694e-01  1.811667e-02  1.744321e-02  1.442805e-01  2.805197e-01  1.779096e-02  1.878168e-03  1.725880e-02  1.806153e-02  1.729001e-03    1.402379e-01  1.402379e-01    5.924678e-05  -5.924678e-05  9.999e-01
16.239453  1.724264e-03  1.720355e-02  1.777579e-02  1.780262e-03  1.829807e-02  2.811721e-01  1.449676e-01  1.811599e-02  1.744290e-02  1.442811e-01  2.805242e-01  1.779161e-02  1.877586e-03  1.725603e-02  1.806034e-02  1.728597e-03    1.402395e-01  1.402395e-01    5.582799e-05  -5.582799e-05  9.999e-01
16.289453  1.724391e-03  1.720208e-02  1.777607e-02  1.780008e-03  1.829762e-02  2.811759e-01  1.449656e-01  1.811523e-02  1.744260e-02  1.442820e-01  2.805286e-01  1.779237e-02  1.877050e-03  1.725321e-02  1.805904e-02  1.728201e-03    1.402410e-01  1.402410e-01    5.251469e-05  -5.251469e-05  9.999e-01
16.339453  1.724540e-03  1.720061e-02  1.777634e-02  1.779756e-03  1.829709e-02  2.811799e-01  1.449635e-01  1.811440e-02  1.744230e-02  1.442830e-01  2.805330e-01  1.779324e-02  1.876559e-03  1.725036e-02  1.805764e-02  1.727813e-03    1.402424e-01  1.402424e-01    4.931724e-05  -4.931724e-05  9.999e-01
16.387690  1.724704e-03  1.719920e-02  1.777661e-02  1.779514e-03  1.829650e-02  2.811837e-01  1.449613e-01  1.811352e-02  1.744202e-02  1.442842e-01  2.805372e-01  1.779418e-02  1.876126e-03  1.724757e-02  1.805620e-02  1.727447e-03    1.402436e-01  1.402436e-01    4.634633e-05  -4.634633e-05  9.999e-01
16.436771  1.724888e-03  1.719778e-02  1.777689e-02  1.779266e-03  1.829582e-02  2.811877e-01  1.449589e-01  1.811257e-02  1.744174e-02  1.442855e-01  2.805415e-01  1.779525e-02  1.875724e-03  1.724469e-02  1.805463e-02  1.727083e-03    1.402447e-01  1.402447e-01    4.344765e-05  -4.344765e-05  9.999e-01
16.486771  1.725095e-03  1.719633e-02  1.777718e-02  1.779008e-03  1.829506e-02  2.811919e-01  1.449564e-01  1.811152e-02  1.744147e-02  1.442870e-01  2.805459e-01  1.779644e-02  1.875354e-03  1.724173e-02  1.805293e-02  1.726721e-03    1.402457e-01  1.402457e-01    4.062676e-05  -4.062676e-05  9.999e-01
16.536771  1.725319e-03  1.719489e-02  1.777749e-02  1.778745e-03  1.829424e-02  2.811961e-01  1.449537e-01  1.811040e-02  1.744121e-02  1.442887e-01  2.805502e-01  1.779773e-02  1.875019e-03  1.723875e-02  1.805113e-02  1.726367e-03    1.402466e-01  1.402466e-01    3.794434e-05  -3.794434e-05  9.999e-01
16.586771  1.725561e-03  1.719346e-02  1.777781e-02  1.778472e-03  1.829336e-02  2.812004e-01  1.449508e-01  1.810922e-02  1.744097e-02  1.442905e-01  2.805546e-01  1.779912e-02  1.874718e-03  1.723574e-02  1.804923e-02  1.726023e-03    1.402474e-01  1.402474e-01    3.540483e-05  -3.540483e-05  9.999e-01
16.636771  1.725818e-03  1.719204e-02  1.777816e-02  1.778188e-03  1.829244e-02  2.812048e-01  1.449479e-01  1.810797e-02  1.744075e-02  1.442924e-01  2.805589e-01  1.780062e-02  1.874447e-03  1.723272e-02  1.804724e-02  1.725687e-03    1.402481e-01  1.402481e-01    3.301168e-05  -3.301168e-05  9.999e-01
16.686771  1.726090e-03  1.719062e-02  1.777853e-02  1.777891e-03  1.829148e-02  2.812092e-01  1.449448e-01  1.810665e-02  1.744055e-02  1.442944e-01  2.805632e-01  1.780222e-02  1.874203e-03  1.722968e-02  1.804517e-02  1.725360e-03    1.402486e-01  1.402486e-01    3.076724e-05  -3.076724e-05  9.999e-01
16.736771  1.726377e-03  1.718921e-02  1.777894e-02  1.777579e-03  1.829048e-02  2.812136e-01  1.449416e-01  1.810528e-02  1.744037e-02  1.442965e-01  2.805675e-01  1.780390e-02  1.873982e-03  1.722664e-02  1.804300e-02  1.725040e-03    1.402491e-01  1.402491e-01    2.867397e-05  -2.867397e-05  9.999e-01
16.786771  1.726677e-03  1.718781e-02  1.777937e-02  1.777249e-03  1.828947e-02  2.812180e-01  1.449383e-01  1.810384e-02  1.744022e-02  1.442987e-01  2.805718e-01  1.780568e-02  1.873782e-03  1.722360e-02  1.804075e-02  1.724728e-03    1.402494e-01  1.402494e-01    2.673294e-05  -2.673294e-05  9.999e-01
16.836771  1.726991e-03  1.718643e-02  1.777985e-02  1.776901e-03  1.828843e-02  2.812225e-01  1.449350e-01  1.810235e-02  1.744011e-02  1.443009e-01  2.805760e-01  1.780755e-02  1.873597e-03  1.722057e-02  1.803843e-02  1.724422e-03    1.402496e-01  1.402496e-01    2.494444e-05  -2.494444e-05  9.999e-01
16.886771  1.727317e-03  1.718505e-02  1.778036e-02  1.776533e-03  1.828738e-02  2.812269e-01  1.449315e-01  1.810081e-02  1.744002e-02  1.443032e-01  2.805802e-01  1.780950e-02  1.873426e-03  1.721756e-02  1.803603e-02  1.724123e-03    1.402497e-01  1.402497e-01    2.330868e-05  -2.330868e-05  9.999e-01
16.936771  1.727654e-03  1.718369e-02  1.778092e-02  1.776144e-03  1.828633e-02  2.812314e-01  1.449280e-01  1.809922e-02  1.743996e-02  1.443055e-01  2.805844e-01  1.781153e-02  1.873263e-03  1.721457e-02  1.803356e-02  1.723830e-03    1.402498e-01  1.402498e-01    2.182426e-05  -2.182426e-05  9.999e-01
16.986771  1.728003e-03  1.718234e-02  1.778152e-02  1.775731e-03  1.828528e-02  2.812358e-01  1.449244e-01  1.809759e-02  1.743994e-02  1.443079e-01  2.805885e-01  1.781363e-02  1.873106e-03  1.721161e-02  1.803104e-02  1.723543e-03    1.402497e-01  1.402497e-01    2.049101e-05  -2.049101e-05  9.999e-01
17.036771  1.728363e-03  1.718101e-02  1.778217e-02  1.775295e-03  1.828424e-02  2.812402e-01  1.449207e-01  1.809591e-02  1.743995e-02  1.443103e-01  2.805927e-01  1.781581e-02  1.872951e-03  1.720869e-02  1.802845e-02  1.723260e-03    1.402495e-01  1.402495e-01    1.930630e-05  -1.930630e-05  9.999e-01
17.086771  1.728733e-03  1.717969e-02  1.778287e-02  1.774832e-03  1.828321e-02  2.812446e-01  1.449170e-01  1.809419e-02  1.744000e-02  1.443126e-01  2.805967e-01  1.781806e-02  1.872795e-03  1.720581e-02  1.802581e-02  1.722982e-03    1.402492e-01  1.402492e-01    1.826745e-05  -1.826745e-05  9.999e-01
17.136771  1.729113e-03  1.717839e-02  1.778362e-02  1.774344e-03  1.828220e-02  2.812489e-01  1.449133e-01  1.809244e-02  1.744009e-02  1.443150e-01  2.806008e-01  1.782037e-02  1.872634e-03  1.720299e-02  1.802313e-02  1.722708e-03    1.402489e-01  1.402489e-01    1.736938e-05  -1.736938e-05  9.999e-01
17.186771  1.729503e-03  1.717711e-02  1.778443e-02  1.773829e-03  1.828122e-02  2.812532e-01  1.449094e-01  1.809066e-02  1.744021e-02  1.443173e-01  2.806048e-01  1.782274e-02  1.872465e-03  1.720022e-02  1.802041e-02  1.722439e-03    1.402484e-01  1.402484e-01    1.661225e-05  -1.661225e-05  9.999e-01
17.236771  1.729903e-03  1.717585e-02  1.778529e-02  1.773286e-03  1.828025e-02  2.812574e-01  1.449056e-01  1.808884e-02  1.744038e-02  1.443196e-01  2.806087e-01  1.782517e-02  1.872286e-03  1.719753e-02  1.801766e-02  1.722173e-03    1.402478e-01  1.402478e-01    1.598985e-05  -1.598985e-05  9.999e-01
17.286771  1.730312e-03  1.717461e-02  1.778621e-02  1.772714e-03  1.827932e-02  2.812616e-01  1.449017e-01  1.808700e-02  1.744058e-02  1.443218e-01  2.806127e-01  1.782766e-02  1.872093e-03  1.719490e-02  1.801488e-02  1.721911e-03    1.402471e-01  1.402471e-01    1.550023e-05  -1.550023e-05  9.999e-01
17.336771  1.730731e-03  1.717340e-02  1.778718e-02  1.772113e-03  1.827842e-02  2.812656e-01  1.448978e-01  1.808514e-02  1.744083e-02  1.443240e-01  2.806166e-01  1.783019e-02  1.871884e-03  1.719236e-02  1.801208e-02  1.721652e-03    1.402463e-01  1.402463e-01    1.513453e-05  -1.513453e-05  9.999e-01
17.386771  1.731159e-03  1.717220e-02  1.778821e-02  1.771482e-03  1.827756e-02  2.812696e-01  1.448939e-01  1.808325e-02  1.744112e-02  1.443261e-01  2.806204e-01  1.783277e-02  1.871656e-03  1.718990e-02  1.800926e-02  1.721397e-03    1.402454e-01  1.402454e-01    1.488969e-05  -1.488969e-05  9.999e-01
17.436771  1.731596e-03  1.717103e-02  1.778930e-02  1.770821e-03  1.827674e-02  2.812735e-01  1.448899e-01  1.808135e-02  1.744145e-02  1.443282e-01  2.806242e-01  1.783538e-02  1.871408e-03  1.718752e-02  1.800644e-02  1.721145e-03    1.402445e-01  1.402445e-01    1.476316e-05  -1.476316e-05  9.999e-01
17.486771  1.732042e-03  1.716989e-02  1.779044e-02  1.770129e-03  1.827595e-02  2.812773e-01  1.448860e-01  1.807943e-02  1.744181e-02  1.443301e-01  2.806280e-01  1.783804e-02  1.871138e-03  1.718524e-02  1.800362e-02  1.720897e-03    1.402434e-01  1.402434e-01    1.474422e-05  -1.474422e-05  9.999e-01
17.536771  1.732498e-03  1.716877e-02  1.779163e-02  1.769407e-03  1.827521e-02  2.812810e-01  1.448821e-01  1.807749e-02  1.744222e-02  1.443319e-01  2.806317e-01  1.784074e-02  1.870843e-03  1.718307e-02  1.800080e-02  1.720653e-03    1.402422e-01  1.402422e-01    1.482631e-05  -1.482631e-05  9.999e-01
17.586771  1.732962e-03  1.716768e-02  1.779288e-02  1.768654e-03  1.827451e-02  2.812846e-01  1.448781e-01  1.807555e-02  1.744267e-02  1.443336e-01  2.806354e-01  1.784347e-02  1.870523e-03  1.718099e-02  1.799799e-02  1.720413e-03    1.402409e-01  1.402409e-01    1.500457e-05  -1.500457e-05  9.999e-01
17.636771  1.733435e-03  1.716662e-02  1.779418e-02  1.767870e-03  1.827385e-02  2.812880e-01  1.448742e-01  1.807360e-02  1.744316e-02  1.443352e-01  2.806390e-01  1.784623e-02  1.870176e-03  1.717902e-02  1.799520e-02  1.720178e-03    1.402395e-01  1.402395e-01    1.526963e-05  -1.526963e-05  9.999e-01
17.686771  1.733917e-03  1.716559e-02  1.779553e-02  1.767056e-03  1.827323e-02  2.812914e-01  1.448702e-01  1.807163e-02  1.744369e-02  1.443367e-01  2.806426e-01  1.784902e-02  1.869802e-03  1.717717e-02  1.799243e-02  1.719948e-03    1.402380e-01  1.402380e-01    1.561763e-05  -1.561763e-05  9.999e-01
17.736771  1.734408e-03  1.716458e-02  1.779693e-02  1.766211e-03  1.827266e-02  2.812947e-01  1.448663e-01  1.806967e-02  1.744426e-02  1.443381e-01  2.806461e-01  1.785183e-02  1.869401e-03  1.717542e-02  1.798969e-02  1.719724e-03    1.402364e-01  1.402364e-01    1.604001e-05  -1.604001e-05  9.999e-01
17.786771  1.734907e-03  1.716361e-02  1.779837e-02  1.765337e-03  1.827213e-02  2.812979e-01  1.448624e-01  1.806770e-02  1.744487e-02  1.443393e-01  2.806496e-01  1.785468e-02  1.868971e-03  1.717380e-02  1.798699e-02  1.719506e-03    1.402347e-01  1.402347e-01    1.652875e-05  -1.652875e-05  9.999e-01
17.836771  1.735413e-03  1.716268e-02  1.779986e-02  1.764433e-03  1.827165e-02  2.813009e-01  1.448585e-01  1.806572e-02  1.744551e-02  1.443404e-01  2.806531e-01  1.785754e-02  1.868513e-03  1.717229e-02  1.798432e-02  1.719296e-03    1.402329e-01  1.402329e-01    1.707651e-05  -1.707651e-05  9.999e-01
17.886771  1.735927e-03  1.716177e-02  1.780138e-02  1.763500e-03  1.827120e-02  2.813039e-01  1.448545e-01  1.806375e-02  1.744620e-02  1.443413e-01  2.806564e-01  1.786043e-02  1.868028e-03  1.717090e-02  1.798169e-02  1.719093e-03    1.402310e-01  1.402310e-01    1.766329e-05  -1.766329e-05  9.999e-01
17.936771  1.736449e-03  1.716091e-02  1.780294e-02  1.762539e-03  1.827079e-02  2.813067e-01  1.448507e-01  1.806178e-02  1.744691e-02  1.443421e-01  2.806598e-01  1.786334e-02  1.867515e-03  1.716962e-02  1.797911e-02  1.718899e-03    1.402290e-01  1.402290e-01    1.830494e-05  -1.830494e-05  1.000e+00
17.986771  1.736976e-03  1.716008e-02  1.780453e-02  1.761551e-03  1.827043e-02  2.813094e-01  1.448468e-01  1.805981e-02  1.744767e-02  1.443427e-01  2.806630e-01  1.786626e-02  1.866977e-03  1.716847e-02  1.797658e-02  1.718715e-03    1.402269e-01  1.402269e-01    1.898626e-05  -1.898626e-05  1.000e+00
18.036771  1.737509e-03  1.715929e-02  1.780615e-02  1.760536e-03  1.827010e-02  2.813120e-01  1.448430e-01  1.805784e-02  1.744846e-02  1.443432e-01  2.806662e-01  1.786920e-02  1.866413e-03  1.716744e-02  1.797411e-02  1.718541e-03    1.402247e-01  1.402247e-01    1.969744e-05  -1.969744e-05  1.000e+00
18.086771  1.738047e-03  1.715854e-02  1.780780e-02  1.759497e-03  1.826981e-02  2.813145e-01  1.448391e-01  1.805588e-02  1.744929e-02  1.443435e-01  2.806694e-01  1.787216e-02  1.865825e-03  1.716652e-02  1.797169e-02  1.718380e-03    1.402224e-01  1.402224e-01    2.042496e-05  -2.042496e-05  1.000e+00
18.136771  1.738590e-03  1.715783e-02  1.780946e-02  1.758433e-03  1.826956e-02  2.813169e-01  1.448353e-01  1.805392e-02  1.745015e-02  1.443437e-01  2.806725e-01  1.787514e-02  1.865214e-03  1.716573e-02  1.796934e-02  1.718233e-03    1.402200e-01  1.402200e-01    2.116390e-05  -2.116390e-05  1.000e+00
18.186771  1.739136e-03  1.715717e-02  1.781115e-02  1.757347e-03  1.826934e-02  2.813192e-01  1.448315e-01  1.805196e-02  1.745104e-02  1.443437e-01  2.806756e-01  1.787812e-02  1.864583e-03  1.716504e-02  1.796705e-02  1.718100e-03    1.402175e-01  1.402175e-01    2.191853e-05  -2.191853e-05  1.000e+00
18.236771  1.739684e-03  1.715656e-02  1.781285e-02  1.756241e-03  1.826915e-02  2.813214e-01  1.448277e-01  1.805002e-02  1.745197e-02  1.443435e-01  2.806786e-01  1.788112e-02  1.863932e-03  1.716448e-02  1.796482e-02  1.717984e-03    1.402148e-01  1.402148e-01    2.267651e-05  -2.267651e-05  1.000e+00
18.286771  1.740234e-03  1.715598e-02  1.781455e-02  1.755115e-03  1.826899e-02  2.813235e-01  1.448239e-01  1.804808e-02  1.745293e-02  1.443432e-01  2.806815e-01  1.788413e-02  1.863265e-03  1.716402e-02  1.796266e-02  1.717885e-03    1.402121e-01  1.402121e-01    2.342928e-05  -2.342928e-05  1.000e+00
18.336771  1.740785e-03  1.715546e-02  1.781627e-02  1.753971e-03  1.826886e-02  2.813255e-01  1.448202e-01  1.804615e-02  1.745393e-02  1.443427e-01  2.806844e-01  1.788715e-02  1.862581e-03  1.716368e-02  1.796058e-02  1.717807e-03    1.402093e-01  1.402093e-01    2.417028e-05  -2.417028e-05  1.000e+00
18.386771  1.741335e-03  1.715499e-02  1.781798e-02  1.752812e-03  1.826875e-02  2.813274e-01  1.448164e-01  1.804423e-02  1.745496e-02  1.443421e-01  2.806872e-01  1.789018e-02  1.861884e-03  1.716345e-02  1.795856e-02  1.717750e-03    1.402063e-01  1.402063e-01    2.489137e-05  -2.489137e-05  1.000e+00
18.436771  1.741884e-03  1.715458e-02  1.781969e-02  1.751640e-03  1.826867e-02  2.813293e-01  1.448127e-01  1.804232e-02  1.745602e-02  1.443413e-01  2.806899e-01  1.789321e-02  1.861175e-03  1.716331e-02  1.795661e-02  1.717715e-03    1.402033e-01  1.402033e-01    2.559204e-05  -2.559204e-05  1.000e+00
18.486771  1.742430e-03  1.715421e-02  1.782140e-02  1.750455e-03  1.826861e-02  2.813310e-01  1.448089e-01  1.804042e-02  1.745712e-02  1.443404e-01  2.806926e-01  1.789626e-02  1.860455e-03  1.716329e-02  1.795474e-02  1.717706e-03    1.402002e-01  1.402002e-01    2.626373e-05  -2.626373e-05  1.000e+00
18.536771  1.742972e-03  1.715391e-02  1.782309e-02  1.749262e-03  1.826857e-02  2.813327e-01  1.448052e-01  1.803852e-02  1.745825e-02  1.443393e-01  2.806952e-01  1.789930e-02  1.859728e-03  1.716336e-02  1.795294e-02  1.717722e-03    1.401970e-01  1.401970e-01    2.689628e-05  -2.689628e-05  1.000e+00
18.586771  1.743509e-03  1.715366e-02  1.782477e-02  1.748061e-03  1.826855e-02  2.813342e-01  1.448014e-01  1.803664e-02  1.745942e-02  1.443381e-01  2.806978e-01  1.790235e-02  1.858994e-03  1.716352e-02  1.795122e-02  1.717767e-03    1.401936e-01  1.401936e-01    2.749890e-05  -2.749890e-05  1.000e+00
18.636771  1.744039e-03  1.715347e-02  1.782642e-02  1.746856e-03  1.826854e-02  2.813357e-01  1.447977e-01  1.803477e-02  1.746061e-02  1.443367e-01  2.807003e-01  1.790540e-02  1.858256e-03  1.716378e-02  1.794956e-02  1.717840e-03    1.401902e-01  1.401902e-01    2.805704e-05  -2.805704e-05  1.000e+00
18.686771  1.744562e-03  1.715335e-02  1.782806e-02  1.745648e-03  1.826855e-02  2.813371e-01  1.447939e-01  1.803290e-02  1.746185e-02  1.443352e-01  2.807028e-01  1.790845e-02  1.857514e-03  1.716413e-02  1.794798e-02  1.717945e-03    1.401867e-01  1.401867e-01    2.857448e-05  -2.857448e-05  1.000e+00
18.736771  1.745076e-03  1.715329e-02  1.782967e-02  1.744439e-03  1.826857e-02  2.813385e-01  1.447902e-01  1.803105e-02  1.746311e-02  1.443336e-01  2.807051e-01  1.791150e-02  1.856771e-03  1.716457e-02  1.794648e-02  1.718081e-03    1.401831e-01  1.401831e-01    2.904448e-05  -2.904448e-05  1.000e+00
18.786771  1.745579e-03  1.715330e-02  1.783125e-02  1.743232e-03  1.826859e-02  2.813398e-01  1.447864e-01  1.802920e-02  1.746442e-02  1.443319e-01  2.807075e-01  1.791454e-02  1.856028e-03  1.716509e-02  1.794504e-02  1.718249e-03    1.401794e-01  1.401794e-01    2.944771e-05  -2.944771e-05  1.000e+00
18.836771  1.746070e-03  1.715338e-02  1.783280e-02  1.742030e-03  1.826863e-02  2.813410e-01  1.447825e-01  1.802737e-02  1.746575e-02  1.443300e-01  2.807097e-01  1.791758e-02  1.855285e-03  1.716569e-02  1.794368e-02  1.718452e-03    1.401756e-01  1.401756e-01    2.981714e-05  -2.981714e-05  1.000e+00
18.886771  1.746548e-03  1.715352e-02  1.783430e-02  1.740834e-03  1.826867e-02  2.813422e-01  1.447787e-01  1.802554e-02  1.746712e-02  1.443280e-01  2.807119e-01  1.792062e-02  1.854545e-03  1.716637e-02  1.794238e-02  1.718689e-03    1.401717e-01  1.401717e-01    3.011674e-05  -3.011674e-05  1.000e+00
18.936771  1.747011e-03  1.715375e-02  1.783577e-02  1.739648e-03  1.826871e-02  2.813433e-01  1.447748e-01  1.802372e-02  1.746853e-02  1.443260e-01  2.807141e-01  1.792364e-02  1.853808e-03  1.716712e-02  1.794116e-02  1.718962e-03    1.401677e-01  1.401677e-01    3.038025e-05  -3.038025e-05  1.000e+00
18.986771  1.747459e-03  1.715404e-02  1.783721e-02  1.738473e-03  1.826876e-02  2.813443e-01  1.447709e-01  1.802192e-02  1.746997e-02  1.443238e-01  2.807162e-01  1.792665e-02  1.853075e-03  1.716795e-02  1.794000e-02  1.719269e-03    1.401636e-01  1.401636e-01    3.058885e-05  -3.058885e-05  1.000e+00
19.036771  1.747889e-03  1.715442e-02  1.783859e-02  1.737312e-03  1.826881e-02  2.813453e-01  1.447670e-01  1.802012e-02  1.747144e-02  1.443215e-01  2.807182e-01  1.792965e-02  1.852348e-03  1.716884e-02  1.793891e-02  1.719613e-03    1.401595e-01  1.401595e-01    3.074322e-05  -3.074322e-05  1.000e+00
19.086771  1.748301e-03  1.715487e-02  1.783993e-02  1.736166e-03  1.826885e-02  2.813463e-01  1.447630e-01  1.801833e-02  1.747295e-02  1.443192e-01  2.807202e-01  1.793264e-02  1.851626e-03  1.716981e-02  1.793789e-02  1.719992e-03    1.401553e-01  1.401553e-01    3.083087e-05  -3.083087e-05  1.000e+00
19.136771  1.748693e-03  1.715541e-02  1.784122e-02  1.735038e-03  1.826889e-02  2.813472e-01  1.447590e-01  1.801655e-02  1.747449e-02  1.443167e-01  2.807221e-01  1.793561e-02  1.850911e-03  1.717083e-02  1.793693e-02  1.720407e-03    1.401510e-01  1.401510e-01    3.087986e-05  -3.087986e-05  1.000e+00
19.186771  1.749065e-03  1.715603e-02  1.784246e-02  1.733931e-03  1.826893e-02  2.813480e-01  1.447550e-01  1.801478e-02  1.747606e-02  1.443142e-01  2.807240e-01  1.793856e-02  1.850203e-03  1.717192e-02  1.793603e-02  1.720857e-03    1.401466e-01  1.401466e-01    3.086568e-05  -3.086568e-05  1.000e+00
19.236771  1.749414e-03  1.715674e-02  1.784365e-02  1.732845e-03  1.826896e-02  2.813488e-01  1.447509e-01  1.801302e-02  1.747767e-02  1.443116e-01  2.807258e-01  1.794149e-02  1.849502e-03  1.717306e-02  1.793519e-02  1.721342e-03    1.401421e-01  1.401421e-01    3.081262e-05  -3.081262e-05  1.000e+00
19.286771  1.749741e-03  1.715753e-02  1.784478e-02  1.731783e-03  1.826899e-02  2.813496e-01  1.447467e-01  1.801127e-02  1.747931e-02  1.443090e-01  2.807275e-01  1.794440e-02  1.848809e-03  1.717427e-02  1.793441e-02  1.721861e-03    1.401376e-01  1.401376e-01    3.071264e-05  -3.071264e-05  1.000e+00
19.335564  1.750036e-03  1.715839e-02  1.784584e-02  1.730772e-03  1.826901e-02  2.813504e-01  1.447427e-01  1.800957e-02  1.748094e-02  1.443063e-01  2.807292e-01  1.794721e-02  1.848141e-03  1.717549e-02  1.793370e-02  1.722400e-03    1.401331e-01  1.401331e-01    3.057022e-05  -3.057022e-05  1.000e+00
19.385564  1.750314e-03  1.715936e-02  1.784686e-02  1.729762e-03  1.826901e-02  2.813511e-01  1.447384e-01  1.800783e-02  1.748264e-02  1.443035e-01  2.807309e-01  1.795007e-02  1.847464e-03  1.717680e-02  1.793303e-02  1.722985e-03    1.401285e-01  1.401285e-01    3.038008e-05  -3.038008e-05  1.000e+00
19.435564  1.750565e-03  1.716043e-02  1.784783e-02  1.728781e-03  1.826901e-02  2.813517e-01  1.447341e-01  1.800610e-02  1.748437e-02  1.443007e-01  2.807325e-01  1.795290e-02  1.846795e-03  1.717816e-02  1.793241e-02  1.723600e-03    1.401237e-01  1.401237e-01    3.014092e-05  -3.014092e-05  1.000e+00
19.485564  1.750790e-03  1.716158e-02  1.784874e-02  1.727830e-03  1.826899e-02  2.813524e-01  1.447298e-01  1.800438e-02  1.748613e-02  1.442978e-01  2.807341e-01  1.795571e-02  1.846135e-03  1.717957e-02  1.793184e-02  1.724246e-03    1.401190e-01  1.401190e-01    2.986992e-05  -2.986992e-05  1.000e+00
19.535564  1.750987e-03  1.716284e-02  1.784959e-02  1.726911e-03  1.826896e-02  2.813530e-01  1.447254e-01  1.800267e-02  1.748792e-02  1.442949e-01  2.807356e-01  1.795848e-02  1.845483e-03  1.718103e-02  1.793132e-02  1.724921e-03    1.401141e-01  1.401141e-01    2.956256e-05  -2.956256e-05  1.000e+00
19.585564  1.751156e-03  1.716419e-02  1.785038e-02  1.726024e-03  1.826892e-02  2.813536e-01  1.447209e-01  1.800097e-02  1.748973e-02  1.442919e-01  2.807371e-01  1.796122e-02  1.844840e-03  1.718254e-02  1.793084e-02  1.725624e-03    1.401092e-01  1.401092e-01    2.923155e-05  -2.923155e-05  1.000e+00
19.635564  1.751295e-03  1.716564e-02  1.785111e-02  1.725172e-03  1.826886e-02  2.813542e-01  1.447164e-01  1.799928e-02  1.749156e-02  1.442889e-01  2.807385e-01  1.796393e-02  1.844204e-03  1.718409e-02  1.793041e-02  1.726352e-03    1.401042e-01  1.401042e-01    2.887538e-05  -2.887538e-05  1.000e+00
19.685564  1.751405e-03  1.716718e-02  1.785178e-02  1.724353e-03  1.826879e-02  2.813547e-01  1.447119e-01  1.799759e-02  1.749342e-02  1.442859e-01  2.807400e-01  1.796660e-02  1.843576e-03  1.718568e-02  1.793002e-02  1.727104e-03    1.400993e-01  1.400993e-01    2.846631e-05  -2.846631e-05  1.000e+00
19.735564  1.751484e-03  1.716883e-02  1.785239e-02  1.723571e-03  1.826869e-02  2.813552e-01  1.447073e-01  1.799591e-02  1.749529e-02  1.442829e-01  2.807414e-01  1.796924e-02  1.842955e-03  1.718732e-02  1.792967e-02  1.727879e-03    1.400942e-01  1.400942e-01    2.805921e-05  -2.805921e-05  1.000e+00
19.785564  1.751532e-03  1.717058e-02  1.785294e-02  1.722825e-03  1.826858e-02  2.813557e-01  1.447026e-01  1.799424e-02  1.749718e-02  1.442798e-01  2.807428e-01  1.797184e-02  1.842341e-03  1.718899e-02  1.792935e-02  1.728675e-03    1.400891e-01  1.400891e-01    2.764648e-05  -2.764648e-05  1.000e+00
19.835564  1.751548e-03  1.717243e-02  1.785344e-02  1.722115e-03  1.826845e-02  2.813562e-01  1.446979e-01  1.799258e-02  1.749909e-02  1.442767e-01  2.807441e-01  1.797440e-02  1.841735e-03  1.719071e-02  1.792907e-02  1.729490e-03    1.400840e-01  1.400840e-01    2.721963e-05  -2.721963e-05  1.000e+00
19.885564  1.751532e-03  1.717439e-02  1.785388e-02  1.721443e-03  1.826831e-02  2.813567e-01  1.446931e-01  1.799093e-02  1.750102e-02  1.442736e-01  2.807454e-01  1.797692e-02  1.841134e-03  1.719246e-02  1.792882e-02  1.730322e-03    1.400788e-01  1.400788e-01    2.678890e-05  -2.678890e-05  1.000e+00
19.935564  1.751484e-03  1.717644e-02  1.785426e-02  1.720809e-03  1.826814e-02  2.813571e-01  1.446884e-01  1.798929e-02  1.750296e-02  1.442704e-01  2.807467e-01  1.797940e-02  1.840540e-03  1.719425e-02  1.792860e-02  1.731168e-03    1.400736e-01  1.400736e-01    2.635138e-05  -2.635138e-05  1.000e+00
19.985564  1.751404e-03  1.717860e-02  1.785459e-02  1.720212e-03  1.826795e-02  2.813576e-01  1.446835e-01  1.798766e-02  1.750490e-02  1.442672e-01  2.807480e-01  1.798185e-02  1.839952e-03  1.719608e-02  1.792841e-02  1.732028e-03    1.400683e-01  1.400683e-01    2.592011e-05  -2.592011e-05  1.000e+00
20.035564  1.751290e-03  1.718086e-02  1.785486e-02  1.719653e-03  1.826774e-02  2.813580e-01  1.446786e-01  1.798604e-02  1.750686e-02  1.442641e-01  2.807493e-01  1.798425e-02  1.839369e-03  1.719795e-02  1.792825e-02  1.732899e-03    1.400631e-01  1.400631e-01    2.549414e-05  -2.549414e-05  1.000e+00
20.085564  1.751143e-03  1.718322e-02  1.785508e-02  1.719132e-03  1.826751e-02  2.813584e-01  1.446737e-01  1.798443e-02  1.750881e-02  1.442608e-01  2.807506e-01  1.798660e-02  1.838792e-03  1.719985e-02  1.792810e-02  1.733779e-03    1.400578e-01  1.400578e-01    2.507577e-05  -2.507577e-05  1.000e+00
20.135564  1.750963e-03  1.718569e-02  1.785525e-02  1.718648e-03  1.826726e-02  2.813588e-01  1.446688e-01  1.798282e-02  1.751078e-02  1.442576e-01  2.807518e-01  1.798892e-02  1.838219e-03  1.720178e-02  1.792798e-02  1.734665e-03    1.400525e-01  1.400525e-01    2.466717e-05  -2.466717e-05  1.000e+00
20.185564  1.750750e-03  1.718826e-02  1.785537e-02  1.718201e-03  1.826698e-02  2.813593e-01  1.446638e-01  1.798123e-02  1.751274e-02  1.442544e-01  2.807531e-01  1.799119e-02  1.837651e-03  1.720374e-02  1.792788e-02  1.735557e-03    1.400471e-01  1.400471e-01    2.427559e-05  -2.427559e-05  1.000e+00
20.235564  1.750503e-03  1.719092e-02  1.785544e-02  1.717791e-03  1.826668e-02  2.813597e-01  1.446588e-01  1.797964e-02  1.751470e-02  1.442511e-01  2.807543e-01  1.799341e-02  1.837087e-03  1.720574e-02  1.792780e-02  1.736451e-03    1.400418e-01  1.400418e-01    2.390033e-05  -2.390033e-05  1.000e+00
20.285564  1.750223e-03  1.719369e-02  1.785546e-02  1.717418e-03  1.826636e-02  2.813601e-01  1.446537e-01  1.797806e-02  1.751666e-02  1.442478e-01  2.807556e-01  1.799559e-02  1.836528e-03  1.720777e-02  1.792774e-02  1.737346e-03    1.400364e-01  1.400364e-01    2.354257e-05  -2.354257e-05  1.000e+00
20.335564  1.749909e-03  1.719655e-02  1.785544e-02  1.717080e-03  1.826602e-02  2.813605e-01  1.446487e-01  1.797649e-02  1.751861e-02  1.442445e-01  2.807568e-01  1.799773e-02  1.835972e-03  1.720983e-02  1.792769e-02  1.738240e-03    1.400310e-01  1.400310e-01    2.321155e-05  -2.321155e-05  1.000e+00
20.385564  1.749562e-03  1.719951e-02  1.785537e-02  1.716778e-03  1.826564e-02  2.813609e-01  1.446436e-01  1.797492e-02  1.752055e-02  1.442412e-01  2.807581e-01  1.799982e-02  1.835421e-03  1.721192e-02  1.792765e-02  1.739131e-03    1.400257e-01  1.400257e-01    2.290623e-05  -2.290623e-05  1.000e+00
20.435564  1.749182e-03  1.720257e-02  1.785527e-02  1.716510e-03  1.826525e-02  2.813613e-01  1.446385e-01  1.797337e-02  1.752247e-02  1.442378e-01  2.807593e-01  1.800186e-02  1.834873e-03  1.721404e-02  1.792762e-02  1.740017e-03    1.400203e-01  1.400203e-01    2.262942e-05  -2.262942e-05  1.000e+00
20.485564  1.748770e-03  1.720572e-02  1.785512e-02  1.716275e-03  1.826483e-02  2.813617e-01  1.446335e-01  1.797182e-02  1.752439e-02  1.442344e-01  2.807606e-01  1.800386e-02  1.834329e-03  1.721618e-02  1.792760e-02  1.740896e-03    1.400149e-01  1.400149e-01    2.238165e-05  -2.238165e-05  1.000e+00
20.535564  1.748324e-03  1.720896e-02  1.785493e-02  1.716073e-03  1.826438e-02  2.813622e-01  1.446284e-01  1.797028e-02  1.752628e-02  1.442311e-01  2.807619e-01  1.800581e-02  1.833789e-03  1.721835e-02  1.792759e-02  1.741766e-03    1.400095e-01  1.400095e-01    2.216493e-05  -2.216493e-05  1.000e+00
20.585564  1.747847e-03  1.721230e-02  1.785471e-02  1.715903e-03  1.826391e-02  2.813626e-01  1.446233e-01  1.796875e-02  1.752816e-02  1.442276e-01  2.807631e-01  1.800771e-02  1.833253e-03  1.722055e-02  1.792759e-02  1.742626e-03    1.400042e-01  1.400042e-01    2.198177e-05  -2.198177e-05  1.000e+00
20.635564  1.747338e-03  1.721571e-02  1.785445e-02  1.715764e-03  1.826341e-02  2.813631e-01  1.446182e-01  1.796723e-02  1.753001e-02  1.442242e-01  2.807644e-01  1.800957e-02  1.832720e-03  1.722277e-02  1.792759e-02  1.743474e-03    1.399988e-01  1.399988e-01    2.183266e-05  -2.183266e-05  1.000e+00
20.685564  1.746798e-03  1.721922e-02  1.785417e-02  1.715655e-03  1.826289e-02  2.813636e-01  1.446132e-01  1.796571e-02  1.753184e-02  1.442207e-01  2.807658e-01  1.801138e-02  1.832192e-03  1.722502e-02  1.792760e-02  1.744309e-03    1.399935e-01  1.399935e-01    2.171597e-05  -2.171597e-05  1.000e+00
20.735564  1.746227e-03  1.722280e-02  1.785385e-02  1.715574e-03  1.826233e-02  2.813641e-01  1.446082e-01  1.796420e-02  1.753365e-02  1.442172e-01  2.807671e-01  1.801314e-02  1.831669e-03  1.722728e-02  1.792761e-02  1.745128e-03    1.399881e-01  1.399881e-01    2.163616e-05  -2.163616e-05  1.000e+00
20.785564  1.745626e-03  1.722647e-02  1.785350e-02  1.715521e-03  1.826176e-02  2.813646e-01  1.446031e-01  1.796269e-02  1.753542e-02  1.442137e-01  2.807685e-01  1.801485e-02  1.831150e-03  1.722958e-02  1.792763e-02  1.745931e-03    1.399828e-01  1.399828e-01    2.159252e-05  -2.159252e-05  1.000e+00
20.835564  1.744996e-03  1.723021e-02  1.785312e-02  1.715495e-03  1.826115e-02  2.813652e-01  1.445982e-01  1.796119e-02  1.753716e-02  1.442101e-01  2.807699e-01  1.801652e-02  1.830636e-03  1.723189e-02  1.792764e-02  1.746716e-03    1.399775e-01  1.399775e-01    2.158395e-05  -2.158395e-05  1.000e+00
20.885564  1.744337e-03  1.723402e-02  1.785272e-02  1.715494e-03  1.826052e-02  2.813658e-01  1.445932e-01  1.795970e-02  1.753887e-02  1.442065e-01  2.807713e-01  1.801814e-02  1.830127e-03  1.723422e-02  1.792766e-02  1.747482e-03    1.399723e-01  1.399723e-01    2.160991e-05  -2.160991e-05  1.000e+00
20.935564  1.743650e-03  1.723790e-02  1.785230e-02  1.715517e-03  1.825986e-02  2.813664e-01  1.445883e-01  1.795821e-02  1.754055e-02  1.442029e-01  2.807727e-01  1.801970e-02  1.829624e-03  1.723656e-02  1.792768e-02  1.748229e-03    1.399671e-01  1.399671e-01    2.167051e-05  -2.167051e-05  1.000e+00
20.985564  1.742935e-03  1.724185e-02  1.785185e-02  1.715563e-03  1.825918e-02  2.813670e-01  1.445834e-01  1.795673e-02  1.754218e-02  1.441992e-01  2.807741e-01  1.802123e-02  1.829127e-03  1.723893e-02  1.792770e-02  1.748954e-03    1.399618e-01  1.399618e-01    2.176660e-05  -2.176660e-05  1.000e+00
21.035564  1.742194e-03  1.724587e-02  1.785138e-02  1.715631e-03  1.825847e-02  2.813677e-01  1.445786e-01  1.795525e-02  1.754378e-02  1.441955e-01  2.807756e-01  1.802270e-02  1.828637e-03  1.724131e-02  1.792772e-02  1.749657e-03    1.399567e-01  1.399567e-01    2.189303e-05  -2.189303e-05  1.000e+00
21.085564  1.741428e-03  1.724994e-02  1.785090e-02  1.715720e-03  1.825773e-02  2.813685e-01  1.445738e-01  1.795377e-02  1.754534e-02  1.441917e-01  2.807771e-01  1.802412e-02  1.828154e-03  1.724371e-02  1.792773e-02  1.750338e-03    1.399515e-01  1.399515e-01    2.205368e-05  -2.205368e-05  1.000e+00
21.135564  1.740637e-03  1.725407e-02  1.785039e-02  1.715828e-03  1.825697e-02  2.813693e-01  1.445690e-01  1.795230e-02  1.754685e-02  1.441879e-01  2.807787e-01  1.802550e-02  1.827678e-03  1.724612e-02  1.792775e-02  1.750995e-03    1.399464e-01  1.399464e-01    2.224377e-05  -2.224377e-05  1.000e+00
21.185564  1.739822e-03  1.725825e-02  1.784987e-02  1.715955e-03  1.825618e-02  2.813701e-01  1.445644e-01  1.795083e-02  1.754832e-02  1.441841e-01  2.807803e-01  1.802682e-02  1.827211e-03  1.724854e-02  1.792776e-02  1.751629e-03    1.399414e-01  1.399414e-01    2.246351e-05  -2.246351e-05  1.000e+00
21.235564  1.738985e-03  1.726248e-02  1.784933e-02  1.716099e-03  1.825537e-02  2.813710e-01  1.445597e-01  1.794937e-02  1.754974e-02  1.441802e-01  2.807819e-01  1.802810e-02  1.826752e-03  1.725098e-02  1.792777e-02  1.752238e-03    1.399363e-01  1.399363e-01    2.270911e-05  -2.270911e-05  1.000e+00
21.285564  1.738126e-03  1.726676e-02  1.784877e-02  1.716259e-03  1.825453e-02  2.813719e-01  1.445552e-01  1.794791e-02  1.755111e-02  1.441763e-01  2.807835e-01  1.802933e-02  1.826302e-03  1.725342e-02  1.792778e-02  1.752822e-03    1.399314e-01  1.399314e-01    2.298134e-05  -2.298134e-05  1.000e+00
21.335564  1.737246e-03  1.727108e-02  1.784820e-02  1.716434e-03  1.825367e-02  2.813729e-01  1.445507e-01  1.794645e-02  1.755244e-02  1.441723e-01  2.807852e-01  1.803050e-02  1.825862e-03  1.725587e-02  1.792779e-02  1.753382e-03    1.399264e-01  1.399264e-01    2.327637e-05  -2.327637e-05  1.000e+00
21.385564  1.736347e-03  1.727543e-02  1.784762e-02  1.716623e-03  1.825278e-02  2.813740e-01  1.445462e-01  1.794499e-02  1.755371e-02  1.441683e-01  2.807869e-01  1.803163e-02  1.825432e-03  1.725833e-02  1.792779e-02  1.753916e-03    1.399215e-01  1.399215e-01    2.359135e-05  -2.359135e-05  1.000e+00
21.435564  1.735429e-03  1.727982e-02  1.784702e-02  1.716825e-03  1.825187e-02  2.813751e-01  1.445419e-01  1.794353e-02  1.755494e-02  1.441642e-01  2.807886e-01  1.803271e-02  1.825013e-03  1.726080e-02  1.792779e-02  1.754425e-03    1.399167e-01  1.399167e-01    2.392508e-05  -2.392508e-05  1.000e+00
21.485564  1.734494e-03  1.728424e-02  1.784641e-02  1.717039e-03  1.825094e-02  2.813763e-01  1.445376e-01  1.794208e-02  1.755611e-02  1.441601e-01  2.807904e-01  1.803373e-02  1.824606e-03  1.726327e-02  1.792779e-02  1.754909e-03    1.399119e-01  1.399119e-01    2.427394e-05  -2.427394e-05  1.000e+00
21.535564  1.733542e-03  1.728869e-02  1.784578e-02  1.717263e-03  1.824999e-02  2.813775e-01  1.445333e-01  1.794063e-02  1.755723e-02  1.441560e-01  2.807922e-01  1.803471e-02  1.824210e-03  1.726574e-02  1.792778e-02  1.755368e-03    1.399072e-01  1.399072e-01    2.463544e-05  -2.463544e-05  1.000e+00
21.585564  1.732575e-03  1.729316e-02  1.784515e-02  1.717498e-03  1.824901e-02  2.813788e-01  1.445292e-01  1.793918e-02  1.755830e-02  1.441518e-01  2.807941e-01  1.803563e-02  1.823826e-03  1.726821e-02  1.792778e-02  1.755803e-03    1.399025e-01  1.399025e-01    2.500726e-05  -2.500726e-05  1.000e+00
21.635564  1.731594e-03  1.729766e-02  1.784450e-02  1.717741e-03  1.824802e-02  2.813802e-01  1.445251e-01  1.793772e-02  1.755932e-02  1.441476e-01  2.807960e-01  1.803651e-02  1.823455e-03  1.727069e-02  1.792776e-02  1.756213e-03    1.398979e-01  1.398979e-01    2.538607e-05  -2.538607e-05  1.000e+00
21.685564  1.730601e-03  1.730216e-02  1.784383e-02  1.717993e-03  1.824700e-02  2.813816e-01  1.445211e-01  1.793627e-02  1.756028e-02  1.441433e-01  2.807979e-01  1.803733e-02  1.823098e-03  1.727317e-02  1.792775e-02  1.756599e-03    1.398933e-01  1.398933e-01    2.577010e-05  -2.577010e-05  1.000e+00
21.735564  1.729596e-03  1.730669e-02  1.784316e-02  1.718252e-03  1.824597e-02  2.813831e-01  1.445172e-01  1.793482e-02  1.756119e-02  1.441389e-01  2.807999e-01  1.803810e-02  1.822754e-03  1.727564e-02  1.792773e-02  1.756961e-03    1.398888e-01  1.398888e-01    2.615575e-05  -2.615575e-05  1.000e+00
21.785564  1.728580e-03  1.731122e-02  1.784247e-02  1.718518e-03  1.824492e-02  2.813847e-01  1.445133e-01  1.793337e-02  1.756204e-02  1.441346e-01  2.808019e-01  1.803883e-02  1.822425e-03  1.727811e-02  1.792771e-02  1.757301e-03    1.398843e-01  1.398843e-01    2.653848e-05  -2.653848e-05  1.000e+00
21.835564  1.727555e-03  1.731576e-02  1.784177e-02  1.718789e-03  1.824385e-02  2.813864e-01  1.445096e-01  1.793192e-02  1.756284e-02  1.441302e-01  2.808039e-01  1.803950e-02  1.822110e-03  1.728058e-02  1.792769e-02  1.757617e-03    1.398799e-01  1.398799e-01    2.691721e-05  -2.691721e-05  1.000e+00
21.885564  1.726522e-03  1.732030e-02  1.784105e-02  1.719066e-03  1.824277e-02  2.813881e-01  1.445059e-01  1.793047e-02  1.756359e-02  1.441257e-01  2.808060e-01  1.804012e-02  1.821810e-03  1.728305e-02  1.792766e-02  1.757913e-03    1.398755e-01  1.398755e-01    2.729102e-05  -2.729102e-05  1.000e+00
21.935564  1.725482e-03  1.732485e-02  1.784033e-02  1.719348e-03  1.824167e-02  2.813900e-01  1.445022e-01  1.792902e-02  1.756428e-02  1.441212e-01  2.808081e-01  1.804069e-02  1.821525e-03  1.728550e-02  1.792763e-02  1.758187e-03    1.398712e-01  1.398712e-01    2.765506e-05  -2.765506e-05  1.000e+00
21.985564  1.724436e-03  1.732939e-02  1.783958e-02  1.719633e-03  1.824056e-02  2.813919e-01  1.444987e-01  1.792756e-02  1.756492e-02  1.441167e-01  2.808102e-01  1.804121e-02  1.821256e-03  1.728796e-02  1.792759e-02  1.758441e-03    1.398670e-01  1.398670e-01    2.800608e-05  -2.800608e-05  1.000e+00
22.035564  1.723386e-03  1.733393e-02  1.783882e-02  1.719921e-03  1.823943e-02  2.813938e-01  1.444952e-01  1.792611e-02  1.756551e-02  1.441121e-01  2.808124e-01  1.804168e-02  1.821003e-03  1.729040e-02  1.792755e-02  1.758676e-03    1.398628e-01  1.398628e-01    2.834199e-05  -2.834199e-05  1.000e+00
22.085564  1.722332e-03  1.733846e-02  1.783805e-02  1.720213e-03  1.823830e-02  2.813959e-01  1.444918e-01  1.792466e-02  1.756605e-02  1.441075e-01  2.808146e-01  1.804210e-02  1.820765e-03  1.729284e-02  1.792750e-02  1.758892e-03    1.398587e-01  1.398587e-01    2.865940e-05  -2.865940e-05  1.000e+00
22.135564  1.721276e-03  1.734299e-02  1.783726e-02  1.720507e-03  1.823715e-02  2.813980e-01  1.444885e-01  1.792321e-02  1.756654e-02  1.441028e-01  2.808169e-01  1.804248e-02  1.820544e-03  1.729526e-02  1.792746e-02  1.759091e-03    1.398547e-01  1.398547e-01    2.895612e-05  -2.895612e-05  1.000e+00
22.185564  1.720219e-03  1.734750e-02  1.783645e-02  1.720802e-03  1.823599e-02  2.814002e-01  1.444853e-01  1.792175e-02  1.756698e-02  1.440982e-01  2.808192e-01  1.804280e-02  1.820339e-03  1.729768e-02  1.792740e-02  1.759272e-03    1.398507e-01  1.398507e-01    2.922755e-05  -2.922755e-05  1.000e+00
22.235564  1.719162e-03  1.735200e-02  1.783562e-02  1.721099e-03  1.823483e-02  2.814025e-01  1.444821e-01  1.792030e-02  1.756738e-02  1.440934e-01  2.808215e-01  1.804307e-02  1.820151e-03  1.730008e-02  1.792734e-02  1.759438e-03    1.398467e-01  1.398467e-01    2.947414e-05  -2.947414e-05  1.000e+00
22.285564  1.718106e-03  1.735648e-02  1.783478e-02  1.721398e-03  1.823365e-02  2.814049e-01  1.444790e-01  1.791884e-02  1.756772e-02  1.440887e-01  2.808238e-01  1.804329e-02  1.819979e-03  1.730247e-02  1.792728e-02  1.759589e-03    1.398428e-01  1.398428e-01    2.969330e-05  -2.969330e-05  1.000e+00
22.335564  1.717052e-03  1.736095e-02  1.783391e-02  1.721697e-03  1.823247e-02  2.814074e-01  1.444759e-01  1.791739e-02  1.756802e-02  1.440839e-01  2.808262e-01  1.804347e-02  1.819824e-03  1.730485e-02  1.792721e-02  1.759726e-03    1.398390e-01  1.398390e-01    2.988255e-05  -2.988255e-05  1.000e+00
22.385564  1.716001e-03  1.736539e-02  1.783303e-02  1.721996e-03  1.823128e-02  2.814099e-01  1.444729e-01  1.791593e-02  1.756828e-02  1.440791e-01  2.808286e-01  1.804360e-02  1.819685e-03  1.730722e-02  1.792714e-02  1.759851e-03    1.398352e-01  1.398352e-01    3.003921e-05  -3.003921e-05  1.000e+00
22.435564  1.714954e-03  1.736982e-02  1.783213e-02  1.722296e-03  1.823008e-02  2.814126e-01  1.444700e-01  1.791448e-02  1.756850e-02  1.440743e-01  2.808310e-01  1.804368e-02  1.819563e-03  1.730957e-02  1.792705e-02  1.759963e-03    1.398315e-01  1.398315e-01    3.016186e-05  -3.016186e-05  1.000e+00
22.485564  1.713912e-03  1.737422e-02  1.783120e-02  1.722596e-03  1.822888e-02  2.814153e-01  1.444671e-01  1.791303e-02  1.756867e-02  1.440695e-01  2.808335e-01  1.804372e-02  1.819457e-03  1.731190e-02  1.792696e-02  1.760064e-03    1.398279e-01  1.398279e-01    3.024786e-05  -3.024786e-05  1.000e+00
22.535564  1.712877e-03  1.737860e-02  1.783025e-02  1.722896e-03  1.822768e-02  2.814181e-01  1.444643e-01  1.791157e-02  1.756881e-02  1.440646e-01  2.808360e-01  1.804371e-02  1.819367e-03  1.731422e-02  1.792687e-02  1.760155e-03    1.398243e-01  1.398243e-01    3.029669e-05  -3.029669e-05  1.000e+00
22.585564  1.711848e-03  1.738295e-02  1.782928e-02  1.723196e-03  1.822647e-02  2.814209e-01  1.444616e-01  1.791012e-02  1.756891e-02  1.440597e-01  2.808385e-01  1.804366e-02  1.819294e-03  1.731653e-02  1.792676e-02  1.760238e-03    1.398207e-01  1.398207e-01    3.030634e-05  -3.030634e-05  1.000e+00
22.635564  1.710827e-03  1.738728e-02  1.782829e-02  1.723495e-03  1.822527e-02  2.814239e-01  1.444588e-01  1.790867e-02  1.756897e-02  1.440549e-01  2.808411e-01  1.804356e-02  1.819236e-03  1.731881e-02  1.792665e-02  1.760311e-03    1.398172e-01  1.398172e-01    3.027470e-05  -3.027470e-05  1.000e+00
22.685564  1.709815e-03  1.739158e-02  1.782727e-02  1.723794e-03  1.822405e-02  2.814269e-01  1.444562e-01  1.790722e-02  1.756900e-02  1.440500e-01  2.808436e-01  1.804341e-02  1.819195e-03  1.732108e-02  1.792652e-02  1.760378e-03    1.398138e-01  1.398138e-01    3.020036e-05  -3.020036e-05  1.000e+00
22.735564  1.708812e-03  1.739584e-02  1.782623e-02  1.724092e-03  1.822284e-02  2.814300e-01  1.444535e-01  1.790577e-02  1.756900e-02  1.440451e-01  2.808462e-01  1.804323e-02  1.819168e-03  1.732333e-02  1.792639e-02  1.760438e-03    1.398104e-01  1.398104e-01    3.008560e-05  -3.008560e-05  1.000e+00
22.785564  1.707820e-03  1.740008e-02  1.782516e-02  1.724389e-03  1.822163e-02  2.814332e-01  1.444509e-01  1.790433e-02  1.756897e-02  1.440402e-01  2.808488e-01  1.804300e-02  1.819157e-03  1.732557e-02  1.792624e-02  1.760492e-03    1.398071e-01  1.398071e-01    2.992734e-05  -2.992734e-05  1.000e+00
22.835564  1.706838e-03  1.740429e-02  1.782407e-02  1.724686e-03  1.822042e-02  2.814365e-01  1.444484e-01  1.790288e-02  1.756891e-02  1.440353e-01  2.808514e-01  1.804273e-02  1.819161e-03  1.732778e-02  1.792608e-02  1.760542e-03    1.398038e-01  1.398038e-01    2.972518e-05  -2.972518e-05  1.000e+00
22.885564  1.705867e-03  1.740847e-02  1.782295e-02  1.724981e-03  1.821920e-02  2.814399e-01  1.444459e-01  1.790145e-02  1.756883e-02  1.440304e-01  2.808541e-01  1.804242e-02  1.819180e-03  1.732998e-02  1.792592e-02  1.760587e-03    1.398005e-01  1.398005e-01    2.947973e-05  -2.947973e-05  1.000e+00
22.935564  1.704908e-03  1.741261e-02  1.782181e-02  1.725276e-03  1.821799e-02  2.814433e-01  1.444434e-01  1.790001e-02  1.756872e-02  1.440255e-01  2.808567e-01  1.804206e-02  1.819213e-03  1.733215e-02  1.792573e-02  1.760629e-03    1.397973e-01  1.397973e-01    2.918978e-05  -2.918978e-05  1.000e+00
22.985564  1.703962e-03  1.741672e-02  1.782064e-02  1.725570e-03  1.821678e-02  2.814468e-01  1.444409e-01  1.789858e-02  1.756860e-02  1.440206e-01  2.808594e-01  1.804167e-02  1.819260e-03  1.733430e-02  1.792554e-02  1.760668e-03    1.397942e-01  1.397942e-01    2.885615e-05  -2.885615e-05  1.000e+00
23.035564  1.703029e-03  1.742080e-02  1.781944e-02  1.725864e-03  1.821557e-02  2.814504e-01  1.444384e-01  1.789715e-02  1.756845e-02  1.440157e-01  2.808621e-01  1.804124e-02  1.819321e-03  1.733643e-02  1.792533e-02  1.760705e-03    1.397911e-01  1.397911e-01    2.848025e-05  -2.848025e-05  1.000e+00
23.085564  1.702109e-03  1.742485e-02  1.781822e-02  1.726157e-03  1.821436e-02  2.814541e-01  1.444360e-01  1.789573e-02  1.756829e-02  1.440108e-01  2.808648e-01  1.804077e-02  1.819396e-03  1.733855e-02  1.792510e-02  1.760740e-03    1.397880e-01  1.397880e-01    2.806027e-05  -2.806027e-05  1.000e+00
23.135564  1.701203e-03  1.742885e-02  1.781697e-02  1.726449e-03  1.821316e-02  2.814579e-01  1.444336e-01  1.789431e-02  1.756811e-02  1.440060e-01  2.808675e-01  1.804027e-02  1.819484e-03  1.734064e-02  1.792486e-02  1.760775e-03    1.397850e-01  1.397850e-01    2.759799e-05  -2.759799e-05  1.000e+00
23.185564  1.700311e-03  1.743283e-02  1.781570e-02  1.726742e-03  1.821195e-02  2.814617e-01  1.444312e-01  1.789290e-02  1.756791e-02  1.440012e-01  2.808702e-01  1.803973e-02  1.819585e-03  1.734270e-02  1.792460e-02  1.760809e-03    1.397820e-01  1.397820e-01    2.709580e-05  -2.709580e-05  1.000e+00
23.235564  1.699435e-03  1.743676e-02  1.781439e-02  1.727034e-03  1.821075e-02  2.814656e-01  1.444288e-01  1.789150e-02  1.756771e-02  1.439964e-01  2.808729e-01  1.803915e-02  1.819698e-03  1.734475e-02  1.792432e-02  1.760843e-03    1.397791e-01  1.397791e-01    2.655343e-05  -2.655343e-05  1.000e+00
23.285564  1.698573e-03  1.744066e-02  1.781306e-02  1.727327e-03  1.820955e-02  2.814696e-01  1.444264e-01  1.789010e-02  1.756749e-02  1.439916e-01  2.808756e-01  1.803854e-02  1.819824e-03  1.734677e-02  1.792402e-02  1.760877e-03    1.397762e-01  1.397762e-01    2.597372e-05  -2.597372e-05  1.000e+00
23.335564  1.697727e-03  1.744452e-02  1.781171e-02  1.727620e-03  1.820836e-02  2.814737e-01  1.444240e-01  1.788872e-02  1.756727e-02  1.439869e-01  2.808783e-01  1.803790e-02  1.819961e-03  1.734877e-02  1.792370e-02  1.760913e-03    1.397733e-01  1.397733e-01    2.535692e-05  -2.535692e-05  1.000e+00
23.385564  1.696897e-03  1.744835e-02  1.781032e-02  1.727913e-03  1.820716e-02  2.814778e-01  1.444216e-01  1.788734e-02  1.756704e-02  1.439822e-01  2.808810e-01  1.803722e-02  1.820110e-03  1.735074e-02  1.792336e-02  1.760949e-03    1.397705e-01  1.397705e-01    2.470418e-05  -2.470418e-05  1.000e+00
23.435564  1.696082e-03  1.745213e-02  1.780891e-02  1.728207e-03  1.820597e-02  2.814820e-01  1.444192e-01  1.788597e-02  1.756680e-02  1.439775e-01  2.808837e-01  1.803651e-02  1.820270e-03  1.735270e-02  1.792300e-02  1.760987e-03    1.397677e-01  1.397677e-01    2.401801e-05  -2.401801e-05  1.000e+00
23.485564  1.695284e-03  1.745588e-02  1.780747e-02  1.728502e-03  1.820478e-02  2.814863e-01  1.444168e-01  1.788460e-02  1.756656e-02  1.439729e-01  2.808864e-01  1.803577e-02  1.820441e-03  1.735463e-02  1.792261e-02  1.761027e-03    1.397650e-01  1.397650e-01    2.330066e-05  -2.330066e-05  1.000e+00
23.535564  1.694502e-03  1.745959e-02  1.780601e-02  1.728797e-03  1.820360e-02  2.814907e-01  1.444144e-01  1.788325e-02  1.756632e-02  1.439683e-01  2.808891e-01  1.803501e-02  1.820623e-03  1.735653e-02  1.792220e-02  1.761068e-03    1.397623e-01  1.397623e-01    2.255359e-05  -2.255359e-05  1.000e+00
23.585564  1.693736e-03  1.746326e-02  1.780452e-02  1.729094e-03  1.820242e-02  2.814951e-01  1.444120e-01  1.788191e-02  1.756608e-02  1.439638e-01  2.808918e-01  1.803421e-02  1.820815e-03  1.735841e-02  1.792177e-02  1.761111e-03    1.397596e-01  1.397596e-01    2.177910e-05  -2.177910e-05  1.000e+00
23.635564  1.692987e-03  1.746688e-02  1.780300e-02  1.729392e-03  1.820124e-02  2.814996e-01  1.444096e-01  1.788058e-02  1.756584e-02  1.439593e-01  2.808944e-01  1.803338e-02  1.821017e-03  1.736027e-02  1.792131e-02  1.761157e-03    1.397569e-01  1.397569e-01    2.098024e-05  -2.098024e-05  1.000e+00
23.685564  1.692255e-03  1.747047e-02  1.780146e-02  1.729691e-03  1.820006e-02  2.815042e-01  1.444072e-01  1.787926e-02  1.756560e-02  1.439549e-01  2.808971e-01  1.803253e-02  1.821228e-03  1.736210e-02  1.792083e-02  1.761205e-03    1.397543e-01  1.397543e-01    2.015925e-05  -2.015925e-05  1.000e+00
23.735564  1.691538e-03  1.747402e-02  1.779989e-02  1.729992e-03  1.819888e-02  2.815089e-01  1.444047e-01  1.787795e-02  1.756537e-02  1.439505e-01  2.808997e-01  1.803165e-02  1.821450e-03  1.736391e-02  1.792031e-02  1.761255e-03    1.397517e-01  1.397517e-01    1.931830e-05  -1.931830e-05  1.000e+00
23.785564  1.690839e-03  1.747753e-02  1.779829e-02  1.730294e-03  1.819771e-02  2.815136e-01  1.444022e-01  1.787666e-02  1.756513e-02  1.439461e-01  2.809023e-01  1.803074e-02  1.821680e-03  1.736570e-02  1.791977e-02  1.761308e-03    1.397492e-01  1.397492e-01    1.846058e-05  -1.846058e-05  1.000e+00
23.835564  1.690156e-03  1.748099e-02  1.779667e-02  1.730599e-03  1.819654e-02  2.815184e-01  1.443998e-01  1.787538e-02  1.756491e-02  1.439419e-01  2.809049e-01  1.802981e-02  1.821920e-03  1.736746e-02  1.791921e-02  1.761363e-03    1.397466e-01  1.397466e-01    1.758822e-05  -1.758822e-05  1.000e+00
23.885564  1.689489e-03  1.748441e-02  1.779503e-02  1.730906e-03  1.819537e-02  2.815233e-01  1.443973e-01  1.787411e-02  1.756469e-02  1.439376e-01  2.809075e-01  1.802885e-02  1.822169e-03  1.736920e-02  1.791861e-02  1.761421e-03    1.397441e-01  1.397441e-01    1.670477e-05  -1.670477e-05  1.000e+00
23.935564  1.688838e-03  1.748779e-02  1.779336e-02  1.731215e-03  1.819420e-02  2.815283e-01  1.443948e-01  1.787285e-02  1.756448e-02  1.439335e-01  2.809101e-01  1.802788e-02  1.822426e-03  1.737091e-02  1.791798e-02  1.761480e-03    1.397416e-01  1.397416e-01    1.581267e-05  -1.581267e-05  1.000e+00
23.985564  1.688204e-03  1.749113e-02  1.779166e-02  1.731525e-03  1.819303e-02  2.815333e-01  1.443922e-01  1.787161e-02  1.756427e-02  1.439294e-01  2.809126e-01  1.802687e-02  1.822692e-03  1.737261e-02  1.791733e-02  1.761542e-03    1.397392e-01  1.397392e-01    1.491283e-05  -1.491283e-05  1.000e+00
24.035564  1.687586e-03  1.749442e-02  1.778994e-02  1.731839e-03  1.819186e-02  2.815384e-01  1.443897e-01  1.787038e-02  1.756407e-02  1.439253e-01  2.809151e-01  1.802585e-02  1.822965e-03  1.737427e-02  1.791664e-02  1.761606e-03    1.397367e-01  1.397367e-01    1.401183e-05  -1.401183e-05  1.000e+00
24.085564  1.686984e-03  1.749767e-02  1.778819e-02  1.732155e-03  1.819069e-02  2.815436e-01  1.443871e-01  1.786917e-02  1.756388e-02  1.439214e-01  2.809176e-01  1.802481e-02  1.823248e-03  1.737592e-02  1.791593e-02  1.761672e-03    1.397343e-01  1.397343e-01    1.311051e-05  -1.311051e-05  1.000e+00
24.135564  1.686398e-03  1.750088e-02  1.778643e-02  1.732474e-03  1.818952e-02  2.815488e-01  1.443845e-01  1.786797e-02  1.756371e-02  1.439174e-01  2.809201e-01  1.802375e-02  1.823538e-03  1.737755e-02  1.791518e-02  1.761740e-03    1.397319e-01  1.397319e-01    1.221177e-05  -1.221177e-05  1.000e+00
24.185564  1.685828e-03  1.750404e-02  1.778463e-02  1.732796e-03  1.818835e-02  2.815541e-01  1.443820e-01  1.786679e-02  1.756354e-02  1.439136e-01  2.809225e-01  1.802267e-02  1.823836e-03  1.737915e-02  1.791440e-02  1.761810e-03    1.397295e-01  1.397295e-01    1.131905e-05  -1.131905e-05  1.000e+00
24.235564  1.685273e-03  1.750716e-02  1.778282e-02  1.733120e-03  1.818718e-02  2.815595e-01  1.443793e-01  1.786562e-02  1.756338e-02  1.439098e-01  2.809249e-01  1.802157e-02  1.824141e-03  1.738073e-02  1.791359e-02  1.761881e-03    1.397272e-01  1.397272e-01    1.043470e-05  -1.043470e-05  1.000e+00
24.285564  1.684733e-03  1.751023e-02  1.778098e-02  1.733447e-03  1.818601e-02  2.815649e-01  1.443767e-01  1.786447e-02  1.756323e-02  1.439061e-01  2.809272e-01  1.802046e-02  1.824455e-03  1.738229e-02  1.791275e-02  1.761954e-03    1.397248e-01  1.397248e-01    9.561342e-06  -9.561342e-06  1.000e+00
24.335564  1.684209e-03  1.751326e-02  1.777911e-02  1.733776e-03  1.818483e-02  2.815705e-01  1.443741e-01  1.786334e-02  1.756309e-02  1.439025e-01  2.809295e-01  1.801933e-02  1.824776e-03  1.738383e-02  1.791187e-02  1.762028e-03    1.397225e-01  1.397225e-01    8.701670e-06  -8.701670e-06  1.000e+00
24.385564  1.683699e-03  1.751625e-02  1.777723e-02  1.734109e-03  1.818365e-02  2.815760e-01  1.443715e-01  1.786222e-02  1.756297e-02  1.438989e-01  2.809318e-01  1.801818e-02  1.825105e-03  1.738535e-02  1.791097e-02  1.762102e-03    1.397202e-01  1.397202e-01    7.857587e-06  -7.857587e-06  1.000e+00
24.435564  1.683203e-03  1.751919e-02  1.777532e-02  1.734443e-03  1.818247e-02  2.815817e-01  1.443688e-01  1.786113e-02  1.756285e-02  1.438953e-01  2.809340e-01  1.801702e-02  1.825441e-03  1.738685e-02  1.791003e-02  1.762178e-03    1.397179e-01  1.397179e-01    7.032688e-06  -7.032688e-06  1.000e+00
24.485564  1.682722e-03  1.752208e-02  1.777339e-02  1.734781e-03  1.818129e-02  2.815874e-01  1.443661e-01  1.786004e-02  1.756275e-02  1.438919e-01  2.809362e-01  1.801585e-02  1.825785e-03  1.738833e-02  1.790906e-02  1.762254e-03    1.397156e-01  1.397156e-01    6.228887e-06  -6.228887e-06  1.000e+00
24.535564  1.682255e-03  1.752493e-02  1.777144e-02  1.735120e-03  1.818010e-02  2.815932e-01  1.443635e-01  1.785898e-02  1.756265e-02  1.438885e-01  2.809384e-01  1.801466e-02  1.826136e-03  1.738979e-02  1.790806e-02  1.762330e-03    1.397133e-01  1.397133e-01    5.448386e-06  -5.448386e-06  1.000e+00
24.585564  1.681801e-03  1.752774e-02  1.776946e-02  1.735462e-03  1.817891e-02  2.815991e-01  1.443608e-01  1.785793e-02  1.756257e-02  1.438852e-01  2.809405e-01  1.801346e-02  1.826495e-03  1.739124e-02  1.790703e-02  1.762406e-03    1.397111e-01  1.397111e-01    4.692604e-06  -4.692604e-06  1.000e+00
24.635564  1.681361e-03  1.753050e-02  1.776747e-02  1.735806e-03  1.817771e-02  2.816050e-01  1.443581e-01  1.785690e-02  1.756250e-02  1.438819e-01  2.809425e-01  1.801225e-02  1.826862e-03  1.739267e-02  1.790597e-02  1.762481e-03    1.397089e-01  1.397089e-01    3.964606e-06  -3.964606e-06  1.000e+00
24.685564  1.680933e-03  1.753321e-02  1.776545e-02  1.736153e-03  1.817651e-02  2.816110e-01  1.443555e-01  1.785589e-02  1.756244e-02  1.438787e-01  2.809445e-01  1.801103e-02  1.827236e-03  1.739409e-02  1.790487e-02  1.762557e-03    1.397066e-01  1.397066e-01    3.265442e-06  -3.265442e-06  1.000e+00
24.735564  1.680518e-03  1.753588e-02  1.776342e-02  1.736501e-03  1.817530e-02  2.816170e-01  1.443528e-01  1.785490e-02  1.756239e-02  1.438755e-01  2.809465e-01  1.800980e-02  1.827618e-03  1.739548e-02  1.790375e-02  1.762631e-03    1.397044e-01  1.397044e-01    2.597379e-06  -2.597379e-06  1.000e+00
24.785564  1.680115e-03  1.753851e-02  1.776136e-02  1.736851e-03  1.817408e-02  2.816231e-01  1.443501e-01  1.785392e-02  1.756235e-02  1.438724e-01  2.809484e-01  1.800857e-02  1.828008e-03  1.739687e-02  1.790260e-02  1.762705e-03    1.397022e-01  1.397022e-01    1.961387e-06  -1.961387e-06  1.000e+00
24.835564  1.679724e-03  1.754109e-02  1.775928e-02  1.737203e-03  1.817285e-02  2.816293e-01  1.443475e-01  1.785297e-02  1.756232e-02  1.438694e-01  2.809502e-01  1.800732e-02  1.828406e-03  1.739824e-02  1.790142e-02  1.762778e-03    1.397000e-01  1.397000e-01    1.358452e-06  -1.358452e-06  1.000e+00
24.885564  1.679345e-03  1.754363e-02  1.775718e-02  1.737557e-03  1.817162e-02  2.816355e-01  1.443449e-01  1.785203e-02  1.756230e-02  1.438664e-01  2.809520e-01  1.800607e-02  1.828812e-03  1.739960e-02  1.790021e-02  1.762849e-03    1.396978e-01  1.396978e-01    7.907048e-07  -7.907048e-07  1.000e+00
24.935564  1.678977e-03  1.754612e-02  1.775507e-02  1.737912e-03  1.817038e-02  2.816418e-01  1.443422e-01  1.785111e-02  1.756229e-02  1.438635e-01  2.809537e-01  1.800481e-02  1.829227e-03  1.740095e-02  1.789898e-02  1.762919e-03    1.396956e-01  1.396956e-01    2.585524e-07  -2.585524e-07  1.000e+00
24.985564  1.678619e-03  1.754857e-02  1.775293e-02  1.738269e-03  1.816913e-02  2.816482e-01  1.443396e-01  1.785022e-02  1.756229e-02  1.438606e-01  2.809554e-01  1.800354e-02  1.829649e-03  1.740228e-02  1.789771e-02  1.762987e-03    1.396934e-01  1.396934e-01    -2.372468e-07  2.372468e-07  1.000e+00
25.035564  1.678272e-03  1.755097e-02  1.775078e-02  1.738627e-03  1.816787e-02  2.816546e-01  1.443370e-01  1.784934e-02  1.756230e-02  1.438578e-01  2.809570e-01  1.800227e-02  1.830080e-03  1.740361e-02  1.789643e-02  1.763054e-03    1.396912e-01  1.396912e-01    -6.961138e-07  6.961138e-07  1.000e+00
25.085564  1.677936e-03  1.755334e-02  1.774860e-02  1.738985e-03  1.816660e-02  2.816611e-01  1.443345e-01  1.784848e-02  1.756232e-02  1.438550e-01  2.809585e-01  1.800099e-02  1.830520e-03  1.740492e-02  1.789511e-02  1.763118e-03    1.396890e-01  1.396890e-01    -1.117419e-06  1.117419e-06  1.000e+00
25.135564  1.677608e-03  1.755566e-02  1.774641e-02  1.739345e-03  1.816532e-02  2.816677e-01  1.443319e-01  1.784764e-02  1.756235e-02  1.438522e-01  2.809600e-01  1.799972e-02  1.830969e-03  1.740623e-02  1.789377e-02  1.763180e-03    1.396868e-01  1.396868e-01    -1.501067e-06  1.501067e-06  1.000e+00
25.185564  1.677291e-03  1.755794e-02  1.774420e-02  1.739706e-03  1.816403e-02  2.816743e-01  1.443294e-01  1.784682e-02  1.756238e-02  1.438495e-01  2.809614e-01  1.799843e-02  1.831426e-03  1.740753e-02  1.789241e-02  1.763240e-03    1.396847e-01  1.396847e-01    -1.846632e-06  1.846632e-06  1.000e+00
25.235564  1.676982e-03  1.756017e-02  1.774197e-02  1.740067e-03  1.816272e-02  2.816809e-01  1.443270e-01  1.784602e-02  1.756243e-02  1.438469e-01  2.809627e-01  1.799715e-02  1.831893e-03  1.740883e-02  1.789103e-02  1.763297e-03    1.396825e-01  1.396825e-01    -2.154575e-06  2.154575e-06  1.000e+00
25.285564  1.676682e-03  1.756237e-02  1.773972e-02  1.740429e-03  1.816141e-02  2.816876e-01  1.443245e-01  1.784525e-02  1.756248e-02  1.438442e-01  2.809640e-01  1.799586e-02  1.832368e-03  1.741011e-02  1.788962e-02  1.763352e-03    1.396803e-01  1.396803e-01    -2.427228e-06  2.427228e-06  1.000e+00
25.335564  1.676391e-03  1.756452e-02  1.773746e-02  1.740791e-03  1.816008e-02  2.816944e-01  1.443221e-01  1.784449e-02  1.756254e-02  1.438416e-01  2.809652e-01  1.799457e-02  1.832853e-03  1.741140e-02  1.788819e-02  1.763405e-03    1.396781e-01  1.396781e-01    -2.662633e-06  2.662633e-06  1.000e+00
25.385564  1.676107e-03  1.756664e-02  1.773518e-02  1.741153e-03  1.815873e-02  2.817012e-01  1.443198e-01  1.784375e-02  1.756260e-02  1.438391e-01  2.809663e-01  1.799329e-02  1.833348e-03  1.741267e-02  1.788675e-02  1.763455e-03    1.396759e-01  1.396759e-01    -2.862651e-06  2.862651e-06  1.000e+00
25.435564  1.675831e-03  1.756871e-02  1.773288e-02  1.741516e-03  1.815738e-02  2.817081e-01  1.443175e-01  1.784304e-02  1.756267e-02  1.438366e-01  2.809673e-01  1.799200e-02  1.833851e-03  1.741395e-02  1.788528e-02  1.763502e-03    1.396737e-01  1.396737e-01    -3.027987e-06  3.027987e-06  1.000e+00
25.485564  1.675562e-03  1.757075e-02  1.773056e-02  1.741878e-03  1.815601e-02  2.817150e-01  1.443152e-01  1.784234e-02  1.756275e-02  1.438341e-01  2.809683e-01  1.799071e-02  1.834365e-03  1.741522e-02  1.788380e-02  1.763547e-03    1.396715e-01  1.396715e-01    -3.159521e-06  3.159521e-06  1.000e+00
25.535564  1.675300e-03  1.757275e-02  1.772823e-02  1.742241e-03  1.815462e-02  2.817220e-01  1.443130e-01  1.784167e-02  1.756284e-02  1.438316e-01  2.809691e-01  1.798943e-02  1.834888e-03  1.741648e-02  1.788230e-02  1.763589e-03    1.396693e-01  1.396693e-01    -3.259377e-06  3.259377e-06  1.000e+00
25.585564  1.675044e-03  1.757471e-02  1.772588e-02  1.742604e-03  1.815322e-02  2.817290e-01  1.443108e-01  1.784101e-02  1.756293e-02  1.438291e-01  2.809699e-01  1.798814e-02  1.835421e-03  1.741775e-02  1.788078e-02  1.763628e-03    1.396671e-01  1.396671e-01    -3.328293e-06  3.328293e-06  1.000e+00
25.635564  1.674794e-03  1.757664e-02  1.772352e-02  1.742967e-03  1.815180e-02  2.817361e-01  1.443087e-01  1.784038e-02  1.756303e-02  1.438267e-01  2.809706e-01  1.798686e-02  1.835964e-03  1.741902e-02  1.787925e-02  1.763665e-03    1.396649e-01  1.396649e-01    -3.367509e-06  3.367509e-06  1.000e+00
25.685564  1.674550e-03  1.757852e-02  1.772114e-02  1.743329e-03  1.815037e-02  2.817432e-01  1.443066e-01  1.783977e-02  1.756313e-02  1.438243e-01  2.809713e-01  1.798558e-02  1.836517e-03  1.742028e-02  1.787771e-02  1.763699e-03    1.396627e-01  1.396627e-01    -3.380142e-06  3.380142e-06  1.000e+00
25.735564  1.674312e-03  1.758038e-02  1.771875e-02  1.743691e-03  1.814891e-02  2.817504e-01  1.443046e-01  1.783918e-02  1.756324e-02  1.438219e-01  2.809718e-01  1.798430e-02  1.837081e-03  1.742155e-02  1.787615e-02  1.763731e-03    1.396604e-01  1.396604e-01    -3.366047e-06  3.366047e-06  1.000e+00
25.785564  1.674078e-03  1.758220e-02  1.771634e-02  1.744054e-03  1.814744e-02  2.817576e-01  1.443027e-01  1.783861e-02  1.756335e-02  1.438195e-01  2.809722e-01  1.798303e-02  1.837654e-03  1.742281e-02  1.787458e-02  1.763761e-03    1.396582e-01  1.396582e-01    -3.327894e-06  3.327894e-06  1.000e+00
25.835564  1.673849e-03  1.758399e-02  1.771392e-02  1.744416e-03  1.814596e-02  2.817649e-01  1.443008e-01  1.783807e-02  1.756347e-02  1.438172e-01  2.809726e-01  1.798176e-02  1.838237e-03  1.742408e-02  1.787300e-02  1.763789e-03    1.396559e-01  1.396559e-01    -3.267996e-06  3.267996e-06  1.000e+00
25.885564  1.673625e-03  1.758574e-02  1.771149e-02  1.744778e-03  1.814445e-02  2.817722e-01  1.442990e-01  1.783754e-02  1.756360e-02  1.438148e-01  2.809729e-01  1.798050e-02  1.838829e-03  1.742535e-02  1.787141e-02  1.763815e-03    1.396536e-01  1.396536e-01    -3.188086e-06  3.188086e-06  1.000e+00
25.935564  1.673405e-03  1.758747e-02  1.770904e-02  1.745140e-03  1.814293e-02  2.817796e-01  1.442972e-01  1.783704e-02  1.756373e-02  1.438125e-01  2.809730e-01  1.797924e-02  1.839431e-03  1.742662e-02  1.786982e-02  1.763839e-03    1.396513e-01  1.396513e-01    -3.090923e-06  3.090923e-06  1.000e+00
25.985564  1.673190e-03  1.758916e-02  1.770658e-02  1.745502e-03  1.814139e-02  2.817870e-01  1.442955e-01  1.783655e-02  1.756386e-02  1.438102e-01  2.809731e-01  1.797799e-02  1.840042e-03  1.742790e-02  1.786821e-02  1.763862e-03    1.396490e-01  1.396490e-01    -2.978384e-06  2.978384e-06  1.000e+00
26.035564  1.672978e-03  1.759082e-02  1.770410e-02  1.745864e-03  1.813983e-02  2.817945e-01  1.442939e-01  1.783609e-02  1.756400e-02  1.438079e-01  2.809730e-01  1.797674e-02  1.840663e-03  1.742918e-02  1.786660e-02  1.763884e-03    1.396467e-01  1.396467e-01    -2.852946e-06  2.852946e-06  1.000e+00
26.085564  1.672770e-03  1.759245e-02  1.770162e-02  1.746226e-03  1.813825e-02  2.818020e-01  1.442923e-01  1.783565e-02  1.756414e-02  1.438056e-01  2.809729e-01  1.797550e-02  1.841292e-03  1.743047e-02  1.786499e-02  1.763906e-03    1.396443e-01  1.396443e-01    -2.716976e-06  2.716976e-06  1.000e+00
26.135564  1.672566e-03  1.759406e-02  1.769912e-02  1.746589e-03  1.813664e-02  2.818095e-01  1.442908e-01  1.783523e-02  1.756429e-02  1.438033e-01  2.809727e-01  1.797427e-02  1.841930e-03  1.743176e-02  1.786337e-02  1.763927e-03    1.396420e-01  1.396420e-01    -2.573063e-06  2.573063e-06  1.000e+00
26.185564  1.672366e-03  1.759563e-02  1.769661e-02  1.746953e-03  1.813502e-02  2.818171e-01  1.442894e-01  1.783483e-02  1.756444e-02  1.438010e-01  2.809723e-01  1.797304e-02  1.842575e-03  1.743306e-02  1.786174e-02  1.763948e-03    1.396396e-01  1.396396e-01    -2.423500e-06  2.423500e-06  1.000e+00
26.235564  1.672170e-03  1.759718e-02  1.769409e-02  1.747317e-03  1.813338e-02  2.818247e-01  1.442880e-01  1.783445e-02  1.756460e-02  1.437987e-01  2.809719e-01  1.797182e-02  1.843228e-03  1.743436e-02  1.786012e-02  1.763969e-03    1.396372e-01  1.396372e-01    -2.271298e-06  2.271298e-06  1.000e+00
26.285564  1.671977e-03  1.759870e-02  1.769156e-02  1.747682e-03  1.813172e-02  2.818324e-01  1.442867e-01  1.783410e-02  1.756476e-02  1.437964e-01  2.809713e-01  1.797060e-02  1.843889e-03  1.743567e-02  1.785850e-02  1.763992e-03    1.396347e-01  1.396347e-01    -2.118508e-06  2.118508e-06  1.000e+00
26.335564  1.671788e-03  1.760019e-02  1.768902e-02  1.748048e-03  1.813004e-02  2.818401e-01  1.442855e-01  1.783376e-02  1.756493e-02  1.437941e-01  2.809707e-01  1.796940e-02  1.844556e-03  1.743699e-02  1.785687e-02  1.764017e-03    1.396323e-01  1.396323e-01    -1.967155e-06  1.967155e-06  1.000e+00
26.385564  1.671604e-03  1.760166e-02  1.768647e-02  1.748416e-03  1.812833e-02  2.818479e-01  1.442843e-01  1.783344e-02  1.756510e-02  1.437918e-01  2.809699e-01  1.796820e-02  1.845229e-03  1.743831e-02  1.785525e-02  1.764044e-03    1.396298e-01  1.396298e-01    -1.820072e-06  1.820072e-06  1.000e+00
26.435564  1.671423e-03  1.760310e-02  1.768391e-02  1.748784e-03  1.812661e-02  2.818557e-01  1.442832e-01  1.783314e-02  1.756528e-02  1.437896e-01  2.809690e-01  1.796700e-02  1.845907e-03  1.743965e-02  1.785363e-02  1.764074e-03    1.396273e-01  1.396273e-01    -1.679492e-06  1.679492e-06  1.000e+00
26.485564  1.671246e-03  1.760452e-02  1.768135e-02  1.749155e-03  1.812486e-02  2.818635e-01  1.442822e-01  1.783287e-02  1.756546e-02  1.437873e-01  2.809680e-01  1.796582e-02  1.846591e-03  1.744099e-02  1.785202e-02  1.764108e-03    1.396248e-01  1.396248e-01    -1.551307e-06  1.551307e-06  1.000e+00
26.535564  1.671074e-03  1.760592e-02  1.767877e-02  1.749528e-03  1.812309e-02  2.818713e-01  1.442812e-01  1.783260e-02  1.756565e-02  1.437850e-01  2.809669e-01  1.796464e-02  1.847279e-03  1.744234e-02  1.785041e-02  1.764147e-03    1.396222e-01  1.396222e-01    -1.431576e-06  1.431576e-06  1.000e+00
26.585564  1.670906e-03  1.760729e-02  1.767619e-02  1.749902e-03  1.812130e-02  2.818793e-01  1.442803e-01  1.783236e-02  1.756585e-02  1.437828e-01  2.809657e-01  1.796348e-02  1.847971e-03  1.744370e-02  1.784880e-02  1.764192e-03    1.396196e-01  1.396196e-01    -1.325466e-06  1.325466e-06  1.000e+00
26.635564  1.670743e-03  1.760864e-02  1.767360e-02  1.750279e-03  1.811949e-02  2.818872e-01  1.442794e-01  1.783213e-02  1.756605e-02  1.437805e-01  2.809644e-01  1.796231e-02  1.848666e-03  1.744506e-02  1.784721e-02  1.764243e-03    1.396170e-01  1.396170e-01    -1.234857e-06  1.234857e-06  1.000e+00
26.685564  1.670584e-03  1.760997e-02  1.767100e-02  1.750658e-03  1.811766e-02  2.818952e-01  1.442786e-01  1.783192e-02  1.756626e-02  1.437783e-01  2.809629e-01  1.796116e-02  1.849364e-03  1.744644e-02  1.784562e-02  1.764301e-03    1.396143e-01  1.396143e-01    -1.162298e-06  1.162298e-06  1.000e+00
26.735564  1.670431e-03  1.761127e-02  1.766840e-02  1.751039e-03  1.811580e-02  2.819033e-01  1.442779e-01  1.783173e-02  1.756647e-02  1.437760e-01  2.809614e-01  1.796001e-02  1.850064e-03  1.744783e-02  1.784404e-02  1.764369e-03    1.396117e-01  1.396117e-01    -1.109971e-06  1.109971e-06  1.000e+00
26.785564  1.670282e-03  1.761256e-02  1.766579e-02  1.751422e-03  1.811392e-02  2.819113e-01  1.442772e-01  1.783155e-02  1.756669e-02  1.437738e-01  2.809597e-01  1.795888e-02  1.850766e-03  1.744922e-02  1.784247e-02  1.764446e-03    1.396090e-01  1.396090e-01    -1.081768e-06  1.081768e-06  1.000e+00
26.835564  1.670139e-03  1.761382e-02  1.766317e-02  1.751808e-03  1.811202e-02  2.819194e-01  1.442766e-01  1.783139e-02  1.756692e-02  1.437716e-01  2.809579e-01  1.795775e-02  1.851470e-03  1.745062e-02  1.784091e-02  1.764533e-03    1.396062e-01  1.396062e-01    -1.076336e-06  1.076336e-06  1.000e+00
26.885564  1.670001e-03  1.761506e-02  1.766055e-02  1.752196e-03  1.811010e-02  2.819276e-01  1.442760e-01  1.783124e-02  1.756716e-02  1.437694e-01  2.809559e-01  1.795663e-02  1.852174e-03  1.745203e-02  1.783936e-02  1.764632e-03    1.396035e-01  1.396035e-01    -1.096308e-06  1.096308e-06  1.000e+00
26.935564  1.669869e-03  1.761629e-02  1.765792e-02  1.752585e-03  1.810816e-02  2.819358e-01  1.442754e-01  1.783111e-02  1.756741e-02  1.437672e-01  2.809539e-01  1.795551e-02  1.852878e-03  1.745345e-02  1.783783e-02  1.764744e-03    1.396007e-01  1.396007e-01    -1.143565e-06  1.143565e-06  1.000e+00
26.985564  1.669742e-03  1.761749e-02  1.765529e-02  1.752977e-03  1.810620e-02  2.819440e-01  1.442749e-01  1.783098e-02  1.756767e-02  1.437650e-01  2.809517e-01  1.795441e-02  1.853583e-03  1.745487e-02  1.783631e-02  1.764869e-03    1.395978e-01  1.395978e-01    -1.219912e-06  1.219912e-06  1.000e+00
27.035564  1.669622e-03  1.761867e-02  1.765265e-02  1.753370e-03  1.810422e-02  2.819523e-01  1.442745e-01  1.783087e-02  1.756794e-02  1.437628e-01  2.809494e-01  1.795331e-02  1.854287e-03  1.745630e-02  1.783480e-02  1.765008e-03    1.395950e-01  1.395950e-01    -1.326678e-06  1.326678e-06  1.000e+00
27.085564  1.669507e-03  1.761983e-02  1.765001e-02  1.753765e-03  1.810221e-02  2.819606e-01  1.442740e-01  1.783077e-02  1.756822e-02  1.437606e-01  2.809469e-01  1.795223e-02  1.854990e-03  1.745774e-02  1.783331e-02  1.765163e-03    1.395921e-01  1.395921e-01    -1.465444e-06  1.465444e-06  1.000e+00
27.135564  1.669399e-03  1.762098e-02  1.764737e-02  1.754161e-03  1.810019e-02  2.819690e-01  1.442736e-01  1.783069e-02  1.756852e-02  1.437585e-01  2.809444e-01  1.795115e-02  1.855692e-03  1.745917e-02  1.783183e-02  1.765334e-03    1.395891e-01  1.395891e-01    -1.637208e-06  1.637208e-06  1.000e+00
27.185564  1.669298e-03  1.762210e-02  1.764473e-02  1.754558e-03  1.809815e-02  2.819774e-01  1.442733e-01  1.783061e-02  1.756883e-02  1.437563e-01  2.809417e-01  1.795008e-02  1.856393e-03  1.746061e-02  1.783037e-02  1.765521e-03    1.395862e-01  1.395862e-01    -1.841738e-06  1.841738e-06  1.000e+00
27.235564  1.669203e-03  1.762320e-02  1.764208e-02  1.754955e-03  1.809609e-02  2.819859e-01  1.442730e-01  1.783054e-02  1.756915e-02  1.437542e-01  2.809389e-01  1.794903e-02  1.857092e-03  1.746206e-02  1.782892e-02  1.765726e-03    1.395832e-01  1.395832e-01    -2.080718e-06  2.080718e-06  1.000e+00
27.285564  1.669116e-03  1.762428e-02  1.763944e-02  1.755352e-03  1.809401e-02  2.819944e-01  1.442726e-01  1.783049e-02  1.756949e-02  1.437521e-01  2.809359e-01  1.794798e-02  1.857790e-03  1.746350e-02  1.782749e-02  1.765948e-03    1.395802e-01  1.395802e-01    -2.354304e-06  2.354304e-06  1.000e+00
27.335564  1.669035e-03  1.762534e-02  1.763679e-02  1.755750e-03  1.809192e-02  2.820029e-01  1.442724e-01  1.783044e-02  1.756985e-02  1.437501e-01  2.809328e-01  1.794695e-02  1.858485e-03  1.746494e-02  1.782609e-02  1.766189e-03    1.395771e-01  1.395771e-01    -2.662929e-06  2.662929e-06  1.000e+00
27.385564  1.668962e-03  1.762639e-02  1.763415e-02  1.756146e-03  1.808981e-02  2.820115e-01  1.442721e-01  1.783040e-02  1.757022e-02  1.437480e-01  2.809296e-01  1.794592e-02  1.859178e-03  1.746638e-02  1.782470e-02  1.766449e-03    1.395740e-01  1.395740e-01    -3.006047e-06  3.006047e-06  1.000e+00
27.435564  1.668896e-03  1.762741e-02  1.763150e-02  1.756542e-03  1.808768e-02  2.820202e-01  1.442718e-01  1.783038e-02  1.757062e-02  1.437460e-01  2.809263e-01  1.794491e-02  1.859868e-03  1.746781e-02  1.782333e-02  1.766728e-03    1.395709e-01  1.395709e-01    -3.383888e-06  3.383888e-06  1.000e+00
27.485564  1.668838e-03  1.762841e-02  1.762887e-02  1.756936e-03  1.808554e-02  2.820289e-01  1.442716e-01  1.783036e-02  1.757104e-02  1.437440e-01  2.809228e-01  1.794391e-02  1.860556e-03  1.746924e-02  1.782198e-02  1.767025e-03    1.395677e-01  1.395677e-01    -3.796276e-06  3.796276e-06  1.000e+00
27.535564  1.668788e-03  1.762939e-02  1.762623e-02  1.757328e-03  1.808338e-02  2.820376e-01  1.442713e-01  1.783034e-02  1.757147e-02  1.437421e-01  2.809192e-01  1.794293e-02  1.861240e-03  1.747067e-02  1.782065e-02  1.767342e-03    1.395646e-01  1.395646e-01    -4.242260e-06  4.242260e-06  1.000e+00
27.585564  1.668746e-03  1.763034e-02  1.762360e-02  1.757718e-03  1.808121e-02  2.820464e-01  1.442711e-01  1.783034e-02  1.757194e-02  1.437402e-01  2.809154e-01  1.794196e-02  1.861922e-03  1.747209e-02  1.781934e-02  1.767678e-03    1.395613e-01  1.395613e-01    -4.721698e-06  4.721698e-06  1.000e+00
27.635564  1.668712e-03  1.763128e-02  1.762098e-02  1.758105e-03  1.807903e-02  2.820553e-01  1.442709e-01  1.783035e-02  1.757242e-02  1.437383e-01  2.809115e-01  1.794101e-02  1.862600e-03  1.747350e-02  1.781805e-02  1.768032e-03    1.395581e-01  1.395581e-01    -5.232876e-06  5.232876e-06  1.000e+00
27.685564  1.668686e-03  1.763219e-02  1.761837e-02  1.758489e-03  1.807683e-02  2.820642e-01  1.442706e-01  1.783036e-02  1.757294e-02  1.437365e-01  2.809075e-01  1.794007e-02  1.863275e-03  1.747489e-02  1.781679e-02  1.768405e-03    1.395548e-01  1.395548e-01    -5.774710e-06  5.774710e-06  1.000e+00
27.735564  1.668669e-03  1.763309e-02  1.761576e-02  1.758869e-03  1.807463e-02  2.820731e-01  1.442704e-01  1.783038e-02  1.757348e-02  1.437347e-01  2.809033e-01  1.793915e-02  1.863946e-03  1.747628e-02  1.781555e-02  1.768795e-03    1.395515e-01  1.395515e-01    -6.345978e-06  6.345978e-06  1.000e+00
27.785564  1.668660e-03  1.763396e-02  1.761317e-02  1.759246e-03  1.807241e-02  2.820821e-01  1.442701e-01  1.783041e-02  1.757405e-02  1.437329e-01  2.808990e-01  1.793824e-02  1.864614e-03  1.747766e-02  1.781433e-02  1.769203e-03    1.395482e-01  1.395482e-01    -6.944815e-06  6.944815e-06  1.000e+00
27.835564  1.668660e-03  1.763481e-02  1.761058e-02  1.759618e-03  1.807019e-02  2.820911e-01  1.442698e-01  1.783045e-02  1.757465e-02  1.437312e-01  2.808945e-01  1.793735e-02  1.865278e-03  1.747902e-02  1.781314e-02  1.769628e-03    1.395448e-01  1.395448e-01    -7.569648e-06  7.569648e-06  1.000e+00
27.885564  1.668668e-03  1.763563e-02  1.760801e-02  1.759986e-03  1.806796e-02  2.821002e-01  1.442695e-01  1.783050e-02  1.757528e-02  1.437295e-01  2.808899e-01  1.793649e-02  1.865938e-03  1.748036e-02  1.781197e-02  1.770069e-03    1.395414e-01  1.395414e-01    -8.218682e-06  8.218682e-06  1.000e+00
27.935564  1.668685e-03  1.763644e-02  1.760546e-02  1.760348e-03  1.806572e-02  2.821093e-01  1.442692e-01  1.783055e-02  1.757595e-02  1.437279e-01  2.808851e-01  1.793564e-02  1.866593e-03  1.748169e-02  1.781083e-02  1.770526e-03    1.395380e-01  1.395380e-01    -8.887501e-06  8.887501e-06  1.000e+00
27.985564  1.668711e-03  1.763723e-02  1.760292e-02  1.760705e-03  1.806347e-02  2.821185e-01  1.442688e-01  1.783061e-02  1.757665e-02  1.437263e-01  2.808803e-01  1.793481e-02  1.867245e-03  1.748301e-02  1.780971e-02  1.770997e-03    1.395345e-01  1.395345e-01    -9.577155e-06  9.577155e-06  1.000e+00
28.035564  1.668745e-03  1.763799e-02  1.760040e-02  1.761056e-03  1.806122e-02  2.821278e-01  1.442685e-01  1.783068e-02  1.757738e-02  1.437248e-01  2.808752e-01  1.793400e-02  1.867891e-03  1.748430e-02  1.780862e-02  1.771481e-03    1.395311e-01  1.395311e-01    -1.028522e-05  1.028522e-05  1.000e+00
28.085564  1.668788e-03  1.763873e-02  1.759790e-02  1.761400e-03  1.805897e-02  2.821370e-01  1.442681e-01  1.783076e-02  1.757816e-02  1.437233e-01  2.808700e-01  1.793322e-02  1.868533e-03  1.748558e-02  1.780756e-02  1.771978e-03    1.395276e-01  1.395276e-01    -1.100732e-05  1.100732e-05  1.000e+00
28.135564  1.668839e-03  1.763945e-02  1.759541e-02  1.761738e-03  1.805671e-02  2.821464e-01  1.442676e-01  1.783084e-02  1.757897e-02  1.437219e-01  2.808647e-01  1.793245e-02  1.869171e-03  1.748684e-02  1.780652e-02  1.772486e-03    1.395240e-01  1.395240e-01    -1.174239e-05  1.174239e-05  1.000e+00
28.185564  1.668899e-03  1.764015e-02  1.759296e-02  1.762069e-03  1.805445e-02  2.821557e-01  1.442672e-01  1.783094e-02  1.757982e-02  1.437205e-01  2.808592e-01  1.793172e-02  1.869802e-03  1.748808e-02  1.780551e-02  1.773004e-03    1.395205e-01  1.395205e-01    -1.248740e-05  1.248740e-05  1.000e+00
28.235564  1.668967e-03  1.764083e-02  1.759052e-02  1.762393e-03  1.805218e-02  2.821651e-01  1.442667e-01  1.783104e-02  1.758072e-02  1.437192e-01  2.808536e-01  1.793100e-02  1.870429e-03  1.748930e-02  1.780452e-02  1.773532e-03    1.395169e-01  1.395169e-01    -1.323924e-05  1.323924e-05  1.000e+00
28.285564  1.669044e-03  1.764149e-02  1.758811e-02  1.762709e-03  1.804992e-02  2.821746e-01  1.442661e-01  1.783115e-02  1.758165e-02  1.437179e-01  2.808478e-01  1.793031e-02  1.871049e-03  1.749049e-02  1.780357e-02  1.774067e-03    1.395133e-01  1.395133e-01    -1.399642e-05  1.399642e-05  1.000e+00
28.335564  1.669128e-03  1.764214e-02  1.758573e-02  1.763017e-03  1.804766e-02  2.821841e-01  1.442656e-01  1.783127e-02  1.758263e-02  1.437167e-01  2.808419e-01  1.792964e-02  1.871664e-03  1.749167e-02  1.780264e-02  1.774609e-03    1.395097e-01  1.395097e-01    -1.475555e-05  1.475555e-05  1.000e+00
28.385564  1.669221e-03  1.764276e-02  1.758337e-02  1.763316e-03  1.804539e-02  2.821936e-01  1.442650e-01  1.783139e-02  1.758365e-02  1.437155e-01  2.808358e-01  1.792900e-02  1.872272e-03  1.749283e-02  1.780174e-02  1.775155e-03    1.395061e-01  1.395061e-01    -1.551354e-05  1.551354e-05  1.000e+00
28.435564  1.669321e-03  1.764337e-02  1.758105e-02  1.763607e-03  1.804313e-02  2.822032e-01  1.442643e-01  1.783153e-02  1.758472e-02  1.437143e-01  2.808296e-01  1.792839e-02  1.872873e-03  1.749396e-02  1.780087e-02  1.775706e-03    1.395024e-01  1.395024e-01    -1.626897e-05  1.626897e-05  1.000e+00
28.485564  1.669429e-03  1.764397e-02  1.757875e-02  1.763890e-03  1.804087e-02  2.822128e-01  1.442636e-01  1.783167e-02  1.758583e-02  1.437133e-01  2.808233e-01  1.792780e-02  1.873468e-03  1.749507e-02  1.780003e-02  1.776259e-03    1.394987e-01  1.394987e-01    -1.701691e-05  1.701691e-05  1.000e+00
28.535564  1.669544e-03  1.764455e-02  1.757649e-02  1.764163e-03  1.803862e-02  2.822224e-01  1.442629e-01  1.783182e-02  1.758698e-02  1.437122e-01  2.808168e-01  1.792724e-02  1.874055e-03  1.749616e-02  1.779922e-02  1.776813e-03    1.394950e-01  1.394950e-01    -1.775666e-05  1.775666e-05  1.000e+00
28.585564  1.669666e-03  1.764511e-02  1.757426e-02  1.764427e-03  1.803637e-02  2.822321e-01  1.442621e-01  1.783199e-02  1.758819e-02  1.437112e-01  2.808102e-01  1.792671e-02  1.874634e-03  1.749723e-02  1.779843e-02  1.777367e-03    1.394913e-01  1.394913e-01    -1.848459e-05  1.848459e-05  1.000e+00
28.635564  1.669794e-03  1.764567e-02  1.757207e-02  1.764681e-03  1.803412e-02  2.822418e-01  1.442613e-01  1.783215e-02  1.758943e-02  1.437103e-01  2.808034e-01  1.792621e-02  1.875205e-03  1.749828e-02  1.779768e-02  1.777919e-03    1.394876e-01  1.394876e-01    -1.919860e-05  1.919860e-05  1.000e+00
28.685564  1.669930e-03  1.764621e-02  1.756991e-02  1.764926e-03  1.803187e-02  2.822516e-01  1.442604e-01  1.783233e-02  1.759073e-02  1.437094e-01  2.807965e-01  1.792574e-02  1.875767e-03  1.749931e-02  1.779696e-02  1.778468e-03    1.394839e-01  1.394839e-01    -1.989595e-05  1.989595e-05  1.000e+00
28.735564  1.670071e-03  1.764675e-02  1.756778e-02  1.765160e-03  1.802964e-02  2.822613e-01  1.442595e-01  1.783252e-02  1.759207e-02  1.437085e-01  2.807894e-01  1.792529e-02  1.876321e-03  1.750032e-02  1.779627e-02  1.779013e-03    1.394801e-01  1.394801e-01    -2.057406e-05  2.057406e-05  1.000e+00
28.785564  1.670218e-03  1.764728e-02  1.756570e-02  1.765385e-03  1.802741e-02  2.822711e-01  1.442586e-01  1.783271e-02  1.759345e-02  1.437077e-01  2.807822e-01  1.792487e-02  1.876865e-03  1.750131e-02  1.779561e-02  1.779552e-03    1.394763e-01  1.394763e-01    -2.123180e-05  2.123180e-05  1.000e+00
28.835564  1.670371e-03  1.764780e-02  1.756366e-02  1.765599e-03  1.802518e-02  2.822809e-01  1.442576e-01  1.783292e-02  1.759489e-02  1.437069e-01  2.807749e-01  1.792448e-02  1.877400e-03  1.750227e-02  1.779498e-02  1.780085e-03    1.394726e-01  1.394726e-01    -2.186636e-05  2.186636e-05  1.000e+00
28.885564  1.670529e-03  1.764832e-02  1.756165e-02  1.765803e-03  1.802296e-02  2.822907e-01  1.442566e-01  1.783313e-02  1.759637e-02  1.437062e-01  2.807674e-01  1.792412e-02  1.877924e-03  1.750322e-02  1.779438e-02  1.780609e-03    1.394688e-01  1.394688e-01    -2.247428e-05  2.247428e-05  1.000e+00
28.935564  1.670691e-03  1.764884e-02  1.755969e-02  1.765996e-03  1.802075e-02  2.823006e-01  1.442555e-01  1.783335e-02  1.759789e-02  1.437055e-01  2.807599e-01  1.792379e-02  1.878438e-03  1.750416e-02  1.779381e-02  1.781124e-03    1.394650e-01  1.394650e-01    -2.305560e-05  2.305560e-05  1.000e+00
28.985564  1.670858e-03  1.764935e-02  1.755776e-02  1.766178e-03  1.801855e-02  2.823104e-01  1.442544e-01  1.783358e-02  1.759946e-02  1.437048e-01  2.807521e-01  1.792349e-02  1.878940e-03  1.750507e-02  1.779328e-02  1.781629e-03    1.394612e-01  1.394612e-01    -2.360846e-05  2.360846e-05  1.000e+00
29.035564  1.671030e-03  1.764987e-02  1.755588e-02  1.766350e-03  1.801635e-02  2.823203e-01  1.442533e-01  1.783381e-02  1.760107e-02  1.437042e-01  2.807443e-01  1.792321e-02  1.879431e-03  1.750597e-02  1.779277e-02  1.782123e-03    1.394574e-01  1.394574e-01    -2.412916e-05  2.412916e-05  1.000e+00
29.085564  1.671205e-03  1.765039e-02  1.755404e-02  1.766511e-03  1.801416e-02  2.823302e-01  1.442521e-01  1.783406e-02  1.760273e-02  1.437036e-01  2.807364e-01  1.792297e-02  1.879911e-03  1.750685e-02  1.779230e-02  1.782604e-03    1.394536e-01  1.394536e-01    -2.461817e-05  2.461817e-05  1.000e+00
29.135564  1.671383e-03  1.765091e-02  1.755225e-02  1.766661e-03  1.801198e-02  2.823401e-01  1.442509e-01  1.783431e-02  1.760443e-02  1.437030e-01  2.807283e-01  1.792275e-02  1.880378e-03  1.750771e-02  1.779186e-02  1.783072e-03    1.394498e-01  1.394498e-01    -2.507501e-05  2.507501e-05  1.000e+00
29.185564  1.671565e-03  1.765144e-02  1.755049e-02  1.766801e-03  1.800980e-02  2.823500e-01  1.442497e-01  1.783456e-02  1.760617e-02  1.437024e-01  2.807201e-01  1.792256e-02  1.880832e-03  1.750856e-02  1.779146e-02  1.783526e-03    1.394460e-01  1.394460e-01    -2.549674e-05  2.549674e-05  1.000e+00
29.235564  1.671749e-03  1.765198e-02  1.754879e-02  1.766930e-03  1.800763e-02  2.823600e-01  1.442484e-01  1.783483e-02  1.760795e-02  1.437019e-01  2.807118e-01  1.792239e-02  1.881274e-03  1.750940e-02  1.779108e-02  1.783965e-03    1.394422e-01  1.394422e-01    -2.588356e-05  2.588356e-05  1.000e+00
29.285564  1.671935e-03  1.765252e-02  1.754712e-02  1.767048e-03  1.800547e-02  2.823699e-01  1.442471e-01  1.783510e-02  1.760977e-02  1.437014e-01  2.807033e-01  1.792225e-02  1.881702e-03  1.751022e-02  1.779074e-02  1.784387e-03    1.394384e-01  1.394384e-01    -2.623394e-05  2.623394e-05  1.000e+00
29.335564  1.672124e-03  1.765308e-02  1.754550e-02  1.767155e-03  1.800332e-02  2.823798e-01  1.442458e-01  1.783538e-02  1.761163e-02  1.437009e-01  2.806948e-01  1.792214e-02  1.882116e-03  1.751103e-02  1.779043e-02  1.784794e-03    1.394346e-01  1.394346e-01    -2.654704e-05  2.654704e-05  1.000e+00
29.385564  1.672313e-03  1.765365e-02  1.754392e-02  1.767251e-03  1.800117e-02  2.823897e-01  1.442444e-01  1.783566e-02  1.761353e-02  1.437004e-01  2.806862e-01  1.792205e-02  1.882516e-03  1.751183e-02  1.779015e-02  1.785183e-03    1.394308e-01  1.394308e-01    -2.682242e-05  2.682242e-05  1.000e+00
29.435564  1.672504e-03  1.765423e-02  1.754239e-02  1.767336e-03  1.799903e-02  2.823997e-01  1.442431e-01  1.783595e-02  1.761546e-02  1.436999e-01  2.806775e-01  1.792199e-02  1.882901e-03  1.751261e-02  1.778991e-02  1.785555e-03    1.394270e-01  1.394270e-01    -2.705926e-05  2.705926e-05  1.000e+00
29.485564  1.672694e-03  1.765483e-02  1.754090e-02  1.767411e-03  1.799689e-02  2.824096e-01  1.442417e-01  1.783625e-02  1.761742e-02  1.436995e-01  2.806686e-01  1.792194e-02  1.883271e-03  1.751339e-02  1.778970e-02  1.785909e-03    1.394232e-01  1.394232e-01    -2.725757e-05  2.725757e-05  1.000e+00
29.535564  1.672885e-03  1.765544e-02  1.753946e-02  1.767474e-03  1.799476e-02  2.824195e-01  1.442402e-01  1.783655e-02  1.761942e-02  1.436990e-01  2.806597e-01  1.792193e-02  1.883626e-03  1.751415e-02  1.778953e-02  1.786244e-03    1.394194e-01  1.394194e-01    -2.741716e-05  2.741716e-05  1.000e+00
29.585564  1.673076e-03  1.765608e-02  1.753806e-02  1.767528e-03  1.799264e-02  2.824295e-01  1.442388e-01  1.783685e-02  1.762145e-02  1.436986e-01  2.806507e-01  1.792193e-02  1.883965e-03  1.751491e-02  1.778939e-02  1.786560e-03    1.394156e-01  1.394156e-01    -2.753742e-05  2.753742e-05  1.000e+00
29.635564  1.673265e-03  1.765673e-02  1.753671e-02  1.767571e-03  1.799052e-02  2.824394e-01  1.442373e-01  1.783716e-02  1.762350e-02  1.436981e-01  2.806416e-01  1.792195e-02  1.884289e-03  1.751565e-02  1.778929e-02  1.786857e-03    1.394118e-01  1.394118e-01    -2.761955e-05  2.761955e-05  1.000e+00
29.685564  1.673453e-03  1.765741e-02  1.753539e-02  1.767603e-03  1.798841e-02  2.824493e-01  1.442359e-01  1.783747e-02  1.762559e-02  1.436977e-01  2.806325e-01  1.792199e-02  1.884596e-03  1.751639e-02  1.778922e-02  1.787135e-03    1.394081e-01  1.394081e-01    -2.766353e-05  2.766353e-05  1.000e+00
29.735564  1.673640e-03  1.765810e-02  1.753412e-02  1.767625e-03  1.798630e-02  2.824592e-01  1.442344e-01  1.783779e-02  1.762770e-02  1.436973e-01  2.806232e-01  1.792205e-02  1.884887e-03  1.751712e-02  1.778919e-02  1.787392e-03    1.394043e-01  1.394043e-01    -2.766943e-05  2.766943e-05  1.000e+00
29.785564  1.673825e-03  1.765882e-02  1.753289e-02  1.767638e-03  1.798419e-02  2.824691e-01  1.442328e-01  1.783811e-02  1.762983e-02  1.436968e-01  2.806139e-01  1.792213e-02  1.885161e-03  1.751784e-02  1.778919e-02  1.787630e-03    1.394006e-01  1.394006e-01    -2.763731e-05  2.763731e-05  1.000e+00
29.835564  1.674007e-03  1.765957e-02  1.753171e-02  1.767640e-03  1.798209e-02  2.824790e-01  1.442313e-01  1.783843e-02  1.763198e-02  1.436964e-01  2.806045e-01  1.792222e-02  1.885418e-03  1.751855e-02  1.778923e-02  1.787849e-03    1.393969e-01  1.393969e-01    -2.756888e-05  2.756888e-05  1.000e+00
29.885564  1.674186e-03  1.766034e-02  1.753056e-02  1.767633e-03  1.797998e-02  2.824889e-01  1.442298e-01  1.783875e-02  1.763416e-02  1.436960e-01  2.805951e-01  1.792233e-02  1.885659e-03  1.751926e-02  1.778930e-02  1.788047e-03    1.393932e-01  1.393932e-01    -2.746408e-05  2.746408e-05  1.000e+00
29.935564  1.674361e-03  1.766114e-02  1.752946e-02  1.767617e-03  1.797788e-02  2.824988e-01  1.442282e-01  1.783908e-02  1.763635e-02  1.436955e-01  2.805856e-01  1.792245e-02  1.885882e-03  1.751996e-02  1.778941e-02  1.788225e-03    1.393895e-01  1.393895e-01    -2.732379e-05  2.732379e-05  1.000e+00
29.985564  1.674533e-03  1.766196e-02  1.752839e-02  1.767591e-03  1.797579e-02  2.825087e-01  1.442267e-01  1.783940e-02  1.763856e-02  1.436951e-01  2.805760e-01  1.792259e-02  1.886087e-03  1.752065e-02  1.778956e-02  1.788384e-03    1.393858e-01  1.393858e-01    -2.714907e-05  2.714907e-05  1.000e+00
30.000000  1.674582e-03  1.766220e-02  1.752809e-02  1.767581e-03  1.797518e-02  2.825116e-01  1.442262e-01  1.783950e-02  1.763920e-02  1.436949e-01  2.805733e-01  1.792263e-02  1.886143e-03  1.752085e-02  1.778961e-02  1.788426e-03    1.393847e-01  1.393847e-01    -2.709228e-05  2.709228e-05  1.000e+00
